0 0.891707 0.181303 0.879024 0.193579 0.878049 0.193579 0.874146 0.197356 0.873171 0.197356 0.867317 0.203022 0.866341 0.203022 0.86439 0.20491 0.863415 0.20491 0.861463 0.206799 0.858537 0.206799 0.857561 0.207743 0.85561 0.207743 0.854634 0.208687 0.852683 0.208687 0.852683 0.216242 0.861463 0.216242 0.86439 0.213409 0.865366 0.213409 0.866341 0.212465 0.867317 0.212465 0.868293 0.21152 0.869268 0.21152 0.870244 0.210576 0.87122 0.210576 0.872195 0.209632 0.874146 0.209632 0.877073 0.206799 0.878049 0.206799 0.879024 0.205855 0.88 0.205855 0.882927 0.203022 0.883902 0.203022 0.886829 0.200189 0.887805 0.200189 0.889756 0.1983 0.890732 0.1983 0.894634 0.194523 0.894634 0.193579 0.896585 0.19169 0.896585 0.181303
1 0.506341 0.384325 0.503415 0.387158 0.502439 0.387158 0.498537 0.390935 0.498537 0.408876 0.499512 0.408876 0.502439 0.411709 0.503415 0.411709 0.506341 0.414542 0.507317 0.414542 0.509268 0.416431 0.510244 0.416431 0.51122 0.417375 0.520976 0.417375 0.521951 0.416431 0.522927 0.416431 0.523902 0.415486 0.524878 0.415486 0.527805 0.412653 0.52878 0.412653 0.529756 0.411709 0.529756 0.387158 0.526829 0.384325
0 0.0380488 0.825307 0.0380488 0.832861 0.0390244 0.833806 0.0390244 0.83475 0.04 0.835694 0.04 0.836638 0.0409756 0.837583 0.0409756 0.838527 0.0419512 0.839471 0.0419512 0.840415 0.0429268 0.84136 0.0429268 0.842304 0.044878 0.844193 0.044878 0.845137 0.0507317 0.850803 0.0517073 0.850803 0.0536585 0.852691 0.0546341 0.852691 0.0556098 0.853635 0.0565854 0.853635 0.0585366 0.855524 0.0595122 0.855524 0.0604878 0.856468 0.0614634 0.856468 0.062439 0.857413 0.0634146 0.857413 0.0643902 0.858357 0.0653659 0.858357 0.0663415 0.859301 0.0673171 0.859301 0.0682927 0.860246 0.0692683 0.860246 0.0702439 0.86119 0.0721951 0.86119 0.0731707 0.862134 0.0741463 0.862134 0.075122 0.863078 0.0770732 0.863078 0.0780488 0.864023 0.0790244 0.864023 0.08 0.864967 0.0829268 0.864967 0.0839024 0.865911 0.0858537 0.865911 0.0868293 0.866856 0.0956098 0.866856 0.0965854 0.865911 0.097561 0.865911 0.0985366 0.864967 0.0985366 0.864023 0.100488 0.862134 0.100488 0.856468 0.0995122 0.855524 0.0995122 0.85458 0.0985366 0.853635 0.0985366 0.852691 0.0956098 0.849858 0.0946341 0.849858 0.0936585 0.848914 0.0917073 0.848914 0.0907317 0.84797 0.0868293 0.84797 0.0858537 0.847026 0.0829268 0.847026 0.0819512 0.846081 0.08 0.846081 0.0790244 0.845137 0.0780488 0.845137 0.0770732 0.844193 0.0760976 0.844193 0.075122 0.843248 0.0741463 0.843248 0.0731707 0.842304 0.0721951 0.842304 0.0712195 0.84136 0.0702439 0.84136 0.0682927 0.839471 0.0673171 0.839471 0.0643902 0.836638 0.0634146 0.836638 0.0604878 0.833806 0.0604878 0.832861 0.0565854 0.829084 0.0565854 0.82814 0.0556098 0.827195 0.0546341 0.827195 0.0526829 0.825307
0 0.470244 0.737488 0.470244 0.738432 0.469268 0.739377 0.469268 0.740321 0.465366 0.744098 0.465366 0.745043 0.459512 0.750708 0.458537 0.750708 0.453659 0.75543 0.452683 0.75543 0.451707 0.756374 0.450732 0.756374 0.449756 0.757318 0.44878 0.757318 0.447805 0.758263 0.446829 0.758263 0.444878 0.760151 0.443902 0.760151 0.441951 0.76204 0.440976 0.76204 0.439024 0.763928 0.438049 0.763928 0.436098 0.765817 0.436098 0.771483 0.44878 0.771483 0.449756 0.770538 0.450732 0.770538 0.451707 0.769594 0.452683 0.769594 0.454634 0.767705 0.45561 0.767705 0.456585 0.766761 0.457561 0.766761 0.459512 0.764873 0.460488 0.764873 0.462439 0.762984 0.463415 0.762984 0.466341 0.760151 0.467317 0.760151 0.47122 0.756374 0.47122 0.75543 0.474146 0.752597 0.474146 0.751652 0.475122 0.750708 0.475122 0.749764 0.476098 0.74882 0.476098 0.747875 0.477073 0.746931 0.477073 0.737488
0 0.665366 0.25118 0.66439 0.252125 0.66439 0.258735 0.665366 0.259679 0.665366 0.260623 0.667317 0.262512 0.667317 0.263456 0.67122 0.267233 0.67122 0.268178 0.673171 0.270066 0.673171 0.27101 0.675122 0.272899 0.675122 0.273843 0.676098 0.274788 0.676098 0.276676 0.677073 0.27762 0.677073 0.280453 0.678049 0.281398 0.678049 0.286119 0.679024 0.287063 0.679024 0.29084 0.68 0.291785 0.68 0.292729 0.680976 0.293673 0.681951 0.293673 0.682927 0.294618 0.685854 0.294618 0.685854 0.274788 0.684878 0.273843 0.684878 0.272899 0.683902 0.271955 0.683902 0.270066 0.682927 0.269122 0.682927 0.268178 0.680976 0.266289 0.680976 0.265345 0.679024 0.263456 0.679024 0.262512 0.677073 0.260623 0.677073 0.259679 0.676098 0.258735 0.676098 0.252125 0.675122 0.25118
0 0.179512 0.0698772 0.177561 0.0717658 0.176585 0.0717658 0.17561 0.0727101 0.172683 0.0727101 0.171707 0.0736544 0.169756 0.0736544 0.16878 0.0745987 0.167805 0.0745987 0.166829 0.075543 0.165854 0.075543 0.163902 0.0774315 0.162927 0.0774315 0.161951 0.0783758 0.160976 0.0783758 0.16 0.0793201 0.158049 0.0793201 0.157073 0.0802644 0.156098 0.0802644 0.155122 0.0812087 0.155122 0.0868744 0.164878 0.0868744 0.165854 0.0859301 0.166829 0.0859301 0.167805 0.0849858 0.16878 0.0849858 0.169756 0.0840416 0.170732 0.0840416 0.171707 0.0830973 0.172683 0.0830973 0.173659 0.082153 0.17561 0.082153 0.176585 0.0812087 0.178537 0.0812087 0.179512 0.0802644 0.180488 0.0802644 0.181463 0.0793201 0.182439 0.0793201 0.183415 0.0783758 0.185366 0.0783758 0.187317 0.0764873 0.188293 0.0764873 0.188293 0.0698772
0 0.274146 0.175637 0.273171 0.176582 0.272195 0.176582 0.269268 0.179415 0.267317 0.179415 0.266341 0.180359 0.265366 0.180359 0.26439 0.181303 0.263415 0.181303 0.262439 0.182247 0.261463 0.182247 0.260488 0.183192 0.259512 0.183192 0.258537 0.184136 0.257561 0.184136 0.25561 0.186025 0.251707 0.186025 0.251707 0.192635 0.261463 0.192635 0.262439 0.19169 0.26439 0.19169 0.265366 0.190746 0.267317 0.190746 0.268293 0.189802 0.269268 0.189802 0.27122 0.187913 0.272195 0.187913 0.273171 0.186969 0.274146 0.186969 0.275122 0.186025 0.277073 0.186025 0.278049 0.18508 0.28 0.18508 0.280976 0.184136 0.282927 0.184136 0.285854 0.181303 0.286829 0.181303 0.286829 0.175637
0 0.616585 0.427762 0.616585 0.431539 0.61561 0.432483 0.61561 0.434372 0.613659 0.436261 0.613659 0.437205 0.607805 0.442871 0.607805 0.443815 0.601951 0.449481 0.600976 0.449481 0.599024 0.451369 0.598049 0.451369 0.597073 0.452314 0.596098 0.452314 0.594146 0.454202 0.593171 0.454202 0.590244 0.457035 0.585366 0.457035 0.58439 0.456091 0.583415 0.456091 0.577561 0.461756 0.576585 0.461756 0.571707 0.466478 0.570732 0.466478 0.561951 0.474976 0.560976 0.474976 0.56 0.475921 0.56 0.476865 0.557073 0.479698 0.557073 0.512748 0.558049 0.513692 0.558049 0.515581 0.559024 0.516525 0.559024 0.517469 0.56 0.518414 0.56 0.519358 0.561951 0.521246 0.561951 0.522191 0.562927 0.523135 0.562927 0.524079 0.566829 0.527856 0.566829 0.528801 0.567805 0.529745 0.567805 0.530689 0.56878 0.531634 0.56878 0.532578 0.57561 0.539188 0.57561 0.540132 0.577561 0.542021 0.578537 0.542021 0.579512 0.542965 0.58439 0.542965 0.585366 0.542021 0.587317 0.542021 0.588293 0.541076 0.591219 0.541076 0.592195 0.542021 0.593171 0.542021 0.594146 0.542965 0.595122 0.542965 0.596098 0.543909 0.597073 0.543909 0.598049 0.542965 0.599024 0.542965 0.601951 0.540132 0.599024 0.537299 0.598049 0.537299 0.597073 0.536355 0.595122 0.536355 0.594146 0.535411 0.592195 0.535411 0.591219 0.534467 0.590244 0.534467 0.581463 0.525968 0.581463 0.525024 0.580488 0.524079 0.580488 0.523135 0.579512 0.522191 0.579512 0.521246 0.578537 0.520302 0.578537 0.518414 0.577561 0.517469 0.577561 0.516525 0.576585 0.515581 0.576585 0.512748 0.57561 0.511804 0.57561 0.496695 0.576585 0.495751 0.576585 0.493862 0.577561 0.492918 0.577561 0.491029 0.579512 0.489141 0.579512 0.488196 0.581463 0.486308 0.581463 0.485364 0.589268 0.477809 0.590244 0.477809 0.594146 0.474032 0.594146 0.473088 0.598049 0.469311 0.598049 0.468366 0.599024 0.467422 0.599024 0.466478 0.6 0.465534 0.6 0.464589 0.603902 0.460812 0.604878 0.460812 0.604878 0.459868 0.607805 0.457035 0.608781 0.457035 0.613659 0.452314 0.613659 0.451369 0.614634 0.450425 0.61561 0.450425 0.618537 0.447592 0.618537 0.446648 0.619512 0.445704 0.619512 0.444759 0.621463 0.442871 0.621463 0.441926 0.622439 0.440982 0.622439 0.440038 0.623415 0.439093 0.623415 0.436261 0.62439 0.435316 0.62439 0.431539 0.625366 0.430595 0.625366 0.427762
1 0.187317 0.327668 0.186341 0.328612 0.185366 0.328612 0.183415 0.3305 0.182439 0.3305 0.180488 0.332389 0.180488 0.347498 0.183415 0.350331 0.18439 0.350331 0.185366 0.351275 0.186341 0.351275 0.188293 0.353163 0.189268 0.353163 0.19122 0.355052 0.192195 0.355052 0.193171 0.355996 0.204878 0.355996 0.205854 0.355052 0.206829 0.355052 0.207805 0.354108 0.20878 0.354108 0.210732 0.352219 0.210732 0.336166 0.209756 0.335222 0.209756 0.333333 0.20878 0.332389 0.20878 0.3305 0.207805 0.329556 0.207805 0.328612 0.206829 0.327668
0 0.825366 0.119924 0.82439 0.120869 0.82439 0.121813 0.823415 0.122757 0.823415 0.123702 0.822439 0.124646 0.822439 0.126534 0.821463 0.127479 0.821463 0.128423 0.81561 0.134089 0.814634 0.134089 0.811707 0.136922 0.810732 0.136922 0.80878 0.13881 0.807805 0.13881 0.806829 0.137866 0.802927 0.137866 0.801951 0.136922 0.800976 0.136922 0.794146 0.130312 0.794146 0.129367 0.793171 0.128423 0.793171 0.127479 0.789268 0.123702 0.788293 0.124646 0.786341 0.124646 0.785366 0.12559 0.785366 0.141643 0.790244 0.146364 0.79122 0.146364 0.792195 0.147309 0.793171 0.147309 0.794146 0.148253 0.795122 0.148253 0.797073 0.150142 0.799024 0.150142 0.8 0.151086 0.809756 0.151086 0.810732 0.150142 0.811707 0.150142 0.812683 0.149197 0.813659 0.149197 0.814634 0.148253 0.816585 0.148253 0.820488 0.144476 0.820488 0.143532 0.821463 0.142587 0.822439 0.142587 0.825366 0.139754 0.825366 0.13881 0.826341 0.137866 0.826341 0.119924
0 0.268293 0.25118 0.267317 0.252125 0.26439 0.252125 0.263415 0.253069 0.260488 0.253069 0.259512 0.254013 0.257561 0.254013 0.256585 0.254957 0.253659 0.254957 0.252683 0.255902 0.250732 0.255902 0.249756 0.256846 0.24878 0.256846 0.247805 0.25779 0.246829 0.25779 0.244878 0.259679 0.244878 0.269122 0.246829 0.27101 0.246829 0.271955 0.247805 0.272899 0.249756 0.27101 0.250732 0.27101 0.251707 0.270066 0.254634 0.270066 0.25561 0.269122 0.257561 0.269122 0.258537 0.268178 0.260488 0.268178 0.261463 0.267233 0.266341 0.267233 0.267317 0.266289 0.279024 0.266289 0.28 0.265345 0.28878 0.265345 0.289756 0.266289 0.290732 0.266289 0.29561 0.27101 0.29561 0.271955 0.297561 0.273843 0.297561 0.274788 0.298537 0.275732 0.298537 0.276676 0.299512 0.27762 0.299512 0.278565 0.300488 0.278565 0.302439 0.280453 0.302439 0.281398 0.305366 0.28423 0.305366 0.285175 0.310244 0.289896 0.31122 0.289896 0.312195 0.29084 0.313171 0.29084 0.314146 0.291785 0.315122 0.291785 0.316098 0.292729 0.317073 0.292729 0.318049 0.293673 0.324878 0.293673 0.325854 0.292729 0.328781 0.292729 0.329756 0.291785 0.331707 0.291785 0.332683 0.29084 0.333659 0.29084 0.336585 0.288008 0.337561 0.288008 0.338537 0.287063 0.339512 0.287063 0.340488 0.286119 0.342439 0.286119 0.343415 0.285175 0.345366 0.285175 0.346341 0.28423 0.348293 0.28423 0.349268 0.283286 0.35122 0.283286 0.352195 0.282342 0.357073 0.282342 0.358049 0.281398 0.361951 0.281398 0.362927 0.280453 0.365854 0.280453 0.366829 0.279509 0.367805 0.279509 0.36878 0.278565 0.369756 0.278565 0.370732 0.27762 0.372683 0.27762 0.373659 0.276676 0.37561 0.276676 0.376585 0.275732 0.377561 0.275732 0.378537 0.274788 0.380488 0.274788 0.381463 0.273843 0.382439 0.273843 0.382439 0.262512 0.376585 0.262512 0.37561 0.263456 0.373659 0.263456 0.372683 0.2644 0.370732 0.2644 0.369756 0.265345 0.36878 0.265345 0.367805 0.266289 0.366829 0.266289 0.365854 0.267233 0.363902 0.267233 0.362927 0.268178 0.360976 0.268178 0.36 0.269122 0.359024 0.269122 0.358049 0.270066 0.357073 0.270066 0.356098 0.27101 0.355122 0.27101 0.354146 0.271955 0.353171 0.271955 0.352195 0.272899 0.350244 0.272899 0.349268 0.273843 0.347317 0.273843 0.346341 0.274788 0.34439 0.274788 0.343415 0.275732 0.341463 0.275732 0.340488 0.276676 0.338537 0.276676 0.337561 0.27762 0.33561 0.27762 0.334634 0.278565 0.333659 0.278565 0.332683 0.279509 0.330732 0.279509 0.329756 0.280453 0.327805 0.280453 0.326829 0.281398 0.323902 0.281398 0.322927 0.280453 0.320976 0.280453 0.32 0.279509 0.319024 0.279509 0.317073 0.27762 0.316098 0.27762 0.315122 0.276676 0.314146 0.276676 0.313171 0.275732 0.312195 0.275732 0.31122 0.274788 0.310244 0.274788 0.309268 0.273843 0.308293 0.273843 0.306341 0.271955 0.305366 0.271955 0.30439 0.27101 0.303415 0.27101 0.302439 0.270066 0.302439 0.269122 0.300488 0.267233 0.300488 0.2644 0.299512 0.263456 0.299512 0.260623 0.298537 0.259679 0.298537 0.258735 0.297561 0.25779 0.297561 0.256846 0.296585 0.255902 0.296585 0.254013 0.293659 0.25118
0 0.210732 0.382436 0.212683 0.384325 0.211707 0.385269 0.211707 0.390935 0.210732 0.391879 0.210732 0.392823 0.20878 0.394712 0.20878 0.395656 0.207805 0.396601 0.207805 0.397545 0.206829 0.398489 0.206829 0.411709 0.207805 0.412653 0.207805 0.414542 0.20878 0.415486 0.20878 0.416431 0.209756 0.417375 0.209756 0.418319 0.210732 0.419263 0.210732 0.420208 0.211707 0.421152 0.211707 0.423041 0.212683 0.423985 0.212683 0.425873 0.213659 0.426818 0.213659 0.429651 0.214634 0.430595 0.214634 0.433428 0.21561 0.434372 0.21561 0.438149 0.216585 0.439093 0.216585 0.442871 0.217561 0.443815 0.217561 0.444759 0.218537 0.445704 0.218537 0.446648 0.220488 0.448536 0.220488 0.449481 0.221463 0.450425 0.226341 0.450425 0.226341 0.427762 0.225366 0.426818 0.225366 0.424929 0.22439 0.423985 0.22439 0.423041 0.223415 0.422096 0.223415 0.421152 0.222439 0.420208 0.222439 0.418319 0.221463 0.417375 0.221463 0.416431 0.220488 0.415486 0.220488 0.412653 0.219512 0.411709 0.219512 0.404155 0.220488 0.403211 0.220488 0.400378 0.221463 0.399433 0.221463 0.397545 0.222439 0.396601 0.222439 0.390935 0.223415 0.389991 0.223415 0.389046 0.222439 0.388102 0.222439 0.382436
1 0.809756 0.559018 0.805854 0.562795 0.805854 0.582625 0.80878 0.585458 0.809756 0.585458 0.810732 0.586402 0.811707 0.586402 0.812683 0.587347 0.813659 0.587347 0.81561 0.589235 0.817561 0.589235 0.818537 0.590179 0.819512 0.590179 0.820488 0.591124 0.821463 0.591124 0.822439 0.592068 0.830244 0.592068 0.831219 0.591124 0.834146 0.591124 0.835122 0.590179 0.836098 0.590179 0.838049 0.588291 0.839024 0.588291 0.840976 0.586402 0.841951 0.586402 0.842927 0.585458 0.842927 0.573182 0.837073 0.567517 0.837073 0.566572 0.834146 0.563739 0.834146 0.562795 0.830244 0.559018
1 0.177561 0.666667 0.177561 0.684608 0.178537 0.685552 0.181463 0.685552 0.182439 0.686497 0.185366 0.686497 0.186341 0.687441 0.190244 0.687441 0.19122 0.686497 0.192195 0.686497 0.194146 0.684608 0.195122 0.684608 0.196098 0.683664 0.196098 0.666667
1 0.0312195 0.28423 0.0282927 0.287063 0.0282927 0.303116 0.0302439 0.303116 0.0312195 0.30406 0.0331707 0.30406 0.0341463 0.305005 0.044878 0.305005 0.0458537 0.30406 0.0468293 0.30406 0.0497561 0.301228 0.0497561 0.28423
0 0.0614634 0.380548 0.0614634 0.382436 0.0604878 0.383381 0.0604878 0.386213 0.0585366 0.388102 0.0565854 0.388102 0.0556098 0.389046 0.0497561 0.389046 0.0487805 0.389991 0.0380488 0.389991 0.0370732 0.390935 0.0341463 0.390935 0.0331707 0.391879 0.0292683 0.391879 0.0273171 0.393768 0.0273171 0.394712 0.0263415 0.395656 0.0263415 0.399433 0.0273171 0.400378 0.0273171 0.401322 0.0282927 0.402266 0.0292683 0.402266 0.0302439 0.401322 0.035122 0.401322 0.0360976 0.400378 0.0409756 0.400378 0.0419512 0.399433 0.0478049 0.399433 0.0487805 0.398489 0.0497561 0.398489 0.0507317 0.397545 0.0526829 0.397545 0.0536585 0.396601 0.0556098 0.396601 0.0556098 0.395656 0.0614634 0.389991
1 0.736585 0.348442 0.731707 0.353163 0.731707 0.354108 0.730732 0.355052 0.730732 0.365439 0.731707 0.366383 0.731707 0.367328 0.736585 0.372049 0.75122 0.372049 0.752195 0.371105 0.753171 0.371105 0.755122 0.369216 0.756098 0.369216 0.758049 0.367328 0.759024 0.367328 0.760976 0.365439 0.760976 0.364495 0.761951 0.363551 0.761951 0.348442
1 0.878049 0.130312 0.878049 0.153919 0.879024 0.153919 0.88 0.154863 0.880976 0.154863 0.882927 0.156752 0.883902 0.156752 0.885854 0.15864 0.886829 0.15864 0.887805 0.159585 0.889756 0.159585 0.890732 0.160529 0.913171 0.160529 0.915122 0.15864 0.915122 0.157696 0.917073 0.155807 0.917073 0.154863 0.919024 0.152975 0.92 0.152975 0.92 0.134089 0.916098 0.130312
0 0.209756 0.517469 0.205854 0.521246 0.205854 0.525968 0.204878 0.526912 0.204878 0.540132 0.205854 0.541076 0.205854 0.542965 0.206829 0.543909 0.206829 0.544854 0.209756 0.547687 0.210732 0.547687 0.212683 0.549575 0.213659 0.549575 0.21561 0.551464 0.216585 0.551464 0.217561 0.552408 0.22439 0.552408 0.22439 0.545798 0.21561 0.537299 0.21561 0.536355 0.213659 0.534467 0.213659 0.529745 0.212683 0.528801 0.212683 0.525968 0.213659 0.525024 0.213659 0.520302 0.211707 0.518414 0.210732 0.518414
1 0.0195122 0.193579 0.0195122 0.210576 0.0204878 0.210576 0.0214634 0.21152 0.0243902 0.21152 0.0253659 0.212465 0.0263415 0.212465 0.0273171 0.213409 0.0292683 0.213409 0.0302439 0.214353 0.0360976 0.214353 0.0370732 0.213409 0.0380488 0.213409 0.0419512 0.209632 0.0419512 0.193579
0 0.447805 0.143532 0.446829 0.144476 0.444878 0.144476 0.443902 0.14542 0.442927 0.14542 0.441951 0.146364 0.44 0.146364 0.439024 0.147309 0.438049 0.147309 0.438049 0.162417 0.439024 0.163362 0.439024 0.16525 0.440976 0.167139 0.440976 0.168083 0.441951 0.168083 0.447805 0.173749 0.44878 0.173749 0.454634 0.179415 0.45561 0.179415 0.456585 0.180359 0.457561 0.180359 0.459512 0.182247 0.461463 0.182247 0.46439 0.179415 0.46439 0.17186 0.462439 0.169972 0.461463 0.169972 0.459512 0.168083 0.458537 0.168083 0.457561 0.167139 0.456585 0.167139 0.450732 0.161473 0.450732 0.160529 0.449756 0.159585 0.449756 0.157696 0.44878 0.156752 0.44878 0.14542 0.447805 0.144476
0 0.467317 0.629839 0.46439 0.632672 0.463415 0.632672 0.462439 0.633617 0.45561 0.633617 0.454634 0.634561 0.452683 0.634561 0.452683 0.643059 0.453659 0.643059 0.459512 0.648725 0.460488 0.648725 0.46439 0.652502 0.465366 0.652502 0.466341 0.653447 0.468293 0.653447 0.469268 0.654391 0.472195 0.654391 0.473171 0.655335 0.475122 0.655335 0.476098 0.65628 0.478049 0.65628 0.479024 0.657224 0.48 0.657224 0.480976 0.658168 0.482927 0.658168 0.483902 0.659112 0.485854 0.659112 0.486829 0.660057 0.48878 0.660057 0.489756 0.661001 0.491707 0.661001 0.492683 0.661945 0.494634 0.661945 0.496585 0.663834 0.497561 0.663834 0.501463 0.667611 0.502439 0.667611 0.503415 0.668555 0.50439 0.668555 0.505366 0.6695 0.512195 0.6695 0.513171 0.668555 0.517073 0.668555 0.518049 0.667611 0.520976 0.667611 0.521951 0.666667 0.522927 0.666667 0.523902 0.665722 0.516098 0.658168 0.515122 0.658168 0.514146 0.657224 0.513171 0.657224 0.512195 0.65628 0.51122 0.65628 0.510244 0.655335 0.508293 0.655335 0.507317 0.654391 0.506341 0.654391 0.505366 0.653447 0.50439 0.653447 0.499512 0.648725 0.498537 0.648725 0.494634 0.644948 0.494634 0.644004 0.493659 0.643059 0.492683 0.643059 0.491707 0.642115 0.484878 0.642115 0.483902 0.641171 0.481951 0.641171 0.480976 0.640227 0.48 0.640227 0.479024 0.639282 0.478049 0.639282 0.477073 0.638338 0.476098 0.638338 0.473171 0.635505 0.472195 0.635505 0.470244 0.633617 0.470244 0.632672
0 0.983415 0.443815 0.982439 0.444759 0.982439 0.445704 0.971707 0.456091 0.970732 0.456091 0.965854 0.460812 0.964878 0.460812 0.963902 0.461756 0.962927 0.461756 0.960976 0.463645 0.96 0.463645 0.952195 0.471199 0.952195 0.472144 0.951219 0.473088 0.950244 0.473088 0.948293 0.474976 0.947317 0.474976 0.94439 0.477809 0.943415 0.477809 0.942439 0.478754 0.934634 0.478754 0.933659 0.477809 0.930732 0.477809 0.929756 0.476865 0.92878 0.476865 0.927805 0.475921 0.920976 0.475921 0.92 0.474976 0.919024 0.474976 0.918049 0.475921 0.917073 0.475921 0.916098 0.476865 0.914146 0.476865 0.913171 0.477809 0.913171 0.485364 0.914146 0.486308 0.915122 0.486308 0.916098 0.487252 0.919024 0.487252 0.920976 0.489141 0.921951 0.489141 0.922927 0.490085 0.923902 0.490085 0.924878 0.491029 0.925854 0.491029 0.926829 0.491974 0.92878 0.491974 0.929756 0.492918 0.931707 0.492918 0.932683 0.493862 0.936585 0.493862 0.937561 0.494806 0.939512 0.494806 0.940488 0.493862 0.945366 0.493862 0.946341 0.492918 0.947317 0.492918 0.949268 0.491029 0.950244 0.491029 0.953171 0.488196 0.954146 0.488196 0.962927 0.479698 0.962927 0.478754 0.964878 0.476865 0.966829 0.476865 0.967805 0.475921 0.968781 0.475921 0.969756 0.474976 0.970732 0.474976 0.971707 0.474032 0.973659 0.474032 0.974634 0.473088 0.976585 0.473088 0.977561 0.472144 0.980488 0.472144 0.981463 0.471199 0.983415 0.471199 0.988293 0.466478 0.989268 0.466478 0.993171 0.462701 0.994146 0.462701 0.996098 0.460812 0.996098 0.443815
1 0.372683 0.791313 0.369756 0.794145 0.36878 0.794145 0.367805 0.79509 0.365854 0.79509 0.364878 0.796034 0.363902 0.796034 0.363902 0.813031 0.366829 0.813031 0.367805 0.813975 0.373659 0.813975 0.374634 0.81492 0.380488 0.81492 0.381463 0.813975 0.385366 0.813975 0.386341 0.813031 0.388293 0.813031 0.389268 0.812087 0.390244 0.812087 0.39122 0.811143 0.392195 0.811143 0.396098 0.807365 0.396098 0.793201 0.394146 0.791313
1 0.174634 0.610009 0.173659 0.610954 0.173659 0.611898 0.171707 0.613787 0.171707 0.614731 0.170732 0.615675 0.169756 0.615675 0.167805 0.617564 0.167805 0.637394 0.170732 0.640227 0.171707 0.640227 0.172683 0.641171 0.173659 0.641171 0.17561 0.643059 0.188293 0.643059 0.189268 0.642115 0.190244 0.642115 0.192195 0.640227 0.193171 0.640227 0.195122 0.638338 0.196098 0.638338 0.197073 0.637394 0.197073 0.610009
0 0.993171 0.505194 0.99122 0.507082 0.99122 0.508026 0.986341 0.512748 0.986341 0.513692 0.978537 0.521246 0.977561 0.521246 0.974634 0.524079 0.973659 0.524079 0.970732 0.526912 0.969756 0.526912 0.968781 0.527856 0.967805 0.527856 0.963902 0.531634 0.963902 0.542021 0.972683 0.542021 0.978537 0.536355 0.979512 0.536355 0.982439 0.533522 0.983415 0.533522 0.983415 0.532578 0.993171 0.523135 0.993171 0.522191 0.995122 0.520302 0.995122 0.519358 0.996098 0.518414 0.998049 0.518414 0.998049 0.505194
0 0.226341 0.180359 0.225366 0.181303 0.225366 0.182247 0.22439 0.183192 0.22439 0.184136 0.218537 0.189802 0.218537 0.190746 0.214634 0.194523 0.213659 0.194523 0.212683 0.195467 0.211707 0.195467 0.210732 0.196412 0.209756 0.196412 0.20878 0.197356 0.206829 0.197356 0.205854 0.1983 0.202927 0.1983 0.201951 0.199245 0.196098 0.199245 0.192195 0.203022 0.19122 0.203022 0.190244 0.203966 0.189268 0.203966 0.187317 0.205855 0.186341 0.205855 0.185366 0.206799 0.18439 0.206799 0.183415 0.207743 0.182439 0.207743 0.181463 0.208687 0.180488 0.208687 0.179512 0.209632 0.178537 0.209632 0.177561 0.210576 0.176585 0.210576 0.17561 0.21152 0.174634 0.21152 0.173659 0.212465 0.172683 0.212465 0.169756 0.215297 0.16878 0.215297 0.164878 0.219075 0.163902 0.219075 0.162927 0.220019 0.162927 0.220963 0.159024 0.22474 0.158049 0.22474 0.156098 0.226629 0.155122 0.226629 0.154146 0.227573 0.154146 0.228517 0.15122 0.23135 0.15122 0.239849 0.157073 0.239849 0.163902 0.233239 0.164878 0.233239 0.16878 0.229462 0.16878 0.228517 0.17561 0.221907 0.176585 0.221907 0.178537 0.220019 0.179512 0.220019 0.180488 0.219075 0.181463 0.219075 0.182439 0.21813 0.18439 0.21813 0.185366 0.217186 0.188293 0.217186 0.189268 0.216242 0.19122 0.216242 0.192195 0.215297 0.195122 0.215297 0.196098 0.214353 0.197073 0.214353 0.198049 0.213409 0.199024 0.213409 0.2 0.212465 0.201951 0.212465 0.202927 0.21152 0.205854 0.21152 0.206829 0.210576 0.20878 0.210576 0.209756 0.209632 0.211707 0.209632 0.212683 0.208687 0.213659 0.208687 0.214634 0.207743 0.21561 0.207743 0.216585 0.206799 0.217561 0.206799 0.218537 0.205855 0.219512 0.205855 0.220488 0.20491 0.222439 0.20491 0.22439 0.203022 0.225366 0.203022 0.225366 0.202077 0.226341 0.201133 0.226341 0.199245 0.227317 0.1983 0.227317 0.197356 0.228293 0.196412 0.228293 0.195467 0.230244 0.193579 0.230244 0.192635 0.23122 0.19169 0.23122 0.189802 0.232195 0.188857 0.232195 0.187913 0.233171 0.186969 0.233171 0.180359
0 0.361951 0.685552 0.360976 0.686497 0.36 0.686497 0.359024 0.687441 0.359024 0.696884 0.36 0.697828 0.360976 0.697828 0.364878 0.701605 0.364878 0.70255 0.367805 0.705382 0.367805 0.706327 0.36878 0.707271 0.36878 0.708215 0.371707 0.711048 0.373659 0.711048 0.374634 0.711992 0.37561 0.711992 0.37561 0.700661 0.374634 0.699717 0.374634 0.698772 0.373659 0.697828 0.373659 0.69594 0.372683 0.694995 0.372683 0.694051 0.371707 0.693107 0.371707 0.692162 0.370732 0.691218 0.370732 0.690274 0.366829 0.686497 0.365854 0.686497 0.364878 0.685552
1 0.862439 0.711992 0.85561 0.718602 0.85561 0.719547 0.852683 0.72238 0.852683 0.723324 0.851707 0.724268 0.851707 0.726157 0.850732 0.727101 0.850732 0.72899 0.849756 0.729934 0.849756 0.731822 0.848781 0.732767 0.848781 0.733711 0.850732 0.7356 0.850732 0.736544 0.852683 0.738432 0.852683 0.739377 0.854634 0.741265 0.85561 0.741265 0.856585 0.74221 0.857561 0.74221 0.858537 0.743154 0.870244 0.743154 0.87122 0.74221 0.873171 0.74221 0.874146 0.741265 0.875122 0.741265 0.880976 0.7356 0.880976 0.734655 0.881951 0.733711 0.881951 0.732767 0.882927 0.731822 0.882927 0.729934 0.883902 0.72899 0.883902 0.71577 0.881951 0.713881 0.880976 0.713881 0.879024 0.711992
1 0.943415 0.404155 0.943415 0.419263 0.94439 0.420208 0.94439 0.421152 0.945366 0.422096 0.945366 0.423041 0.946341 0.423985 0.946341 0.424929 0.948293 0.426818 0.948293 0.427762 0.951219 0.430595 0.953171 0.430595 0.954146 0.431539 0.959024 0.431539 0.96 0.430595 0.961951 0.430595 0.962927 0.429651 0.963902 0.429651 0.964878 0.428706 0.965854 0.428706 0.967805 0.426818 0.967805 0.425873 0.970732 0.423041 0.970732 0.410765 0.968781 0.408876 0.968781 0.407932 0.964878 0.404155
1 0.138537 0.88763 0.138537 0.892351 0.139512 0.893296 0.139512 0.895184 0.140488 0.896128 0.140488 0.897073 0.141463 0.898017 0.149268 0.898017 0.149268 0.88763
0 0.530732 0.750708 0.529756 0.751652 0.526829 0.751652 0.526829 0.77526 0.527805 0.776204 0.527805 0.778093 0.52878 0.779037 0.52878 0.780925 0.529756 0.78187 0.529756 0.782814 0.530732 0.783758 0.530732 0.787535 0.531707 0.78848 0.531707 0.791313 0.530732 0.792257 0.530732 0.796034 0.529756 0.796978 0.529756 0.806421 0.52878 0.807365 0.52878 0.820585 0.529756 0.82153 0.529756 0.826251 0.530732 0.827195 0.530732 0.829084 0.532683 0.830973 0.533659 0.830973 0.534634 0.831917 0.53561 0.831917 0.536585 0.832861 0.537561 0.832861 0.538537 0.833806 0.541463 0.833806 0.542439 0.83475 0.545366 0.83475 0.546341 0.835694 0.548293 0.835694 0.549268 0.836638 0.55122 0.836638 0.552195 0.837583 0.553171 0.837583 0.554146 0.838527 0.555122 0.838527 0.556098 0.839471 0.557073 0.839471 0.558049 0.840415 0.559024 0.840415 0.560976 0.842304 0.561951 0.842304 0.563902 0.844193 0.564878 0.844193 0.566829 0.846081 0.567805 0.846081 0.56878 0.847026 0.569756 0.847026 0.570732 0.84797 0.571707 0.84797 0.572683 0.848914 0.573659 0.848914 0.574634 0.849858 0.57561 0.849858 0.576585 0.850803 0.577561 0.850803 0.578537 0.851747 0.580488 0.851747 0.581463 0.852691 0.595122 0.852691 0.596098 0.851747 0.598049 0.851747 0.6 0.849858 0.6 0.848914 0.600976 0.84797 0.600976 0.839471 0.601951 0.838527 0.602927 0.838527 0.603902 0.839471 0.603902 0.842304 0.604878 0.843248 0.604878 0.844193 0.606829 0.846081 0.606829 0.847026 0.607805 0.84797 0.607805 0.850803 0.608781 0.851747 0.608781 0.852691 0.611707 0.852691 0.611707 0.815864 0.610732 0.81492 0.610732 0.813975 0.609756 0.813031 0.609756 0.812087 0.608781 0.811143 0.608781 0.809254 0.605854 0.809254 0.602927 0.806421 0.602927 0.803588 0.601951 0.803588 0.601951 0.805477 0.600976 0.806421 0.600976 0.80831 0.598049 0.811143 0.598049 0.812087 0.597073 0.813031 0.597073 0.817753 0.598049 0.818697 0.598049 0.82153 0.599024 0.822474 0.599024 0.824363 0.6 0.825307 0.6 0.830028 0.600976 0.830973 0.600976 0.837583 0.6 0.838527 0.595122 0.838527 0.594146 0.837583 0.593171 0.837583 0.592195 0.836638 0.588293 0.836638 0.587317 0.835694 0.583415 0.835694 0.582439 0.83475 0.581463 0.83475 0.580488 0.833806 0.579512 0.833806 0.578537 0.832861 0.577561 0.832861 0.576585 0.831917 0.57561 0.831917 0.573659 0.830028 0.572683 0.830028 0.563902 0.82153 0.562927 0.82153 0.561951 0.820585 0.56 0.820585 0.559024 0.819641 0.558049 0.819641 0.555122 0.816808 0.555122 0.815864 0.553171 0.813975 0.553171 0.813031 0.552195 0.812087 0.552195 0.811143 0.55122 0.810198 0.55122 0.809254 0.550244 0.80831 0.550244 0.804533 0.549268 0.803588 0.549268 0.800755 0.548293 0.799811 0.548293 0.797923 0.547317 0.796978 0.547317 0.794145 0.546341 0.793201 0.546341 0.791313 0.545366 0.790368 0.545366 0.785647 0.54439 0.784703 0.54439 0.783758 0.547317 0.780925 0.548293 0.780925 0.549268 0.779981 0.558049 0.779981 0.559024 0.779037 0.56 0.779037 0.560976 0.778093 0.561951 0.778093 0.561951 0.776204 0.560976 0.77526 0.560976 0.774315 0.56 0.773371 0.56 0.771483 0.559024 0.770538 0.559024 0.769594 0.558049 0.76865 0.558049 0.767705 0.557073 0.766761 0.556098 0.767705 0.555122 0.767705 0.554146 0.76865 0.552195 0.76865 0.55122 0.769594 0.54439 0.769594 0.543415 0.76865 0.543415 0.767705 0.542439 0.766761 0.542439 0.765817 0.541463 0.764873 0.541463 0.76204 0.540488 0.761095 0.540488 0.760151 0.539512 0.759207 0.539512 0.757318 0.538537 0.756374 0.538537 0.75543 0.537561 0.754485 0.537561 0.752597 0.536585 0.752597 0.53561 0.751652 0.533659 0.751652 0.532683 0.750708
1 0.0770732 0.449481 0.0770732 0.452314 0.0760976 0.453258 0.0760976 0.454202 0.075122 0.455146 0.075122 0.456091 0.0741463 0.457035 0.0741463 0.457979 0.0731707 0.458924 0.0741463 0.459868 0.0741463 0.460812 0.075122 0.461756 0.075122 0.462701 0.0760976 0.463645 0.0770732 0.463645 0.0780488 0.464589 0.0839024 0.464589 0.084878 0.463645 0.0868293 0.463645 0.0887805 0.461756 0.0887805 0.449481
0 0.29561 0.119924 0.29561 0.121813 0.296585 0.122757 0.296585 0.124646 0.297561 0.12559 0.297561 0.128423 0.296585 0.129367 0.296585 0.131256 0.29561 0.1322 0.29561 0.134089 0.291707 0.137866 0.290732 0.137866 0.290732 0.13881 0.28878 0.140699 0.28878 0.143532 0.287805 0.144476 0.287805 0.14542 0.286829 0.146364 0.287805 0.147309 0.28878 0.147309 0.289756 0.148253 0.291707 0.148253 0.292683 0.149197 0.297561 0.149197 0.298537 0.148253 0.299512 0.148253 0.300488 0.147309 0.300488 0.146364 0.302439 0.144476 0.302439 0.143532 0.30439 0.141643 0.30439 0.140699 0.305366 0.139754 0.305366 0.13881 0.306341 0.137866 0.306341 0.119924
0 0.667317 0.527856 0.666341 0.528801 0.666341 0.529745 0.66439 0.531634 0.66439 0.532578 0.662439 0.534467 0.662439 0.535411 0.660488 0.537299 0.660488 0.538244 0.659512 0.539188 0.659512 0.540132 0.657561 0.542021 0.657561 0.542965 0.656585 0.543909 0.656585 0.544854 0.65561 0.545798 0.65561 0.550519 0.654634 0.551464 0.654634 0.552408 0.65561 0.553352 0.65561 0.557129 0.656585 0.558074 0.656585 0.560907 0.657561 0.561851 0.657561 0.563739 0.658537 0.564684 0.658537 0.565628 0.657561 0.566572 0.657561 0.567517 0.656585 0.568461 0.656585 0.569405 0.654634 0.571294 0.653659 0.571294 0.653659 0.576015 0.667317 0.576015 0.668293 0.575071 0.668293 0.574127 0.674146 0.568461 0.674146 0.567517 0.675122 0.566572 0.675122 0.565628 0.676098 0.564684 0.676098 0.554296 0.675122 0.553352 0.675122 0.545798 0.676098 0.544854 0.676098 0.542021 0.677073 0.541076 0.677073 0.527856
0 0.75122 0.701605 0.75122 0.711992 0.752195 0.711992 0.761951 0.721435 0.761951 0.72238 0.764878 0.725212 0.764878 0.726157 0.765854 0.727101 0.765854 0.728045 0.767805 0.729934 0.767805 0.730878 0.769756 0.732767 0.769756 0.733711 0.771707 0.7356 0.772683 0.7356 0.774634 0.737488 0.77561 0.737488 0.776585 0.738432 0.777561 0.737488 0.777561 0.719547 0.77561 0.717658 0.77561 0.716714 0.774634 0.71577 0.774634 0.714825 0.772683 0.712937 0.772683 0.711992 0.770732 0.710104 0.770732 0.70916 0.766829 0.705382 0.766829 0.704438 0.764878 0.70255 0.764878 0.701605
1 0.668293 0.362606 0.668293 0.385269 0.669268 0.385269 0.670244 0.386213 0.67122 0.386213 0.673171 0.388102 0.675122 0.388102 0.676098 0.389046 0.677073 0.389046 0.678049 0.389991 0.679024 0.389991 0.68 0.390935 0.684878 0.390935 0.685854 0.389991 0.687805 0.389991 0.68878 0.389046 0.689756 0.389046 0.692683 0.386213 0.693659 0.386213 0.694634 0.385269 0.694634 0.375826 0.693659 0.374882 0.693659 0.372993 0.692683 0.372049 0.692683 0.371105 0.686829 0.371105 0.685854 0.370161 0.685854 0.369216 0.684878 0.368272 0.684878 0.367328 0.683902 0.366383 0.682927 0.366383 0.681951 0.365439 0.682927 0.364495 0.682927 0.363551 0.683902 0.362606
0 0.385366 0.325779 0.386341 0.326723 0.386341 0.328612 0.388293 0.3305 0.388293 0.331445 0.396098 0.338999 0.396098 0.339943 0.398049 0.341832 0.399024 0.341832 0.403902 0.346553 0.403902 0.349386 0.404878 0.350331 0.404878 0.354108 0.405854 0.355052 0.405854 0.356941 0.406829 0.357885 0.406829 0.358829 0.407805 0.359773 0.40878 0.359773 0.412683 0.363551 0.412683 0.364495 0.413659 0.365439 0.413659 0.366383 0.41561 0.368272 0.41561 0.369216 0.418537 0.372049 0.418537 0.373938 0.419512 0.374882 0.419512 0.376771 0.42439 0.376771 0.42439 0.364495 0.423415 0.363551 0.423415 0.362606 0.421463 0.360718 0.421463 0.359773 0.420488 0.358829 0.420488 0.357885 0.419512 0.356941 0.419512 0.355996 0.418537 0.355052 0.418537 0.354108 0.417561 0.353163 0.417561 0.352219 0.412683 0.347498 0.412683 0.346553 0.409756 0.34372 0.409756 0.342776 0.405854 0.338999 0.405854 0.338055 0.403902 0.336166 0.403902 0.334278 0.402927 0.333333 0.402927 0.332389 0.401951 0.331445 0.401951 0.3305 0.400976 0.329556 0.400976 0.328612 0.4 0.327668 0.4 0.326723 0.399024 0.325779
1 0.810732 0.422096 0.810732 0.435316 0.811707 0.435316 0.812683 0.436261 0.818537 0.436261 0.819512 0.435316 0.821463 0.435316 0.822439 0.434372 0.822439 0.422096
1 0.261463 0.199245 0.260488 0.200189 0.258537 0.200189 0.254634 0.203966 0.253659 0.203966 0.251707 0.205855 0.251707 0.21813 0.252683 0.219075 0.254634 0.219075 0.25561 0.220019 0.257561 0.220019 0.258537 0.220963 0.267317 0.220963 0.268293 0.220019 0.269268 0.220019 0.270244 0.219075 0.27122 0.219075 0.272195 0.21813 0.273171 0.21813 0.276098 0.215297 0.277073 0.215297 0.277073 0.214353 0.28 0.21152 0.28 0.201133 0.279024 0.201133 0.278049 0.200189 0.277073 0.200189 0.276098 0.199245
0 0.902439 0.312559 0.905366 0.315392 0.902439 0.318225 0.902439 0.319169 0.901463 0.320113 0.901463 0.321058 0.900488 0.322002 0.900488 0.324835 0.899512 0.325779 0.899512 0.327668 0.901463 0.329556 0.901463 0.3305 0.902439 0.331445 0.902439 0.332389 0.903415 0.333333 0.903415 0.334278 0.90439 0.335222 0.90439 0.336166 0.905366 0.33711 0.905366 0.338055 0.906341 0.338999 0.906341 0.340888 0.907317 0.341832 0.907317 0.34372 0.908293 0.344665 0.908293 0.346553 0.909268 0.347498 0.909268 0.348442 0.91122 0.350331 0.91122 0.351275 0.912195 0.352219 0.912195 0.353163 0.92 0.360718 0.920976 0.360718 0.923902 0.363551 0.924878 0.363551 0.927805 0.366383 0.927805 0.367328 0.929756 0.369216 0.929756 0.370161 0.930732 0.371105 0.930732 0.372049 0.931707 0.372993 0.931707 0.374882 0.932683 0.375826 0.932683 0.378659 0.933659 0.379603 0.933659 0.384325 0.934634 0.385269 0.934634 0.387158 0.93561 0.388102 0.93561 0.389991 0.936585 0.390935 0.936585 0.391879 0.937561 0.392823 0.937561 0.393768 0.938537 0.394712 0.941463 0.394712 0.942439 0.393768 0.943415 0.393768 0.943415 0.372049 0.942439 0.371105 0.942439 0.370161 0.941463 0.369216 0.941463 0.368272 0.940488 0.367328 0.940488 0.366383 0.937561 0.363551 0.937561 0.362606 0.934634 0.359773 0.934634 0.358829 0.933659 0.357885 0.933659 0.356941 0.930732 0.354108 0.930732 0.353163 0.927805 0.350331 0.927805 0.349386 0.924878 0.346553 0.924878 0.345609 0.923902 0.344665 0.923902 0.34372 0.922927 0.342776 0.922927 0.341832 0.920976 0.339943 0.920976 0.338055 0.92 0.33711 0.92 0.336166 0.919024 0.335222 0.919024 0.334278 0.918049 0.333333 0.918049 0.326723 0.919024 0.325779 0.919024 0.32389 0.92 0.322946 0.92 0.315392 0.919024 0.314448 0.915122 0.314448 0.914146 0.313503 0.91122 0.313503 0.910244 0.312559
0 0.4 0.534467 0.399024 0.535411 0.398049 0.535411 0.397073 0.536355 0.397073 0.537299 0.395122 0.539188 0.395122 0.541076 0.394146 0.542021 0.394146 0.544854 0.393171 0.545798 0.393171 0.547687 0.392195 0.548631 0.392195 0.551464 0.39122 0.552408 0.39122 0.553352 0.390244 0.554296 0.390244 0.562795 0.39122 0.562795 0.392195 0.563739 0.399024 0.563739 0.4 0.562795 0.400976 0.562795 0.401951 0.561851 0.402927 0.561851 0.404878 0.559962 0.404878 0.559018 0.405854 0.558074 0.405854 0.557129 0.406829 0.556185 0.406829 0.554296 0.407805 0.553352 0.407805 0.534467
0 0.360976 0.0972616 0.357073 0.101039 0.357073 0.101983 0.354146 0.104816 0.354146 0.10576 0.352195 0.107649 0.352195 0.108593 0.349268 0.111426 0.349268 0.11237 0.348293 0.113314 0.348293 0.114259 0.347317 0.115203 0.347317 0.118036 0.346341 0.11898 0.346341 0.127479 0.349268 0.130312 0.352195 0.130312 0.352195 0.129367 0.354146 0.127479 0.354146 0.126534 0.355122 0.12559 0.355122 0.124646 0.356098 0.123702 0.356098 0.122757 0.357073 0.121813 0.357073 0.120869 0.358049 0.119924 0.358049 0.118036 0.359024 0.117092 0.359024 0.115203 0.36 0.114259 0.36 0.113314 0.360976 0.11237 0.360976 0.111426 0.361951 0.110482 0.361951 0.109537 0.366829 0.104816 0.366829 0.0972616
1 0.811707 0.227573 0.811707 0.228517 0.810732 0.229462 0.810732 0.230406 0.809756 0.23135 0.809756 0.232295 0.80878 0.233239 0.80878 0.235127 0.811707 0.23796 0.818537 0.23796 0.819512 0.237016 0.819512 0.227573
0 0.236098 0.0538244 0.235122 0.0547686 0.234146 0.0547686 0.233171 0.0557129 0.232195 0.0557129 0.23122 0.0566572 0.23122 0.0736544 0.233171 0.075543 0.233171 0.0764873 0.236098 0.0793201 0.236098 0.0802644 0.237073 0.0812087 0.237073 0.0830973 0.238049 0.0840416 0.238049 0.0849858 0.239024 0.0859301 0.239024 0.0868744 0.24 0.0878187 0.24 0.088763 0.240976 0.0897073 0.240976 0.0925401 0.241951 0.0934844 0.241951 0.0963173 0.246829 0.101039 0.249756 0.101039 0.250732 0.100094 0.253659 0.100094 0.257561 0.0963173 0.257561 0.095373 0.261463 0.0915958 0.261463 0.0906516 0.262439 0.0897073 0.262439 0.088763 0.263415 0.0878187 0.263415 0.0859301 0.26439 0.0849858 0.26439 0.0708215 0.263415 0.0708215 0.262439 0.0698772 0.260488 0.0698772 0.259512 0.0708215 0.259512 0.0736544 0.258537 0.0745987 0.258537 0.0793201 0.257561 0.0802644 0.257561 0.082153 0.256585 0.0830973 0.256585 0.0840416 0.254634 0.0859301 0.252683 0.0859301 0.251707 0.0849858 0.250732 0.0849858 0.249756 0.0840416 0.24878 0.0840416 0.246829 0.082153 0.246829 0.0812087 0.245854 0.0802644 0.245854 0.0793201 0.244878 0.0783758 0.244878 0.0764873 0.243902 0.075543 0.243902 0.0727101 0.242927 0.0717658 0.242927 0.0708215 0.243902 0.0698772 0.243902 0.0651558 0.244878 0.0642115 0.244878 0.0632672 0.245854 0.0623229 0.245854 0.0604344 0.246829 0.0594901 0.246829 0.0585458 0.247805 0.0576015 0.24878 0.0576015 0.252683 0.0538244
0 0.542439 0.240793 0.542439 0.241737 0.541463 0.242682 0.541463 0.243626 0.540488 0.24457 0.540488 0.246459 0.537561 0.249292 0.537561 0.250236 0.536585 0.25118 0.536585 0.252125 0.534634 0.254013 0.534634 0.254957 0.533659 0.255902 0.533659 0.25779 0.532683 0.258735 0.532683 0.27762 0.533659 0.278565 0.533659 0.279509 0.538537 0.28423 0.538537 0.285175 0.539512 0.286119 0.539512 0.287063 0.540488 0.288008 0.540488 0.288952 0.541463 0.289896 0.541463 0.294618 0.542439 0.295562 0.542439 0.296506 0.545366 0.299339 0.55122 0.299339 0.55122 0.298395 0.552195 0.29745 0.552195 0.286119 0.55122 0.285175 0.55122 0.283286 0.550244 0.282342 0.550244 0.281398 0.549268 0.280453 0.549268 0.27762 0.548293 0.276676 0.548293 0.275732 0.547317 0.274788 0.547317 0.272899 0.546341 0.271955 0.546341 0.269122 0.545366 0.268178 0.545366 0.2644 0.546341 0.263456 0.546341 0.261568 0.547317 0.260623 0.547317 0.25779 0.548293 0.256846 0.548293 0.254957 0.549268 0.254013 0.549268 0.249292 0.550244 0.248347 0.550244 0.245515 0.55122 0.24457 0.55122 0.240793
0 0.941463 0.311615 0.941463 0.320113 0.942439 0.321058 0.942439 0.322002 0.943415 0.322946 0.943415 0.325779 0.94439 0.326723 0.94439 0.3305 0.945366 0.331445 0.945366 0.332389 0.946341 0.333333 0.946341 0.341832 0.945366 0.342776 0.945366 0.344665 0.94439 0.345609 0.94439 0.347498 0.943415 0.348442 0.943415 0.349386 0.942439 0.350331 0.942439 0.352219 0.941463 0.353163 0.941463 0.357885 0.950244 0.357885 0.950244 0.356941 0.951219 0.355996 0.951219 0.355052 0.952195 0.354108 0.952195 0.352219 0.953171 0.351275 0.953171 0.349386 0.954146 0.348442 0.954146 0.347498 0.955122 0.346553 0.955122 0.344665 0.956098 0.34372 0.956098 0.342776 0.958049 0.340888 0.958049 0.315392 0.957073 0.314448 0.957073 0.311615
0 0.750244 0.796978 0.749268 0.797923 0.748293 0.797923 0.74439 0.8017 0.74439 0.804533 0.745366 0.805477 0.745366 0.807365 0.748293 0.810198 0.749268 0.810198 0.750244 0.811143 0.753171 0.811143 0.754146 0.812087 0.763902 0.812087 0.764878 0.813031 0.770732 0.813031 0.771707 0.813975 0.772683 0.813975 0.777561 0.818697 0.777561 0.819641 0.779512 0.82153 0.779512 0.823418 0.780488 0.824363 0.780488 0.826251 0.781463 0.827195 0.781463 0.842304 0.780488 0.843248 0.780488 0.848914 0.781463 0.849858 0.781463 0.852691 0.782439 0.853635 0.782439 0.85458 0.783415 0.855524 0.783415 0.856468 0.78439 0.857413 0.78439 0.859301 0.785366 0.860246 0.785366 0.86119 0.786341 0.862134 0.786341 0.863078 0.787317 0.864023 0.787317 0.865911 0.788293 0.866856 0.788293 0.8678 0.789268 0.868744 0.789268 0.869688 0.79122 0.871577 0.79122 0.872521 0.792195 0.873466 0.792195 0.87441 0.793171 0.875354 0.793171 0.877243 0.794146 0.878187 0.794146 0.879131 0.796098 0.88102 0.796098 0.881964 0.798049 0.880076 0.798049 0.879131 0.799024 0.878187 0.799024 0.86119 0.798049 0.860246 0.798049 0.826251 0.797073 0.825307 0.797073 0.819641 0.796098 0.818697 0.796098 0.81492 0.795122 0.813975 0.795122 0.813031 0.794146 0.812087 0.794146 0.810198 0.786341 0.802644 0.785366 0.802644 0.782439 0.799811 0.780488 0.799811 0.779512 0.798867 0.777561 0.798867 0.776585 0.797923 0.766829 0.797923 0.765854 0.796978
0 0.773659 0.0292729 0.773659 0.0302172 0.771707 0.0321058 0.770732 0.0321058 0.769756 0.03305 0.769756 0.0528801 0.770732 0.0528801 0.772683 0.0547686 0.773659 0.0547686 0.776585 0.0576015 0.780488 0.0576015 0.781463 0.0585458 0.783415 0.0585458 0.785366 0.0566572 0.786341 0.0566572 0.787317 0.0557129 0.789268 0.0557129 0.792195 0.0528801 0.792195 0.0519358 0.793171 0.0509915 0.793171 0.0500472 0.798049 0.0453258 0.798049 0.0311615 0.797073 0.0302172 0.795122 0.0302172 0.794146 0.0292729
0 0.482927 0.0812087 0.48 0.0840416 0.48 0.0849858 0.479024 0.0859301 0.479024 0.0868744 0.478049 0.0878187 0.478049 0.088763 0.477073 0.0897073 0.477073 0.0915958 0.476098 0.0925401 0.476098 0.101039 0.478049 0.102927 0.479024 0.102927 0.48 0.103872 0.480976 0.103872 0.481951 0.102927 0.482927 0.102927 0.483902 0.101983 0.484878 0.101983 0.485854 0.101039 0.486829 0.101039 0.486829 0.100094 0.48878 0.0982059 0.48878 0.0812087
1 0.706341 0.248347 0.706341 0.25779 0.709268 0.260623 0.713171 0.260623 0.714146 0.259679 0.715122 0.259679 0.716098 0.258735 0.716098 0.248347
0 0.562927 0.318225 0.562927 0.324835 0.563902 0.324835 0.564878 0.325779 0.564878 0.326723 0.569756 0.331445 0.570732 0.331445 0.571707 0.332389 0.572683 0.332389 0.57561 0.335222 0.576585 0.335222 0.577561 0.336166 0.581463 0.336166 0.582439 0.33711 0.583415 0.33711 0.58439 0.336166 0.585366 0.336166 0.586341 0.335222 0.586341 0.331445 0.585366 0.3305 0.58439 0.3305 0.577561 0.32389 0.576585 0.32389 0.573659 0.321058 0.572683 0.321058 0.571707 0.320113 0.569756 0.320113 0.56878 0.319169 0.565854 0.319169 0.564878 0.318225
1 0.493659 0.306893 0.493659 0.32389 0.49561 0.325779 0.497561 0.325779 0.498537 0.326723 0.500488 0.326723 0.501463 0.327668 0.503415 0.327668 0.50439 0.328612 0.506341 0.328612 0.507317 0.327668 0.508293 0.327668 0.510244 0.325779 0.510244 0.306893
0 0.86439 0.0424929 0.86439 0.0443815 0.863415 0.0453258 0.863415 0.0472144 0.862439 0.0481586 0.862439 0.0491029 0.859512 0.0519358 0.859512 0.0528801 0.857561 0.0547686 0.857561 0.0557129 0.856585 0.0566572 0.856585 0.0576015 0.85561 0.0585458 0.85561 0.0613787 0.856585 0.0623229 0.856585 0.0642115 0.857561 0.0651558 0.858537 0.0651558 0.859512 0.0661001 0.860488 0.0661001 0.867317 0.0594901 0.867317 0.0585458 0.868293 0.0576015 0.868293 0.0566572 0.869268 0.0557129 0.869268 0.0547686 0.870244 0.0538244 0.870244 0.0528801 0.87122 0.0519358 0.87122 0.0424929
1 0.483902 0.423985 0.483902 0.442871 0.500488 0.442871 0.502439 0.440982 0.502439 0.423985
1 0.967805 0.258735 0.967805 0.27101 0.977561 0.27101 0.978537 0.270066 0.978537 0.258735
1 0.765854 0.294618 0.765854 0.307838 0.765854 0.306893 0.767805 0.305005 0.771707 0.305005 0.772683 0.305949 0.774634 0.305949 0.77561 0.306893 0.776585 0.306893 0.778537 0.308782 0.778537 0.314448 0.779512 0.315392 0.779512 0.31728 0.781463 0.319169 0.783415 0.319169 0.786341 0.316336 0.786341 0.30406 0.785366 0.303116 0.785366 0.302172 0.78439 0.301228 0.78439 0.300283 0.780488 0.296506 0.780488 0.294618
1 0.378537 0.613787 0.377561 0.614731 0.37561 0.614731 0.374634 0.615675 0.369756 0.615675 0.36878 0.616619 0.36878 0.635505 0.369756 0.635505 0.370732 0.636449 0.371707 0.636449 0.372683 0.637394 0.373659 0.637394 0.374634 0.638338 0.376585 0.638338 0.378537 0.640227 0.379512 0.640227 0.380488 0.641171 0.381463 0.641171 0.382439 0.642115 0.392195 0.642115 0.393171 0.641171 0.395122 0.641171 0.398049 0.638338 0.399024 0.638338 0.401951 0.635505 0.401951 0.621341 0.400976 0.620397 0.400976 0.619452 0.397073 0.615675 0.397073 0.613787
1 0.0146341 0.463645 0.0146341 0.478754 0.0156098 0.477809 0.0165854 0.478754 0.0185366 0.478754 0.0195122 0.479698 0.0292683 0.479698 0.0331707 0.475921 0.0331707 0.474976 0.0341463 0.474032 0.0341463 0.463645
0 0.715122 0.0179415 0.714146 0.0188857 0.714146 0.01983 0.710244 0.0236072 0.709268 0.0236072 0.709268 0.0245515 0.708293 0.0254958 0.708293 0.0434372 0.710244 0.0453258 0.710244 0.0462701 0.711219 0.0472144 0.713171 0.0472144 0.714146 0.0462701 0.715122 0.0462701 0.716098 0.0453258 0.716098 0.0415486 0.717073 0.0406043 0.717073 0.0349386 0.718049 0.0339943 0.718049 0.03305 0.719024 0.0321058 0.719024 0.0311615 0.72 0.0302172 0.72 0.0292729 0.720976 0.0283286 0.720976 0.0273843 0.722927 0.0254958 0.722927 0.0245515 0.723902 0.0236072 0.723902 0.0179415
0 0.982439 0.576015 0.981463 0.576959 0.981463 0.578848 0.980488 0.579792 0.980488 0.580737 0.977561 0.583569 0.977561 0.585458 0.976585 0.586402 0.976585 0.589235 0.97561 0.590179 0.97561 0.593957 0.974634 0.594901 0.974634 0.601511 0.973659 0.602455 0.973659 0.616619 0.974634 0.617564 0.974634 0.618508 0.976585 0.620397 0.976585 0.621341 0.978537 0.623229 0.978537 0.624174 0.979512 0.625118 0.979512 0.626062 0.981463 0.627951 0.981463 0.628895 0.982439 0.629839 0.982439 0.631728 0.983415 0.632672 0.983415 0.633617 0.98439 0.634561 0.98439 0.635505 0.985366 0.636449 0.985366 0.637394 0.986341 0.638338 0.986341 0.639282 0.987317 0.640227 0.987317 0.642115 0.988293 0.643059 0.988293 0.644948 0.989268 0.645892 0.989268 0.646837 0.99122 0.648725 0.99122 0.64967 0.993171 0.651558 0.993171 0.652502 0.994146 0.653447 0.994146 0.654391 0.995122 0.655335 0.995122 0.65628 0.996098 0.657224 0.997073 0.657224 0.997073 0.627007 0.995122 0.625118 0.995122 0.624174 0.994146 0.623229 0.994146 0.622285 0.993171 0.621341 0.993171 0.620397 0.992195 0.619452 0.992195 0.618508 0.99122 0.617564 0.99122 0.616619 0.990244 0.615675 0.990244 0.614731 0.989268 0.613787 0.989268 0.612842 0.988293 0.611898 0.988293 0.610954 0.987317 0.610009 0.987317 0.604344 0.986341 0.603399 0.986341 0.594901 0.987317 0.593957 0.987317 0.591124 0.988293 0.590179 0.988293 0.587347 0.989268 0.586402 0.989268 0.585458 0.990244 0.584514 0.99122 0.584514 0.992195 0.583569 0.992195 0.582625 0.993171 0.581681 0.993171 0.578848 0.994146 0.577904 0.994146 0.576959 0.993171 0.576015
0 0.694634 0.790368 0.694634 0.793201 0.699512 0.797923 0.699512 0.798867 0.700488 0.799811 0.700488 0.800755 0.701463 0.8017 0.701463 0.803588 0.700488 0.804533 0.700488 0.806421 0.699512 0.807365 0.699512 0.80831 0.698537 0.809254 0.698537 0.810198 0.697561 0.811143 0.697561 0.813031 0.696585 0.813975 0.696585 0.815864 0.69561 0.816808 0.69561 0.822474 0.694634 0.823418 0.694634 0.835694 0.69561 0.836638 0.696585 0.836638 0.697561 0.837583 0.699512 0.837583 0.700488 0.838527 0.701463 0.838527 0.702439 0.839471 0.703415 0.839471 0.70439 0.840415 0.706341 0.840415 0.707317 0.84136 0.711219 0.84136 0.711219 0.794145 0.708293 0.791313 0.708293 0.790368
1 0.76 0.747875 0.757073 0.750708 0.757073 0.771483 0.758049 0.772427 0.760976 0.772427 0.761951 0.773371 0.774634 0.773371 0.77561 0.772427 0.776585 0.772427 0.779512 0.769594 0.779512 0.76865 0.780488 0.767705 0.780488 0.749764 0.778537 0.747875
1 0.659512 0.220019 0.659512 0.220963 0.658537 0.221907 0.658537 0.222852 0.657561 0.223796 0.657561 0.22474 0.656585 0.225685 0.656585 0.230406 0.657561 0.23135 0.657561 0.232295 0.658537 0.233239 0.658537 0.234183 0.659512 0.235127 0.675122 0.235127 0.676098 0.234183 0.677073 0.234183 0.679024 0.232295 0.679024 0.220019
1 0.265366 0.713881 0.265366 0.726157 0.266341 0.726157 0.267317 0.727101 0.268293 0.727101 0.270244 0.72899 0.27122 0.72899 0.272195 0.729934 0.28 0.729934 0.280976 0.72899 0.281951 0.72899 0.283902 0.727101 0.283902 0.713881
1 0.820488 0.725212 0.817561 0.728045 0.817561 0.741265 0.818537 0.74221 0.819512 0.74221 0.821463 0.744098 0.826341 0.744098 0.827317 0.745043 0.829268 0.745043 0.830244 0.744098 0.832195 0.744098 0.833171 0.743154 0.835122 0.743154 0.837073 0.741265 0.837073 0.725212
0 0.244878 0.359773 0.243902 0.360718 0.243902 0.371105 0.244878 0.372049 0.244878 0.373938 0.245854 0.374882 0.245854 0.375826 0.246829 0.376771 0.246829 0.377715 0.24878 0.379603 0.24878 0.380548 0.249756 0.381492 0.249756 0.383381 0.250732 0.384325 0.250732 0.387158 0.251707 0.388102 0.251707 0.392823 0.252683 0.393768 0.252683 0.400378 0.253659 0.401322 0.253659 0.404155 0.254634 0.405099 0.257561 0.405099 0.258537 0.404155 0.259512 0.404155 0.259512 0.380548 0.258537 0.379603 0.258537 0.377715 0.257561 0.376771 0.257561 0.375826 0.256585 0.374882 0.256585 0.373938 0.25561 0.372993 0.25561 0.372049 0.253659 0.370161 0.253659 0.369216 0.252683 0.368272 0.252683 0.367328 0.251707 0.366383 0.251707 0.359773
1 0.113171 0.917847 0.112195 0.918791 0.112195 0.932956 0.114146 0.932956 0.115122 0.9339 0.12 0.9339 0.120976 0.934844 0.124878 0.934844 0.125854 0.9339 0.126829 0.9339 0.130732 0.930123 0.130732 0.917847
1 0.141463 0.534467 0.141463 0.545798 0.142439 0.546742 0.154146 0.546742 0.156098 0.544854 0.156098 0.534467
0 0.313171 0.209632 0.309268 0.213409 0.309268 0.214353 0.308293 0.215297 0.308293 0.216242 0.306341 0.21813 0.306341 0.241737 0.307317 0.242682 0.307317 0.243626 0.308293 0.24457 0.308293 0.245515 0.309268 0.246459 0.309268 0.247403 0.313171 0.25118 0.319024 0.25118 0.320976 0.249292 0.320976 0.248347 0.322927 0.246459 0.322927 0.240793 0.321951 0.239849 0.321951 0.238905 0.32 0.237016 0.32 0.236072 0.318049 0.234183 0.318049 0.230406 0.317073 0.229462 0.317073 0.227573 0.318049 0.226629 0.318049 0.22474 0.319024 0.223796 0.319024 0.221907 0.32 0.220963 0.32 0.219075 0.320976 0.21813 0.320976 0.217186 0.321951 0.216242 0.321951 0.21152 0.320976 0.210576 0.320976 0.209632
0 0.878049 0.401322 0.878049 0.402266 0.874146 0.406043 0.873171 0.406043 0.873171 0.425873 0.875122 0.427762 0.876098 0.427762 0.877073 0.428706 0.88 0.428706 0.880976 0.429651 0.881951 0.429651 0.883902 0.431539 0.884878 0.431539 0.887805 0.434372 0.88878 0.434372 0.889756 0.435316 0.890732 0.435316 0.892683 0.437205 0.89561 0.437205 0.896585 0.438149 0.900488 0.438149 0.900488 0.430595 0.899512 0.430595 0.897561 0.428706 0.896585 0.428706 0.89561 0.427762 0.894634 0.427762 0.893659 0.426818 0.892683 0.426818 0.890732 0.424929 0.889756 0.424929 0.884878 0.420208 0.884878 0.419263 0.883902 0.418319 0.883902 0.416431 0.882927 0.415486 0.882927 0.414542 0.883902 0.413598 0.883902 0.408876 0.884878 0.407932 0.884878 0.406043 0.886829 0.404155 0.886829 0.403211 0.887805 0.402266 0.887805 0.401322
1 0.546341 0.587347 0.545366 0.588291 0.545366 0.589235 0.54439 0.590179 0.543415 0.590179 0.542439 0.591124 0.542439 0.608121 0.543415 0.609065 0.558049 0.609065 0.559024 0.608121 0.56 0.608121 0.563902 0.604344 0.563902 0.592068 0.562927 0.591124 0.562927 0.587347
1 0.890732 0.891407 0.890732 0.892351 0.889756 0.893296 0.889756 0.912181 0.901463 0.912181 0.902439 0.911237 0.903415 0.911237 0.90439 0.910293 0.905366 0.910293 0.907317 0.908404 0.907317 0.893296 0.906341 0.892351 0.906341 0.891407
0 0.345366 0.457035 0.345366 0.465534 0.346341 0.466478 0.347317 0.466478 0.348293 0.467422 0.349268 0.467422 0.35122 0.469311 0.352195 0.469311 0.354146 0.471199 0.355122 0.471199 0.357073 0.473088 0.358049 0.473088 0.359024 0.474032 0.36 0.474032 0.360976 0.474976 0.361951 0.474976 0.362927 0.475921 0.365854 0.475921 0.366829 0.476865 0.36878 0.476865 0.369756 0.477809 0.371707 0.477809 0.372683 0.478754 0.373659 0.478754 0.374634 0.479698 0.376585 0.479698 0.377561 0.480642 0.378537 0.480642 0.380488 0.482531 0.381463 0.482531 0.383415 0.484419 0.383415 0.485364 0.394146 0.485364 0.394146 0.474976 0.393171 0.474976 0.390244 0.472144 0.389268 0.472144 0.388293 0.471199 0.387317 0.471199 0.386341 0.470255 0.385366 0.470255 0.38439 0.469311 0.383415 0.469311 0.382439 0.468366 0.380488 0.468366 0.379512 0.467422 0.377561 0.467422 0.376585 0.466478 0.37561 0.466478 0.374634 0.465534 0.373659 0.465534 0.371707 0.463645 0.370732 0.463645 0.36878 0.461756 0.367805 0.461756 0.366829 0.460812 0.365854 0.460812 0.361951 0.457035
1 0.401951 0.169027 0.4 0.170916 0.4 0.186969 0.400976 0.186969 0.401951 0.187913 0.403902 0.187913 0.405854 0.189802 0.407805 0.189802 0.40878 0.190746 0.416585 0.190746 0.417561 0.189802 0.417561 0.169027
0 0.285854 0.0972616 0.284878 0.0982059 0.283902 0.0982059 0.281951 0.100094 0.280976 0.100094 0.28 0.101039 0.279024 0.101039 0.278049 0.101983 0.277073 0.101983 0.275122 0.103872 0.274146 0.103872 0.273171 0.104816 0.272195 0.104816 0.27122 0.10576 0.27122 0.111426 0.282927 0.111426 0.283902 0.110482 0.284878 0.110482 0.285854 0.109537 0.286829 0.109537 0.290732 0.10576 0.291707 0.10576 0.291707 0.0972616
0 0.230244 0.115203 0.229268 0.116147 0.227317 0.116147 0.226341 0.117092 0.22439 0.117092 0.223415 0.118036 0.220488 0.118036 0.219512 0.117092 0.217561 0.117092 0.217561 0.130312 0.218537 0.130312 0.221463 0.133144 0.222439 0.133144 0.222439 0.1322 0.229268 0.12559 0.23122 0.12559 0.232195 0.124646 0.24 0.124646 0.240976 0.12559 0.243902 0.12559 0.244878 0.126534 0.245854 0.126534 0.24878 0.129367 0.249756 0.129367 0.251707 0.131256 0.251707 0.1322 0.252683 0.133144 0.252683 0.135033 0.253659 0.135977 0.253659 0.139754 0.254634 0.140699 0.25561 0.139754 0.25561 0.127479 0.254634 0.126534 0.254634 0.124646 0.253659 0.123702 0.253659 0.122757 0.252683 0.121813 0.252683 0.120869 0.251707 0.119924 0.250732 0.119924 0.24878 0.118036 0.247805 0.118036 0.246829 0.117092 0.245854 0.117092 0.244878 0.116147 0.242927 0.116147 0.241951 0.115203
0 0.882927 0.0292729 0.880976 0.0311615 0.880976 0.0387158 0.881951 0.0396601 0.881951 0.0406043 0.883902 0.0424929 0.883902 0.0434372 0.885854 0.0453258 0.885854 0.0462701 0.886829 0.0462701 0.88878 0.0481586 0.889756 0.0481586 0.897561 0.0557129 0.897561 0.0566572 0.898537 0.0576015 0.898537 0.0585458 0.899512 0.0594901 0.899512 0.0604344 0.900488 0.0613787 0.900488 0.0623229 0.901463 0.0632672 0.901463 0.0642115 0.905366 0.0679887 0.907317 0.0679887 0.907317 0.0547686 0.90439 0.0519358 0.90439 0.0509915 0.903415 0.0500472 0.903415 0.0491029 0.902439 0.0481586 0.902439 0.0472144 0.901463 0.0462701 0.901463 0.0443815 0.900488 0.0434372 0.900488 0.0424929 0.898537 0.0406043 0.898537 0.0396601 0.897561 0.0387158 0.897561 0.0377715 0.896585 0.0368272 0.896585 0.0358829 0.89561 0.0349386 0.89561 0.0311615 0.894634 0.0302172 0.894634 0.0292729
1 0.402927 0.589235 0.401951 0.590179 0.401951 0.609065 0.403902 0.609065 0.404878 0.610009 0.409756 0.610009 0.410732 0.610954 0.420488 0.610954 0.421463 0.610009 0.422439 0.610009 0.42439 0.608121 0.42439 0.592068 0.423415 0.591124 0.422439 0.591124 0.421463 0.590179 0.421463 0.589235
0 0.853659 0.271955 0.852683 0.272899 0.852683 0.273843 0.844878 0.281398 0.844878 0.282342 0.843902 0.283286 0.843902 0.285175 0.842927 0.286119 0.842927 0.308782 0.847805 0.308782 0.850732 0.311615 0.850732 0.312559 0.851707 0.313503 0.851707 0.314448 0.852683 0.315392 0.852683 0.31728 0.853659 0.318225 0.853659 0.320113 0.854634 0.321058 0.854634 0.322002 0.856585 0.32389 0.862439 0.32389 0.862439 0.316336 0.860488 0.314448 0.860488 0.313503 0.858537 0.311615 0.858537 0.31067 0.857561 0.309726 0.857561 0.308782 0.856585 0.307838 0.856585 0.306893 0.85561 0.305949 0.85561 0.305005 0.854634 0.30406 0.854634 0.303116 0.853659 0.302172 0.853659 0.301228 0.852683 0.300283 0.852683 0.299339 0.851707 0.298395 0.851707 0.295562 0.850732 0.294618 0.850732 0.289896 0.851707 0.288952 0.851707 0.287063 0.853659 0.285175 0.853659 0.28423 0.856585 0.281398 0.856585 0.280453 0.858537 0.278565 0.858537 0.27762 0.859512 0.276676 0.859512 0.274788 0.860488 0.273843 0.860488 0.271955
0 0.894634 0.625118 0.893659 0.626062 0.893659 0.628895 0.894634 0.629839 0.894634 0.635505 0.893659 0.636449 0.893659 0.637394 0.892683 0.638338 0.892683 0.639282 0.891707 0.640227 0.892683 0.640227 0.896585 0.644004 0.896585 0.644948 0.897561 0.645892 0.897561 0.646837 0.898537 0.647781 0.898537 0.648725 0.899512 0.64967 0.899512 0.652502 0.901463 0.654391 0.901463 0.65628 0.902439 0.657224 0.902439 0.66289 0.903415 0.663834 0.903415 0.671388 0.902439 0.672332 0.902439 0.678942 0.901463 0.679887 0.901463 0.684608 0.900488 0.685552 0.900488 0.68933 0.899512 0.690274 0.899512 0.693107 0.898537 0.694051 0.898537 0.696884 0.897561 0.697828 0.897561 0.699717 0.896585 0.700661 0.896585 0.703494 0.89561 0.704438 0.89561 0.708215 0.894634 0.70916 0.894634 0.712937 0.893659 0.713881 0.893659 0.71577 0.891707 0.717658 0.891707 0.718602 0.890732 0.719547 0.890732 0.720491 0.889756 0.721435 0.889756 0.72238 0.88878 0.723324 0.88878 0.739377 0.899512 0.739377 0.899512 0.738432 0.900488 0.737488 0.900488 0.736544 0.901463 0.7356 0.901463 0.734655 0.902439 0.733711 0.902439 0.729934 0.903415 0.72899 0.903415 0.72238 0.90439 0.721435 0.90439 0.713881 0.905366 0.712937 0.905366 0.711048 0.906341 0.710104 0.906341 0.708215 0.907317 0.707271 0.907317 0.705382 0.908293 0.704438 0.908293 0.70255 0.909268 0.701605 0.909268 0.699717 0.910244 0.698772 0.910244 0.696884 0.91122 0.69594 0.91122 0.694995 0.912195 0.694051 0.912195 0.664778 0.91122 0.663834 0.91122 0.65628 0.910244 0.655335 0.910244 0.645892 0.909268 0.644948 0.909268 0.643059 0.908293 0.642115 0.908293 0.639282 0.907317 0.638338 0.907317 0.637394 0.906341 0.636449 0.906341 0.634561 0.905366 0.633617 0.905366 0.632672 0.902439 0.629839 0.902439 0.628895 0.901463 0.627951 0.901463 0.626062 0.900488 0.625118
0 0.103415 0.366383 0.103415 0.389046 0.10439 0.389991 0.105366 0.389991 0.107317 0.391879 0.108293 0.391879 0.112195 0.395656 0.113171 0.395656 0.115122 0.397545 0.116098 0.397545 0.117073 0.398489 0.118049 0.398489 0.119024 0.399433 0.12 0.399433 0.120976 0.400378 0.121951 0.400378 0.122927 0.401322 0.124878 0.401322 0.126829 0.403211 0.127805 0.403211 0.12878 0.404155 0.130732 0.404155 0.131707 0.405099 0.133659 0.405099 0.134634 0.406043 0.137561 0.406043 0.138537 0.406988 0.143415 0.406988 0.14439 0.407932 0.145366 0.407932 0.146341 0.406988 0.154146 0.406988 0.155122 0.406043 0.158049 0.406043 0.159024 0.405099 0.160976 0.405099 0.161951 0.404155 0.162927 0.404155 0.163902 0.403211 0.165854 0.403211 0.166829 0.402266 0.16878 0.402266 0.169756 0.401322 0.170732 0.401322 0.173659 0.404155 0.173659 0.405099 0.174634 0.406043 0.174634 0.406988 0.17561 0.407932 0.17561 0.410765 0.176585 0.411709 0.176585 0.418319 0.177561 0.419263 0.177561 0.421152 0.178537 0.422096 0.179512 0.422096 0.181463 0.423985 0.181463 0.424929 0.183415 0.426818 0.18439 0.425873 0.18439 0.423985 0.185366 0.423041 0.185366 0.394712 0.183415 0.392823 0.183415 0.391879 0.179512 0.388102 0.178537 0.388102 0.177561 0.387158 0.17561 0.387158 0.174634 0.388102 0.171707 0.388102 0.170732 0.389046 0.166829 0.389046 0.165854 0.388102 0.163902 0.388102 0.162927 0.389046 0.16 0.389046 0.159024 0.389991 0.157073 0.389991 0.156098 0.390935 0.154146 0.390935 0.153171 0.391879 0.148293 0.391879 0.147317 0.392823 0.14439 0.392823 0.143415 0.391879 0.142439 0.391879 0.141463 0.390935 0.140488 0.390935 0.13561 0.386213 0.134634 0.386213 0.132683 0.384325 0.131707 0.384325 0.129756 0.382436 0.126829 0.382436 0.125854 0.381492 0.124878 0.381492 0.121951 0.378659 0.120976 0.378659 0.115122 0.372993 0.115122 0.372049 0.109268 0.366383
0 0.950244 0.270066 0.950244 0.271955 0.951219 0.272899 0.951219 0.273843 0.952195 0.274788 0.952195 0.27762 0.953171 0.278565 0.953171 0.281398 0.954146 0.282342 0.954146 0.283286 0.955122 0.28423 0.955122 0.285175 0.957073 0.287063 0.957073 0.288008 0.959024 0.289896 0.959024 0.291785 0.96 0.292729 0.96 0.293673 0.960976 0.294618 0.960976 0.295562 0.962927 0.29745 0.964878 0.29745 0.964878 0.296506 0.965854 0.295562 0.965854 0.28423 0.964878 0.283286 0.964878 0.282342 0.963902 0.281398 0.963902 0.280453 0.961951 0.278565 0.961951 0.27101 0.962927 0.270066
1 0.427317 0.88102 0.427317 0.881964 0.426341 0.882908 0.426341 0.883853 0.42439 0.885741 0.42439 0.886686 0.422439 0.888574 0.422439 0.889518 0.421463 0.890463 0.421463 0.891407 0.420488 0.892351 0.420488 0.909348 0.421463 0.909348 0.423415 0.911237 0.423415 0.912181 0.425366 0.91407 0.425366 0.915014 0.426341 0.915958 0.427317 0.915958 0.433171 0.921624 0.434146 0.921624 0.436098 0.923513 0.453659 0.923513 0.454634 0.922568 0.45561 0.922568 0.456585 0.921624 0.457561 0.921624 0.461463 0.917847 0.462439 0.917847 0.462439 0.882908 0.460488 0.88102
1 0.110244 0.797923 0.109268 0.798867 0.109268 0.799811 0.108293 0.800755 0.108293 0.815864 0.109268 0.816808 0.110244 0.816808 0.112195 0.818697 0.113171 0.818697 0.114146 0.819641 0.115122 0.819641 0.116098 0.820585 0.117073 0.820585 0.119024 0.822474 0.126829 0.822474 0.12878 0.820585 0.129756 0.820585 0.129756 0.799811 0.12878 0.798867 0.12878 0.797923
1 0.442927 0.0547686 0.441951 0.0557129 0.439024 0.0557129 0.439024 0.0717658 0.44 0.0727101 0.440976 0.0727101 0.442927 0.0745987 0.443902 0.0745987 0.444878 0.075543 0.445854 0.075543 0.446829 0.0764873 0.447805 0.0764873 0.44878 0.0774315 0.45561 0.0774315 0.456585 0.0764873 0.457561 0.0764873 0.458537 0.075543 0.459512 0.075543 0.460488 0.0745987 0.461463 0.0745987 0.463415 0.0727101 0.463415 0.0547686
0 0.161951 0.122757 0.160976 0.123702 0.159024 0.123702 0.158049 0.124646 0.15122 0.124646 0.149268 0.126534 0.148293 0.126534 0.146341 0.128423 0.14439 0.128423 0.142439 0.130312 0.141463 0.130312 0.140488 0.131256 0.139512 0.131256 0.138537 0.1322 0.134634 0.1322 0.133659 0.133144 0.132683 0.133144 0.132683 0.143532 0.133659 0.144476 0.138537 0.144476 0.139512 0.143532 0.139512 0.142587 0.140488 0.141643 0.140488 0.140699 0.142439 0.13881 0.143415 0.13881 0.14439 0.137866 0.145366 0.137866 0.146341 0.136922 0.147317 0.136922 0.148293 0.135977 0.149268 0.135977 0.150244 0.135033 0.152195 0.135033 0.153171 0.134089 0.157073 0.134089 0.157073 0.133144 0.161951 0.128423
0 0.113171 0.186969 0.11122 0.188857 0.11122 0.189802 0.110244 0.190746 0.109268 0.190746 0.108293 0.19169 0.106341 0.19169 0.105366 0.192635 0.10439 0.192635 0.103415 0.193579 0.101463 0.193579 0.100488 0.194523 0.0995122 0.194523 0.0985366 0.195467 0.097561 0.195467 0.0965854 0.196412 0.0956098 0.196412 0.0946341 0.197356 0.0936585 0.197356 0.0917073 0.199245 0.0907317 0.199245 0.0878049 0.202077 0.0878049 0.203022 0.0858537 0.20491 0.0858537 0.21152 0.0946341 0.21152 0.0965854 0.209632 0.0965854 0.208687 0.0985366 0.206799 0.0995122 0.206799 0.100488 0.205855 0.101463 0.205855 0.102439 0.20491 0.103415 0.20491 0.10439 0.203966 0.105366 0.203966 0.106341 0.203022 0.108293 0.203022 0.109268 0.202077 0.110244 0.202077 0.11122 0.201133 0.112195 0.201133 0.113171 0.200189 0.114146 0.200189 0.115122 0.199245 0.116098 0.199245 0.117073 0.1983 0.118049 0.1983 0.12 0.196412 0.120976 0.196412 0.120976 0.195467 0.121951 0.194523 0.121951 0.193579 0.122927 0.192635 0.122927 0.19169 0.123902 0.190746 0.123902 0.187913 0.124878 0.186969
1 0.70439 0.855524 0.70439 0.87441 0.705366 0.87441 0.706341 0.875354 0.708293 0.875354 0.709268 0.876298 0.716098 0.876298 0.717073 0.877243 0.718049 0.877243 0.719024 0.876298 0.720976 0.876298 0.721951 0.875354 0.722927 0.875354 0.723902 0.87441 0.724878 0.87441 0.724878 0.860246 0.723902 0.859301 0.723902 0.858357 0.722927 0.857413 0.722927 0.856468 0.721951 0.855524
1 0.390244 0.482531 0.390244 0.497639 0.396098 0.503305 0.397073 0.503305 0.398049 0.504249 0.399024 0.504249 0.4 0.505194 0.400976 0.505194 0.401951 0.506138 0.404878 0.506138 0.405854 0.505194 0.40878 0.505194 0.411707 0.502361 0.411707 0.496695 0.404878 0.490085 0.404878 0.488196 0.403902 0.487252 0.403902 0.484419 0.402927 0.483475 0.402927 0.482531
1 0.317073 0.499528 0.317073 0.514636 0.328781 0.514636 0.330732 0.512748 0.330732 0.499528
0 0.0360976 0.509915 0.035122 0.510859 0.0341463 0.510859 0.0331707 0.511804 0.0321951 0.511804 0.0312195 0.512748 0.0302439 0.512748 0.0292683 0.513692 0.0282927 0.513692 0.0273171 0.514636 0.0263415 0.514636 0.0253659 0.515581 0.0243902 0.515581 0.0234146 0.516525 0.022439 0.516525 0.0214634 0.517469 0.0204878 0.517469 0.0195122 0.518414 0.0185366 0.518414 0.0156098 0.521246 0.0146341 0.521246 0.0136585 0.522191 0.0117073 0.522191 0.0107317 0.523135 0.00390244 0.523135 0.00390244 0.538244 0.0185366 0.538244 0.0195122 0.537299 0.0214634 0.537299 0.022439 0.536355 0.0234146 0.536355 0.0243902 0.535411 0.0253659 0.535411 0.0263415 0.534467 0.0273171 0.534467 0.0282927 0.533522 0.0292683 0.533522 0.0302439 0.532578 0.0312195 0.532578 0.0321951 0.531634 0.0331707 0.531634 0.0341463 0.530689 0.035122 0.530689 0.0360976 0.529745 0.0370732 0.529745 0.0380488 0.528801 0.0390244 0.528801 0.04 0.527856 0.0409756 0.527856 0.0429268 0.525968 0.0439024 0.525968 0.044878 0.525024 0.0458537 0.525024 0.0478049 0.523135 0.0487805 0.523135 0.0497561 0.522191 0.0507317 0.522191 0.0536585 0.519358 0.0536585 0.509915
1 0.176585 0.877243 0.176585 0.892351 0.190244 0.892351 0.19122 0.891407 0.192195 0.891407 0.193171 0.890463 0.193171 0.877243
1 0.595122 0.253069 0.591219 0.256846 0.591219 0.25779 0.590244 0.258735 0.590244 0.27101 0.600976 0.27101 0.602927 0.269122 0.602927 0.268178 0.603902 0.267233 0.603902 0.253069
1 0.323902 0.338055 0.323902 0.353163 0.33561 0.353163 0.336585 0.352219 0.337561 0.352219 0.338537 0.351275 0.338537 0.338055
1 0.30439 0.655335 0.30439 0.6695 0.305366 0.670444 0.306341 0.670444 0.307317 0.671388 0.308293 0.671388 0.309268 0.672332 0.31122 0.672332 0.312195 0.673277 0.313171 0.673277 0.314146 0.674221 0.315122 0.674221 0.316098 0.675165 0.317073 0.675165 0.319024 0.677054 0.321951 0.677054 0.322927 0.677998 0.326829 0.677998 0.327805 0.677054 0.329756 0.677054 0.330732 0.67611 0.331707 0.67611 0.333659 0.674221 0.333659 0.661945 0.331707 0.660057 0.330732 0.660057 0.327805 0.657224 0.326829 0.657224 0.325854 0.65628 0.324878 0.65628 0.323902 0.655335
0 0.890732 0.540132 0.890732 0.547687 0.891707 0.548631 0.891707 0.550519 0.892683 0.551464 0.892683 0.552408 0.893659 0.553352 0.893659 0.554296 0.894634 0.555241 0.894634 0.558074 0.89561 0.559018 0.89561 0.561851 0.896585 0.562795 0.896585 0.565628 0.897561 0.566572 0.897561 0.570349 0.898537 0.571294 0.898537 0.572238 0.899512 0.573182 0.900488 0.573182 0.901463 0.574127 0.903415 0.574127 0.903415 0.551464 0.902439 0.550519 0.902439 0.549575 0.901463 0.548631 0.901463 0.546742 0.900488 0.545798 0.900488 0.543909 0.899512 0.542965 0.899512 0.541076 0.898537 0.540132
0 0.858537 0.381492 0.858537 0.382436 0.85561 0.385269 0.85561 0.386213 0.854634 0.387158 0.854634 0.388102 0.853659 0.389046 0.853659 0.390935 0.852683 0.391879 0.852683 0.392823 0.851707 0.393768 0.851707 0.394712 0.850732 0.395656 0.850732 0.397545 0.849756 0.398489 0.849756 0.400378 0.848781 0.401322 0.848781 0.403211 0.841951 0.409821 0.838049 0.409821 0.837073 0.408876 0.836098 0.408876 0.836098 0.422096 0.845854 0.422096 0.846829 0.421152 0.847805 0.421152 0.847805 0.420208 0.849756 0.418319 0.849756 0.417375 0.851707 0.415486 0.851707 0.414542 0.85561 0.410765 0.85561 0.409821 0.856585 0.408876 0.856585 0.407932 0.857561 0.406988 0.857561 0.406043 0.858537 0.405099 0.858537 0.404155 0.859512 0.403211 0.859512 0.402266 0.862439 0.399433 0.863415 0.399433 0.86439 0.398489 0.866341 0.398489 0.867317 0.397545 0.868293 0.397545 0.869268 0.396601 0.869268 0.381492
0 0.705366 0.154863 0.705366 0.15864 0.709268 0.162417 0.709268 0.163362 0.710244 0.164306 0.710244 0.167139 0.711219 0.168083 0.711219 0.173749 0.710244 0.174693 0.710244 0.177526 0.709268 0.17847 0.709268 0.179415 0.708293 0.180359 0.707317 0.180359 0.705366 0.182247 0.705366 0.183192 0.70439 0.184136 0.70439 0.18508 0.703415 0.186025 0.703415 0.186969 0.702439 0.187913 0.702439 0.188857 0.701463 0.189802 0.701463 0.190746 0.699512 0.192635 0.699512 0.193579 0.698537 0.194523 0.698537 0.195467 0.697561 0.196412 0.697561 0.197356 0.696585 0.1983 0.696585 0.200189 0.69561 0.201133 0.69561 0.202077 0.694634 0.203022 0.694634 0.203966 0.691707 0.206799 0.691707 0.207743 0.690732 0.208687 0.690732 0.209632 0.69561 0.214353 0.705366 0.214353 0.702439 0.21152 0.702439 0.210576 0.701463 0.209632 0.701463 0.207743 0.702439 0.206799 0.702439 0.205855 0.703415 0.20491 0.703415 0.203022 0.70439 0.202077 0.70439 0.201133 0.706341 0.199245 0.706341 0.197356 0.707317 0.196412 0.707317 0.193579 0.708293 0.192635 0.708293 0.189802 0.709268 0.188857 0.709268 0.186025 0.712195 0.183192 0.712195 0.182247 0.713171 0.181303 0.713171 0.157696 0.712195 0.156752 0.711219 0.156752 0.710244 0.155807 0.709268 0.155807 0.708293 0.154863
0 0.792195 0.274788 0.793171 0.275732 0.793171 0.276676 0.794146 0.27762 0.794146 0.278565 0.795122 0.279509 0.795122 0.280453 0.796098 0.281398 0.796098 0.282342 0.797073 0.283286 0.797073 0.28423 0.799024 0.286119 0.799024 0.287063 0.8 0.288008 0.8 0.288952 0.800976 0.289896 0.800976 0.293673 0.801951 0.294618 0.801951 0.298395 0.800976 0.299339 0.800976 0.301228 0.8 0.302172 0.8 0.303116 0.798049 0.305005 0.798049 0.305949 0.794146 0.309726 0.794146 0.315392 0.795122 0.315392 0.797073 0.31728 0.807805 0.31728 0.810732 0.314448 0.810732 0.313503 0.811707 0.312559 0.811707 0.292729 0.810732 0.291785 0.810732 0.289896 0.809756 0.288952 0.809756 0.288008 0.80878 0.287063 0.80878 0.286119 0.807805 0.285175 0.807805 0.28423 0.805854 0.282342 0.805854 0.281398 0.804878 0.280453 0.804878 0.279509 0.803902 0.278565 0.803902 0.27762 0.800976 0.274788
0 0.462439 0.423041 0.462439 0.426818 0.461463 0.427762 0.461463 0.428706 0.458537 0.431539 0.458537 0.433428 0.457561 0.434372 0.457561 0.435316 0.456585 0.436261 0.456585 0.438149 0.45561 0.439093 0.45561 0.448536 0.456585 0.449481 0.456585 0.452314 0.457561 0.453258 0.457561 0.454202 0.458537 0.455146 0.468293 0.455146 0.469268 0.454202 0.469268 0.453258 0.470244 0.452314 0.470244 0.441926 0.469268 0.440982 0.469268 0.439093 0.470244 0.438149 0.470244 0.433428 0.47122 0.432483 0.47122 0.430595 0.472195 0.429651 0.472195 0.423041
0 0.265366 0.631728 0.265366 0.632672 0.26439 0.633617 0.26439 0.635505 0.263415 0.636449 0.263415 0.637394 0.260488 0.640227 0.260488 0.666667 0.267317 0.673277 0.268293 0.673277 0.270244 0.675165 0.27122 0.675165 0.273171 0.677054 0.274146 0.677054 0.275122 0.677998 0.277073 0.677998 0.278049 0.678942 0.280976 0.678942 0.280976 0.663834 0.279024 0.661945 0.279024 0.661001 0.277073 0.659112 0.277073 0.651558 0.278049 0.650614 0.278049 0.647781 0.279024 0.646837 0.279024 0.638338 0.278049 0.637394 0.278049 0.634561 0.277073 0.633617 0.277073 0.631728
1 0.392195 0.645892 0.392195 0.646837 0.39122 0.647781 0.39122 0.661001 0.405854 0.661001 0.406829 0.660057 0.406829 0.645892
0 0.446829 0.3305 0.446829 0.332389 0.445854 0.333333 0.44878 0.336166 0.449756 0.336166 0.453659 0.339943 0.454634 0.339943 0.457561 0.342776 0.457561 0.34372 0.459512 0.345609 0.459512 0.347498 0.460488 0.348442 0.460488 0.351275 0.461463 0.352219 0.460488 0.353163 0.460488 0.354108 0.457561 0.356941 0.456585 0.356941 0.454634 0.358829 0.452683 0.358829 0.451707 0.359773 0.449756 0.359773 0.44878 0.360718 0.445854 0.360718 0.444878 0.361662 0.443902 0.361662 0.442927 0.362606 0.442927 0.365439 0.443902 0.366383 0.444878 0.366383 0.446829 0.368272 0.447805 0.368272 0.44878 0.369216 0.451707 0.369216 0.452683 0.370161 0.460488 0.370161 0.461463 0.369216 0.463415 0.369216 0.46439 0.368272 0.465366 0.368272 0.466341 0.367328 0.467317 0.367328 0.468293 0.366383 0.469268 0.366383 0.470244 0.365439 0.47122 0.365439 0.473171 0.363551 0.473171 0.362606 0.474146 0.361662 0.474146 0.360718 0.475122 0.359773 0.475122 0.358829 0.476098 0.357885 0.476098 0.356941 0.479024 0.354108 0.48 0.354108 0.480976 0.353163 0.480976 0.345609 0.473171 0.338055 0.472195 0.338055 0.468293 0.334278 0.468293 0.333333 0.466341 0.331445 0.466341 0.3305
0 0.617561 0.0302172 0.617561 0.03305 0.618537 0.0339943 0.618537 0.0377715 0.619512 0.0387158 0.619512 0.0462701 0.621463 0.0481586 0.622439 0.0481586 0.623415 0.0491029 0.62439 0.0491029 0.625366 0.0500472 0.627317 0.0500472 0.628293 0.0509915 0.630244 0.0491029 0.630244 0.0339943 0.629268 0.03305 0.629268 0.0311615 0.628293 0.0302172
1 0.503415 0.614731 0.501463 0.616619 0.501463 0.617564 0.497561 0.621341 0.497561 0.622285 0.496585 0.623229 0.496585 0.624174 0.49561 0.625118 0.49561 0.627007 0.494634 0.627951 0.494634 0.628895 0.493659 0.629839 0.493659 0.642115 0.514146 0.642115 0.515122 0.641171 0.516098 0.641171 0.517073 0.640227 0.519024 0.640227 0.519024 0.639282 0.520976 0.637394 0.520976 0.619452 0.52 0.618508 0.52 0.617564 0.518049 0.615675 0.518049 0.614731
1 0.979512 0.127479 0.977561 0.129367 0.974634 0.129367 0.973659 0.130312 0.971707 0.130312 0.971707 0.150142 0.973659 0.150142 0.974634 0.151086 0.980488 0.151086 0.981463 0.15203 0.983415 0.15203 0.98439 0.151086 0.985366 0.151086 0.986341 0.150142 0.987317 0.150142 0.988293 0.149197 0.989268 0.149197 0.99122 0.147309 0.99122 0.127479
0 0.956098 0.641171 0.954146 0.643059 0.954146 0.644004 0.953171 0.644948 0.953171 0.661001 0.954146 0.661945 0.954146 0.66289 0.955122 0.663834 0.955122 0.664778 0.956098 0.665722 0.956098 0.666667 0.957073 0.667611 0.957073 0.668555 0.959024 0.670444 0.959024 0.671388 0.960976 0.673277 0.960976 0.674221 0.961951 0.675165 0.961951 0.67611 0.962927 0.677054 0.962927 0.677998 0.964878 0.679887 0.964878 0.680831 0.969756 0.685552 0.971707 0.685552 0.972683 0.686497 0.979512 0.686497 0.980488 0.685552 0.983415 0.685552 0.98439 0.684608 0.986341 0.684608 0.986341 0.670444 0.985366 0.671388 0.981463 0.671388 0.980488 0.670444 0.977561 0.670444 0.976585 0.6695 0.97561 0.6695 0.971707 0.665722 0.971707 0.664778 0.970732 0.663834 0.970732 0.66289 0.969756 0.661945 0.969756 0.661001 0.968781 0.660057 0.968781 0.647781 0.969756 0.646837 0.965854 0.643059 0.965854 0.642115 0.964878 0.641171
1 0.602927 0.691218 0.602927 0.704438 0.610732 0.704438 0.611707 0.703494 0.613659 0.703494 0.614634 0.70255 0.61561 0.70255 0.61561 0.691218
1 0.154146 0.495751 0.154146 0.511804 0.167805 0.511804 0.16878 0.510859 0.16878 0.495751
0 0.929756 0.542965 0.929756 0.543909 0.927805 0.545798 0.927805 0.546742 0.925854 0.548631 0.925854 0.549575 0.924878 0.550519 0.924878 0.551464 0.923902 0.552408 0.923902 0.553352 0.922927 0.554296 0.922927 0.556185 0.921951 0.557129 0.921951 0.559018 0.920976 0.559962 0.920976 0.572238 0.921951 0.573182 0.922927 0.573182 0.923902 0.574127 0.924878 0.574127 0.925854 0.575071 0.926829 0.575071 0.929756 0.577904 0.930732 0.577904 0.931707 0.578848 0.933659 0.578848 0.934634 0.579792 0.93561 0.579792 0.939512 0.583569 0.940488 0.583569 0.941463 0.584514 0.942439 0.584514 0.943415 0.585458 0.96 0.585458 0.960976 0.584514 0.961951 0.584514 0.962927 0.583569 0.963902 0.583569 0.964878 0.582625 0.965854 0.582625 0.966829 0.581681 0.967805 0.581681 0.968781 0.580737 0.969756 0.580737 0.971707 0.578848 0.972683 0.578848 0.980488 0.571294 0.980488 0.570349 0.982439 0.568461 0.982439 0.552408 0.981463 0.552408 0.980488 0.551464 0.978537 0.551464 0.977561 0.550519 0.973659 0.550519 0.972683 0.549575 0.970732 0.549575 0.969756 0.548631 0.968781 0.548631 0.965854 0.545798 0.965854 0.544854 0.963902 0.542965
0 0.853659 0.269122 0.853659 0.27101 0.851707 0.272899 0.851707 0.273843 0.850732 0.274788 0.850732 0.275732 0.845854 0.280453 0.845854 0.281398 0.844878 0.282342 0.844878 0.306893 0.846829 0.308782 0.847805 0.308782 0.849756 0.31067 0.849756 0.311615 0.850732 0.312559 0.850732 0.313503 0.851707 0.314448 0.851707 0.316336 0.852683 0.31728 0.852683 0.318225 0.853659 0.319169 0.853659 0.321058 0.854634 0.322002 0.854634 0.322946 0.85561 0.32389 0.85561 0.324835 0.856585 0.325779 0.856585 0.327668 0.857561 0.328612 0.857561 0.3305 0.858537 0.331445 0.858537 0.332389 0.859512 0.333333 0.859512 0.334278 0.86439 0.334278 0.86439 0.320113 0.863415 0.319169 0.863415 0.318225 0.862439 0.31728 0.862439 0.316336 0.860488 0.314448 0.860488 0.313503 0.858537 0.311615 0.858537 0.31067 0.857561 0.309726 0.857561 0.307838 0.856585 0.306893 0.856585 0.305949 0.85561 0.305005 0.85561 0.30406 0.854634 0.303116 0.854634 0.302172 0.852683 0.300283 0.852683 0.299339 0.851707 0.298395 0.851707 0.29745 0.850732 0.296506 0.850732 0.291785 0.849756 0.29084 0.849756 0.289896 0.850732 0.288952 0.850732 0.288008 0.851707 0.287063 0.851707 0.286119 0.852683 0.285175 0.852683 0.28423 0.857561 0.279509 0.857561 0.278565 0.858537 0.27762 0.858537 0.274788 0.859512 0.273843 0.859512 0.272899 0.860488 0.271955 0.860488 0.27101 0.859512 0.270066 0.858537 0.270066 0.857561 0.269122
1 0.0868293 0.476865 0.0868293 0.489141 0.0878049 0.490085 0.0965854 0.490085 0.097561 0.489141 0.0985366 0.489141 0.100488 0.487252 0.100488 0.476865
0 0.155122 0.260623 0.155122 0.2644 0.156098 0.265345 0.156098 0.266289 0.159024 0.269122 0.159024 0.270066 0.160976 0.271955 0.160976 0.272899 0.162927 0.274788 0.162927 0.275732 0.167805 0.280453 0.167805 0.281398 0.170732 0.28423 0.170732 0.285175 0.171707 0.28423 0.171707 0.268178 0.170732 0.267233 0.170732 0.266289 0.169756 0.265345 0.169756 0.2644 0.16878 0.263456 0.16878 0.260623
0 0.607805 0.305949 0.607805 0.322002 0.609756 0.32389 0.609756 0.324835 0.610732 0.325779 0.610732 0.329556 0.611707 0.3305 0.611707 0.333333 0.612683 0.334278 0.612683 0.342776 0.613659 0.34372 0.613659 0.346553 0.614634 0.347498 0.614634 0.348442 0.618537 0.352219 0.618537 0.353163 0.619512 0.353163 0.623415 0.356941 0.625366 0.356941 0.627317 0.358829 0.628293 0.358829 0.629268 0.359773 0.633171 0.359773 0.634146 0.360718 0.635122 0.360718 0.638049 0.363551 0.639024 0.363551 0.640976 0.365439 0.642927 0.365439 0.642927 0.350331 0.638049 0.345609 0.637073 0.345609 0.636098 0.344665 0.634146 0.344665 0.633171 0.34372 0.63122 0.34372 0.630244 0.342776 0.629268 0.342776 0.625366 0.338999 0.625366 0.338055 0.62439 0.33711 0.62439 0.336166 0.623415 0.335222 0.623415 0.333333 0.622439 0.332389 0.622439 0.331445 0.621463 0.3305 0.621463 0.329556 0.620488 0.328612 0.620488 0.326723 0.619512 0.325779 0.619512 0.32389 0.618537 0.322946 0.618537 0.321058 0.617561 0.320113 0.617561 0.319169 0.616585 0.318225 0.616585 0.31728 0.61561 0.316336 0.61561 0.315392 0.614634 0.315392 0.611707 0.312559 0.611707 0.31067 0.610732 0.309726 0.610732 0.306893 0.609756 0.305949
1 0.749268 0.303116 0.749268 0.314448 0.750244 0.314448 0.75122 0.315392 0.754146 0.315392 0.755122 0.316336 0.758049 0.316336 0.759024 0.315392 0.76 0.315392 0.761951 0.313503 0.761951 0.303116
0 0.318049 0.0604344 0.319024 0.0613787 0.319024 0.0661001 0.318049 0.0670444 0.318049 0.0679887 0.317073 0.068933 0.317073 0.0727101 0.316098 0.0736544 0.316098 0.0934844 0.319024 0.0963173 0.328781 0.0963173 0.328781 0.0604344
0 0.343415 0.159585 0.343415 0.17186 0.347317 0.175637 0.347317 0.176582 0.350244 0.179415 0.350244 0.180359 0.353171 0.183192 0.353171 0.184136 0.355122 0.186025 0.355122 0.186969 0.356098 0.187913 0.356098 0.188857 0.358049 0.190746 0.358049 0.19169 0.360976 0.19169 0.361951 0.192635 0.363902 0.192635 0.364878 0.193579 0.366829 0.193579 0.367805 0.194523 0.380488 0.194523 0.381463 0.193579 0.38439 0.193579 0.385366 0.192635 0.386341 0.192635 0.387317 0.19169 0.389268 0.19169 0.392195 0.188857 0.392195 0.182247 0.39122 0.181303 0.390244 0.181303 0.387317 0.17847 0.387317 0.177526 0.38439 0.174693 0.38439 0.173749 0.380488 0.169972 0.379512 0.169972 0.376585 0.167139 0.37561 0.167139 0.373659 0.16525 0.372683 0.16525 0.370732 0.163362 0.36878 0.163362 0.367805 0.162417 0.366829 0.162417 0.365854 0.161473 0.364878 0.161473 0.363902 0.160529 0.362927 0.160529 0.361951 0.159585
1 0.557073 0.114259 0.553171 0.118036 0.553171 0.122757 0.556098 0.12559 0.557073 0.12559 0.558049 0.126534 0.563902 0.126534 0.564878 0.12559 0.565854 0.12559 0.567805 0.123702 0.567805 0.114259
0 0.0292683 0.713881 0.0282927 0.714825 0.0273171 0.714825 0.0263415 0.71577 0.0243902 0.71577 0.0234146 0.716714 0.022439 0.716714 0.0214634 0.717658 0.0185366 0.717658 0.017561 0.718602 0.0156098 0.718602 0.0146341 0.719547 0.0097561 0.719547 0.00878049 0.720491 0.00780488 0.719547 0.00585366 0.719547 0.00292683 0.716714 0.00292683 0.745043 0.0126829 0.745043 0.0136585 0.744098 0.0146341 0.744098 0.0156098 0.743154 0.0165854 0.743154 0.017561 0.74221 0.0185366 0.74221 0.0195122 0.741265 0.0204878 0.741265 0.022439 0.739377 0.0234146 0.739377 0.0253659 0.737488 0.0263415 0.737488 0.0282927 0.7356 0.0292683 0.7356 0.0312195 0.733711 0.0321951 0.733711 0.0331707 0.732767 0.0341463 0.732767 0.035122 0.731822 0.0360976 0.731822 0.0370732 0.730878 0.0380488 0.730878 0.0390244 0.729934 0.04 0.729934 0.0429268 0.727101 0.0429268 0.720491 0.0419512 0.719547 0.0409756 0.719547 0.0380488 0.716714 0.0370732 0.716714 0.035122 0.714825 0.0302439 0.714825
0 0.238049 0.234183 0.235122 0.237016 0.234146 0.237016 0.232195 0.238905 0.232195 0.240793 0.23122 0.241737 0.23122 0.24457 0.230244 0.245515 0.230244 0.248347 0.229268 0.249292 0.229268 0.255902 0.237073 0.255902 0.238049 0.254957 0.238049 0.252125 0.239024 0.25118 0.239024 0.247403 0.24 0.246459 0.24 0.234183
0 0.100488 0.845137 0.100488 0.866856 0.101463 0.8678 0.101463 0.868744 0.10439 0.871577 0.105366 0.871577 0.109268 0.875354 0.109268 0.876298 0.11122 0.878187 0.11122 0.88102 0.112195 0.881964 0.112195 0.882908 0.113171 0.883853 0.113171 0.891407 0.114146 0.892351 0.114146 0.898017 0.115122 0.898961 0.115122 0.901794 0.116098 0.902738 0.116098 0.903683 0.117073 0.904627 0.117073 0.905571 0.123902 0.905571 0.123902 0.875354 0.122927 0.87441 0.122927 0.872521 0.121951 0.871577 0.121951 0.869688 0.120976 0.868744 0.120976 0.865911 0.12 0.864967 0.12 0.862134 0.119024 0.86119 0.119024 0.858357 0.118049 0.857413 0.118049 0.85458 0.117073 0.853635 0.117073 0.849858 0.118049 0.848914 0.118049 0.845137
1 0.875122 0.104816 0.875122 0.114259 0.881951 0.114259 0.884878 0.111426 0.884878 0.104816
1 0.225366 0.881964 0.225366 0.89424 0.226341 0.895184 0.235122 0.895184 0.236098 0.89424 0.236098 0.881964
1 0.129756 0.765817 0.12878 0.766761 0.12878 0.777148 0.139512 0.777148 0.140488 0.776204 0.140488 0.765817
1 0.969756 0.819641 0.969756 0.843248 0.970732 0.843248 0.97561 0.84797 0.976585 0.84797 0.977561 0.848914 0.978537 0.848914 0.979512 0.849858 0.980488 0.849858 0.981463 0.850803 0.982439 0.850803 0.983415 0.851747 0.985366 0.851747 0.986341 0.850803 0.989268 0.850803 0.992195 0.84797 0.993171 0.84797 0.995122 0.846081 0.995122 0.845137 0.996098 0.844193 0.996098 0.833806 0.990244 0.833806 0.989268 0.832861 0.987317 0.832861 0.985366 0.830973 0.98439 0.830973 0.982439 0.829084 0.982439 0.826251 0.981463 0.825307 0.981463 0.819641
1 0.421463 0.575071 0.421463 0.588291 0.422439 0.587347 0.427317 0.587347 0.428293 0.588291 0.429268 0.587347 0.43122 0.587347 0.432195 0.586402 0.433171 0.586402 0.435122 0.584514 0.435122 0.575071
0 0.117073 0.425873 0.115122 0.427762 0.114146 0.427762 0.112195 0.429651 0.11122 0.429651 0.110244 0.430595 0.108293 0.430595 0.106341 0.432483 0.10439 0.432483 0.103415 0.433428 0.102439 0.433428 0.103415 0.434372 0.10439 0.434372 0.105366 0.435316 0.107317 0.435316 0.108293 0.436261 0.116098 0.436261 0.117073 0.437205 0.119024 0.437205 0.12 0.436261 0.122927 0.436261 0.123902 0.435316 0.12878 0.435316 0.129756 0.434372 0.133659 0.434372 0.134634 0.433428 0.136585 0.433428 0.137561 0.432483 0.138537 0.432483 0.139512 0.433428 0.140488 0.433428 0.142439 0.435316 0.142439 0.436261 0.143415 0.437205 0.143415 0.442871 0.142439 0.443815 0.142439 0.447592 0.141463 0.448536 0.141463 0.452314 0.140488 0.453258 0.140488 0.454202 0.139512 0.455146 0.139512 0.456091 0.136585 0.458924 0.13561 0.458924 0.134634 0.459868 0.124878 0.459868 0.123902 0.460812 0.12 0.460812 0.119024 0.461756 0.118049 0.460812 0.11122 0.460812 0.110244 0.461756 0.102439 0.461756 0.101463 0.462701 0.0995122 0.462701 0.0985366 0.463645 0.097561 0.463645 0.0946341 0.466478 0.0946341 0.478754 0.103415 0.478754 0.105366 0.476865 0.119024 0.476865 0.12 0.477809 0.121951 0.477809 0.122927 0.478754 0.132683 0.478754 0.133659 0.477809 0.13561 0.477809 0.136585 0.476865 0.137561 0.476865 0.138537 0.475921 0.139512 0.475921 0.141463 0.474032 0.142439 0.474032 0.145366 0.471199 0.145366 0.470255 0.147317 0.468366 0.147317 0.426818 0.146341 0.426818 0.145366 0.427762 0.143415 0.425873
1 0.969756 0.486308 0.969756 0.500472 0.980488 0.500472 0.981463 0.499528 0.982439 0.499528 0.983415 0.498584 0.983415 0.486308
1 0.950244 0.897073 0.950244 0.924457 0.952195 0.924457 0.955122 0.921624 0.956098 0.921624 0.957073 0.92068 0.958049 0.92068 0.959024 0.919736 0.964878 0.919736 0.965854 0.918791 0.969756 0.918791 0.970732 0.917847 0.971707 0.917847 0.973659 0.915958 0.974634 0.915958 0.974634 0.901794 0.971707 0.898961 0.969756 0.898961 0.968781 0.898017 0.967805 0.898017 0.966829 0.897073
1 0.382439 0.913126 0.381463 0.91407 0.380488 0.91407 0.377561 0.916903 0.377561 0.917847 0.37561 0.919736 0.37561 0.92068 0.371707 0.924457 0.371707 0.925401 0.370732 0.926346 0.369756 0.926346 0.36878 0.92729 0.367805 0.92729 0.367805 0.94712 0.369756 0.949009 0.370732 0.949009 0.373659 0.951841 0.374634 0.951841 0.377561 0.954674 0.378537 0.954674 0.381463 0.957507 0.382439 0.957507 0.383415 0.958451 0.392195 0.958451 0.396098 0.954674 0.396098 0.95373 0.398049 0.951841 0.398049 0.913126
0 0.945366 0.756374 0.94439 0.757318 0.94439 0.770538 0.945366 0.769594 0.955122 0.769594 0.956098 0.770538 0.959024 0.770538 0.961951 0.773371 0.961951 0.774315 0.962927 0.77526 0.962927 0.777148 0.963902 0.778093 0.963902 0.783758 0.963902 0.78187 0.964878 0.780925 0.964878 0.779981 0.966829 0.778093 0.967805 0.778093 0.968781 0.777148 0.970732 0.777148 0.971707 0.778093 0.976585 0.778093 0.976585 0.766761 0.97561 0.765817 0.97561 0.764873 0.971707 0.761095 0.971707 0.760151 0.968781 0.757318 0.968781 0.756374
0 0.628293 0.0897073 0.626341 0.0915958 0.626341 0.0925401 0.625366 0.0934844 0.625366 0.109537 0.627317 0.111426 0.63122 0.111426 0.632195 0.11237 0.634146 0.11237 0.635122 0.113314 0.635122 0.114259 0.635122 0.108593 0.634146 0.107649 0.634146 0.106704 0.633171 0.10576 0.633171 0.101983 0.634146 0.101039 0.634146 0.100094 0.636098 0.0982059 0.637073 0.0982059 0.639024 0.0963173 0.639024 0.0944287 0.64 0.0934844 0.64 0.0925401 0.640976 0.0915958 0.640976 0.0897073
1 0.420488 0.101983 0.418537 0.103872 0.418537 0.111426 0.419512 0.111426 0.421463 0.113314 0.423415 0.113314 0.42439 0.114259 0.429268 0.114259 0.43122 0.11237 0.43122 0.101983
0 0.459512 0.000944287 0.459512 0.00283286 0.460488 0.00377715 0.460488 0.00566572 0.461463 0.00661001 0.461463 0.00944287 0.459512 0.0113314 0.459512 0.01322 0.458537 0.0141643 0.458537 0.0151086 0.45561 0.0179415 0.45561 0.0188857 0.446829 0.0273843 0.446829 0.0358829 0.454634 0.0358829 0.454634 0.0349386 0.462439 0.0273843 0.462439 0.02644 0.46439 0.0245515 0.46439 0.0236072 0.467317 0.0207743 0.467317 0.000944287
1 0.684878 0.581681 0.684878 0.593957 0.685854 0.594901 0.68878 0.594901 0.689756 0.595845 0.694634 0.595845 0.69561 0.594901 0.696585 0.594901 0.697561 0.593957 0.698537 0.593957 0.700488 0.592068 0.700488 0.581681
0 0.930732 0.196412 0.930732 0.210576 0.931707 0.21152 0.931707 0.221907 0.92878 0.22474 0.927805 0.22474 0.926829 0.225685 0.925854 0.225685 0.924878 0.226629 0.924878 0.227573 0.923902 0.228517 0.923902 0.23135 0.922927 0.232295 0.922927 0.233239 0.921951 0.234183 0.922927 0.235127 0.922927 0.237016 0.931707 0.237016 0.933659 0.238905 0.933659 0.239849 0.934634 0.239849 0.93561 0.240793 0.936585 0.240793 0.937561 0.241737 0.938537 0.241737 0.939512 0.242682 0.940488 0.242682 0.94439 0.246459 0.956098 0.246459 0.956098 0.237016 0.951219 0.237016 0.949268 0.235127 0.948293 0.235127 0.947317 0.234183 0.947317 0.233239 0.946341 0.232295 0.946341 0.229462 0.945366 0.228517 0.945366 0.227573 0.946341 0.226629 0.946341 0.225685 0.951219 0.220963 0.952195 0.220963 0.953171 0.221907 0.955122 0.221907 0.956098 0.222852 0.956098 0.207743 0.956098 0.209632 0.955122 0.210576 0.955122 0.21152 0.952195 0.214353 0.951219 0.214353 0.948293 0.21152 0.948293 0.209632 0.946341 0.207743 0.946341 0.206799 0.94439 0.20491 0.94439 0.203966 0.943415 0.203022 0.942439 0.203022 0.941463 0.202077 0.940488 0.202077 0.937561 0.199245 0.936585 0.199245 0.93561 0.1983 0.934634 0.1983 0.932683 0.196412
1 0.305366 0.753541 0.305366 0.767705 0.307317 0.769594 0.308293 0.769594 0.309268 0.770538 0.31122 0.770538 0.312195 0.771483 0.317073 0.771483 0.318049 0.770538 0.32 0.770538 0.320976 0.769594 0.321951 0.769594 0.325854 0.765817 0.325854 0.753541
1 0.25561 0.785647 0.25561 0.813031 0.256585 0.812087 0.258537 0.812087 0.259512 0.811143 0.262439 0.811143 0.263415 0.812087 0.267317 0.812087 0.268293 0.813031 0.269268 0.813031 0.270244 0.813975 0.27122 0.813975 0.272195 0.81492 0.273171 0.81492 0.274146 0.815864 0.280976 0.815864 0.282927 0.813975 0.283902 0.813975 0.284878 0.813031 0.285854 0.813031 0.28878 0.810198 0.28878 0.787535 0.286829 0.785647 0.268293 0.785647 0.267317 0.786591 0.26439 0.786591 0.263415 0.785647
0 0.789268 0.261568 0.789268 0.27101 0.790244 0.271955 0.790244 0.272899 0.794146 0.276676 0.794146 0.278565 0.795122 0.279509 0.795122 0.280453 0.796098 0.281398 0.796098 0.282342 0.8 0.286119 0.8 0.287063 0.800976 0.288008 0.800976 0.289896 0.801951 0.29084 0.801951 0.292729 0.802927 0.293673 0.802927 0.295562 0.803902 0.296506 0.802927 0.29745 0.802927 0.301228 0.801951 0.302172 0.801951 0.303116 0.800976 0.30406 0.800976 0.305005 0.8 0.305949 0.8 0.306893 0.798049 0.308782 0.798049 0.313503 0.80878 0.313503 0.80878 0.312559 0.809756 0.311615 0.809756 0.309726 0.810732 0.308782 0.810732 0.307838 0.811707 0.306893 0.811707 0.305949 0.812683 0.305005 0.812683 0.295562 0.811707 0.294618 0.811707 0.292729 0.810732 0.291785 0.810732 0.289896 0.809756 0.288952 0.809756 0.288008 0.80878 0.287063 0.80878 0.286119 0.806829 0.28423 0.806829 0.283286 0.803902 0.280453 0.803902 0.279509 0.802927 0.278565 0.802927 0.27762 0.800976 0.275732 0.800976 0.274788 0.8 0.273843 0.8 0.271955 0.799024 0.27101 0.799024 0.269122 0.798049 0.268178 0.798049 0.267233 0.797073 0.266289 0.797073 0.265345 0.796098 0.2644 0.796098 0.263456 0.794146 0.261568
1 0.141463 0.186025 0.141463 0.186969 0.140488 0.187913 0.140488 0.192635 0.141463 0.193579 0.141463 0.195467 0.143415 0.197356 0.146341 0.197356 0.149268 0.194523 0.150244 0.194523 0.150244 0.186025
0 0.37561 0.739377 0.37561 0.744098 0.376585 0.744098 0.377561 0.745043 0.378537 0.745043 0.379512 0.745987 0.381463 0.745987 0.382439 0.746931 0.389268 0.746931 0.390244 0.747875 0.395122 0.747875 0.396098 0.74882 0.4 0.74882 0.400976 0.749764 0.40878 0.749764 0.409756 0.750708 0.438049 0.750708 0.439024 0.749764 0.441951 0.749764 0.442927 0.74882 0.444878 0.74882 0.445854 0.747875 0.446829 0.747875 0.447805 0.746931 0.44878 0.746931 0.449756 0.745987 0.449756 0.739377
0 0.0985366 0.540132 0.0985366 0.542965 0.097561 0.543909 0.097561 0.546742 0.0965854 0.547687 0.0965854 0.548631 0.0956098 0.549575 0.0956098 0.550519 0.0946341 0.551464 0.0946341 0.552408 0.0936585 0.553352 0.0936585 0.554296 0.0926829 0.555241 0.0917073 0.555241 0.0907317 0.556185 0.0907317 0.557129 0.0887805 0.559018 0.0887805 0.559962 0.0878049 0.560907 0.0878049 0.561851 0.0868293 0.562795 0.0868293 0.563739 0.0858537 0.564684 0.0858537 0.593012 0.0868293 0.593957 0.0868293 0.595845 0.0878049 0.596789 0.0878049 0.598678 0.0887805 0.599622 0.0887805 0.601511 0.0897561 0.602455 0.0897561 0.603399 0.0907317 0.604344 0.0907317 0.606232 0.0956098 0.610954 0.0965854 0.610954 0.0985366 0.612842 0.102439 0.612842 0.103415 0.611898 0.105366 0.611898 0.105366 0.610954 0.106341 0.610009 0.106341 0.608121 0.107317 0.607177 0.107317 0.602455 0.108293 0.601511 0.108293 0.599622 0.109268 0.598678 0.109268 0.597734 0.110244 0.596789 0.110244 0.587347 0.109268 0.586402 0.109268 0.583569 0.108293 0.582625 0.108293 0.581681 0.106341 0.579792 0.106341 0.578848 0.105366 0.577904 0.105366 0.576959 0.103415 0.575071 0.103415 0.573182 0.102439 0.572238 0.102439 0.564684 0.103415 0.563739 0.103415 0.562795 0.10439 0.561851 0.10439 0.560907 0.105366 0.559962 0.105366 0.559018 0.107317 0.557129 0.108293 0.557129 0.109268 0.556185 0.109268 0.555241 0.117073 0.547687 0.117073 0.540132
1 0.629268 0.8017 0.629268 0.81492 0.630244 0.81492 0.632195 0.816808 0.633171 0.816808 0.634146 0.817753 0.641951 0.817753 0.642927 0.816808 0.642927 0.8017
1 0.115122 0.740321 0.114146 0.741265 0.113171 0.741265 0.112195 0.74221 0.11122 0.74221 0.110244 0.743154 0.109268 0.743154 0.108293 0.744098 0.107317 0.744098 0.106341 0.745043 0.105366 0.745043 0.103415 0.746931 0.103415 0.760151 0.10439 0.761095 0.105366 0.761095 0.107317 0.762984 0.108293 0.762984 0.110244 0.764873 0.11122 0.764873 0.112195 0.765817 0.114146 0.765817 0.115122 0.766761 0.118049 0.766761 0.119024 0.767705 0.120976 0.765817 0.121951 0.765817 0.122927 0.764873 0.122927 0.763928 0.123902 0.762984 0.123902 0.740321
1 0.336585 0.683664 0.332683 0.687441 0.332683 0.700661 0.333659 0.701605 0.33561 0.701605 0.336585 0.70255 0.342439 0.70255 0.343415 0.703494 0.34439 0.703494 0.345366 0.70255 0.347317 0.70255 0.348293 0.701605 0.350244 0.701605 0.352195 0.699717 0.353171 0.699717 0.354146 0.698772 0.354146 0.685552 0.353171 0.684608 0.353171 0.683664
0 0.892683 0.625118 0.878049 0.639282 0.877073 0.639282 0.867317 0.648725 0.866341 0.648725 0.859512 0.655335 0.859512 0.65628 0.851707 0.663834 0.851707 0.664778 0.848781 0.667611 0.847805 0.667611 0.840976 0.674221 0.84 0.674221 0.838049 0.67611 0.837073 0.67611 0.835122 0.677998 0.835122 0.703494 0.851707 0.703494 0.851707 0.692162 0.850732 0.691218 0.850732 0.690274 0.851707 0.68933 0.851707 0.688385 0.853659 0.686497 0.853659 0.685552 0.856585 0.68272 0.857561 0.68272 0.862439 0.677998 0.863415 0.677998 0.865366 0.67611 0.866341 0.67611 0.868293 0.674221 0.868293 0.673277 0.869268 0.672332 0.869268 0.671388 0.870244 0.670444 0.870244 0.6695 0.87122 0.668555 0.87122 0.667611 0.872195 0.666667 0.872195 0.665722 0.873171 0.664778 0.873171 0.663834 0.875122 0.661945 0.875122 0.661001 0.892683 0.644004 0.892683 0.643059 0.893659 0.642115 0.893659 0.641171 0.894634 0.640227 0.894634 0.639282 0.89561 0.638338 0.89561 0.637394 0.896585 0.636449 0.896585 0.635505 0.897561 0.634561 0.897561 0.627007 0.896585 0.627007 0.894634 0.625118
1 0.980488 0.364495 0.980488 0.374882 0.986341 0.374882 0.988293 0.372993 0.988293 0.364495
0 0.921951 0.140699 0.922927 0.141643 0.922927 0.15203 0.921951 0.152975 0.921951 0.154863 0.920976 0.155807 0.920976 0.157696 0.92 0.15864 0.92 0.159585 0.919024 0.160529 0.919024 0.161473 0.918049 0.162417 0.918049 0.163362 0.917073 0.164306 0.917073 0.16525 0.916098 0.166195 0.916098 0.182247 0.921951 0.182247 0.921951 0.181303 0.922927 0.180359 0.922927 0.179415 0.924878 0.177526 0.924878 0.175637 0.925854 0.174693 0.925854 0.173749 0.926829 0.172805 0.926829 0.140699
1 0.345366 0.159585 0.345366 0.173749 0.352195 0.180359 0.352195 0.181303 0.354146 0.183192 0.354146 0.184136 0.363902 0.193579 0.364878 0.193579 0.365854 0.194523 0.366829 0.194523 0.367805 0.195467 0.371707 0.195467 0.372683 0.196412 0.377561 0.196412 0.378537 0.195467 0.380488 0.195467 0.381463 0.194523 0.38439 0.194523 0.385366 0.193579 0.386341 0.193579 0.387317 0.192635 0.389268 0.192635 0.39122 0.190746 0.392195 0.190746 0.392195 0.180359 0.390244 0.180359 0.383415 0.173749 0.383415 0.172805 0.380488 0.169972 0.379512 0.169972 0.376585 0.167139 0.37561 0.167139 0.372683 0.164306 0.371707 0.164306 0.369756 0.162417 0.36878 0.162417 0.367805 0.161473 0.366829 0.161473 0.365854 0.160529 0.364878 0.160529 0.363902 0.159585
1 0.294634 0.308782 0.294634 0.319169 0.29561 0.320113 0.298537 0.320113 0.299512 0.321058 0.300488 0.321058 0.301463 0.320113 0.305366 0.320113 0.305366 0.308782
1 0.823415 0.784703 0.823415 0.798867 0.833171 0.798867 0.835122 0.796978 0.835122 0.784703
1 0.00097561 0.394712 0.00097561 0.415486 0.0107317 0.415486 0.0126829 0.413598 0.0136585 0.413598 0.0136585 0.394712
1 0.32 0.593012 0.32 0.607177 0.322927 0.607177 0.323902 0.608121 0.332683 0.608121 0.334634 0.606232 0.33561 0.606232 0.336585 0.605288 0.336585 0.593012
1 0.349268 0.518414 0.348293 0.519358 0.348293 0.534467 0.349268 0.535411 0.352195 0.535411 0.353171 0.536355 0.36 0.536355 0.360976 0.535411 0.361951 0.535411 0.362927 0.534467 0.364878 0.534467 0.364878 0.518414
1 0.502439 0.238905 0.500488 0.240793 0.499512 0.240793 0.498537 0.241737 0.498537 0.254013 0.505366 0.254013 0.506341 0.254957 0.509268 0.254957 0.510244 0.255902 0.521951 0.255902 0.522927 0.254957 0.524878 0.254957 0.525854 0.254013 0.526829 0.254013 0.52878 0.252125 0.52878 0.241737 0.525854 0.238905
0 0.122927 0.313503 0.122927 0.318225 0.123902 0.319169 0.123902 0.321058 0.124878 0.322002 0.124878 0.32389 0.126829 0.325779 0.126829 0.327668 0.127805 0.328612 0.127805 0.345609 0.12878 0.346553 0.12878 0.363551 0.129756 0.364495 0.129756 0.371105 0.130732 0.372049 0.130732 0.374882 0.131707 0.375826 0.131707 0.376771 0.134634 0.373938 0.134634 0.326723 0.133659 0.325779 0.133659 0.32389 0.132683 0.322946 0.132683 0.321058 0.129756 0.318225 0.129756 0.31728 0.12878 0.316336 0.12878 0.315392 0.127805 0.314448 0.127805 0.313503
1 0.18439 0.149197 0.18439 0.164306 0.186341 0.166195 0.187317 0.166195 0.188293 0.167139 0.189268 0.167139 0.190244 0.168083 0.198049 0.168083 0.199024 0.167139 0.199024 0.149197
0 0.68 0.113314 0.678049 0.115203 0.677073 0.115203 0.676098 0.116147 0.674146 0.116147 0.673171 0.117092 0.670244 0.117092 0.669268 0.118036 0.667317 0.118036 0.666341 0.11898 0.66439 0.11898 0.663415 0.119924 0.661463 0.119924 0.660488 0.120869 0.659512 0.120869 0.65561 0.124646 0.65561 0.128423 0.668293 0.128423 0.669268 0.127479 0.670244 0.127479 0.67122 0.126534 0.672195 0.126534 0.673171 0.12559 0.68 0.12559 0.680976 0.124646 0.68878 0.124646 0.689756 0.123702 0.70439 0.123702 0.705366 0.122757 0.706341 0.122757 0.707317 0.121813 0.708293 0.121813 0.709268 0.120869 0.709268 0.119924 0.711219 0.118036 0.711219 0.116147 0.712195 0.115203 0.712195 0.113314
0 0.36878 0.890463 0.36878 0.898961 0.369756 0.898961 0.370732 0.899906 0.374634 0.899906 0.37561 0.90085 0.39122 0.90085 0.392195 0.901794 0.395122 0.901794 0.396098 0.902738 0.398049 0.902738 0.399024 0.903683 0.401951 0.903683 0.401951 0.893296 0.399024 0.890463
1 0.497561 0.554296 0.496585 0.555241 0.496585 0.568461 0.497561 0.569405 0.500488 0.569405 0.501463 0.570349 0.51122 0.570349 0.512195 0.569405 0.513171 0.569405 0.514146 0.568461 0.514146 0.554296
0 0.161951 0.0566572 0.160976 0.0576015 0.160976 0.0585458 0.16 0.0594901 0.16 0.0604344 0.155122 0.0651558 0.155122 0.0698772 0.16 0.0698772 0.160976 0.068933 0.161951 0.068933
0 0.660488 0.29084 0.660488 0.301228 0.66439 0.305005 0.66439 0.306893 0.665366 0.307838 0.665366 0.308782 0.667317 0.31067 0.667317 0.311615 0.669268 0.313503 0.669268 0.314448 0.670244 0.315392 0.670244 0.316336 0.68 0.325779 0.680976 0.324835 0.681951 0.324835 0.684878 0.322002 0.684878 0.321058 0.683902 0.320113 0.682927 0.320113 0.680976 0.318225 0.680976 0.31728 0.677073 0.313503 0.677073 0.312559 0.674146 0.309726 0.674146 0.306893 0.673171 0.305949 0.673171 0.305005 0.67122 0.303116 0.67122 0.302172 0.672195 0.301228 0.672195 0.300283 0.674146 0.298395 0.675122 0.298395 0.676098 0.299339 0.677073 0.299339 0.679024 0.301228 0.679024 0.302172 0.682927 0.302172 0.682927 0.301228 0.681951 0.300283 0.681951 0.296506 0.680976 0.295562 0.680976 0.294618 0.68 0.293673 0.678049 0.295562 0.673171 0.295562 0.672195 0.294618 0.67122 0.294618 0.667317 0.29084
1 0.840976 0.246459 0.84 0.247403 0.84 0.248347 0.839024 0.249292 0.839024 0.261568 0.84 0.261568 0.840976 0.260623 0.841951 0.260623 0.842927 0.261568 0.844878 0.261568 0.845854 0.262512 0.849756 0.262512 0.850732 0.263456 0.85561 0.263456 0.857561 0.261568 0.858537 0.261568 0.860488 0.259679 0.860488 0.248347 0.859512 0.247403 0.859512 0.246459
0 0.766829 0.647781 0.766829 0.664778 0.767805 0.665722 0.767805 0.671388 0.769756 0.673277 0.770732 0.673277 0.771707 0.674221 0.772683 0.674221 0.774634 0.67611 0.77561 0.67611 0.776585 0.677054 0.778537 0.677054 0.779512 0.67611 0.783415 0.67611 0.78439 0.675165 0.78439 0.654391 0.783415 0.653447 0.783415 0.652502 0.781463 0.650614 0.781463 0.64967 0.779512 0.647781
0 0.881951 0.806421 0.881951 0.807365 0.882927 0.80831 0.882927 0.81492 0.881951 0.815864 0.881951 0.817753 0.880976 0.818697 0.880976 0.819641 0.88 0.820585 0.88 0.82153 0.873171 0.82814 0.872195 0.82814 0.87122 0.829084 0.870244 0.829084 0.869268 0.830028 0.868293 0.830028 0.867317 0.830973 0.862439 0.830973 0.861463 0.830028 0.860488 0.830973 0.858537 0.830973 0.857561 0.831917 0.856585 0.831917 0.854634 0.833806 0.854634 0.83475 0.859512 0.839471 0.863415 0.839471 0.86439 0.838527 0.873171 0.838527 0.874146 0.837583 0.876098 0.837583 0.877073 0.836638 0.879024 0.836638 0.88 0.835694 0.880976 0.835694 0.883902 0.832861 0.883902 0.831917 0.887805 0.82814 0.887805 0.827195 0.88878 0.826251 0.88878 0.806421
0 0.591219 0.0963173 0.591219 0.116147 0.593171 0.118036 0.597073 0.118036 0.6 0.115203 0.600976 0.115203 0.603902 0.11237 0.603902 0.111426 0.605854 0.109537 0.605854 0.0963173
1 0.24878 0.687441 0.24878 0.694995 0.249756 0.69594 0.249756 0.697828 0.250732 0.698772 0.250732 0.699717 0.263415 0.699717 0.26439 0.698772 0.265366 0.698772 0.265366 0.688385 0.26439 0.687441
0 0.322927 0.404155 0.320976 0.406043 0.32 0.406043 0.319024 0.406988 0.318049 0.406988 0.317073 0.407932 0.317073 0.408876 0.316098 0.409821 0.316098 0.410765 0.315122 0.411709 0.315122 0.415486 0.314146 0.416431 0.314146 0.417375 0.313171 0.418319 0.313171 0.419263 0.312195 0.420208 0.312195 0.421152 0.310244 0.423041 0.310244 0.423985 0.309268 0.424929 0.309268 0.425873 0.308293 0.426818 0.308293 0.427762 0.303415 0.432483 0.302439 0.432483 0.297561 0.437205 0.296585 0.437205 0.294634 0.439093 0.293659 0.439093 0.292683 0.440038 0.291707 0.440038 0.28878 0.442871 0.287805 0.442871 0.282927 0.447592 0.282927 0.448536 0.278049 0.453258 0.278049 0.454202 0.273171 0.458924 0.273171 0.459868 0.267317 0.465534 0.267317 0.466478 0.266341 0.467422 0.266341 0.468366 0.265366 0.469311 0.265366 0.470255 0.26439 0.471199 0.26439 0.473088 0.263415 0.474032 0.263415 0.475921 0.262439 0.476865 0.262439 0.487252 0.263415 0.488196 0.263415 0.490085 0.26439 0.491029 0.265366 0.491029 0.267317 0.492918 0.268293 0.492918 0.270244 0.491029 0.270244 0.490085 0.27122 0.489141 0.27122 0.486308 0.272195 0.485364 0.272195 0.482531 0.273171 0.481586 0.273171 0.479698 0.274146 0.478754 0.274146 0.476865 0.275122 0.475921 0.275122 0.474032 0.276098 0.473088 0.276098 0.471199 0.278049 0.469311 0.278049 0.468366 0.280976 0.465534 0.281951 0.465534 0.285854 0.461756 0.287805 0.461756 0.28878 0.460812 0.290732 0.460812 0.291707 0.459868 0.292683 0.459868 0.293659 0.458924 0.294634 0.458924 0.296585 0.457035 0.297561 0.457035 0.299512 0.455146 0.300488 0.455146 0.302439 0.453258 0.303415 0.453258 0.30439 0.452314 0.30439 0.451369 0.307317 0.448536 0.307317 0.447592 0.308293 0.446648 0.308293 0.445704 0.309268 0.444759 0.309268 0.443815 0.31122 0.441926 0.31122 0.440982 0.312195 0.440038 0.313171 0.440038 0.314146 0.439093 0.316098 0.439093 0.317073 0.438149 0.318049 0.438149 0.319024 0.437205 0.32 0.437205 0.321951 0.435316 0.322927 0.435316 0.322927 0.434372 0.323902 0.433428 0.323902 0.430595 0.322927 0.429651 0.322927 0.427762 0.323902 0.426818 0.323902 0.423041 0.324878 0.422096 0.324878 0.416431 0.325854 0.415486 0.325854 0.411709 0.326829 0.410765 0.326829 0.404155
1 0.395122 0.203966 0.393171 0.205855 0.392195 0.205855 0.392195 0.212465 0.395122 0.215297 0.395122 0.216242 0.402927 0.216242 0.403902 0.215297 0.403902 0.214353 0.404878 0.213409 0.404878 0.203966
0 0.985366 0.778093 0.982439 0.780925 0.982439 0.78187 0.981463 0.782814 0.981463 0.784703 0.980488 0.785647 0.980488 0.787535 0.979512 0.78848 0.979512 0.792257 0.978537 0.793201 0.978537 0.796034 0.976585 0.797923 0.976585 0.798867 0.97561 0.799811 0.97561 0.800755 0.974634 0.8017 0.974634 0.802644 0.973659 0.803588 0.973659 0.804533 0.972683 0.805477 0.972683 0.806421 0.971707 0.807365 0.971707 0.80831 0.969756 0.810198 0.969756 0.811143 0.968781 0.812087 0.968781 0.813031 0.967805 0.813975 0.967805 0.81492 0.966829 0.815864 0.966829 0.838527 0.967805 0.839471 0.967805 0.840415 0.972683 0.845137 0.993171 0.845137 0.993171 0.839471 0.992195 0.838527 0.990244 0.838527 0.987317 0.835694 0.986341 0.835694 0.982439 0.831917 0.982439 0.830973 0.981463 0.830028 0.981463 0.829084 0.980488 0.82814 0.980488 0.820585 0.981463 0.819641 0.981463 0.817753 0.982439 0.816808 0.982439 0.815864 0.983415 0.81492 0.983415 0.813975 0.98439 0.813031 0.98439 0.811143 0.985366 0.810198 0.985366 0.809254 0.986341 0.80831 0.986341 0.807365 0.987317 0.806421 0.987317 0.805477 0.988293 0.804533 0.988293 0.803588 0.989268 0.802644 0.989268 0.8017 0.990244 0.800755 0.990244 0.797923 0.99122 0.796978 0.99122 0.79509 0.992195 0.794145 0.992195 0.792257 0.993171 0.791313 0.993171 0.778093
1 0.219512 0.751652 0.219512 0.760151 0.228293 0.760151 0.228293 0.751652
1 0.581463 0.230406 0.580488 0.23135 0.580488 0.239849 0.590244 0.239849 0.591219 0.238905 0.591219 0.230406
0 0.316098 0.410765 0.316098 0.412653 0.315122 0.413598 0.315122 0.415486 0.314146 0.416431 0.314146 0.418319 0.312195 0.420208 0.312195 0.421152 0.310244 0.423041 0.310244 0.423985 0.308293 0.425873 0.308293 0.426818 0.300488 0.434372 0.299512 0.434372 0.29561 0.438149 0.294634 0.438149 0.293659 0.439093 0.292683 0.439093 0.28878 0.442871 0.287805 0.442871 0.278049 0.452314 0.278049 0.453258 0.275122 0.456091 0.275122 0.457035 0.269268 0.462701 0.269268 0.463645 0.266341 0.466478 0.266341 0.467422 0.26439 0.469311 0.26439 0.471199 0.263415 0.472144 0.263415 0.488196 0.266341 0.491029 0.268293 0.491029 0.273171 0.486308 0.273171 0.485364 0.274146 0.484419 0.274146 0.481586 0.275122 0.480642 0.275122 0.477809 0.276098 0.476865 0.276098 0.474976 0.277073 0.474032 0.277073 0.472144 0.278049 0.471199 0.278049 0.470255 0.286829 0.461756 0.28878 0.461756 0.289756 0.460812 0.290732 0.460812 0.291707 0.459868 0.292683 0.459868 0.293659 0.458924 0.294634 0.458924 0.297561 0.456091 0.298537 0.456091 0.299512 0.455146 0.300488 0.455146 0.302439 0.453258 0.303415 0.453258 0.306341 0.450425 0.306341 0.449481 0.307317 0.448536 0.307317 0.447592 0.308293 0.446648 0.308293 0.445704 0.309268 0.444759 0.309268 0.443815 0.31122 0.441926 0.31122 0.440982 0.313171 0.439093 0.314146 0.439093 0.314146 0.438149 0.316098 0.436261 0.316098 0.434372 0.320976 0.429651 0.320976 0.428706 0.321951 0.427762 0.321951 0.426818 0.322927 0.425873 0.322927 0.424929 0.323902 0.423985 0.323902 0.422096 0.324878 0.421152 0.324878 0.416431 0.325854 0.415486 0.325854 0.410765
0 0.122927 0.266289 0.118049 0.27101 0.118049 0.271955 0.117073 0.272899 0.117073 0.273843 0.116098 0.274788 0.116098 0.279509 0.115122 0.280453 0.115122 0.295562 0.116098 0.296506 0.116098 0.303116 0.117073 0.30406 0.117073 0.307838 0.118049 0.308782 0.118049 0.31067 0.119024 0.311615 0.126829 0.311615 0.125854 0.31067 0.125854 0.309726 0.123902 0.307838 0.123902 0.306893 0.122927 0.305949 0.122927 0.295562 0.123902 0.294618 0.123902 0.285175 0.124878 0.28423 0.124878 0.282342 0.125854 0.281398 0.125854 0.278565 0.126829 0.27762 0.126829 0.275732 0.127805 0.274788 0.127805 0.272899 0.12878 0.271955 0.12878 0.266289
1 0.556098 0.229462 0.556098 0.240793 0.565854 0.240793 0.567805 0.238905 0.567805 0.229462
1 0.788293 0.372049 0.788293 0.386213 0.789268 0.386213 0.794146 0.390935 0.795122 0.390935 0.796098 0.391879 0.798049 0.391879 0.799024 0.392823 0.800976 0.392823 0.801951 0.393768 0.80878 0.393768 0.810732 0.391879 0.810732 0.377715 0.804878 0.372049
0 0.15122 0.563739 0.15122 0.570349 0.152195 0.571294 0.152195 0.591124 0.153171 0.592068 0.153171 0.593012 0.155122 0.594901 0.155122 0.595845 0.156098 0.596789 0.156098 0.597734 0.158049 0.599622 0.159024 0.599622 0.16 0.598678 0.161951 0.598678 0.162927 0.597734 0.162927 0.563739
1 0.852683 0.870633 0.852683 0.871577 0.851707 0.872521 0.851707 0.892351 0.852683 0.892351 0.854634 0.89424 0.857561 0.89424 0.858537 0.895184 0.869268 0.895184 0.870244 0.89424 0.873171 0.89424 0.874146 0.893296 0.876098 0.893296 0.877073 0.892351 0.878049 0.892351 0.879024 0.891407 0.88 0.891407 0.880976 0.890463 0.881951 0.890463 0.882927 0.889518 0.882927 0.888574 0.88878 0.882908 0.88878 0.881964 0.889756 0.88102 0.889756 0.870633
1 0.0780488 0.0991501 0.075122 0.101983 0.075122 0.11237 0.0760976 0.113314 0.0760976 0.114259 0.0770732 0.115203 0.0760976 0.116147 0.0839024 0.116147 0.084878 0.115203 0.0868293 0.115203 0.0868293 0.0991501
0 0.319024 0.548631 0.318049 0.549575 0.316098 0.549575 0.315122 0.550519 0.314146 0.550519 0.312195 0.552408 0.310244 0.552408 0.309268 0.553352 0.308293 0.553352 0.307317 0.554296 0.301463 0.554296 0.300488 0.555241 0.296585 0.555241 0.29561 0.556185 0.294634 0.556185 0.294634 0.564684 0.310244 0.564684 0.31122 0.563739 0.314146 0.563739 0.315122 0.562795 0.316098 0.562795 0.317073 0.561851 0.319024 0.561851 0.32 0.560907 0.320976 0.560907 0.322927 0.559018 0.323902 0.559018 0.324878 0.558074 0.325854 0.558074 0.326829 0.557129 0.327805 0.557129 0.332683 0.552408 0.332683 0.548631
0 0.174634 0.305949 0.174634 0.316336 0.17561 0.31728 0.178537 0.31728 0.179512 0.318225 0.181463 0.318225 0.182439 0.319169 0.185366 0.319169 0.186341 0.320113 0.190244 0.320113 0.19122 0.321058 0.197073 0.321058 0.198049 0.322002 0.199024 0.322002 0.2 0.322946 0.200976 0.322946 0.203902 0.325779 0.204878 0.325779 0.206829 0.327668 0.206829 0.328612 0.207805 0.329556 0.207805 0.3305 0.20878 0.331445 0.20878 0.332389 0.209756 0.332389 0.211707 0.3305 0.211707 0.31728 0.210732 0.316336 0.210732 0.315392 0.209756 0.314448 0.20878 0.314448 0.205854 0.311615 0.204878 0.311615 0.201951 0.308782 0.201951 0.307838 0.202927 0.306893 0.202927 0.305949
1 0.616585 0.582625 0.616585 0.594901 0.618537 0.594901 0.619512 0.595845 0.629268 0.595845 0.63122 0.593957 0.63122 0.584514 0.630244 0.583569 0.630244 0.582625
1 0.658537 0.405099 0.656585 0.406988 0.656585 0.415486 0.667317 0.415486 0.667317 0.405099
0 0.602927 0.308782 0.602927 0.309726 0.601951 0.31067 0.601951 0.311615 0.6 0.313503 0.6 0.314448 0.596098 0.318225 0.595122 0.318225 0.593171 0.320113 0.592195 0.320113 0.592195 0.321058 0.586341 0.326723 0.586341 0.327668 0.585366 0.328612 0.585366 0.329556 0.583415 0.331445 0.582439 0.3305 0.582439 0.335222 0.58439 0.33711 0.58439 0.338055 0.585366 0.338999 0.585366 0.365439 0.58439 0.366383 0.58439 0.368272 0.594146 0.368272 0.594146 0.366383 0.595122 0.365439 0.595122 0.358829 0.594146 0.357885 0.594146 0.33711 0.595122 0.336166 0.595122 0.335222 0.596098 0.334278 0.596098 0.332389 0.597073 0.331445 0.597073 0.3305 0.598049 0.329556 0.598049 0.328612 0.599024 0.327668 0.599024 0.326723 0.601951 0.32389 0.602927 0.32389 0.603902 0.322946 0.603902 0.322002 0.604878 0.321058 0.604878 0.319169 0.605854 0.318225 0.605854 0.31728 0.607805 0.315392 0.607805 0.308782
1 0.650732 0.697828 0.650732 0.707271 0.653659 0.707271 0.654634 0.708215 0.661463 0.708215 0.663415 0.706327 0.663415 0.697828
1 0.438049 0.190746 0.438049 0.1983 0.445854 0.1983 0.445854 0.190746
1 0.62439 0.746931 0.62439 0.771483 0.638049 0.771483 0.639024 0.770538 0.640976 0.770538 0.641951 0.769594 0.642927 0.769594 0.646829 0.765817 0.646829 0.746931
1 0.79122 0.94051 0.79122 0.956563 0.792195 0.957507 0.792195 0.958451 0.794146 0.96034 0.795122 0.96034 0.796098 0.961284 0.798049 0.961284 0.799024 0.962229 0.803902 0.962229 0.805854 0.96034 0.806829 0.96034 0.809756 0.957507 0.809756 0.942398 0.80878 0.941454 0.80878 0.94051
1 0.345366 0.357885 0.343415 0.359773 0.343415 0.373938 0.347317 0.373938 0.348293 0.374882 0.359024 0.374882 0.36 0.373938 0.361951 0.373938 0.362927 0.372993 0.363902 0.372993 0.363902 0.357885
1 0.130732 0.600567 0.130732 0.602455 0.129756 0.603399 0.129756 0.604344 0.12878 0.605288 0.12878 0.606232 0.127805 0.607177 0.127805 0.608121 0.125854 0.610009 0.125854 0.610954 0.123902 0.612842 0.123902 0.613787 0.122927 0.614731 0.122927 0.616619 0.123902 0.617564 0.123902 0.619452 0.124878 0.620397 0.124878 0.621341 0.125854 0.621341 0.126829 0.622285 0.129756 0.622285 0.130732 0.623229 0.140488 0.623229 0.141463 0.622285 0.142439 0.622285 0.143415 0.621341 0.14439 0.621341 0.149268 0.616619 0.150244 0.616619 0.15122 0.615675 0.15122 0.612842 0.150244 0.611898 0.150244 0.610954 0.149268 0.610009 0.149268 0.609065 0.148293 0.608121 0.147317 0.608121 0.142439 0.603399 0.142439 0.602455 0.140488 0.600567
1 0.803902 0.674221 0.802927 0.675165 0.802927 0.686497 0.803902 0.686497 0.804878 0.687441 0.805854 0.687441 0.806829 0.688385 0.807805 0.688385 0.80878 0.68933 0.811707 0.68933 0.812683 0.690274 0.81561 0.690274 0.816585 0.691218 0.819512 0.691218 0.820488 0.692162 0.827317 0.692162 0.828293 0.691218 0.833171 0.691218 0.833171 0.67611 0.832195 0.67611 0.831219 0.675165 0.830244 0.675165 0.829268 0.674221
1 0.43122 0.395656 0.430244 0.396601 0.430244 0.397545 0.429268 0.398489 0.429268 0.408876 0.441951 0.408876 0.443902 0.406988 0.443902 0.395656
0 0.609756 0.186025 0.606829 0.188857 0.605854 0.188857 0.604878 0.189802 0.602927 0.189802 0.601951 0.190746 0.6 0.190746 0.599024 0.19169 0.593171 0.19169 0.592195 0.192635 0.591219 0.192635 0.591219 0.209632 0.594146 0.212465 0.594146 0.213409 0.596098 0.215297 0.597073 0.215297 0.598049 0.216242 0.599024 0.216242 0.600976 0.21813 0.601951 0.21813 0.603902 0.220019 0.604878 0.220019 0.606829 0.221907 0.607805 0.221907 0.608781 0.222852 0.609756 0.222852 0.610732 0.223796 0.613659 0.223796 0.614634 0.22474 0.629268 0.22474 0.630244 0.223796 0.63122 0.223796 0.632195 0.222852 0.633171 0.222852 0.634146 0.221907 0.635122 0.221907 0.638049 0.219075 0.638049 0.21813 0.641951 0.214353 0.641951 0.213409 0.644878 0.210576 0.644878 0.187913 0.642927 0.186025 0.639024 0.186025 0.636098 0.188857 0.636098 0.197356 0.633171 0.200189 0.633171 0.201133 0.632195 0.202077 0.632195 0.203022 0.630244 0.20491 0.630244 0.205855 0.627317 0.208687 0.626341 0.208687 0.625366 0.209632 0.620488 0.209632 0.619512 0.208687 0.619512 0.207743 0.618537 0.206799 0.618537 0.20491 0.617561 0.203966 0.617561 0.202077 0.616585 0.201133 0.616585 0.199245 0.61561 0.1983 0.61561 0.197356 0.614634 0.196412 0.614634 0.189802 0.613659 0.188857 0.613659 0.186969 0.612683 0.186025
1 0.239024 0.758263 0.239024 0.759207 0.238049 0.760151 0.238049 0.771483 0.249756 0.771483 0.250732 0.770538 0.250732 0.758263
1 0.948293 0.759207 0.948293 0.770538 0.953171 0.770538 0.955122 0.772427 0.955122 0.773371 0.956098 0.774315 0.956098 0.77526 0.957073 0.776204 0.957073 0.779037 0.956098 0.779981 0.956098 0.78187 0.955122 0.782814 0.955122 0.784703 0.956098 0.785647 0.956098 0.786591 0.957073 0.787535 0.957073 0.78848 0.958049 0.789424 0.959024 0.78848 0.963902 0.78848 0.968781 0.783758 0.968781 0.782814 0.969756 0.78187 0.969756 0.780925 0.970732 0.779981 0.971707 0.779981 0.972683 0.779037 0.97561 0.779037 0.97561 0.766761 0.974634 0.765817 0.974634 0.764873 0.970732 0.761095 0.970732 0.760151 0.969756 0.759207
1 0.195122 0.229462 0.195122 0.242682 0.196098 0.243626 0.209756 0.243626 0.210732 0.242682 0.210732 0.229462
1 0.293659 0.732767 0.293659 0.733711 0.289756 0.737488 0.289756 0.738432 0.287805 0.740321 0.287805 0.74221 0.286829 0.743154 0.286829 0.753541 0.287805 0.753541 0.28878 0.754485 0.293659 0.754485 0.294634 0.75543 0.300488 0.75543 0.301463 0.754485 0.302439 0.754485 0.303415 0.753541 0.30439 0.753541 0.307317 0.750708 0.307317 0.732767
1 0.277073 0.783758 0.276098 0.784703 0.275122 0.784703 0.274146 0.785647 0.272195 0.785647 0.270244 0.787535 0.269268 0.787535 0.267317 0.789424 0.258537 0.789424 0.257561 0.78848 0.252683 0.78848 0.250732 0.790368 0.249756 0.790368 0.249756 0.791313 0.250732 0.792257 0.250732 0.79509 0.251707 0.796034 0.250732 0.796978 0.250732 0.802644 0.249756 0.803588 0.249756 0.805477 0.24878 0.806421 0.24878 0.80831 0.247805 0.809254 0.247805 0.813031 0.246829 0.813975 0.246829 0.81492 0.247805 0.815864 0.24878 0.815864 0.251707 0.813031 0.253659 0.813031 0.254634 0.812087 0.258537 0.812087 0.259512 0.811143 0.261463 0.811143 0.262439 0.812087 0.267317 0.812087 0.268293 0.813031 0.269268 0.813031 0.270244 0.813975 0.27122 0.813975 0.272195 0.81492 0.274146 0.81492 0.275122 0.815864 0.28 0.815864 0.280976 0.81492 0.281951 0.81492 0.282927 0.813975 0.283902 0.813975 0.285854 0.812087 0.286829 0.812087 0.28878 0.810198 0.28878 0.78848 0.287805 0.78848 0.284878 0.785647 0.283902 0.785647 0.282927 0.784703 0.281951 0.784703 0.280976 0.783758
0 0.121951 0.31728 0.121951 0.318225 0.122927 0.319169 0.122927 0.321058 0.123902 0.322002 0.123902 0.322946 0.124878 0.32389 0.124878 0.324835 0.125854 0.325779 0.125854 0.326723 0.126829 0.327668 0.126829 0.340888 0.127805 0.341832 0.127805 0.359773 0.12878 0.360718 0.12878 0.368272 0.129756 0.369216 0.129756 0.372049 0.131707 0.372049 0.131707 0.320113 0.130732 0.319169 0.130732 0.318225 0.129756 0.31728
1 0.789268 0.720491 0.787317 0.72238 0.786341 0.72238 0.786341 0.723324 0.785366 0.724268 0.785366 0.740321 0.799024 0.740321 0.8 0.739377 0.800976 0.739377 0.801951 0.738432 0.802927 0.738432 0.804878 0.736544 0.804878 0.720491
0 0.553171 0.425873 0.552195 0.426818 0.550244 0.426818 0.531707 0.444759 0.530732 0.444759 0.527805 0.447592 0.526829 0.447592 0.523902 0.450425 0.522927 0.450425 0.520976 0.452314 0.520976 0.453258 0.519024 0.455146 0.519024 0.456091 0.518049 0.457035 0.518049 0.457979 0.516098 0.459868 0.516098 0.460812 0.514146 0.462701 0.514146 0.463645 0.513171 0.464589 0.513171 0.465534 0.509268 0.469311 0.509268 0.470255 0.505366 0.474032 0.50439 0.474032 0.503415 0.474976 0.501463 0.474976 0.500488 0.475921 0.498537 0.475921 0.497561 0.476865 0.492683 0.476865 0.491707 0.477809 0.490732 0.477809 0.487805 0.480642 0.486829 0.480642 0.483902 0.483475 0.483902 0.501416 0.489756 0.495751 0.490732 0.495751 0.491707 0.494806 0.492683 0.494806 0.493659 0.493862 0.494634 0.494806 0.496585 0.494806 0.497561 0.495751 0.498537 0.495751 0.499512 0.496695 0.501463 0.494806 0.50439 0.494806 0.505366 0.493862 0.506341 0.493862 0.510244 0.490085 0.510244 0.489141 0.514146 0.485364 0.514146 0.484419 0.517073 0.481586 0.517073 0.480642 0.522927 0.474976 0.522927 0.474032 0.523902 0.473088 0.523902 0.472144 0.533659 0.462701 0.533659 0.461756 0.537561 0.457979 0.538537 0.457979 0.539512 0.457035 0.541463 0.457035 0.542439 0.456091 0.543415 0.456091 0.54439 0.455146 0.547317 0.455146 0.548293 0.454202 0.550244 0.454202 0.552195 0.452314 0.553171 0.452314 0.553171 0.451369 0.558049 0.446648 0.558049 0.445704 0.563902 0.440038 0.564878 0.440038 0.566829 0.438149 0.567805 0.438149 0.570732 0.435316 0.571707 0.435316 0.572683 0.434372 0.574634 0.434372 0.574634 0.433428 0.573659 0.432483 0.571707 0.432483 0.567805 0.428706 0.567805 0.427762 0.566829 0.427762 0.565854 0.426818 0.564878 0.426818 0.563902 0.425873
1 0.479024 0.143532 0.479024 0.155807 0.481951 0.155807 0.482927 0.156752 0.485854 0.156752 0.486829 0.157696 0.487805 0.156752 0.492683 0.156752 0.493659 0.155807 0.494634 0.155807 0.49561 0.154863 0.496585 0.154863 0.497561 0.153919 0.497561 0.143532
1 0.143415 0.84136 0.143415 0.848914 0.14439 0.848914 0.145366 0.849858 0.15122 0.849858 0.15122 0.84136
1 0.851707 0.622285 0.849756 0.624174 0.849756 0.625118 0.847805 0.627007 0.844878 0.627007 0.844878 0.635505 0.847805 0.635505 0.848781 0.636449 0.849756 0.636449 0.850732 0.637394 0.857561 0.637394 0.858537 0.636449 0.860488 0.636449 0.861463 0.635505 0.861463 0.622285
1 0.672195 0.411709 0.672195 0.417375 0.673171 0.417375 0.675122 0.419263 0.676098 0.419263 0.677073 0.420208 0.680976 0.420208 0.680976 0.411709
0 0.127805 0.496695 0.127805 0.501416 0.126829 0.502361 0.126829 0.509915 0.125854 0.510859 0.125854 0.512748 0.124878 0.513692 0.124878 0.515581 0.122927 0.517469 0.122927 0.518414 0.121951 0.519358 0.121951 0.520302 0.118049 0.524079 0.118049 0.533522 0.123902 0.533522 0.124878 0.532578 0.125854 0.532578 0.12878 0.529745 0.12878 0.528801 0.130732 0.526912 0.130732 0.525968 0.131707 0.525024 0.131707 0.496695
0 0.260488 0.484419 0.254634 0.490085 0.254634 0.497639 0.25561 0.497639 0.256585 0.498584 0.257561 0.498584 0.258537 0.499528 0.259512 0.499528 0.260488 0.500472 0.267317 0.500472 0.269268 0.502361 0.269268 0.503305 0.27122 0.505194 0.27122 0.506138 0.272195 0.507082 0.272195 0.508971 0.273171 0.509915 0.273171 0.510859 0.275122 0.512748 0.275122 0.513692 0.276098 0.514636 0.276098 0.515581 0.277073 0.516525 0.277073 0.517469 0.278049 0.518414 0.278049 0.519358 0.280976 0.522191 0.280976 0.524079 0.281951 0.525024 0.281951 0.525968 0.282927 0.526912 0.282927 0.530689 0.283902 0.531634 0.283902 0.550519 0.282927 0.551464 0.282927 0.554296 0.281951 0.555241 0.281951 0.556185 0.280976 0.557129 0.280976 0.558074 0.28 0.559018 0.28 0.559962 0.278049 0.561851 0.278049 0.562795 0.277073 0.563739 0.277073 0.564684 0.275122 0.566572 0.275122 0.567517 0.273171 0.569405 0.272195 0.569405 0.270244 0.571294 0.270244 0.572238 0.269268 0.573182 0.269268 0.574127 0.268293 0.575071 0.268293 0.576015 0.267317 0.576959 0.267317 0.579792 0.269268 0.581681 0.276098 0.581681 0.278049 0.579792 0.28 0.579792 0.280976 0.578848 0.280976 0.577904 0.283902 0.575071 0.283902 0.574127 0.284878 0.573182 0.284878 0.572238 0.285854 0.571294 0.285854 0.570349 0.286829 0.569405 0.286829 0.568461 0.289756 0.565628 0.289756 0.564684 0.291707 0.562795 0.291707 0.561851 0.293659 0.559962 0.293659 0.516525 0.292683 0.515581 0.292683 0.514636 0.289756 0.511804 0.289756 0.510859 0.284878 0.506138 0.283902 0.506138 0.279024 0.501416 0.278049 0.501416 0.274146 0.497639 0.274146 0.496695 0.273171 0.495751 0.272195 0.495751 0.269268 0.492918 0.269268 0.491974 0.268293 0.491029 0.268293 0.487252 0.267317 0.486308 0.267317 0.484419
0 0.802927 0.759207 0.797073 0.764873 0.797073 0.765817 0.795122 0.767705 0.795122 0.76865 0.793171 0.770538 0.793171 0.785647 0.794146 0.786591 0.795122 0.786591 0.800976 0.792257 0.801951 0.792257 0.807805 0.797923 0.807805 0.798867 0.80878 0.799811 0.80878 0.800755 0.825366 0.800755 0.826341 0.799811 0.827317 0.799811 0.828293 0.798867 0.829268 0.798867 0.830244 0.797923 0.830244 0.786591 0.829268 0.786591 0.828293 0.785647 0.827317 0.786591 0.82439 0.786591 0.823415 0.787535 0.820488 0.787535 0.819512 0.786591 0.81561 0.786591 0.807805 0.779037 0.807805 0.778093 0.806829 0.777148 0.806829 0.776204 0.807805 0.77526 0.807805 0.76865 0.80878 0.767705 0.80878 0.765817 0.809756 0.764873 0.809756 0.76204 0.810732 0.761095 0.810732 0.759207
1 0.786341 0.181303 0.786341 0.19169 0.787317 0.192635 0.788293 0.192635 0.790244 0.194523 0.792195 0.194523 0.793171 0.195467 0.795122 0.195467 0.796098 0.196412 0.797073 0.195467 0.799024 0.195467 0.800976 0.193579 0.800976 0.182247 0.8 0.181303
0 0.0253659 0.229462 0.0243902 0.230406 0.0204878 0.230406 0.0204878 0.236072 0.0214634 0.237016 0.0214634 0.23796 0.0234146 0.239849 0.022439 0.240793 0.022439 0.242682 0.0214634 0.243626 0.0214634 0.24457 0.0204878 0.245515 0.0204878 0.25118 0.0214634 0.252125 0.0214634 0.258735 0.0234146 0.260623 0.0234146 0.261568 0.0243902 0.262512 0.0243902 0.263456 0.0282927 0.267233 0.0292683 0.267233 0.0312195 0.265345 0.0312195 0.262512 0.0321951 0.261568 0.0321951 0.245515 0.0331707 0.24457 0.0331707 0.242682 0.0341463 0.241737 0.0341463 0.240793 0.0360976 0.238905 0.0370732 0.238905 0.0390244 0.237016 0.04 0.237016 0.0409756 0.236072 0.044878 0.236072 0.0468293 0.23796 0.0468293 0.243626 0.0468293 0.233239 0.0458537 0.232295 0.044878 0.232295 0.0439024 0.23135 0.0429268 0.23135 0.0419512 0.230406 0.0409756 0.230406 0.04 0.229462
0 0.447805 0.281398 0.445854 0.283286 0.445854 0.28423 0.444878 0.285175 0.442927 0.285175 0.441951 0.286119 0.435122 0.286119 0.430244 0.29084 0.430244 0.291785 0.428293 0.293673 0.428293 0.298395 0.437073 0.298395 0.438049 0.29745 0.440976 0.29745 0.444878 0.293673 0.445854 0.293673 0.446829 0.292729 0.447805 0.292729 0.44878 0.291785 0.449756 0.291785 0.451707 0.289896 0.451707 0.282342 0.449756 0.282342 0.44878 0.281398
0 0.74439 0.796034 0.738537 0.8017 0.738537 0.803588 0.74439 0.809254 0.745366 0.809254 0.746341 0.810198 0.747317 0.810198 0.748293 0.811143 0.749268 0.811143 0.750244 0.812087 0.76 0.812087 0.760976 0.813031 0.769756 0.813031 0.770732 0.813975 0.771707 0.813975 0.772683 0.81492 0.773659 0.81492 0.774634 0.815864 0.774634 0.816808 0.778537 0.820585 0.778537 0.82153 0.779512 0.822474 0.779512 0.824363 0.780488 0.825307 0.780488 0.83475 0.781463 0.835694 0.781463 0.845137 0.782439 0.846081 0.782439 0.850803 0.783415 0.851747 0.783415 0.85458 0.78439 0.855524 0.78439 0.858357 0.785366 0.859301 0.785366 0.860246 0.786341 0.86119 0.786341 0.863078 0.787317 0.864023 0.787317 0.864967 0.788293 0.865911 0.788293 0.866856 0.789268 0.8678 0.789268 0.868744 0.790244 0.869688 0.790244 0.870633 0.793171 0.873466 0.793171 0.87441 0.794146 0.875354 0.794146 0.877243 0.795122 0.878187 0.795122 0.879131 0.796098 0.880076 0.796098 0.818697 0.795122 0.817753 0.795122 0.81492 0.794146 0.813975 0.794146 0.813031 0.793171 0.812087 0.793171 0.811143 0.792195 0.810198 0.792195 0.809254 0.789268 0.806421 0.788293 0.806421 0.783415 0.8017 0.782439 0.8017 0.781463 0.800755 0.780488 0.800755 0.779512 0.799811 0.778537 0.799811 0.777561 0.798867 0.774634 0.798867 0.773659 0.797923 0.770732 0.797923 0.769756 0.796978 0.766829 0.796978 0.765854 0.796034
1 0.745366 0.0528801 0.745366 0.0698772 0.747317 0.0717658 0.748293 0.0717658 0.749268 0.0727101 0.76 0.0727101 0.761951 0.0708215 0.761951 0.0566572 0.760976 0.0557129 0.760976 0.0547686 0.76 0.0538244 0.76 0.0528801
1 0.37561 0.368272 0.37561 0.384325 0.376585 0.385269 0.378537 0.385269 0.379512 0.386213 0.390244 0.386213 0.39122 0.385269 0.392195 0.385269 0.393171 0.384325 0.393171 0.383381 0.394146 0.382436 0.394146 0.369216 0.393171 0.368272
1 0.92878 0.0982059 0.92878 0.106704 0.929756 0.107649 0.930732 0.107649 0.931707 0.108593 0.937561 0.108593 0.937561 0.0982059
0 0.124878 0.2644 0.122927 0.266289 0.122927 0.267233 0.117073 0.272899 0.117073 0.274788 0.116098 0.275732 0.116098 0.286119 0.115122 0.287063 0.115122 0.293673 0.116098 0.294618 0.116098 0.302172 0.117073 0.303116 0.117073 0.306893 0.118049 0.307838 0.118049 0.31067 0.119024 0.311615 0.119024 0.312559 0.120976 0.314448 0.120976 0.315392 0.12878 0.315392 0.127805 0.314448 0.127805 0.313503 0.126829 0.312559 0.126829 0.311615 0.125854 0.31067 0.125854 0.309726 0.123902 0.307838 0.123902 0.305949 0.122927 0.305005 0.122927 0.29745 0.123902 0.296506 0.123902 0.285175 0.124878 0.28423 0.124878 0.281398 0.125854 0.280453 0.125854 0.278565 0.126829 0.27762 0.126829 0.275732 0.127805 0.274788 0.127805 0.272899 0.12878 0.271955 0.12878 0.270066 0.131707 0.267233 0.131707 0.2644
1 0.0478049 0.262512 0.0478049 0.267233 0.0468293 0.268178 0.0468293 0.271955 0.0556098 0.271955 0.057561 0.270066 0.0585366 0.270066 0.0595122 0.269122 0.0604878 0.269122 0.0604878 0.262512
0 0.789268 0.186025 0.789268 0.19169 0.790244 0.19169 0.792195 0.193579 0.793171 0.193579 0.795122 0.195467 0.795122 0.196412 0.796098 0.197356 0.797073 0.197356 0.799024 0.199245 0.799024 0.200189 0.8 0.201133 0.8 0.202077 0.804878 0.206799 0.804878 0.207743 0.805854 0.208687 0.805854 0.209632 0.806829 0.210576 0.806829 0.213409 0.807805 0.214353 0.807805 0.216242 0.813659 0.221907 0.813659 0.205855 0.812683 0.20491 0.812683 0.203022 0.811707 0.202077 0.811707 0.201133 0.810732 0.200189 0.810732 0.199245 0.80878 0.197356 0.80878 0.196412 0.805854 0.193579 0.805854 0.192635 0.804878 0.19169 0.804878 0.190746 0.803902 0.189802 0.803902 0.188857 0.802927 0.187913 0.802927 0.186969 0.801951 0.186025
0 0.373659 0.23135 0.373659 0.234183 0.374634 0.235127 0.374634 0.236072 0.376585 0.23796 0.377561 0.23796 0.380488 0.240793 0.381463 0.240793 0.382439 0.241737 0.383415 0.241737 0.38439 0.242682 0.386341 0.242682 0.387317 0.243626 0.389268 0.243626 0.390244 0.24457 0.39122 0.24457 0.393171 0.246459 0.394146 0.246459 0.395122 0.247403 0.396098 0.247403 0.397073 0.248347 0.402927 0.248347 0.403902 0.247403 0.404878 0.247403 0.405854 0.246459 0.406829 0.246459 0.405854 0.245515 0.405854 0.24457 0.401951 0.240793 0.401951 0.237016 0.402927 0.236072 0.403902 0.236072 0.404878 0.235127 0.406829 0.235127 0.406829 0.23135 0.403902 0.23135 0.402927 0.232295 0.401951 0.23135
1 0.957073 0.898961 0.957073 0.918791 0.970732 0.918791 0.972683 0.916903 0.973659 0.916903 0.97561 0.915014 0.97561 0.903683 0.974634 0.902738 0.974634 0.901794 0.971707 0.898961
0 0.239024 0.0632672 0.239024 0.0868744 0.24 0.0878187 0.24 0.088763 0.240976 0.0897073 0.240976 0.0934844 0.241951 0.0944287 0.241951 0.0963173 0.242927 0.0972616 0.242927 0.0982059 0.244878 0.100094 0.245854 0.100094 0.246829 0.101039 0.250732 0.101039 0.251707 0.100094 0.252683 0.100094 0.253659 0.0991501 0.254634 0.0991501 0.25561 0.0982059 0.25561 0.0972616 0.257561 0.095373 0.257561 0.0944287 0.261463 0.0906516 0.261463 0.0897073 0.262439 0.088763 0.262439 0.0868744 0.263415 0.0859301 0.263415 0.0679887 0.262439 0.0670444 0.261463 0.0670444 0.260488 0.0679887 0.260488 0.0698772 0.259512 0.0708215 0.259512 0.0745987 0.258537 0.075543 0.258537 0.0802644 0.257561 0.0812087 0.257561 0.0840416 0.254634 0.0868744 0.251707 0.0868744 0.250732 0.0859301 0.24878 0.0859301 0.245854 0.0830973 0.245854 0.082153 0.244878 0.0812087 0.244878 0.0793201 0.243902 0.0783758 0.243902 0.075543 0.242927 0.0745987 0.242927 0.0651558 0.243902 0.0642115 0.243902 0.0632672
1 0.453659 0.809254 0.451707 0.811143 0.451707 0.824363 0.45561 0.82814 0.457561 0.82814 0.458537 0.829084 0.460488 0.829084 0.461463 0.830028 0.463415 0.830028 0.46439 0.830973 0.48 0.830973 0.480976 0.830028 0.481951 0.830028 0.483902 0.82814 0.483902 0.810198 0.482927 0.809254
0 0.530732 0.0651558 0.530732 0.0745987 0.533659 0.0745987 0.534634 0.075543 0.536585 0.075543 0.537561 0.0764873 0.542439 0.0764873 0.543415 0.075543 0.548293 0.075543 0.549268 0.0745987 0.553171 0.0745987 0.554146 0.0736544 0.556098 0.0736544 0.556098 0.0661001 0.555122 0.0651558
0 0.46439 0.627007 0.460488 0.630784 0.457561 0.630784 0.456585 0.631728 0.452683 0.631728 0.452683 0.648725 0.453659 0.648725 0.454634 0.64967 0.45561 0.64967 0.456585 0.650614 0.458537 0.650614 0.459512 0.651558 0.460488 0.651558 0.461463 0.652502 0.463415 0.652502 0.46439 0.653447 0.467317 0.653447 0.468293 0.654391 0.472195 0.654391 0.473171 0.655335 0.476098 0.655335 0.477073 0.65628 0.479024 0.65628 0.48 0.657224 0.481951 0.657224 0.482927 0.658168 0.484878 0.658168 0.485854 0.659112 0.487805 0.659112 0.48878 0.660057 0.490732 0.660057 0.491707 0.661001 0.493659 0.661001 0.494634 0.661945 0.49561 0.661945 0.496585 0.66289 0.497561 0.66289 0.498537 0.663834 0.500488 0.663834 0.501463 0.664778 0.502439 0.664778 0.503415 0.665722 0.50439 0.665722 0.505366 0.666667 0.514146 0.666667 0.515122 0.665722 0.517073 0.665722 0.518049 0.664778 0.517073 0.663834 0.517073 0.66289 0.516098 0.661945 0.516098 0.659112 0.515122 0.659112 0.514146 0.658168 0.513171 0.658168 0.512195 0.657224 0.510244 0.657224 0.509268 0.65628 0.508293 0.65628 0.507317 0.655335 0.506341 0.655335 0.505366 0.654391 0.50439 0.654391 0.500488 0.650614 0.500488 0.64967 0.496585 0.645892 0.497561 0.644948 0.497561 0.643059 0.499512 0.641171 0.499512 0.637394 0.497561 0.637394 0.496585 0.636449 0.492683 0.636449 0.491707 0.637394 0.490732 0.637394 0.487805 0.640227 0.484878 0.640227 0.483902 0.639282 0.482927 0.639282 0.481951 0.638338 0.480976 0.638338 0.48 0.637394 0.479024 0.637394 0.474146 0.632672 0.474146 0.631728 0.472195 0.629839 0.472195 0.628895 0.470244 0.627007
0 0.489756 0.347498 0.489756 0.350331 0.48878 0.351275 0.48878 0.353163 0.483902 0.357885 0.483902 0.358829 0.482927 0.359773 0.482927 0.369216 0.487805 0.369216 0.48878 0.368272 0.48878 0.367328 0.489756 0.366383 0.489756 0.365439 0.490732 0.364495 0.490732 0.363551 0.494634 0.359773 0.494634 0.358829 0.49561 0.357885 0.49561 0.356941 0.496585 0.355996 0.496585 0.347498
1 0.739512 0.250236 0.738537 0.25118 0.738537 0.262512 0.745366 0.262512 0.748293 0.259679 0.748293 0.250236
0 0.0858537 0.270066 0.0858537 0.281398 0.0917073 0.287063 0.0995122 0.287063 0.100488 0.286119 0.100488 0.27101 0.0995122 0.270066
0 0.342439 0.157696 0.341463 0.15864 0.341463 0.169972 0.348293 0.176582 0.348293 0.177526 0.350244 0.179415 0.350244 0.180359 0.352195 0.182247 0.352195 0.183192 0.353171 0.184136 0.353171 0.18508 0.354146 0.186025 0.354146 0.186969 0.355122 0.187913 0.355122 0.189802 0.356098 0.190746 0.356098 0.192635 0.357073 0.193579 0.357073 0.195467 0.358049 0.196412 0.359024 0.195467 0.36 0.195467 0.360976 0.194523 0.361951 0.194523 0.362927 0.193579 0.369756 0.193579 0.369756 0.163362 0.36878 0.163362 0.367805 0.162417 0.366829 0.162417 0.364878 0.160529 0.363902 0.160529 0.362927 0.159585 0.360976 0.159585 0.36 0.15864 0.356098 0.15864 0.355122 0.157696
0 0.953171 0.192635 0.954146 0.193579 0.954146 0.194523 0.956098 0.196412 0.956098 0.199245 0.957073 0.200189 0.957073 0.202077 0.958049 0.203022 0.957073 0.203966 0.957073 0.207743 0.956098 0.208687 0.956098 0.209632 0.951219 0.214353 0.949268 0.212465 0.949268 0.21152 0.948293 0.210576 0.948293 0.209632 0.946341 0.207743 0.946341 0.206799 0.945366 0.205855 0.945366 0.20491 0.94439 0.203966 0.94439 0.203022 0.943415 0.203022 0.942439 0.202077 0.941463 0.202077 0.938537 0.199245 0.938537 0.1983 0.936585 0.196412 0.930732 0.196412 0.930732 0.203022 0.931707 0.203966 0.931707 0.207743 0.931707 0.206799 0.932683 0.205855 0.934634 0.205855 0.93561 0.20491 0.939512 0.20491 0.940488 0.205855 0.941463 0.205855 0.942439 0.206799 0.942439 0.207743 0.943415 0.208687 0.943415 0.216242 0.942439 0.217186 0.942439 0.21813 0.941463 0.219075 0.941463 0.220019 0.937561 0.223796 0.936585 0.223796 0.93561 0.22474 0.934634 0.22474 0.932683 0.226629 0.931707 0.226629 0.930732 0.227573 0.930732 0.23796 0.931707 0.23796 0.932683 0.238905 0.932683 0.239849 0.933659 0.239849 0.934634 0.240793 0.93561 0.240793 0.936585 0.241737 0.937561 0.241737 0.938537 0.242682 0.940488 0.242682 0.94439 0.246459 0.94439 0.247403 0.946341 0.249292 0.954146 0.249292 0.955122 0.248347 0.956098 0.248347 0.957073 0.247403 0.958049 0.247403 0.959024 0.246459 0.959024 0.24457 0.96 0.243626 0.96 0.242682 0.960976 0.241737 0.960976 0.238905 0.96 0.238905 0.959024 0.23796 0.957073 0.23796 0.956098 0.237016 0.951219 0.237016 0.949268 0.235127 0.948293 0.235127 0.947317 0.234183 0.947317 0.233239 0.946341 0.232295 0.946341 0.230406 0.945366 0.229462 0.945366 0.227573 0.946341 0.226629 0.946341 0.225685 0.951219 0.220963 0.952195 0.220963 0.953171 0.221907 0.957073 0.221907 0.958049 0.220963 0.958049 0.202077 0.959024 0.201133 0.959024 0.200189 0.96 0.199245 0.96 0.1983 0.960976 0.197356 0.960976 0.192635
0 0.609756 0.90746 0.609756 0.910293 0.610732 0.911237 0.610732 0.913126 0.611707 0.91407 0.611707 0.916903 0.612683 0.917847 0.612683 0.918791 0.613659 0.919736 0.613659 0.92068 0.614634 0.921624 0.614634 0.923513 0.61561 0.924457 0.61561 0.925401 0.616585 0.926346 0.616585 0.92729 0.618537 0.929178 0.619512 0.929178 0.620488 0.930123 0.621463 0.930123 0.622439 0.931067 0.623415 0.930123 0.62439 0.930123 0.625366 0.929178 0.625366 0.915014 0.62439 0.91407 0.62439 0.913126 0.623415 0.912181 0.623415 0.911237 0.621463 0.909348 0.621463 0.90746
0 0.357073 0.72899 0.357073 0.729934 0.356098 0.730878 0.356098 0.731822 0.355122 0.732767 0.355122 0.734655 0.354146 0.7356 0.354146 0.738432 0.353171 0.739377 0.353171 0.743154 0.352195 0.744098 0.352195 0.747875 0.35122 0.74882 0.35122 0.750708 0.350244 0.751652 0.350244 0.753541 0.349268 0.754485 0.349268 0.762984 0.350244 0.763928 0.350244 0.764873 0.35122 0.765817 0.352195 0.765817 0.353171 0.766761 0.354146 0.766761 0.355122 0.767705 0.357073 0.767705 0.358049 0.76865 0.359024 0.767705 0.363902 0.767705 0.365854 0.765817 0.365854 0.762984 0.366829 0.76204 0.366829 0.751652 0.367805 0.750708 0.367805 0.72899
1 0.257561 0.0179415 0.256585 0.0188857 0.256585 0.03305 0.260488 0.0368272 0.268293 0.0368272 0.269268 0.0358829 0.270244 0.0358829 0.27122 0.0349386 0.272195 0.0349386 0.274146 0.03305 0.274146 0.0179415
1 0.555122 0.355996 0.555122 0.367328 0.556098 0.367328 0.559024 0.370161 0.559024 0.371105 0.561951 0.373938 0.562927 0.373938 0.563902 0.374882 0.570732 0.374882 0.571707 0.373938 0.572683 0.373938 0.572683 0.360718 0.571707 0.359773 0.571707 0.358829 0.570732 0.357885 0.570732 0.355996
0 0.803902 0.0840416 0.802927 0.0849858 0.801951 0.0849858 0.800976 0.0859301 0.8 0.0859301 0.798049 0.0878187 0.798049 0.088763 0.796098 0.0906516 0.796098 0.0972616 0.797073 0.0982059 0.798049 0.0982059 0.800976 0.101039 0.802927 0.101039 0.810732 0.0934844 0.811707 0.0934844 0.812683 0.0925401 0.813659 0.0925401 0.814634 0.0915958 0.820488 0.0915958 0.821463 0.0925401 0.829268 0.0925401 0.830244 0.0915958 0.831219 0.0915958 0.831219 0.0840416
0 0.823415 0.858357 0.823415 0.859301 0.82439 0.860246 0.82439 0.86119 0.825366 0.862134 0.825366 0.863078 0.826341 0.864023 0.826341 0.864967 0.830244 0.868744 0.830244 0.869688 0.831219 0.870633 0.831219 0.872521 0.832195 0.873466 0.832195 0.875354 0.833171 0.876298 0.833171 0.879131 0.834146 0.880076 0.834146 0.885741 0.833171 0.886686 0.833171 0.890463 0.832195 0.891407 0.832195 0.89424 0.831219 0.895184 0.831219 0.897073 0.830244 0.898017 0.830244 0.898961 0.829268 0.899906 0.829268 0.90085 0.828293 0.901794 0.828293 0.904627 0.831219 0.90746 0.837073 0.90746 0.839024 0.905571 0.84 0.905571 0.840976 0.904627 0.840976 0.866856 0.84 0.865911 0.84 0.864023 0.839024 0.863078 0.839024 0.862134 0.838049 0.86119 0.838049 0.859301 0.837073 0.858357
0 0.416585 0.428706 0.413659 0.431539 0.413659 0.432483 0.411707 0.434372 0.411707 0.438149 0.410732 0.439093 0.410732 0.443815 0.411707 0.444759 0.411707 0.446648 0.412683 0.446648 0.413659 0.447592 0.414634 0.447592 0.41561 0.448536 0.416585 0.447592 0.416585 0.446648 0.419512 0.443815 0.419512 0.442871 0.423415 0.439093 0.42439 0.439093 0.425366 0.438149 0.426341 0.438149 0.427317 0.437205 0.428293 0.437205 0.43122 0.440038 0.43122 0.442871 0.432195 0.443815 0.432195 0.447592 0.43122 0.448536 0.43122 0.451369 0.430244 0.452314 0.430244 0.466478 0.43122 0.467422 0.43122 0.472144 0.432195 0.473088 0.432195 0.480642 0.433171 0.481586 0.433171 0.484419 0.434146 0.485364 0.434146 0.486308 0.435122 0.487252 0.435122 0.488196 0.441951 0.494806 0.443902 0.494806 0.443902 0.454202 0.442927 0.453258 0.442927 0.441926 0.441951 0.440982 0.441951 0.438149 0.440976 0.437205 0.440976 0.436261 0.44 0.435316 0.44 0.434372 0.438049 0.432483 0.438049 0.431539 0.436098 0.429651 0.436098 0.428706
0 0.731707 0.000944287 0.731707 0.0141643 0.739512 0.0141643 0.742439 0.0113314 0.743415 0.0113314 0.74439 0.0103872 0.745366 0.0103872 0.746341 0.00944287 0.747317 0.00944287 0.748293 0.00849858 0.749268 0.00849858 0.750244 0.0075543 0.753171 0.0075543 0.754146 0.00849858 0.755122 0.00849858 0.755122 0.000944287
0 0.714146 0.415486 0.712195 0.417375 0.712195 0.418319 0.707317 0.423041 0.706341 0.423041 0.696585 0.432483 0.696585 0.433428 0.69561 0.434372 0.69561 0.435316 0.694634 0.436261 0.694634 0.437205 0.693659 0.438149 0.693659 0.439093 0.692683 0.440038 0.692683 0.440982 0.690732 0.442871 0.690732 0.443815 0.689756 0.444759 0.689756 0.446648 0.68878 0.447592 0.68878 0.448536 0.687805 0.449481 0.687805 0.457979 0.691707 0.461756 0.692683 0.461756 0.693659 0.462701 0.697561 0.462701 0.698537 0.463645 0.699512 0.463645 0.705366 0.457979 0.705366 0.449481 0.706341 0.448536 0.706341 0.443815 0.707317 0.442871 0.707317 0.440982 0.708293 0.440038 0.708293 0.439093 0.709268 0.438149 0.709268 0.437205 0.712195 0.434372 0.712195 0.433428 0.714146 0.431539 0.714146 0.430595 0.718049 0.426818 0.718049 0.425873 0.72 0.423985 0.72 0.415486
0 0.760976 0.888574 0.76 0.889518 0.759024 0.889518 0.758049 0.890463 0.757073 0.890463 0.756098 0.891407 0.755122 0.891407 0.753171 0.893296 0.75122 0.893296 0.745366 0.898961 0.745366 0.899906 0.74439 0.90085 0.74439 0.901794 0.743415 0.902738 0.743415 0.903683 0.741463 0.905571 0.741463 0.906516 0.740488 0.90746 0.740488 0.908404 0.738537 0.910293 0.738537 0.911237 0.737561 0.912181 0.737561 0.91407 0.736585 0.915014 0.736585 0.915958 0.73561 0.916903 0.73561 0.942398 0.738537 0.945231 0.739512 0.945231 0.740488 0.946176 0.742439 0.946176 0.743415 0.94712 0.756098 0.94712 0.757073 0.948064 0.758049 0.948064 0.760976 0.950897 0.761951 0.950897 0.763902 0.952786 0.765854 0.950897 0.766829 0.950897 0.769756 0.948064 0.771707 0.948064 0.772683 0.94712 0.777561 0.94712 0.778537 0.946176 0.765854 0.946176 0.764878 0.945231 0.760976 0.945231 0.76 0.946176 0.757073 0.946176 0.756098 0.945231 0.755122 0.945231 0.752195 0.942398 0.752195 0.919736 0.753171 0.918791 0.753171 0.916903 0.754146 0.915958 0.754146 0.915014 0.755122 0.91407 0.755122 0.913126 0.756098 0.912181 0.756098 0.911237 0.757073 0.910293 0.757073 0.909348 0.759024 0.90746 0.76 0.90746 0.763902 0.903683 0.769756 0.903683 0.770732 0.902738 0.774634 0.902738 0.777561 0.899906 0.777561 0.896128 0.778537 0.895184 0.778537 0.892351 0.779512 0.891407 0.779512 0.888574
0 0.35122 0.0849858 0.352195 0.0849858 0.353171 0.0859301 0.354146 0.0859301 0.355122 0.0868744 0.356098 0.0868744 0.358049 0.088763 0.359024 0.088763 0.36 0.0897073 0.36 0.0906516 0.360976 0.0915958 0.360976 0.0972616 0.357073 0.101039 0.357073 0.101983 0.354146 0.104816 0.354146 0.10576 0.352195 0.107649 0.352195 0.108593 0.349268 0.111426 0.349268 0.11237 0.348293 0.113314 0.348293 0.115203 0.347317 0.116147 0.347317 0.118036 0.346341 0.11898 0.346341 0.128423 0.347317 0.129367 0.348293 0.129367 0.350244 0.131256 0.35122 0.131256 0.353171 0.129367 0.353171 0.128423 0.355122 0.126534 0.355122 0.124646 0.356098 0.123702 0.356098 0.122757 0.357073 0.121813 0.357073 0.120869 0.358049 0.119924 0.358049 0.118036 0.359024 0.117092 0.359024 0.115203 0.36 0.114259 0.36 0.113314 0.360976 0.11237 0.360976 0.111426 0.362927 0.109537 0.362927 0.108593 0.36878 0.102927 0.36878 0.0859301 0.367805 0.0849858
1 0.281951 0.0377715 0.281951 0.0443815 0.283902 0.0462701 0.28878 0.0462701 0.289756 0.0453258 0.289756 0.0377715
0 0.279024 0.896128 0.278049 0.897073 0.278049 0.901794 0.277073 0.902738 0.277073 0.90746 0.276098 0.908404 0.276098 0.910293 0.277073 0.911237 0.277073 0.915014 0.278049 0.915958 0.278049 0.916903 0.279024 0.917847 0.279024 0.918791 0.28 0.919736 0.28 0.921624 0.281951 0.923513 0.281951 0.924457 0.282927 0.925401 0.282927 0.926346 0.283902 0.92729 0.283902 0.928234 0.284878 0.929178 0.284878 0.930123 0.285854 0.931067 0.285854 0.932011 0.28878 0.934844 0.289756 0.934844 0.291707 0.936733 0.294634 0.936733 0.296585 0.934844 0.296585 0.932011 0.29561 0.931067 0.29561 0.928234 0.294634 0.92729 0.294634 0.926346 0.293659 0.925401 0.293659 0.923513 0.292683 0.922568 0.292683 0.921624 0.291707 0.92068 0.291707 0.915958 0.290732 0.915014 0.290732 0.91407 0.291707 0.913126 0.291707 0.905571 0.292683 0.904627 0.292683 0.897073 0.291707 0.896128
1 0.180488 0.547687 0.178537 0.549575 0.177561 0.549575 0.176585 0.550519 0.17561 0.550519 0.174634 0.551464 0.173659 0.551464 0.172683 0.552408 0.172683 0.562795 0.173659 0.563739 0.173659 0.564684 0.174634 0.565628 0.174634 0.567517 0.17561 0.568461 0.17561 0.569405 0.176585 0.570349 0.176585 0.571294 0.177561 0.572238 0.178537 0.572238 0.180488 0.574127 0.181463 0.574127 0.183415 0.576015 0.18439 0.575071 0.19122 0.575071 0.192195 0.574127 0.195122 0.574127 0.196098 0.573182 0.200976 0.573182 0.201951 0.572238 0.21561 0.572238 0.216585 0.571294 0.216585 0.561851 0.210732 0.561851 0.209756 0.562795 0.205854 0.562795 0.204878 0.561851 0.203902 0.561851 0.202927 0.560907 0.202927 0.559962 0.201951 0.559018 0.202927 0.558074 0.202927 0.556185 0.203902 0.555241 0.203902 0.552408 0.204878 0.551464 0.204878 0.549575 0.205854 0.548631 0.206829 0.548631 0.207805 0.547687 0.20878 0.547687 0.212683 0.551464 0.213659 0.551464 0.216585 0.554296 0.216585 0.547687
0 0.121951 0.203966 0.121951 0.205855 0.120976 0.206799 0.120976 0.207743 0.12 0.208687 0.12 0.210576 0.119024 0.21152 0.119024 0.212465 0.118049 0.213409 0.118049 0.214353 0.117073 0.215297 0.118049 0.216242 0.118049 0.221907 0.119024 0.222852 0.119024 0.225685 0.12 0.226629 0.12 0.230406 0.120976 0.23135 0.120976 0.235127 0.121951 0.236072 0.121951 0.239849 0.122927 0.240793 0.122927 0.24457 0.123902 0.245515 0.123902 0.248347 0.124878 0.249292 0.124878 0.252125 0.125854 0.253069 0.125854 0.255902 0.126829 0.256846 0.126829 0.261568 0.125854 0.262512 0.125854 0.263456 0.121951 0.267233 0.130732 0.267233 0.130732 0.203966
1 0.718049 0.690274 0.718049 0.704438 0.719024 0.705382 0.720976 0.705382 0.721951 0.706327 0.727805 0.706327 0.728781 0.705382 0.729756 0.705382 0.730732 0.704438 0.731707 0.704438 0.732683 0.703494 0.732683 0.690274
0 0.398049 0.275732 0.399024 0.276676 0.399024 0.278565 0.398049 0.279509 0.398049 0.280453 0.397073 0.281398 0.397073 0.282342 0.396098 0.283286 0.396098 0.28423 0.399024 0.287063 0.399024 0.288008 0.400976 0.289896 0.400976 0.29084 0.396098 0.295562 0.395122 0.295562 0.394146 0.294618 0.389268 0.294618 0.387317 0.292729 0.386341 0.292729 0.385366 0.291785 0.38439 0.291785 0.383415 0.29084 0.381463 0.29084 0.379512 0.288952 0.37561 0.288952 0.372683 0.291785 0.372683 0.299339 0.374634 0.301228 0.374634 0.302172 0.37561 0.302172 0.376585 0.303116 0.377561 0.303116 0.378537 0.30406 0.380488 0.30406 0.381463 0.305005 0.38439 0.305005 0.385366 0.305949 0.388293 0.305949 0.389268 0.306893 0.401951 0.306893 0.402927 0.305949 0.404878 0.305949 0.405854 0.305005 0.406829 0.305005 0.40878 0.303116 0.409756 0.303116 0.409756 0.28423 0.40878 0.283286 0.40878 0.279509 0.407805 0.278565 0.407805 0.276676 0.40878 0.275732
1 0.409756 0.721435 0.406829 0.724268 0.406829 0.725212 0.403902 0.728045 0.403902 0.72899 0.402927 0.729934 0.39122 0.729934 0.390244 0.72899 0.387317 0.72899 0.386341 0.728045 0.386341 0.74221 0.41561 0.74221 0.41561 0.740321 0.414634 0.739377 0.414634 0.737488 0.413659 0.736544 0.413659 0.733711 0.414634 0.732767 0.41561 0.732767 0.41561 0.721435
0 0.645854 0.292729 0.64 0.298395 0.64 0.299339 0.638049 0.301228 0.638049 0.309726 0.639024 0.31067 0.639024 0.311615 0.644878 0.311615 0.649756 0.306893 0.649756 0.305949 0.651707 0.30406 0.651707 0.303116 0.653659 0.301228 0.65561 0.301228 0.656585 0.300283 0.658537 0.300283 0.659512 0.299339 0.661463 0.299339 0.661463 0.292729
1 0.812683 0.322946 0.811707 0.32389 0.807805 0.32389 0.807805 0.338999 0.80878 0.339943 0.809756 0.339943 0.810732 0.340888 0.811707 0.340888 0.812683 0.341832 0.813659 0.341832 0.814634 0.342776 0.816585 0.342776 0.817561 0.34372 0.829268 0.34372 0.830244 0.342776 0.830244 0.328612 0.829268 0.328612 0.828293 0.329556 0.826341 0.329556 0.825366 0.328612 0.822439 0.328612 0.821463 0.327668 0.821463 0.326723 0.820488 0.325779 0.820488 0.32389 0.819512 0.32389 0.818537 0.322946
1 0.470244 0.249292 0.470244 0.259679 0.47122 0.259679 0.472195 0.260623 0.473171 0.260623 0.474146 0.261568 0.475122 0.261568 0.477073 0.263456 0.478049 0.263456 0.48 0.265345 0.487805 0.265345 0.48878 0.2644 0.48878 0.263456 0.489756 0.262512 0.489756 0.253069 0.48878 0.252125 0.487805 0.252125 0.486829 0.25118 0.485854 0.25118 0.483902 0.249292
0 0.166829 0.380548 0.165854 0.381492 0.165854 0.398489 0.170732 0.398489 0.172683 0.400378 0.172683 0.401322 0.174634 0.403211 0.174634 0.404155 0.17561 0.405099 0.17561 0.406988 0.176585 0.407932 0.176585 0.415486 0.177561 0.416431 0.177561 0.420208 0.178537 0.421152 0.178537 0.422096 0.181463 0.424929 0.185366 0.424929 0.185366 0.391879 0.18439 0.390935 0.18439 0.389991 0.182439 0.388102 0.182439 0.387158 0.180488 0.385269 0.180488 0.384325 0.179512 0.383381 0.179512 0.382436 0.177561 0.380548
0 0.525854 0.752597 0.525854 0.756374 0.526829 0.757318 0.526829 0.761095 0.525854 0.76204 0.525854 0.78187 0.526829 0.782814 0.526829 0.791313 0.525854 0.792257 0.525854 0.806421 0.526829 0.807365 0.526829 0.830028 0.527805 0.830973 0.527805 0.832861 0.52878 0.833806 0.52878 0.83475 0.529756 0.835694 0.530732 0.835694 0.531707 0.836638 0.532683 0.836638 0.533659 0.837583 0.53561 0.837583 0.536585 0.838527 0.539512 0.838527 0.540488 0.837583 0.541463 0.837583 0.541463 0.757318 0.538537 0.754485 0.538537 0.753541 0.537561 0.753541 0.536585 0.752597
1 0.837073 0.162417 0.837073 0.166195 0.836098 0.167139 0.836098 0.168083 0.833171 0.170916 0.833171 0.182247 0.834146 0.183192 0.834146 0.184136 0.835122 0.184136 0.836098 0.18508 0.837073 0.18508 0.838049 0.186025 0.842927 0.186025 0.843902 0.18508 0.844878 0.18508 0.846829 0.183192 0.846829 0.162417
0 0.374634 0.289896 0.373659 0.29084 0.372683 0.29084 0.372683 0.300283 0.37561 0.303116 0.377561 0.303116 0.378537 0.30406 0.380488 0.30406 0.381463 0.305005 0.385366 0.305005 0.386341 0.305949 0.389268 0.305949 0.390244 0.306893 0.400976 0.306893 0.401951 0.305949 0.403902 0.305949 0.403902 0.294618 0.401951 0.294618 0.400976 0.295562 0.4 0.295562 0.399024 0.296506 0.397073 0.296506 0.396098 0.29745 0.395122 0.296506 0.39122 0.296506 0.390244 0.295562 0.389268 0.295562 0.388293 0.294618 0.387317 0.294618 0.385366 0.292729 0.38439 0.292729 0.383415 0.291785 0.382439 0.291785 0.381463 0.29084 0.380488 0.29084 0.379512 0.289896
1 0.16878 0.756374 0.167805 0.757318 0.165854 0.757318 0.164878 0.758263 0.164878 0.779037 0.165854 0.779037 0.166829 0.779981 0.167805 0.779981 0.16878 0.780925 0.186341 0.780925 0.187317 0.779981 0.188293 0.779981 0.189268 0.779037 0.190244 0.779037 0.190244 0.778093 0.192195 0.776204 0.192195 0.764873 0.19122 0.763928 0.19122 0.76204 0.190244 0.761095 0.190244 0.760151 0.187317 0.757318 0.186341 0.757318 0.185366 0.756374
1 0.722927 0.0991501 0.722927 0.100094 0.721951 0.101039 0.721951 0.101983 0.718049 0.10576 0.717073 0.10576 0.716098 0.106704 0.716098 0.11898 0.717073 0.119924 0.727805 0.119924 0.729756 0.118036 0.730732 0.118036 0.733659 0.115203 0.733659 0.0991501
0 0.711219 0.157696 0.709268 0.159585 0.709268 0.169027 0.710244 0.169972 0.710244 0.17186 0.709268 0.172805 0.709268 0.174693 0.708293 0.175637 0.708293 0.177526 0.705366 0.180359 0.705366 0.181303 0.70439 0.182247 0.70439 0.183192 0.703415 0.184136 0.703415 0.186025 0.702439 0.186969 0.702439 0.187913 0.701463 0.188857 0.701463 0.190746 0.699512 0.192635 0.699512 0.194523 0.698537 0.195467 0.698537 0.203022 0.696585 0.20491 0.696585 0.205855 0.693659 0.208687 0.693659 0.214353 0.694634 0.215297 0.694634 0.217186 0.696585 0.219075 0.696585 0.220019 0.700488 0.223796 0.700488 0.22474 0.701463 0.225685 0.701463 0.227573 0.702439 0.228517 0.702439 0.23135 0.703415 0.232295 0.703415 0.233239 0.70439 0.234183 0.70439 0.236072 0.705366 0.237016 0.705366 0.23796 0.710244 0.23796 0.711219 0.237016 0.712195 0.237016 0.713171 0.236072 0.713171 0.235127 0.714146 0.234183 0.713171 0.233239 0.713171 0.232295 0.712195 0.23135 0.712195 0.228517 0.711219 0.227573 0.711219 0.226629 0.710244 0.225685 0.710244 0.223796 0.709268 0.222852 0.709268 0.220019 0.708293 0.219075 0.708293 0.216242 0.707317 0.215297 0.707317 0.213409 0.706341 0.212465 0.706341 0.21152 0.705366 0.210576 0.705366 0.209632 0.70439 0.208687 0.70439 0.205855 0.703415 0.20491 0.703415 0.202077 0.706341 0.199245 0.706341 0.197356 0.707317 0.196412 0.707317 0.193579 0.708293 0.192635 0.708293 0.189802 0.709268 0.188857 0.709268 0.186969 0.713171 0.183192 0.713171 0.182247 0.714146 0.181303 0.714146 0.160529 0.713171 0.159585 0.713171 0.15864 0.712195 0.157696
1 0.18439 0.936733 0.18439 0.959396 0.185366 0.959396 0.186341 0.96034 0.188293 0.96034 0.189268 0.961284 0.198049 0.961284 0.2 0.959396 0.2 0.943343 0.199024 0.942398 0.199024 0.941454 0.198049 0.94051 0.199024 0.939566 0.199024 0.938621 0.2 0.937677 0.2 0.936733
0 0.922927 0.599622 0.922927 0.604344 0.921951 0.605288 0.921951 0.610009 0.925854 0.613787 0.925854 0.614731 0.92878 0.617564 0.92878 0.618508 0.930732 0.620397 0.930732 0.621341 0.931707 0.622285 0.931707 0.624174 0.933659 0.626062 0.933659 0.627007 0.93561 0.628895 0.93561 0.629839 0.937561 0.631728 0.938537 0.631728 0.940488 0.629839 0.941463 0.629839 0.942439 0.628895 0.942439 0.614731 0.940488 0.612842 0.940488 0.611898 0.937561 0.609065 0.937561 0.608121 0.936585 0.607177 0.936585 0.605288 0.93561 0.604344 0.93561 0.602455 0.934634 0.601511 0.934634 0.600567 0.933659 0.599622
1 0.331707 0.335222 0.330732 0.336166 0.327805 0.336166 0.326829 0.33711 0.326829 0.338055 0.325854 0.338999 0.325854 0.339943 0.324878 0.340888 0.323902 0.340888 0.322927 0.341832 0.321951 0.341832 0.320976 0.342776 0.320976 0.349386 0.323902 0.352219 0.325854 0.352219 0.326829 0.353163 0.330732 0.353163 0.331707 0.354108 0.332683 0.353163 0.334634 0.353163 0.33561 0.352219 0.337561 0.352219 0.342439 0.347498 0.342439 0.339943 0.339512 0.33711 0.338537 0.33711 0.337561 0.336166 0.332683 0.336166
1 0.792195 0.605288 0.792195 0.612842 0.793171 0.613787 0.793171 0.615675 0.794146 0.616619 0.794146 0.618508 0.795122 0.619452 0.795122 0.620397 0.802927 0.620397 0.805854 0.617564 0.805854 0.616619 0.806829 0.615675 0.806829 0.605288
0 0.0185366 0.230406 0.0185366 0.235127 0.0195122 0.235127 0.0234146 0.238905 0.0234146 0.241737 0.022439 0.242682 0.022439 0.243626 0.0214634 0.24457 0.0214634 0.245515 0.0204878 0.246459 0.0204878 0.255902 0.0195122 0.256846 0.0195122 0.258735 0.022439 0.261568 0.022439 0.262512 0.0243902 0.2644 0.0253659 0.2644 0.0282927 0.267233 0.0302439 0.265345 0.0302439 0.2644 0.0312195 0.263456 0.0312195 0.258735 0.0321951 0.25779 0.0321951 0.24457 0.0331707 0.243626 0.0331707 0.242682 0.0341463 0.241737 0.0341463 0.240793 0.0360976 0.238905 0.0370732 0.238905 0.0380488 0.23796 0.0390244 0.23796 0.0409756 0.236072 0.0419512 0.236072 0.0439024 0.23796 0.0439024 0.238905 0.044878 0.239849 0.044878 0.242682 0.0458537 0.243626 0.0458537 0.247403 0.0468293 0.248347 0.0468293 0.25118 0.0478049 0.252125 0.0478049 0.254957 0.0487805 0.255902 0.0487805 0.25779 0.0497561 0.258735 0.0497561 0.270066 0.0536585 0.270066 0.0536585 0.242682 0.0517073 0.240793 0.0517073 0.239849 0.0507317 0.238905 0.0507317 0.237016 0.0497561 0.236072 0.0497561 0.234183 0.0487805 0.233239 0.0487805 0.232295 0.0478049 0.23135 0.0478049 0.230406
1 0.446829 0.506138 0.442927 0.509915 0.442927 0.521246 0.443902 0.522191 0.444878 0.522191 0.445854 0.523135 0.446829 0.523135 0.447805 0.524079 0.450732 0.524079 0.451707 0.523135 0.454634 0.523135 0.45561 0.524079 0.458537 0.524079 0.459512 0.525024 0.460488 0.525024 0.461463 0.525968 0.461463 0.526912 0.465366 0.530689 0.469268 0.530689 0.469268 0.506138
0 0.587317 0.770538 0.587317 0.802644 0.588293 0.803588 0.588293 0.805477 0.589268 0.806421 0.589268 0.80831 0.590244 0.809254 0.590244 0.813975 0.591219 0.81492 0.591219 0.815864 0.592195 0.816808 0.592195 0.817753 0.593171 0.818697 0.593171 0.819641 0.594146 0.820585 0.594146 0.82153 0.596098 0.823418 0.596098 0.824363 0.597073 0.825307 0.597073 0.826251 0.598049 0.827195 0.598049 0.82814 0.599024 0.829084 0.599024 0.830028 0.6 0.830973 0.6 0.832861 0.600976 0.833806 0.600976 0.83475 0.601951 0.835694 0.601951 0.836638 0.602927 0.837583 0.602927 0.838527 0.604878 0.840415 0.604878 0.84136 0.605854 0.842304 0.605854 0.843248 0.607805 0.845137 0.607805 0.847026 0.608781 0.84797 0.608781 0.852691 0.611707 0.852691 0.611707 0.802644 0.610732 0.8017 0.610732 0.800755 0.609756 0.799811 0.609756 0.798867 0.608781 0.797923 0.608781 0.796978 0.607805 0.796034 0.607805 0.793201 0.606829 0.792257 0.606829 0.790368 0.605854 0.789424 0.605854 0.787535 0.604878 0.786591 0.604878 0.784703 0.603902 0.783758 0.603902 0.780925 0.602927 0.779981 0.602927 0.777148 0.601951 0.776204 0.601951 0.773371 0.600976 0.772427 0.600976 0.770538
0 0.23122 0.579792 0.23122 0.581681 0.230244 0.582625 0.230244 0.584514 0.229268 0.585458 0.229268 0.587347 0.228293 0.588291 0.228293 0.594901 0.227317 0.595845 0.227317 0.600567 0.226341 0.601511 0.226341 0.603399 0.225366 0.604344 0.225366 0.606232 0.22439 0.607177 0.22439 0.609065 0.221463 0.611898 0.219512 0.611898 0.218537 0.612842 0.217561 0.612842 0.217561 0.621341 0.218537 0.621341 0.219512 0.622285 0.223415 0.622285 0.22439 0.621341 0.225366 0.621341 0.226341 0.620397 0.228293 0.620397 0.230244 0.618508 0.230244 0.617564 0.233171 0.614731 0.233171 0.612842 0.235122 0.610954 0.235122 0.609065 0.236098 0.608121 0.236098 0.605288 0.237073 0.604344 0.237073 0.594901 0.238049 0.593957 0.238049 0.586402 0.239024 0.585458 0.239024 0.579792
0 0.72 0.271955 0.713171 0.278565 0.712195 0.278565 0.710244 0.280453 0.710244 0.281398 0.708293 0.283286 0.708293 0.303116 0.709268 0.30406 0.709268 0.308782 0.710244 0.309726 0.710244 0.312559 0.711219 0.313503 0.711219 0.319169 0.712195 0.320113 0.712195 0.32389 0.711219 0.324835 0.711219 0.329556 0.710244 0.3305 0.710244 0.333333 0.709268 0.334278 0.709268 0.338999 0.708293 0.339943 0.708293 0.342776 0.707317 0.34372 0.707317 0.345609 0.706341 0.346553 0.706341 0.349386 0.705366 0.350331 0.705366 0.354108 0.716098 0.354108 0.716098 0.352219 0.717073 0.351275 0.717073 0.349386 0.718049 0.348442 0.718049 0.346553 0.719024 0.345609 0.719024 0.34372 0.72 0.342776 0.72 0.305949 0.719024 0.305005 0.719024 0.302172 0.718049 0.301228 0.718049 0.299339 0.717073 0.298395 0.717073 0.293673 0.716098 0.292729 0.716098 0.285175 0.717073 0.28423 0.717073 0.282342 0.719024 0.280453 0.719024 0.279509 0.72 0.278565
1 0.362927 0.541076 0.361951 0.542021 0.358049 0.542021 0.355122 0.544854 0.355122 0.545798 0.354146 0.546742 0.355122 0.547687 0.355122 0.548631 0.356098 0.549575 0.357073 0.549575 0.358049 0.550519 0.365854 0.550519 0.365854 0.542021 0.364878 0.542021 0.363902 0.541076
1 0.0712195 0.150142 0.0712195 0.161473 0.0878049 0.161473 0.0878049 0.15203 0.0858537 0.150142
0 0.230244 0.581681 0.229268 0.582625 0.229268 0.583569 0.228293 0.584514 0.228293 0.588291 0.227317 0.589235 0.227317 0.597734 0.226341 0.598678 0.226341 0.602455 0.225366 0.603399 0.225366 0.605288 0.22439 0.606232 0.22439 0.608121 0.223415 0.609065 0.223415 0.610009 0.221463 0.611898 0.220488 0.611898 0.220488 0.621341 0.225366 0.621341 0.226341 0.620397 0.228293 0.620397 0.23122 0.617564 0.23122 0.616619 0.233171 0.614731 0.233171 0.613787 0.234146 0.612842 0.234146 0.611898 0.235122 0.610954 0.235122 0.581681
0 0.989268 0.287063 0.981463 0.294618 0.980488 0.294618 0.979512 0.295562 0.979512 0.296506 0.976585 0.299339 0.976585 0.300283 0.97561 0.301228 0.97561 0.302172 0.974634 0.303116 0.974634 0.305949 0.973659 0.306893 0.973659 0.312559 0.974634 0.313503 0.974634 0.322002 0.97561 0.322946 0.97561 0.324835 0.976585 0.325779 0.976585 0.327668 0.977561 0.327668 0.979512 0.329556 0.980488 0.329556 0.981463 0.3305 0.983415 0.3305 0.985366 0.332389 0.986341 0.332389 0.989268 0.335222 0.990244 0.335222 0.99122 0.336166 0.992195 0.336166 0.993171 0.33711 0.994146 0.33711 0.996098 0.338999 0.998049 0.338999 0.998049 0.287063
0 0.110244 0.811143 0.110244 0.819641 0.107317 0.822474 0.106341 0.822474 0.106341 0.823418 0.105366 0.824363 0.105366 0.827195 0.10439 0.82814 0.10439 0.830973 0.103415 0.831917 0.103415 0.833806 0.102439 0.83475 0.102439 0.836638 0.101463 0.837583 0.101463 0.839471 0.100488 0.840415 0.100488 0.843248 0.0995122 0.844193 0.0995122 0.845137 0.0985366 0.846081 0.0985366 0.863078 0.0995122 0.864023 0.0995122 0.864967 0.100488 0.865911 0.100488 0.866856 0.101463 0.8678 0.101463 0.868744 0.10439 0.871577 0.105366 0.871577 0.109268 0.875354 0.109268 0.876298 0.11122 0.878187 0.11122 0.880076 0.112195 0.88102 0.112195 0.882908 0.113171 0.883853 0.113171 0.890463 0.114146 0.891407 0.114146 0.898017 0.115122 0.898961 0.115122 0.90085 0.116098 0.901794 0.116098 0.903683 0.117073 0.904627 0.117073 0.905571 0.118049 0.906516 0.118049 0.90746 0.119024 0.908404 0.120976 0.908404 0.121951 0.90746 0.124878 0.90746 0.124878 0.879131 0.123902 0.878187 0.123902 0.87441 0.122927 0.873466 0.122927 0.871577 0.121951 0.870633 0.121951 0.8678 0.120976 0.866856 0.120976 0.864967 0.12 0.864023 0.12 0.86119 0.119024 0.860246 0.119024 0.856468 0.118049 0.855524 0.118049 0.847026 0.119024 0.846081 0.119024 0.845137 0.118049 0.844193 0.118049 0.837583 0.119024 0.836638 0.119024 0.82814 0.12 0.827195 0.12 0.825307 0.120976 0.824363 0.120976 0.823418 0.123902 0.820585 0.124878 0.820585 0.124878 0.811143
0 0.916098 0.000944287 0.916098 0.00283286 0.917073 0.00283286 0.918049 0.00377715 0.919024 0.00377715 0.92 0.00472144 0.923902 0.00472144 0.924878 0.00566572 0.939512 0.00566572 0.940488 0.00472144 0.943415 0.00472144 0.94439 0.00377715 0.948293 0.00377715 0.948293 0.000944287
0 0.36878 0.120869 0.36878 0.130312 0.373659 0.135033 0.374634 0.135033 0.376585 0.136922 0.379512 0.136922 0.380488 0.137866 0.381463 0.137866 0.383415 0.139754 0.386341 0.139754 0.387317 0.13881 0.388293 0.13881 0.389268 0.137866 0.394146 0.137866 0.394146 0.129367 0.392195 0.129367 0.39122 0.130312 0.389268 0.130312 0.388293 0.131256 0.383415 0.131256 0.381463 0.129367 0.381463 0.128423 0.380488 0.127479 0.380488 0.126534 0.379512 0.12559 0.379512 0.124646 0.37561 0.120869
1 0.58439 0.0377715 0.58439 0.0481586 0.591219 0.0481586 0.592195 0.0472144 0.592195 0.0377715
1 0.260488 0.434372 0.256585 0.438149 0.256585 0.441926 0.257561 0.442871 0.258537 0.442871 0.259512 0.443815 0.266341 0.443815 0.266341 0.435316 0.26439 0.435316 0.263415 0.434372
1 0.0478049 0.559018 0.0478049 0.572238 0.0487805 0.573182 0.0497561 0.573182 0.0507317 0.574127 0.0517073 0.574127 0.0526829 0.575071 0.057561 0.575071 0.0585366 0.576015 0.0604878 0.576015 0.0614634 0.575071 0.062439 0.575071 0.0634146 0.574127 0.0643902 0.574127 0.0653659 0.573182 0.0663415 0.573182 0.0663415 0.559962 0.0653659 0.559018
0 0.118049 0.0830973 0.118049 0.0944287 0.119024 0.095373 0.119024 0.0963173 0.12 0.0972616 0.12 0.0982059 0.120976 0.0991501 0.120976 0.100094 0.121951 0.101039 0.121951 0.101983 0.122927 0.102927 0.122927 0.103872 0.123902 0.104816 0.123902 0.10576 0.124878 0.106704 0.124878 0.108593 0.125854 0.109537 0.125854 0.115203 0.126829 0.116147 0.126829 0.11898 0.127805 0.119924 0.127805 0.122757 0.127805 0.0830973
0 0.127805 0.494806 0.126829 0.495751 0.126829 0.508971 0.125854 0.509915 0.125854 0.512748 0.124878 0.513692 0.124878 0.515581 0.122927 0.517469 0.122927 0.518414 0.120976 0.520302 0.120976 0.521246 0.12 0.522191 0.12 0.532578 0.125854 0.532578 0.126829 0.531634 0.126829 0.530689 0.129756 0.527856 0.129756 0.526912 0.132683 0.524079 0.132683 0.523135 0.133659 0.522191 0.133659 0.520302 0.134634 0.519358 0.134634 0.494806
1 0.694634 0.909348 0.694634 0.913126 0.693659 0.91407 0.692683 0.91407 0.690732 0.912181 0.68 0.912181 0.679024 0.911237 0.672195 0.911237 0.67122 0.912181 0.670244 0.912181 0.669268 0.913126 0.669268 0.934844 0.67122 0.934844 0.672195 0.935788 0.674146 0.935788 0.675122 0.936733 0.676098 0.936733 0.678049 0.938621 0.68 0.938621 0.684878 0.943343 0.685854 0.943343 0.686829 0.944287 0.687805 0.944287 0.68878 0.945231 0.690732 0.945231 0.692683 0.94712 0.693659 0.946176 0.694634 0.946176 0.69561 0.945231 0.697561 0.945231 0.698537 0.944287 0.699512 0.944287 0.705366 0.938621 0.705366 0.909348
1 0.413659 0.683664 0.411707 0.685552 0.410732 0.685552 0.409756 0.686497 0.40878 0.686497 0.407805 0.687441 0.406829 0.687441 0.405854 0.688385 0.404878 0.688385 0.403902 0.68933 0.402927 0.68933 0.402927 0.703494 0.416585 0.703494 0.417561 0.70255 0.418537 0.70255 0.419512 0.701605 0.420488 0.701605 0.423415 0.698772 0.42439 0.698772 0.42439 0.683664
1 0.227317 0.307838 0.227317 0.318225 0.238049 0.318225 0.239024 0.31728 0.240976 0.31728 0.240976 0.307838
0 0.00878049 0.869688 0.00780488 0.870633 0.00682927 0.870633 0.00682927 0.875354 0.00780488 0.876298 0.00780488 0.878187 0.0097561 0.880076 0.0107317 0.880076 0.0117073 0.88102 0.0126829 0.88102 0.0156098 0.883853 0.0165854 0.883853 0.017561 0.884797 0.0185366 0.884797 0.022439 0.888574 0.022439 0.889518 0.0234146 0.890463 0.0243902 0.890463 0.0292683 0.895184 0.0292683 0.896128 0.0341463 0.90085 0.0341463 0.901794 0.0360976 0.903683 0.0370732 0.903683 0.0409756 0.90746 0.0409756 0.908404 0.044878 0.912181 0.044878 0.913126 0.0458537 0.91407 0.0458537 0.915014 0.0487805 0.917847 0.0487805 0.918791 0.0517073 0.921624 0.0517073 0.922568 0.0585366 0.929178 0.0585366 0.930123 0.0595122 0.931067 0.0595122 0.932011 0.0604878 0.932956 0.0604878 0.9339 0.0614634 0.934844 0.0614634 0.935788 0.062439 0.935788 0.0673171 0.94051 0.0682927 0.939566 0.0692683 0.939566 0.0721951 0.936733 0.0721951 0.926346 0.0712195 0.925401 0.0712195 0.92068 0.0702439 0.919736 0.0702439 0.918791 0.0692683 0.917847 0.0692683 0.916903 0.0682927 0.915958 0.0682927 0.915014 0.0653659 0.912181 0.0653659 0.911237 0.0595122 0.905571 0.0595122 0.904627 0.0526829 0.898017 0.0517073 0.898017 0.0478049 0.89424 0.0458537 0.89424 0.0439024 0.892351 0.0429268 0.892351 0.0341463 0.883853 0.0331707 0.883853 0.0312195 0.881964 0.0302439 0.881964 0.0282927 0.880076 0.0273171 0.880076 0.0263415 0.879131 0.0253659 0.879131 0.0234146 0.877243 0.022439 0.877243 0.0214634 0.876298 0.0204878 0.876298 0.0165854 0.872521 0.0165854 0.871577 0.0146341 0.871577 0.0136585 0.870633 0.0117073 0.870633 0.0107317 0.869688
0 0.228293 0.115203 0.227317 0.116147 0.22439 0.116147 0.223415 0.117092 0.217561 0.117092 0.216585 0.116147 0.211707 0.116147 0.211707 0.130312 0.21561 0.130312 0.218537 0.133144 0.219512 0.133144 0.220488 0.134089 0.223415 0.134089 0.228293 0.129367 0.228293 0.128423 0.230244 0.126534 0.23122 0.126534 0.232195 0.12559 0.234146 0.12559 0.235122 0.124646 0.236098 0.124646 0.237073 0.12559 0.240976 0.12559 0.241951 0.126534 0.242927 0.126534 0.245854 0.129367 0.245854 0.130312 0.246829 0.131256 0.246829 0.1322 0.247805 0.133144 0.247805 0.134089 0.24878 0.135033 0.24878 0.135977 0.250732 0.137866 0.250732 0.13881 0.252683 0.140699 0.252683 0.141643 0.253659 0.141643 0.254634 0.142587 0.256585 0.142587 0.256585 0.126534 0.254634 0.124646 0.254634 0.123702 0.249756 0.11898 0.24878 0.11898 0.247805 0.118036 0.246829 0.118036 0.245854 0.117092 0.243902 0.117092 0.242927 0.116147 0.239024 0.116147 0.238049 0.115203
0 0.320976 0.939566 0.320976 0.94051 0.319024 0.942398 0.319024 0.943343 0.318049 0.944287 0.318049 0.946176 0.316098 0.948064 0.315122 0.948064 0.312195 0.950897 0.31122 0.950897 0.308293 0.95373 0.307317 0.95373 0.306341 0.954674 0.30439 0.954674 0.303415 0.955619 0.302439 0.955619 0.301463 0.956563 0.300488 0.956563 0.299512 0.957507 0.297561 0.957507 0.297561 0.966006 0.310244 0.966006 0.31122 0.965061 0.313171 0.965061 0.314146 0.964117 0.315122 0.964117 0.316098 0.963173 0.317073 0.963173 0.318049 0.962229 0.319024 0.962229 0.32 0.961284 0.320976 0.961284 0.321951 0.96034 0.322927 0.96034 0.324878 0.958451 0.325854 0.958451 0.327805 0.956563 0.327805 0.939566
1 0.316098 0.503305 0.316098 0.518414 0.319024 0.521246 0.32 0.521246 0.320976 0.522191 0.321951 0.522191 0.322927 0.523135 0.326829 0.523135 0.327805 0.522191 0.328781 0.522191 0.329756 0.521246 0.329756 0.520302 0.330732 0.519358 0.330732 0.503305
0 0.610732 0.607177 0.610732 0.609065 0.609756 0.610009 0.608781 0.610009 0.606829 0.611898 0.605854 0.611898 0.604878 0.612842 0.603902 0.612842 0.602927 0.613787 0.601951 0.613787 0.600976 0.614731 0.6 0.614731 0.599024 0.615675 0.598049 0.615675 0.596098 0.617564 0.595122 0.617564 0.594146 0.618508 0.593171 0.618508 0.592195 0.619452 0.592195 0.631728 0.596098 0.631728 0.597073 0.632672 0.599024 0.632672 0.6 0.633617 0.601951 0.633617 0.602927 0.634561 0.604878 0.634561 0.605854 0.635505 0.608781 0.635505 0.609756 0.636449 0.612683 0.636449 0.613659 0.637394 0.614634 0.637394 0.61561 0.638338 0.621463 0.632672 0.622439 0.632672 0.625366 0.629839 0.626341 0.629839 0.628293 0.627951 0.64878 0.627951 0.649756 0.628895 0.652683 0.628895 0.653659 0.629839 0.654634 0.629839 0.654634 0.621341 0.652683 0.619452 0.651707 0.619452 0.650732 0.618508 0.649756 0.618508 0.64878 0.617564 0.647805 0.617564 0.642927 0.612842 0.640976 0.612842 0.64 0.611898 0.639024 0.611898 0.638049 0.610954 0.637073 0.610954 0.636098 0.610009 0.635122 0.610009 0.633171 0.608121 0.632195 0.608121 0.63122 0.607177
1 0.481951 0.527856 0.481951 0.534467 0.482927 0.535411 0.482927 0.536355 0.48878 0.536355 0.48878 0.527856
0 0.625366 0.401322 0.625366 0.409821 0.626341 0.408876 0.63122 0.408876 0.632195 0.409821 0.634146 0.409821 0.638049 0.413598 0.638049 0.414542 0.639024 0.415486 0.639024 0.417375 0.64 0.418319 0.64 0.420208 0.640976 0.421152 0.640976 0.427762 0.644878 0.427762 0.645854 0.426818 0.647805 0.426818 0.64878 0.425873 0.64878 0.411709 0.646829 0.409821 0.646829 0.408876 0.644878 0.406988 0.644878 0.406043 0.641951 0.403211 0.641951 0.402266 0.640976 0.401322
1 0.392195 0.487252 0.392195 0.500472 0.396098 0.504249 0.397073 0.504249 0.398049 0.505194 0.399024 0.505194 0.4 0.506138 0.400976 0.506138 0.401951 0.507082 0.407805 0.507082 0.40878 0.506138 0.409756 0.506138 0.412683 0.503305 0.413659 0.503305 0.414634 0.502361 0.413659 0.501416 0.413659 0.497639 0.412683 0.496695 0.412683 0.495751 0.411707 0.494806 0.410732 0.494806 0.405854 0.490085 0.405854 0.488196 0.404878 0.487252
1 0.0370732 0.932956 0.0370732 0.949009 0.0380488 0.949953 0.0390244 0.949953 0.04 0.950897 0.0409756 0.950897 0.0419512 0.951841 0.0439024 0.951841 0.044878 0.952786 0.0458537 0.952786 0.0468293 0.95373 0.0526829 0.95373 0.0536585 0.952786 0.0546341 0.952786 0.057561 0.949953 0.057561 0.932956
0 0.732683 0.00188857 0.732683 0.0179415 0.733659 0.0169972 0.736585 0.0169972 0.737561 0.0160529 0.738537 0.0160529 0.742439 0.0122757 0.743415 0.0122757 0.74439 0.0113314 0.746341 0.0113314 0.747317 0.0103872 0.752195 0.0103872 0.753171 0.0113314 0.754146 0.0113314 0.757073 0.0141643 0.757073 0.0151086 0.758049 0.0151086 0.759024 0.0160529 0.760976 0.0160529 0.761951 0.0169972 0.762927 0.0169972 0.763902 0.0179415 0.763902 0.00188857
0 0.272195 0.250236 0.27122 0.25118 0.267317 0.25118 0.266341 0.252125 0.26439 0.252125 0.263415 0.253069 0.260488 0.253069 0.259512 0.254013 0.256585 0.254013 0.25561 0.254957 0.254634 0.254957 0.253659 0.255902 0.251707 0.255902 0.250732 0.256846 0.249756 0.256846 0.24878 0.25779 0.247805 0.25779 0.246829 0.258735 0.245854 0.258735 0.244878 0.259679 0.244878 0.260623 0.243902 0.261568 0.243902 0.262512 0.242927 0.263456 0.242927 0.266289 0.244878 0.268178 0.244878 0.269122 0.245854 0.269122 0.247805 0.27101 0.24878 0.27101 0.249756 0.270066 0.251707 0.270066 0.252683 0.269122 0.25561 0.269122 0.256585 0.268178 0.258537 0.268178 0.259512 0.267233 0.262439 0.267233 0.263415 0.266289 0.268293 0.266289 0.269268 0.265345 0.279024 0.265345 0.28 0.2644 0.287805 0.2644 0.28878 0.265345 0.289756 0.265345 0.292683 0.268178 0.292683 0.269122 0.293659 0.270066 0.293659 0.27101 0.296585 0.273843 0.296585 0.274788 0.297561 0.275732 0.297561 0.276676 0.301463 0.280453 0.301463 0.281398 0.30439 0.28423 0.30439 0.285175 0.309268 0.289896 0.310244 0.289896 0.312195 0.291785 0.314146 0.291785 0.315122 0.292729 0.316098 0.292729 0.317073 0.293673 0.318049 0.293673 0.319024 0.294618 0.321951 0.294618 0.322927 0.295562 0.325854 0.295562 0.326829 0.294618 0.327805 0.294618 0.328781 0.293673 0.329756 0.293673 0.330732 0.292729 0.331707 0.292729 0.336585 0.288008 0.337561 0.288008 0.338537 0.287063 0.338537 0.275732 0.337561 0.276676 0.336585 0.276676 0.33561 0.27762 0.334634 0.27762 0.333659 0.278565 0.332683 0.278565 0.331707 0.279509 0.328781 0.279509 0.327805 0.280453 0.326829 0.280453 0.325854 0.281398 0.324878 0.281398 0.323902 0.280453 0.322927 0.280453 0.321951 0.279509 0.320976 0.279509 0.319024 0.27762 0.318049 0.27762 0.317073 0.276676 0.316098 0.276676 0.315122 0.275732 0.314146 0.275732 0.313171 0.274788 0.312195 0.274788 0.31122 0.273843 0.310244 0.273843 0.308293 0.271955 0.307317 0.271955 0.302439 0.267233 0.302439 0.265345 0.301463 0.2644 0.301463 0.260623 0.300488 0.259679 0.300488 0.255902 0.299512 0.254957 0.299512 0.253069 0.298537 0.253069 0.297561 0.252125 0.29561 0.252125 0.294634 0.25118 0.292683 0.25118 0.291707 0.250236
0 0.123902 0.247403 0.123902 0.248347 0.124878 0.249292 0.124878 0.252125 0.125854 0.253069 0.125854 0.255902 0.126829 0.256846 0.126829 0.260623 0.124878 0.262512 0.124878 0.263456 0.122927 0.265345 0.122927 0.266289 0.12 0.269122 0.119024 0.269122 0.119024 0.270066 0.117073 0.271955 0.117073 0.273843 0.116098 0.274788 0.116098 0.279509 0.115122 0.280453 0.115122 0.294618 0.116098 0.295562 0.116098 0.302172 0.117073 0.303116 0.117073 0.305949 0.118049 0.306893 0.118049 0.309726 0.119024 0.31067 0.119024 0.312559 0.12 0.313503 0.12 0.314448 0.121951 0.316336 0.12878 0.316336 0.12878 0.315392 0.127805 0.314448 0.127805 0.313503 0.126829 0.312559 0.126829 0.311615 0.125854 0.31067 0.125854 0.309726 0.123902 0.307838 0.123902 0.306893 0.122927 0.305949 0.122927 0.305005 0.121951 0.30406 0.121951 0.302172 0.122927 0.301228 0.122927 0.296506 0.123902 0.295562 0.123902 0.287063 0.124878 0.286119 0.124878 0.283286 0.125854 0.282342 0.125854 0.279509 0.126829 0.278565 0.126829 0.276676 0.127805 0.275732 0.127805 0.273843 0.12878 0.272899 0.12878 0.27101 0.129756 0.270066 0.129756 0.269122 0.130732 0.268178 0.130732 0.247403
0 0.554146 0.146364 0.554146 0.174693 0.555122 0.175637 0.555122 0.180359 0.556098 0.181303 0.556098 0.184136 0.557073 0.18508 0.557073 0.186025 0.559024 0.187913 0.559024 0.188857 0.565854 0.195467 0.566829 0.195467 0.567805 0.196412 0.573659 0.196412 0.576585 0.193579 0.576585 0.177526 0.573659 0.174693 0.573659 0.173749 0.572683 0.172805 0.572683 0.170916 0.571707 0.169972 0.571707 0.169027 0.570732 0.168083 0.570732 0.166195 0.569756 0.16525 0.569756 0.156752 0.570732 0.155807 0.570732 0.146364
1 0.265366 0.829084 0.26439 0.830028 0.260488 0.830028 0.259512 0.830973 0.258537 0.830973 0.257561 0.831917 0.256585 0.831917 0.254634 0.833806 0.254634 0.851747 0.266341 0.851747 0.267317 0.850803 0.268293 0.850803 0.270244 0.848914 0.270244 0.84797 0.27122 0.847026 0.27122 0.831917 0.269268 0.830028 0.268293 0.830028 0.267317 0.829084
1 0.841951 0.449481 0.841951 0.458924 0.848781 0.458924 0.849756 0.457979 0.850732 0.457979 0.852683 0.456091 0.852683 0.449481
0 0.507317 0.355052 0.50439 0.357885 0.50439 0.358829 0.503415 0.359773 0.503415 0.362606 0.502439 0.363551 0.502439 0.365439 0.50439 0.367328 0.509268 0.367328 0.510244 0.366383 0.512195 0.366383 0.513171 0.367328 0.515122 0.367328 0.516098 0.368272 0.517073 0.368272 0.52 0.371105 0.52 0.372993 0.519024 0.373938 0.519024 0.374882 0.518049 0.375826 0.518049 0.378659 0.52 0.380548 0.521951 0.380548 0.522927 0.381492 0.525854 0.381492 0.526829 0.380548 0.527805 0.380548 0.52878 0.379603 0.52878 0.356941 0.526829 0.355052
1 0.0731707 0.34372 0.0731707 0.356941 0.0741463 0.356941 0.075122 0.357885 0.0770732 0.357885 0.0780488 0.358829 0.084878 0.358829 0.0858537 0.357885 0.0868293 0.357885 0.0868293 0.34372
0 0.524878 0.751652 0.524878 0.75543 0.525854 0.756374 0.525854 0.758263 0.526829 0.759207 0.525854 0.760151 0.525854 0.76865 0.524878 0.769594 0.524878 0.773371 0.525854 0.774315 0.525854 0.780925 0.526829 0.78187 0.526829 0.792257 0.525854 0.793201 0.525854 0.804533 0.526829 0.805477 0.526829 0.811143 0.527805 0.812087 0.527805 0.816808 0.526829 0.817753 0.526829 0.829084 0.527805 0.830028 0.527805 0.831917 0.52878 0.832861 0.52878 0.833806 0.530732 0.835694 0.531707 0.835694 0.532683 0.836638 0.534634 0.836638 0.53561 0.837583 0.539512 0.837583 0.540488 0.836638 0.541463 0.836638 0.543415 0.83475 0.543415 0.822474 0.542439 0.82153 0.542439 0.813975 0.543415 0.813031 0.543415 0.810198 0.54439 0.809254 0.54439 0.806421 0.545366 0.805477 0.545366 0.8017 0.546341 0.800755 0.546341 0.764873 0.545366 0.763928 0.545366 0.76204 0.54439 0.761095 0.54439 0.759207 0.537561 0.752597 0.536585 0.752597 0.53561 0.751652
1 0.687805 0.882908 0.687805 0.898961 0.68878 0.898961 0.689756 0.899906 0.691707 0.899906 0.692683 0.90085 0.693659 0.90085 0.694634 0.901794 0.696585 0.901794 0.697561 0.902738 0.697561 0.904627 0.703415 0.904627 0.703415 0.902738 0.70439 0.901794 0.705366 0.901794 0.709268 0.898017 0.709268 0.886686 0.707317 0.884797 0.706341 0.884797 0.70439 0.882908
0 0.973659 0.160529 0.972683 0.161473 0.972683 0.163362 0.971707 0.164306 0.976585 0.169027 0.976585 0.169972 0.980488 0.173749 0.980488 0.174693 0.981463 0.175637 0.981463 0.176582 0.982439 0.177526 0.982439 0.17847 0.983415 0.179415 0.983415 0.180359 0.98439 0.180359 0.986341 0.182247 0.986341 0.183192 0.988293 0.18508 0.988293 0.186025 0.989268 0.186969 0.989268 0.187913 0.990244 0.187913 0.99122 0.188857 0.997073 0.188857 0.997073 0.179415 0.995122 0.177526 0.994146 0.177526 0.988293 0.17186 0.988293 0.170916 0.979512 0.162417 0.978537 0.162417 0.976585 0.160529
1 0.346341 0.817753 0.346341 0.820585 0.347317 0.82153 0.346341 0.822474 0.346341 0.830028 0.347317 0.830973 0.347317 0.831917 0.348293 0.832861 0.348293 0.833806 0.349268 0.83475 0.349268 0.835694 0.35122 0.837583 0.35122 0.838527 0.353171 0.840415 0.355122 0.840415 0.356098 0.84136 0.363902 0.84136 0.364878 0.840415 0.365854 0.840415 0.367805 0.838527 0.367805 0.837583 0.369756 0.835694 0.369756 0.82153 0.36878 0.820585 0.36878 0.817753
0 0.809756 0.082153 0.80878 0.0830973 0.806829 0.0830973 0.805854 0.0840416 0.803902 0.0840416 0.802927 0.0849858 0.800976 0.0849858 0.796098 0.0897073 0.796098 0.095373 0.80878 0.095373 0.810732 0.0934844 0.811707 0.0934844 0.812683 0.0925401 0.813659 0.0925401 0.814634 0.0915958 0.821463 0.0915958 0.822439 0.0925401 0.827317 0.0925401 0.828293 0.0934844 0.829268 0.0925401 0.830244 0.0925401 0.832195 0.0906516 0.832195 0.0830973 0.831219 0.082153
1 0.247805 0.925401 0.246829 0.926346 0.243902 0.926346 0.243902 0.94051 0.254634 0.94051 0.256585 0.938621 0.256585 0.925401
0 0.955122 0.642115 0.953171 0.644004 0.953171 0.661001 0.954146 0.661945 0.954146 0.66289 0.955122 0.663834 0.955122 0.664778 0.956098 0.665722 0.956098 0.666667 0.958049 0.668555 0.958049 0.6695 0.96 0.671388 0.96 0.672332 0.960976 0.673277 0.960976 0.674221 0.962927 0.67611 0.962927 0.677054 0.963902 0.677998 0.963902 0.678942 0.964878 0.679887 0.979512 0.679887 0.979512 0.670444 0.978537 0.670444 0.977561 0.6695 0.976585 0.6695 0.971707 0.664778 0.971707 0.663834 0.970732 0.66289 0.970732 0.661945 0.969756 0.661001 0.969756 0.660057 0.968781 0.659112 0.968781 0.655335 0.969756 0.654391 0.969756 0.650614 0.970732 0.64967 0.970732 0.645892 0.968781 0.644004 0.968781 0.643059 0.967805 0.642115
0 0.88 0.0321058 0.88 0.0406043 0.882927 0.0434372 0.882927 0.0443815 0.885854 0.0472144 0.886829 0.0472144 0.887805 0.0481586 0.88878 0.0481586 0.890732 0.0500472 0.891707 0.0500472 0.894634 0.0528801 0.89561 0.0528801 0.898537 0.0557129 0.898537 0.0566572 0.899512 0.0576015 0.899512 0.0594901 0.900488 0.0604344 0.906341 0.0604344 0.906341 0.0557129 0.905366 0.0547686 0.90439 0.0547686 0.902439 0.0528801 0.902439 0.0509915 0.901463 0.0500472 0.901463 0.0472144 0.900488 0.0462701 0.900488 0.0443815 0.899512 0.0434372 0.899512 0.0415486 0.897561 0.0396601 0.897561 0.0387158 0.896585 0.0377715 0.896585 0.0368272 0.89561 0.0358829 0.89561 0.0349386 0.894634 0.0339943 0.894634 0.0321058
1 0.0165854 0.460812 0.0156098 0.461756 0.0117073 0.461756 0.0117073 0.477809 0.017561 0.477809 0.0185366 0.478754 0.0195122 0.478754 0.0204878 0.479698 0.0282927 0.479698 0.035122 0.473088 0.035122 0.460812
0 0.963902 0.00849858 0.963902 0.01983 0.965854 0.0217186 0.965854 0.0226629 0.968781 0.0254958 0.968781 0.02644 0.970732 0.0283286 0.973659 0.0283286 0.974634 0.0292729 0.97561 0.0292729 0.97561 0.00849858
0 0.388293 0.327668 0.388293 0.328612 0.392195 0.332389 0.392195 0.333333 0.394146 0.335222 0.394146 0.336166 0.395122 0.33711 0.395122 0.338999 0.396098 0.339943 0.396098 0.34372 0.395122 0.344665 0.395122 0.347498 0.392195 0.350331 0.39122 0.350331 0.390244 0.351275 0.387317 0.351275 0.386341 0.352219 0.381463 0.352219 0.380488 0.353163 0.377561 0.353163 0.377561 0.363551 0.381463 0.363551 0.382439 0.362606 0.385366 0.362606 0.386341 0.361662 0.388293 0.361662 0.389268 0.360718 0.390244 0.360718 0.39122 0.359773 0.393171 0.359773 0.394146 0.358829 0.396098 0.358829 0.400976 0.354108 0.401951 0.354108 0.401951 0.336166 0.400976 0.335222 0.400976 0.334278 0.399024 0.332389 0.399024 0.331445 0.398049 0.3305 0.398049 0.328612 0.397073 0.327668
1 0.838049 0.0604344 0.834146 0.0642115 0.833171 0.0642115 0.832195 0.0651558 0.830244 0.0651558 0.829268 0.0661001 0.82439 0.0661001 0.823415 0.0670444 0.821463 0.0670444 0.820488 0.0679887 0.820488 0.075543 0.835122 0.075543 0.836098 0.0745987 0.838049 0.0745987 0.839024 0.0736544 0.84 0.0736544 0.840976 0.0727101 0.841951 0.0727101 0.842927 0.0717658 0.842927 0.0604344
1 0.622439 0.137866 0.622439 0.143532 0.623415 0.143532 0.62439 0.144476 0.628293 0.144476 0.628293 0.137866
0 0.0546341 0.420208 0.0546341 0.431539 0.0556098 0.432483 0.0556098 0.433428 0.0565854 0.434372 0.0565854 0.435316 0.057561 0.436261 0.057561 0.437205 0.0585366 0.438149 0.0585366 0.439093 0.0673171 0.447592 0.0712195 0.447592 0.0721951 0.446648 0.0741463 0.446648 0.0760976 0.444759 0.0770732 0.444759 0.0780488 0.443815 0.0946341 0.443815 0.0956098 0.442871 0.097561 0.442871 0.0985366 0.441926 0.0995122 0.441926 0.100488 0.440982 0.106341 0.440982 0.107317 0.440038 0.110244 0.440038 0.11122 0.439093 0.114146 0.439093 0.115122 0.438149 0.119024 0.438149 0.12 0.437205 0.120976 0.437205 0.121951 0.436261 0.123902 0.436261 0.124878 0.435316 0.126829 0.435316 0.127805 0.434372 0.129756 0.434372 0.130732 0.433428 0.131707 0.433428 0.13561 0.429651 0.13561 0.426818 0.131707 0.426818 0.130732 0.425873 0.127805 0.425873 0.126829 0.424929 0.124878 0.424929 0.123902 0.423985 0.122927 0.423985 0.121951 0.423041 0.120976 0.423041 0.12 0.422096 0.117073 0.422096 0.116098 0.423041 0.114146 0.423041 0.113171 0.423985 0.097561 0.423985 0.0965854 0.423041 0.0936585 0.423041 0.0926829 0.422096 0.0917073 0.423041 0.0858537 0.423041 0.084878 0.423985 0.0839024 0.423985 0.0829268 0.424929 0.0809756 0.424929 0.0780488 0.427762 0.0780488 0.428706 0.0760976 0.430595 0.0760976 0.431539 0.075122 0.432483 0.075122 0.433428 0.0741463 0.434372 0.0721951 0.434372 0.0712195 0.435316 0.0673171 0.435316 0.0653659 0.433428 0.0653659 0.432483 0.0643902 0.431539 0.0643902 0.430595 0.0634146 0.429651 0.0634146 0.427762 0.0614634 0.425873 0.0614634 0.424929 0.0604878 0.423985 0.0595122 0.423985 0.0565854 0.421152 0.0556098 0.421152
0 0.14439 0.128423 0.143415 0.129367 0.142439 0.129367 0.141463 0.130312 0.140488 0.130312 0.139512 0.131256 0.133659 0.131256 0.132683 0.1322 0.131707 0.1322 0.131707 0.142587 0.132683 0.143532 0.138537 0.143532 0.138537 0.142587 0.139512 0.141643 0.139512 0.140699 0.143415 0.136922 0.14439 0.136922 0.145366 0.135977 0.146341 0.135977 0.148293 0.134089 0.149268 0.134089 0.149268 0.1322 0.148293 0.131256 0.148293 0.130312 0.147317 0.129367 0.146341 0.129367 0.145366 0.128423
0 0.839024 0.144476 0.839024 0.14542 0.838049 0.146364 0.838049 0.147309 0.837073 0.148253 0.837073 0.151086 0.836098 0.15203 0.836098 0.152975 0.837073 0.153919 0.837073 0.157696 0.838049 0.15864 0.838049 0.161473 0.837073 0.162417 0.837073 0.166195 0.836098 0.167139 0.836098 0.168083 0.835122 0.169027 0.835122 0.183192 0.836098 0.184136 0.837073 0.184136 0.838049 0.18508 0.842927 0.18508 0.843902 0.184136 0.844878 0.184136 0.847805 0.181303 0.847805 0.167139 0.846829 0.166195 0.846829 0.163362 0.847805 0.162417 0.847805 0.144476
0 0.494634 0.01983 0.486829 0.0273843 0.486829 0.0339943 0.490732 0.0339943 0.491707 0.03305 0.492683 0.03305 0.493659 0.0321058 0.494634 0.0321058 0.496585 0.0302172 0.497561 0.0302172 0.50439 0.0236072 0.505366 0.0236072 0.506341 0.0226629 0.507317 0.0226629 0.507317 0.01983
1 0.308293 0.186025 0.308293 0.20491 0.309268 0.205855 0.309268 0.206799 0.319024 0.206799 0.32 0.205855 0.320976 0.205855 0.321951 0.20491 0.322927 0.20491 0.323902 0.203966 0.323902 0.186969 0.322927 0.186025
0 0.630244 0.402266 0.630244 0.408876 0.632195 0.408876 0.633171 0.409821 0.635122 0.409821 0.637073 0.411709 0.637073 0.412653 0.639024 0.414542 0.639024 0.416431 0.64 0.417375 0.64 0.420208 0.640976 0.421152 0.640976 0.422096 0.64 0.423041 0.64 0.427762 0.640976 0.428706 0.642927 0.428706 0.643902 0.427762 0.645854 0.427762 0.646829 0.426818 0.646829 0.409821 0.645854 0.408876 0.645854 0.407932 0.643902 0.406043 0.643902 0.405099 0.640976 0.402266
1 0.0770732 0.512748 0.0770732 0.526912 0.0878049 0.526912 0.0897561 0.525024 0.0897561 0.512748
1 0.459512 0.516525 0.459512 0.529745 0.460488 0.529745 0.461463 0.530689 0.462439 0.530689 0.46439 0.532578 0.465366 0.532578 0.466341 0.533522 0.468293 0.533522 0.469268 0.532578 0.470244 0.532578 0.47122 0.531634 0.472195 0.531634 0.472195 0.516525
0 0.372683 0.229462 0.372683 0.23135 0.373659 0.232295 0.373659 0.234183 0.374634 0.235127 0.374634 0.236072 0.37561 0.237016 0.376585 0.237016 0.380488 0.240793 0.381463 0.240793 0.382439 0.241737 0.383415 0.241737 0.38439 0.242682 0.386341 0.242682 0.387317 0.243626 0.388293 0.243626 0.389268 0.24457 0.39122 0.24457 0.393171 0.246459 0.394146 0.246459 0.395122 0.247403 0.399024 0.247403 0.4 0.248347 0.403902 0.248347 0.404878 0.247403 0.405854 0.247403 0.406829 0.246459 0.406829 0.24457 0.405854 0.243626 0.405854 0.242682 0.403902 0.240793 0.403902 0.239849 0.405854 0.23796 0.406829 0.23796 0.40878 0.236072 0.417561 0.236072 0.418537 0.237016 0.423415 0.237016 0.423415 0.229462
0 0.647805 0.000944287 0.647805 0.0075543 0.651707 0.0113314 0.652683 0.0113314 0.654634 0.01322 0.658537 0.01322 0.659512 0.0141643 0.660488 0.0141643 0.661463 0.01322 0.662439 0.01322 0.663415 0.0122757 0.665366 0.0122757 0.666341 0.0113314 0.667317 0.0113314 0.670244 0.00849858 0.670244 0.0075543 0.673171 0.00472144 0.673171 0.000944287
0 0.762927 0.398489 0.762927 0.419263 0.763902 0.420208 0.763902 0.421152 0.76878 0.425873 0.76878 0.426818 0.770732 0.428706 0.770732 0.429651 0.771707 0.430595 0.771707 0.431539 0.772683 0.432483 0.772683 0.434372 0.773659 0.435316 0.773659 0.437205 0.774634 0.438149 0.774634 0.440038 0.77561 0.440982 0.77561 0.442871 0.776585 0.443815 0.776585 0.445704 0.777561 0.446648 0.777561 0.447592 0.783415 0.453258 0.783415 0.454202 0.786341 0.454202 0.787317 0.455146 0.79122 0.455146 0.793171 0.453258 0.794146 0.453258 0.794146 0.442871 0.793171 0.441926 0.793171 0.440982 0.792195 0.440038 0.792195 0.437205 0.79122 0.436261 0.79122 0.433428 0.790244 0.432483 0.790244 0.429651 0.789268 0.428706 0.789268 0.421152 0.788293 0.420208 0.788293 0.419263 0.787317 0.418319 0.787317 0.417375 0.786341 0.416431 0.786341 0.415486 0.785366 0.414542 0.785366 0.413598 0.78439 0.412653 0.78439 0.411709 0.783415 0.410765 0.783415 0.408876 0.780488 0.406043 0.779512 0.406043 0.77561 0.402266 0.77561 0.401322 0.772683 0.398489
1 0.765854 0.610009 0.765854 0.611898 0.764878 0.612842 0.764878 0.617564 0.765854 0.618508 0.765854 0.620397 0.766829 0.621341 0.766829 0.622285 0.77561 0.622285 0.776585 0.621341 0.777561 0.621341 0.777561 0.611898 0.77561 0.610009
1 0.147317 0.307838 0.147317 0.31728 0.148293 0.318225 0.149268 0.318225 0.150244 0.319169 0.15122 0.319169 0.152195 0.320113 0.154146 0.320113 0.155122 0.321058 0.159024 0.321058 0.16 0.320113 0.160976 0.320113 0.162927 0.318225 0.162927 0.308782 0.161951 0.307838
0 0.433171 0.725212 0.433171 0.726157 0.434146 0.727101 0.434146 0.72899 0.436098 0.730878 0.437073 0.730878 0.44 0.733711 0.439024 0.734655 0.438049 0.734655 0.437073 0.7356 0.434146 0.7356 0.433171 0.736544 0.429268 0.736544 0.428293 0.737488 0.421463 0.737488 0.420488 0.736544 0.419512 0.736544 0.416585 0.733711 0.416585 0.727101 0.41561 0.726157 0.414634 0.727101 0.412683 0.727101 0.411707 0.728045 0.409756 0.728045 0.407805 0.729934 0.406829 0.729934 0.405854 0.730878 0.393171 0.730878 0.392195 0.729934 0.388293 0.729934 0.387317 0.730878 0.382439 0.730878 0.381463 0.731822 0.380488 0.731822 0.379512 0.732767 0.378537 0.732767 0.376585 0.734655 0.376585 0.744098 0.377561 0.744098 0.378537 0.745043 0.379512 0.745043 0.380488 0.745987 0.38439 0.745987 0.385366 0.746931 0.392195 0.746931 0.393171 0.747875 0.397073 0.747875 0.398049 0.74882 0.401951 0.74882 0.402927 0.749764 0.440976 0.749764 0.441951 0.74882 0.443902 0.74882 0.444878 0.747875 0.445854 0.747875 0.450732 0.743154 0.450732 0.731822 0.449756 0.730878 0.446829 0.730878 0.445854 0.729934 0.444878 0.729934 0.442927 0.728045 0.442927 0.726157 0.443902 0.725212
0 0.749268 0.487252 0.749268 0.494806 0.748293 0.495751 0.748293 0.500472 0.747317 0.501416 0.747317 0.503305 0.746341 0.504249 0.746341 0.505194 0.743415 0.508026 0.742439 0.508026 0.741463 0.508971 0.740488 0.508971 0.739512 0.509915 0.739512 0.516525 0.740488 0.517469 0.740488 0.522191 0.741463 0.523135 0.741463 0.528801 0.740488 0.529745 0.740488 0.530689 0.739512 0.531634 0.739512 0.558074 0.743415 0.561851 0.74439 0.561851 0.745366 0.562795 0.746341 0.562795 0.747317 0.563739 0.759024 0.563739 0.76 0.562795 0.760976 0.562795 0.761951 0.561851 0.762927 0.561851 0.762927 0.538244 0.761951 0.537299 0.761951 0.534467 0.760976 0.533522 0.760976 0.531634 0.76 0.530689 0.76 0.528801 0.759024 0.527856 0.759024 0.499528 0.76 0.498584 0.76 0.489141 0.760976 0.488196 0.760976 0.487252
0 0.81561 0.476865 0.814634 0.477809 0.814634 0.478754 0.811707 0.481586 0.810732 0.481586 0.806829 0.485364 0.806829 0.486308 0.805854 0.487252 0.804878 0.487252 0.802927 0.489141 0.800976 0.489141 0.8 0.488196 0.796098 0.488196 0.793171 0.485364 0.793171 0.484419 0.792195 0.483475 0.792195 0.482531 0.790244 0.480642 0.790244 0.479698 0.787317 0.479698 0.786341 0.480642 0.785366 0.480642 0.783415 0.482531 0.782439 0.482531 0.780488 0.480642 0.780488 0.478754 0.779512 0.477809 0.773659 0.477809 0.767805 0.483475 0.766829 0.483475 0.767805 0.484419 0.769756 0.484419 0.770732 0.485364 0.771707 0.484419 0.776585 0.484419 0.777561 0.483475 0.783415 0.483475 0.78439 0.484419 0.785366 0.484419 0.789268 0.488196 0.789268 0.489141 0.790244 0.490085 0.790244 0.491029 0.79122 0.491974 0.79122 0.492918 0.792195 0.493862 0.792195 0.497639 0.785366 0.504249 0.78439 0.504249 0.783415 0.505194 0.780488 0.505194 0.779512 0.506138 0.776585 0.506138 0.77561 0.507082 0.773659 0.507082 0.772683 0.508026 0.769756 0.508026 0.76878 0.507082 0.767805 0.507082 0.765854 0.505194 0.764878 0.505194 0.760976 0.501416 0.760976 0.500472 0.759024 0.498584 0.759024 0.497639 0.758049 0.496695 0.757073 0.496695 0.756098 0.497639 0.756098 0.500472 0.755122 0.501416 0.755122 0.502361 0.756098 0.503305 0.756098 0.505194 0.757073 0.506138 0.757073 0.508026 0.758049 0.508971 0.758049 0.509915 0.76 0.511804 0.76 0.513692 0.760976 0.514636 0.760976 0.515581 0.761951 0.516525 0.761951 0.517469 0.763902 0.519358 0.786341 0.519358 0.788293 0.517469 0.789268 0.517469 0.793171 0.513692 0.794146 0.513692 0.797073 0.510859 0.798049 0.510859 0.80878 0.500472 0.80878 0.499528 0.809756 0.498584 0.809756 0.497639 0.810732 0.496695 0.810732 0.495751 0.811707 0.494806 0.811707 0.492918 0.812683 0.491974 0.812683 0.491029 0.813659 0.490085 0.813659 0.489141 0.81561 0.487252
0 0.878049 0.402266 0.874146 0.406043 0.873171 0.406043 0.872195 0.406988 0.872195 0.424929 0.873171 0.425873 0.873171 0.426818 0.874146 0.427762 0.876098 0.427762 0.877073 0.428706 0.88 0.428706 0.880976 0.429651 0.881951 0.429651 0.882927 0.430595 0.883902 0.430595 0.887805 0.434372 0.88878 0.434372 0.889756 0.435316 0.893659 0.435316 0.893659 0.426818 0.892683 0.426818 0.891707 0.425873 0.890732 0.425873 0.88878 0.423985 0.887805 0.423985 0.884878 0.421152 0.884878 0.420208 0.883902 0.419263 0.883902 0.416431 0.882927 0.415486 0.882927 0.414542 0.883902 0.413598 0.883902 0.410765 0.884878 0.409821 0.884878 0.407932 0.885854 0.406988 0.885854 0.406043 0.88878 0.403211 0.88878 0.402266
0 0.170732 0.375826 0.170732 0.398489 0.173659 0.401322 0.173659 0.402266 0.174634 0.403211 0.174634 0.404155 0.17561 0.405099 0.17561 0.406988 0.176585 0.407932 0.176585 0.416431 0.177561 0.417375 0.177561 0.421152 0.183415 0.426818 0.18439 0.426818 0.185366 0.425873 0.186341 0.425873 0.187317 0.424929 0.187317 0.398489 0.186341 0.397545 0.186341 0.394712 0.185366 0.393768 0.185366 0.391879 0.18439 0.390935 0.18439 0.389991 0.183415 0.389046 0.183415 0.388102 0.182439 0.387158 0.182439 0.386213 0.180488 0.384325 0.180488 0.382436 0.178537 0.380548 0.178537 0.379603 0.177561 0.378659 0.177561 0.377715 0.176585 0.376771 0.173659 0.376771 0.172683 0.375826
0 0.799024 0.000944287 0.799024 0.00472144 0.798049 0.00566572 0.798049 0.00944287 0.793171 0.0141643 0.793171 0.0236072 0.799024 0.0236072 0.799024 0.0226629 0.800976 0.0207743 0.801951 0.0207743 0.802927 0.01983 0.802927 0.0188857 0.803902 0.0179415 0.803902 0.0169972 0.804878 0.0160529 0.804878 0.0141643 0.805854 0.01322 0.805854 0.0122757 0.806829 0.0113314 0.806829 0.000944287
1 0.554146 0.167139 0.554146 0.176582 0.555122 0.177526 0.555122 0.182247 0.556098 0.183192 0.556098 0.184136 0.559024 0.186969 0.559024 0.187913 0.56 0.188857 0.56 0.189802 0.563902 0.193579 0.563902 0.194523 0.564878 0.194523 0.566829 0.196412 0.567805 0.196412 0.56878 0.197356 0.571707 0.197356 0.572683 0.196412 0.573659 0.196412 0.574634 0.195467 0.57561 0.195467 0.576585 0.194523 0.576585 0.17847 0.57561 0.177526 0.574634 0.177526 0.573659 0.176582 0.573659 0.175637 0.572683 0.174693 0.572683 0.173749 0.571707 0.172805 0.571707 0.170916 0.570732 0.169972 0.570732 0.168083 0.569756 0.167139
0 0.0887805 0.935788 0.0878049 0.936733 0.0868293 0.936733 0.084878 0.938621 0.084878 0.950897 0.0878049 0.950897 0.0887805 0.949953 0.0897561 0.949953 0.0946341 0.945231 0.0965854 0.945231 0.097561 0.944287 0.100488 0.944287 0.101463 0.943343 0.107317 0.943343 0.108293 0.942398 0.109268 0.942398 0.110244 0.941454 0.110244 0.939566 0.11122 0.938621 0.11122 0.935788
1 0.244878 0.807365 0.244878 0.80831 0.243902 0.809254 0.243902 0.812087 0.242927 0.813031 0.242927 0.815864 0.244878 0.817753 0.244878 0.818697 0.247805 0.82153 0.251707 0.82153 0.252683 0.820585 0.254634 0.820585 0.254634 0.819641 0.257561 0.816808 0.257561 0.807365
0 0.150244 0.921624 0.150244 0.922568 0.147317 0.925401 0.147317 0.926346 0.134634 0.938621 0.134634 0.939566 0.133659 0.94051 0.133659 0.956563 0.140488 0.956563 0.141463 0.955619 0.146341 0.955619 0.147317 0.954674 0.149268 0.954674 0.150244 0.95373 0.15122 0.95373 0.157073 0.948064 0.157073 0.94712 0.159024 0.945231 0.159024 0.944287 0.16 0.943343 0.16 0.942398 0.160976 0.941454 0.160976 0.94051 0.164878 0.936733 0.164878 0.921624
1 0.458537 0.806421 0.45561 0.809254 0.454634 0.809254 0.453659 0.810198 0.453659 0.811143 0.452683 0.812087 0.451707 0.812087 0.44878 0.81492 0.447805 0.81492 0.447805 0.817753 0.44878 0.818697 0.44878 0.822474 0.450732 0.824363 0.450732 0.825307 0.454634 0.829084 0.456585 0.829084 0.457561 0.830028 0.459512 0.830028 0.460488 0.830973 0.462439 0.830973 0.463415 0.831917 0.465366 0.831917 0.466341 0.832861 0.474146 0.832861 0.475122 0.831917 0.476098 0.831917 0.477073 0.830973 0.478049 0.830973 0.479024 0.830028 0.48 0.830028 0.480976 0.829084 0.481951 0.829084 0.483902 0.827195 0.483902 0.812087 0.481951 0.810198 0.481951 0.809254 0.48 0.807365 0.479024 0.807365 0.478049 0.806421
0 0.946341 0.168083 0.945366 0.169027 0.945366 0.182247 0.946341 0.183192 0.946341 0.184136 0.947317 0.18508 0.947317 0.186969 0.948293 0.187913 0.948293 0.188857 0.949268 0.189802 0.949268 0.19169 0.950244 0.192635 0.950244 0.194523 0.952195 0.196412 0.952195 0.1983 0.953171 0.199245 0.953171 0.200189 0.954146 0.201133 0.954146 0.202077 0.955122 0.203022 0.955122 0.20491 0.954146 0.205855 0.954146 0.210576 0.953171 0.21152 0.953171 0.212465 0.951219 0.214353 0.948293 0.214353 0.947317 0.215297 0.945366 0.215297 0.945366 0.223796 0.948293 0.220963 0.948293 0.220019 0.949268 0.219075 0.949268 0.21813 0.950244 0.217186 0.951219 0.217186 0.952195 0.21813 0.952195 0.219075 0.953171 0.220019 0.953171 0.220963 0.956098 0.223796 0.956098 0.22474 0.958049 0.226629 0.958049 0.225685 0.959024 0.22474 0.959024 0.222852 0.96 0.221907 0.96 0.217186 0.959024 0.216242 0.959024 0.208687 0.96 0.207743 0.96 0.206799 0.960976 0.205855 0.960976 0.203966 0.961951 0.203022 0.961951 0.201133 0.962927 0.200189 0.962927 0.189802 0.961951 0.188857 0.961951 0.186969 0.960976 0.186025 0.960976 0.183192 0.96 0.182247 0.96 0.180359 0.959024 0.179415 0.959024 0.177526 0.958049 0.176582 0.958049 0.173749 0.957073 0.172805 0.957073 0.168083
0 0.0380488 0.554296 0.0380488 0.556185 0.0370732 0.557129 0.0370732 0.558074 0.0360976 0.559018 0.0360976 0.561851 0.035122 0.562795 0.035122 0.563739 0.0341463 0.564684 0.0341463 0.565628 0.0312195 0.568461 0.0302439 0.568461 0.0273171 0.571294 0.0273171 0.572238 0.0263415 0.573182 0.0263415 0.575071 0.0253659 0.576015 0.0253659 0.582625 0.0243902 0.583569 0.0243902 0.587347 0.0234146 0.588291 0.0234146 0.590179 0.022439 0.591124 0.022439 0.592068 0.0214634 0.593012 0.0214634 0.593957 0.0204878 0.594901 0.0204878 0.595845 0.0195122 0.596789 0.0195122 0.597734 0.017561 0.599622 0.017561 0.600567 0.0165854 0.601511 0.0165854 0.602455 0.0146341 0.604344 0.0146341 0.605288 0.0126829 0.607177 0.0126829 0.608121 0.0107317 0.610009 0.0107317 0.610954 0.00878049 0.612842 0.00878049 0.613787 0.00780488 0.614731 0.00780488 0.620397 0.00878049 0.621341 0.00878049 0.624174 0.0097561 0.625118 0.0097561 0.626062 0.0107317 0.627007 0.0107317 0.627951 0.0117073 0.628895 0.0117073 0.630784 0.0126829 0.631728 0.0126829 0.634561 0.0136585 0.635505 0.0136585 0.641171 0.0126829 0.642115 0.0126829 0.644004 0.0117073 0.644948 0.0117073 0.647781 0.0107317 0.648725 0.0107317 0.650614 0.0097561 0.651558 0.0097561 0.654391 0.00878049 0.655335 0.00878049 0.659112 0.00780488 0.660057 0.00780488 0.661945 0.00682927 0.66289 0.00682927 0.664778 0.00585366 0.665722 0.00585366 0.666667 0.00487805 0.667611 0.00487805 0.6695 0.00390244 0.670444 0.00390244 0.671388 0.00195122 0.673277 0 0.673277 0 0.703494 0.00292683 0.703494 0.00390244 0.70255 0.00390244 0.701605 0.00878049 0.696884 0.00878049 0.69594 0.0097561 0.694995 0.0097561 0.694051 0.0107317 0.693107 0.0107317 0.692162 0.0126829 0.690274 0.0126829 0.68933 0.0156098 0.686497 0.0156098 0.685552 0.017561 0.683664 0.017561 0.68272 0.0185366 0.681775 0.0185366 0.680831 0.0195122 0.679887 0.0195122 0.678942 0.0214634 0.677054 0.0214634 0.67611 0.022439 0.675165 0.022439 0.674221 0.0234146 0.673277 0.0234146 0.672332 0.0243902 0.671388 0.0243902 0.670444 0.0253659 0.6695 0.0253659 0.668555 0.0263415 0.667611 0.0263415 0.665722 0.0273171 0.664778 0.0273171 0.66289 0.0282927 0.661945 0.0282927 0.659112 0.0292683 0.658168 0.0292683 0.654391 0.0302439 0.653447 0.0302439 0.647781 0.0312195 0.646837 0.0312195 0.629839 0.0302439 0.628895 0.0302439 0.625118 0.0312195 0.624174 0.0312195 0.613787 0.0321951 0.612842 0.0321951 0.610954 0.0331707 0.610009 0.0331707 0.609065 0.0341463 0.608121 0.0341463 0.606232 0.035122 0.605288 0.035122 0.603399 0.0360976 0.602455 0.0360976 0.600567 0.0370732 0.599622 0.0370732 0.598678 0.0380488 0.597734
0 0.0868293 0.423041 0.0858537 0.423985 0.084878 0.423985 0.0839024 0.424929 0.0829268 0.424929 0.0819512 0.425873 0.0809756 0.425873 0.0760976 0.430595 0.0760976 0.431539 0.075122 0.432483 0.075122 0.433428 0.0741463 0.434372 0.0731707 0.434372 0.0721951 0.435316 0.0702439 0.435316 0.0692683 0.436261 0.0682927 0.436261 0.0673171 0.437205 0.0643902 0.434372 0.0643902 0.433428 0.0634146 0.432483 0.0634146 0.431539 0.062439 0.430595 0.062439 0.429651 0.0614634 0.428706 0.0614634 0.427762 0.0595122 0.425873 0.0585366 0.425873 0.0585366 0.437205 0.0595122 0.438149 0.0595122 0.439093 0.062439 0.441926 0.0634146 0.441926 0.0653659 0.443815 0.0653659 0.445704 0.0663415 0.446648 0.075122 0.446648 0.0770732 0.444759 0.0780488 0.444759 0.0790244 0.443815 0.0917073 0.443815 0.0926829 0.444759 0.0936585 0.443815 0.0956098 0.443815 0.0965854 0.442871 0.097561 0.442871 0.0985366 0.441926 0.101463 0.441926 0.102439 0.440982 0.107317 0.440982 0.108293 0.440038 0.108293 0.423985 0.0965854 0.423985 0.0956098 0.423041
1 0.990244 0.286119 0.978537 0.29745 0.978537 0.298395 0.976585 0.300283 0.976585 0.328612 0.977561 0.329556 0.978537 0.329556 0.979512 0.3305 0.981463 0.3305 0.982439 0.331445 0.98439 0.331445 0.986341 0.333333 0.987317 0.333333 0.989268 0.335222 0.990244 0.335222 0.99122 0.336166 0.998049 0.336166 0.998049 0.286119
0 0.196098 0.817753 0.195122 0.818697 0.190244 0.818697 0.189268 0.819641 0.18439 0.819641 0.183415 0.820585 0.181463 0.820585 0.180488 0.82153 0.180488 0.833806 0.18439 0.833806 0.185366 0.832861 0.187317 0.832861 0.188293 0.831917 0.193171 0.831917 0.194146 0.830973 0.199024 0.830973 0.2 0.831917 0.201951 0.831917 0.204878 0.83475 0.204878 0.835694 0.205854 0.836638 0.205854 0.838527 0.206829 0.839471 0.206829 0.847026 0.209756 0.849858 0.210732 0.849858 0.211707 0.848914 0.216585 0.848914 0.219512 0.846081 0.219512 0.82814 0.214634 0.823418 0.213659 0.823418 0.210732 0.820585 0.20878 0.820585 0.207805 0.819641 0.205854 0.819641 0.204878 0.818697 0.2 0.818697 0.199024 0.817753
1 0.359024 0.852691 0.357073 0.85458 0.357073 0.864023 0.365854 0.864023 0.366829 0.863078 0.367805 0.863078 0.369756 0.86119 0.369756 0.852691
1 0.741463 0.530689 0.741463 0.559018 0.74439 0.561851 0.745366 0.561851 0.746341 0.562795 0.761951 0.562795 0.762927 0.561851 0.763902 0.561851 0.763902 0.560907 0.764878 0.559962 0.764878 0.542021 0.763902 0.541076 0.763902 0.538244 0.762927 0.537299 0.762927 0.534467 0.761951 0.533522 0.761951 0.531634 0.760976 0.530689
1 0.649756 0.453258 0.649756 0.470255 0.650732 0.471199 0.650732 0.477809 0.649756 0.478754 0.649756 0.483475 0.651707 0.483475 0.651707 0.481586 0.653659 0.479698 0.654634 0.479698 0.656585 0.481586 0.657561 0.481586 0.658537 0.482531 0.659512 0.482531 0.660488 0.483475 0.661463 0.482531 0.662439 0.482531 0.666341 0.478754 0.666341 0.477809 0.667317 0.476865 0.667317 0.471199 0.668293 0.470255 0.668293 0.458924 0.667317 0.457979 0.667317 0.456091 0.665366 0.454202 0.665366 0.453258
0 0 0.213409 0 0.228517 0.00292683 0.228517 0.00390244 0.229462 0.00487805 0.229462 0.00585366 0.230406 0.00682927 0.230406 0.00780488 0.23135 0.00878049 0.23135 0.0097561 0.232295 0.0107317 0.232295 0.0136585 0.235127 0.0146341 0.235127 0.0156098 0.236072 0.017561 0.236072 0.0185366 0.237016 0.0195122 0.237016 0.0204878 0.23796 0.0234146 0.23796 0.0253659 0.236072 0.0263415 0.236072 0.0273171 0.235127 0.0273171 0.226629 0.0253659 0.22474 0.0234146 0.22474 0.022439 0.223796 0.0214634 0.223796 0.0204878 0.222852 0.0195122 0.222852 0.0185366 0.221907 0.017561 0.221907 0.0146341 0.219075 0.0146341 0.21813 0.0136585 0.217186 0.0136585 0.216242 0.0126829 0.215297 0.0126829 0.213409
1 0.478049 0.664778 0.478049 0.666667 0.477073 0.667611 0.477073 0.675165 0.478049 0.67611 0.478049 0.677054 0.48 0.678942 0.482927 0.678942 0.483902 0.679887 0.489756 0.679887 0.490732 0.678942 0.491707 0.678942 0.491707 0.664778
0 0.492683 0.87441 0.491707 0.875354 0.489756 0.875354 0.48878 0.876298 0.487805 0.876298 0.486829 0.877243 0.485854 0.877243 0.483902 0.879131 0.482927 0.879131 0.478049 0.883853 0.479024 0.884797 0.479024 0.885741 0.48 0.886686 0.48 0.88763 0.480976 0.88763 0.481951 0.888574 0.482927 0.888574 0.483902 0.889518 0.486829 0.889518 0.487805 0.890463 0.48878 0.890463 0.489756 0.891407 0.490732 0.891407 0.491707 0.892351 0.493659 0.892351 0.494634 0.893296 0.496585 0.893296 0.497561 0.89424 0.500488 0.89424 0.501463 0.895184 0.502439 0.895184 0.503415 0.896128 0.50439 0.896128 0.509268 0.90085 0.510244 0.90085 0.512195 0.902738 0.513171 0.902738 0.514146 0.903683 0.515122 0.903683 0.517073 0.905571 0.518049 0.905571 0.519024 0.906516 0.52 0.906516 0.521951 0.908404 0.522927 0.908404 0.523902 0.909348 0.524878 0.909348 0.526829 0.911237 0.527805 0.911237 0.531707 0.915014 0.531707 0.918791 0.533659 0.92068 0.533659 0.921624 0.530732 0.924457 0.530732 0.925401 0.52878 0.92729 0.527805 0.92729 0.525854 0.929178 0.524878 0.929178 0.523902 0.928234 0.520976 0.928234 0.52 0.92729 0.514146 0.92729 0.513171 0.926346 0.512195 0.926346 0.51122 0.92729 0.503415 0.92729 0.502439 0.928234 0.498537 0.928234 0.497561 0.92729 0.492683 0.92729 0.491707 0.926346 0.476098 0.926346 0.475122 0.925401 0.467317 0.925401 0.466341 0.926346 0.465366 0.926346 0.46439 0.92729 0.462439 0.92729 0.461463 0.928234 0.453659 0.928234 0.452683 0.929178 0.451707 0.929178 0.450732 0.930123 0.449756 0.930123 0.44878 0.931067 0.44878 0.932011 0.447805 0.932956 0.446829 0.932956 0.445854 0.9339 0.447805 0.9339 0.44878 0.934844 0.449756 0.934844 0.450732 0.935788 0.459512 0.935788 0.460488 0.934844 0.473171 0.934844 0.474146 0.9339 0.486829 0.9339 0.487805 0.934844 0.49561 0.934844 0.496585 0.935788 0.500488 0.935788 0.501463 0.936733 0.503415 0.936733 0.50439 0.937677 0.505366 0.937677 0.506341 0.938621 0.507317 0.938621 0.508293 0.939566 0.509268 0.939566 0.510244 0.94051 0.514146 0.94051 0.515122 0.941454 0.52 0.941454 0.520976 0.942398 0.524878 0.942398 0.525854 0.943343 0.526829 0.943343 0.529756 0.946176 0.530732 0.946176 0.532683 0.948064 0.534634 0.948064 0.53561 0.949009 0.555122 0.949009 0.555122 0.910293 0.55122 0.906516 0.550244 0.906516 0.548293 0.904627 0.547317 0.904627 0.543415 0.90085 0.542439 0.90085 0.540488 0.898961 0.539512 0.898961 0.537561 0.897073 0.536585 0.897073 0.534634 0.895184 0.533659 0.895184 0.531707 0.893296 0.530732 0.893296 0.529756 0.892351 0.52878 0.892351 0.527805 0.891407 0.526829 0.891407 0.524878 0.889518 0.523902 0.889518 0.518049 0.883853 0.517073 0.883853 0.513171 0.880076 0.512195 0.880076 0.51122 0.879131 0.510244 0.879131 0.509268 0.878187 0.508293 0.878187 0.507317 0.877243 0.506341 0.877243 0.505366 0.876298 0.50439 0.876298 0.503415 0.875354 0.502439 0.875354 0.501463 0.87441
1 0.30439 0.926346 0.303415 0.92729 0.303415 0.928234 0.302439 0.929178 0.302439 0.94051 0.30439 0.94051 0.305366 0.941454 0.314146 0.941454 0.315122 0.94051 0.316098 0.94051 0.317073 0.939566 0.317073 0.926346 0.315122 0.926346 0.314146 0.92729 0.312195 0.92729 0.31122 0.926346
0 0.945366 0.169972 0.945366 0.182247 0.946341 0.183192 0.946341 0.184136 0.947317 0.18508 0.947317 0.186969 0.948293 0.187913 0.948293 0.189802 0.949268 0.190746 0.949268 0.192635 0.950244 0.193579 0.950244 0.194523 0.951219 0.195467 0.951219 0.196412 0.953171 0.1983 0.953171 0.199245 0.954146 0.200189 0.954146 0.201133 0.955122 0.202077 0.955122 0.207743 0.954146 0.208687 0.954146 0.210576 0.959024 0.210576 0.959024 0.180359 0.958049 0.179415 0.958049 0.17847 0.957073 0.177526 0.957073 0.174693 0.956098 0.173749 0.956098 0.169972
1 0.590244 0.000944287 0.590244 0.00472144 0.596098 0.0103872 0.599024 0.0103872 0.6 0.0113314 0.601951 0.0113314 0.602927 0.0122757 0.609756 0.0122757 0.610732 0.0113314 0.613659 0.0113314 0.614634 0.0103872 0.616585 0.0103872 0.617561 0.00944287 0.619512 0.00944287 0.619512 0.000944287
1 0.399024 0.378659 0.399024 0.387158 0.4 0.388102 0.4 0.390935 0.401951 0.392823 0.403902 0.392823 0.404878 0.391879 0.406829 0.391879 0.406829 0.378659
1 0.337561 0.254957 0.33561 0.256846 0.33561 0.265345 0.336585 0.266289 0.336585 0.268178 0.346341 0.268178 0.346341 0.254957
0 0.870244 0.455146 0.870244 0.459868 0.868293 0.461756 0.868293 0.462701 0.867317 0.463645 0.865366 0.463645 0.86439 0.464589 0.86439 0.483475 0.865366 0.484419 0.865366 0.485364 0.866341 0.486308 0.866341 0.488196 0.867317 0.489141 0.867317 0.491974 0.866341 0.492918 0.866341 0.496695 0.867317 0.497639 0.867317 0.498584 0.869268 0.498584 0.870244 0.499528 0.873171 0.499528 0.874146 0.498584 0.874146 0.497639 0.875122 0.496695 0.875122 0.494806 0.876098 0.493862 0.876098 0.455146
0 0.394146 0.0179415 0.394146 0.0415486 0.395122 0.0424929 0.396098 0.0424929 0.397073 0.0434372 0.397073 0.0443815 0.4 0.0472144 0.400976 0.0472144 0.401951 0.0481586 0.402927 0.0481586 0.40878 0.0424929 0.40878 0.0415486 0.409756 0.0406043 0.409756 0.0179415
1 0.919024 0.0292729 0.919024 0.0406043 0.922927 0.0406043 0.923902 0.0396601 0.924878 0.0396601 0.92878 0.0358829 0.92878 0.0292729
0 0.237073 0.465534 0.237073 0.466478 0.236098 0.467422 0.234146 0.467422 0.233171 0.468366 0.229268 0.468366 0.228293 0.469311 0.226341 0.469311 0.225366 0.470255 0.22439 0.470255 0.223415 0.471199 0.222439 0.471199 0.220488 0.473088 0.219512 0.473088 0.218537 0.474032 0.217561 0.474032 0.21561 0.475921 0.214634 0.475921 0.213659 0.476865 0.212683 0.476865 0.210732 0.478754 0.209756 0.478754 0.20878 0.479698 0.207805 0.479698 0.206829 0.480642 0.205854 0.480642 0.203902 0.482531 0.202927 0.482531 0.199024 0.486308 0.199024 0.487252 0.197073 0.489141 0.197073 0.490085 0.195122 0.491974 0.194146 0.491974 0.188293 0.497639 0.187317 0.497639 0.18439 0.500472 0.18439 0.501416 0.183415 0.502361 0.182439 0.502361 0.181463 0.503305 0.181463 0.512748 0.185366 0.512748 0.186341 0.511804 0.189268 0.511804 0.190244 0.510859 0.19122 0.510859 0.193171 0.508971 0.194146 0.508971 0.197073 0.506138 0.198049 0.506138 0.209756 0.494806 0.209756 0.493862 0.217561 0.486308 0.218537 0.486308 0.219512 0.485364 0.220488 0.485364 0.221463 0.484419 0.222439 0.484419 0.22439 0.482531 0.225366 0.482531 0.226341 0.481586 0.227317 0.481586 0.228293 0.480642 0.229268 0.480642 0.230244 0.479698 0.23122 0.479698 0.232195 0.478754 0.234146 0.478754 0.235122 0.477809 0.236098 0.477809 0.242927 0.471199 0.242927 0.470255 0.243902 0.469311 0.243902 0.468366 0.244878 0.467422 0.244878 0.466478 0.245854 0.465534
0 0.113171 0.143532 0.112195 0.144476 0.112195 0.14542 0.11122 0.146364 0.11122 0.149197 0.110244 0.150142 0.110244 0.170916 0.11122 0.17186 0.110244 0.172805 0.110244 0.17847 0.119024 0.17847 0.119024 0.176582 0.12 0.175637 0.12 0.144476 0.119024 0.143532
0 0.974634 0.455146 0.972683 0.457035 0.971707 0.457035 0.970732 0.457979 0.969756 0.457979 0.968781 0.458924 0.968781 0.459868 0.967805 0.460812 0.966829 0.460812 0.965854 0.461756 0.964878 0.461756 0.963902 0.462701 0.962927 0.462701 0.958049 0.467422 0.957073 0.467422 0.955122 0.469311 0.955122 0.470255 0.951219 0.474032 0.950244 0.474032 0.945366 0.478754 0.942439 0.478754 0.941463 0.479698 0.936585 0.479698 0.93561 0.478754 0.933659 0.478754 0.932683 0.477809 0.931707 0.477809 0.930732 0.476865 0.929756 0.476865 0.927805 0.474976 0.926829 0.474976 0.925854 0.474032 0.919024 0.474032 0.918049 0.474976 0.917073 0.474976 0.916098 0.475921 0.915122 0.475921 0.915122 0.485364 0.916098 0.486308 0.919024 0.486308 0.920976 0.488196 0.921951 0.488196 0.922927 0.489141 0.923902 0.489141 0.924878 0.490085 0.925854 0.490085 0.926829 0.491029 0.927805 0.491029 0.92878 0.491974 0.929756 0.491974 0.930732 0.492918 0.933659 0.492918 0.934634 0.493862 0.936585 0.493862 0.937561 0.494806 0.939512 0.494806 0.940488 0.493862 0.94439 0.493862 0.945366 0.492918 0.946341 0.492918 0.947317 0.491974 0.948293 0.491974 0.952195 0.488196 0.953171 0.488196 0.955122 0.486308 0.955122 0.485364 0.961951 0.478754 0.961951 0.477809 0.964878 0.474976 0.966829 0.474976 0.967805 0.474032 0.968781 0.474032 0.969756 0.473088 0.971707 0.473088 0.972683 0.472144 0.974634 0.472144 0.97561 0.471199 0.978537 0.471199 0.979512 0.470255 0.983415 0.470255 0.983415 0.469311 0.985366 0.467422 0.986341 0.467422 0.986341 0.455146
1 0.870244 0.86119 0.870244 0.864967 0.873171 0.8678 0.875122 0.8678 0.876098 0.866856 0.878049 0.866856 0.879024 0.865911 0.879024 0.862134 0.878049 0.86119
0 0.190244 0.107649 0.190244 0.109537 0.188293 0.111426 0.188293 0.113314 0.187317 0.114259 0.187317 0.116147 0.186341 0.117092 0.186341 0.118036 0.185366 0.11898 0.185366 0.122757 0.189268 0.126534 0.190244 0.126534 0.197073 0.119924 0.197073 0.11898 0.198049 0.118036 0.198049 0.107649
0 0.180488 0.547687 0.178537 0.549575 0.177561 0.549575 0.176585 0.550519 0.17561 0.550519 0.174634 0.551464 0.173659 0.551464 0.172683 0.552408 0.172683 0.562795 0.173659 0.563739 0.173659 0.564684 0.174634 0.565628 0.174634 0.567517 0.17561 0.568461 0.17561 0.569405 0.176585 0.570349 0.176585 0.571294 0.177561 0.572238 0.178537 0.572238 0.180488 0.574127 0.181463 0.574127 0.182439 0.575071 0.19122 0.575071 0.192195 0.574127 0.194146 0.574127 0.195122 0.573182 0.198049 0.573182 0.199024 0.572238 0.212683 0.572238 0.213659 0.571294 0.21561 0.571294 0.216585 0.570349 0.216585 0.567517 0.217561 0.566572 0.217561 0.564684 0.21561 0.562795 0.212683 0.562795 0.211707 0.563739 0.209756 0.563739 0.20878 0.564684 0.207805 0.564684 0.206829 0.565628 0.205854 0.565628 0.203902 0.567517 0.201951 0.567517 0.2 0.565628 0.2 0.559018 0.200976 0.558074 0.200976 0.556185 0.201951 0.555241 0.201951 0.554296 0.202927 0.553352 0.202927 0.547687
0 0.763902 0.395656 0.762927 0.396601 0.757073 0.396601 0.753171 0.400378 0.753171 0.410765 0.756098 0.413598 0.757073 0.413598 0.763902 0.420208 0.763902 0.421152 0.767805 0.424929 0.767805 0.425873 0.769756 0.427762 0.769756 0.428706 0.771707 0.430595 0.771707 0.431539 0.772683 0.432483 0.772683 0.434372 0.773659 0.435316 0.773659 0.437205 0.774634 0.438149 0.774634 0.440038 0.77561 0.440982 0.77561 0.442871 0.776585 0.443815 0.776585 0.445704 0.777561 0.446648 0.777561 0.447592 0.783415 0.453258 0.783415 0.454202 0.787317 0.454202 0.788293 0.455146 0.790244 0.455146 0.792195 0.453258 0.792195 0.435316 0.79122 0.434372 0.79122 0.432483 0.790244 0.431539 0.790244 0.428706 0.789268 0.427762 0.789268 0.422096 0.788293 0.421152 0.788293 0.420208 0.787317 0.419263 0.787317 0.418319 0.786341 0.417375 0.786341 0.416431 0.785366 0.415486 0.785366 0.414542 0.78439 0.413598 0.78439 0.412653 0.783415 0.411709 0.783415 0.410765 0.77561 0.403211 0.77561 0.402266 0.772683 0.399433 0.771707 0.399433 0.770732 0.398489 0.769756 0.398489 0.76878 0.397545 0.767805 0.397545 0.766829 0.396601 0.764878 0.396601
1 0.489756 0.537299 0.489756 0.542021 0.491707 0.542021 0.492683 0.542965 0.494634 0.542965 0.49561 0.542021 0.497561 0.542021 0.497561 0.537299
0 0.00097561 0.288008 0.00097561 0.322946 0.00780488 0.322946 0.00780488 0.288008
1 0.990244 0.0623229 0.989268 0.0632672 0.988293 0.0632672 0.988293 0.0642115 0.986341 0.0661001 0.986341 0.0679887 0.985366 0.068933 0.985366 0.0708215 0.98439 0.0717658 0.98439 0.0783758 0.985366 0.0793201 0.985366 0.0802644 0.988293 0.0830973 0.99122 0.0830973 0.992195 0.082153 0.993171 0.082153 0.994146 0.0812087 0.995122 0.0812087 0.996098 0.0802644 0.996098 0.0623229
0 0.569756 0.321058 0.569756 0.3305 0.570732 0.3305 0.574634 0.334278 0.57561 0.334278 0.576585 0.335222 0.578537 0.335222 0.579512 0.336166 0.582439 0.336166 0.583415 0.33711 0.585366 0.33711 0.588293 0.339943 0.588293 0.342776 0.587317 0.34372 0.587317 0.349386 0.586341 0.350331 0.586341 0.366383 0.585366 0.367328 0.585366 0.370161 0.58439 0.371105 0.58439 0.372049 0.593171 0.372049 0.593171 0.368272 0.594146 0.367328 0.594146 0.358829 0.593171 0.357885 0.593171 0.352219 0.592195 0.351275 0.592195 0.347498 0.591219 0.346553 0.591219 0.341832 0.590244 0.340888 0.590244 0.338055 0.591219 0.33711 0.591219 0.331445 0.590244 0.3305 0.590244 0.329556 0.585366 0.329556 0.58439 0.3305 0.583415 0.3305 0.581463 0.328612 0.581463 0.327668 0.580488 0.326723 0.579512 0.326723 0.577561 0.324835 0.57561 0.324835 0.573659 0.322946 0.572683 0.322946 0.570732 0.321058
1 0.332683 0.417375 0.332683 0.420208 0.331707 0.421152 0.332683 0.422096 0.332683 0.423985 0.33561 0.426818 0.336585 0.426818 0.337561 0.427762 0.339512 0.427762 0.340488 0.426818 0.341463 0.426818 0.343415 0.424929 0.343415 0.423985 0.34439 0.423041 0.34439 0.417375
0 0.203902 0.785647 0.203902 0.791313 0.206829 0.794145 0.20878 0.794145 0.209756 0.79509 0.210732 0.79509 0.211707 0.796034 0.213659 0.796034 0.214634 0.796978 0.216585 0.796978 0.217561 0.797923 0.218537 0.797923 0.219512 0.798867 0.221463 0.798867 0.222439 0.799811 0.223415 0.799811 0.22439 0.800755 0.225366 0.800755 0.226341 0.8017 0.227317 0.8017 0.228293 0.802644 0.228293 0.803588 0.23122 0.806421 0.23122 0.807365 0.232195 0.80831 0.232195 0.809254 0.233171 0.810198 0.233171 0.811143 0.235122 0.811143 0.235122 0.796978 0.230244 0.792257 0.229268 0.792257 0.228293 0.791313 0.227317 0.791313 0.223415 0.787535 0.222439 0.787535 0.220488 0.785647
1 0.92878 0.543909 0.92878 0.544854 0.926829 0.546742 0.926829 0.547687 0.925854 0.548631 0.925854 0.549575 0.923902 0.551464 0.923902 0.552408 0.922927 0.553352 0.922927 0.555241 0.921951 0.556185 0.921951 0.573182 0.922927 0.574127 0.923902 0.574127 0.924878 0.575071 0.925854 0.575071 0.927805 0.576959 0.92878 0.576959 0.930732 0.578848 0.932683 0.578848 0.933659 0.579792 0.934634 0.579792 0.93561 0.580737 0.936585 0.580737 0.939512 0.583569 0.940488 0.583569 0.941463 0.584514 0.962927 0.584514 0.963902 0.583569 0.964878 0.583569 0.965854 0.582625 0.966829 0.582625 0.967805 0.581681 0.968781 0.581681 0.970732 0.579792 0.971707 0.579792 0.977561 0.574127 0.978537 0.574127 0.982439 0.570349 0.982439 0.552408 0.981463 0.552408 0.980488 0.551464 0.979512 0.551464 0.978537 0.550519 0.976585 0.550519 0.97561 0.549575 0.973659 0.549575 0.972683 0.548631 0.971707 0.548631 0.970732 0.547687 0.969756 0.547687 0.968781 0.546742 0.967805 0.546742 0.965854 0.544854 0.964878 0.544854 0.963902 0.543909
1 0.531707 0.637394 0.531707 0.651558 0.532683 0.652502 0.532683 0.654391 0.533659 0.655335 0.533659 0.65628 0.53561 0.658168 0.545366 0.658168 0.546341 0.657224 0.547317 0.657224 0.548293 0.65628 0.548293 0.655335 0.550244 0.653447 0.550244 0.652502 0.55122 0.651558 0.55122 0.640227 0.550244 0.639282 0.550244 0.638338 0.549268 0.637394
0 0.265366 0.847026 0.265366 0.872521 0.269268 0.876298 0.269268 0.877243 0.27122 0.879131 0.298537 0.879131 0.299512 0.878187 0.303415 0.878187 0.303415 0.870633 0.300488 0.870633 0.299512 0.871577 0.292683 0.871577 0.291707 0.870633 0.290732 0.870633 0.289756 0.869688 0.28878 0.869688 0.287805 0.868744 0.285854 0.868744 0.284878 0.8678 0.282927 0.8678 0.281951 0.866856 0.280976 0.866856 0.279024 0.864967 0.279024 0.864023 0.278049 0.863078 0.278049 0.862134 0.277073 0.86119 0.277073 0.860246 0.276098 0.859301 0.276098 0.858357 0.275122 0.857413 0.275122 0.856468 0.273171 0.85458 0.272195 0.85458 0.27122 0.853635 0.270244 0.853635 0.269268 0.852691 0.269268 0.850803 0.268293 0.849858 0.268293 0.847026
0 0.746341 0.117092 0.743415 0.119924 0.743415 0.120869 0.736585 0.127479 0.736585 0.129367 0.73561 0.130312 0.73561 0.1322 0.734634 0.133144 0.734634 0.135033 0.733659 0.135977 0.733659 0.157696 0.738537 0.157696 0.742439 0.153919 0.743415 0.153919 0.745366 0.15203 0.745366 0.150142 0.746341 0.149197 0.746341 0.146364 0.747317 0.14542 0.747317 0.140699 0.748293 0.139754 0.748293 0.13881 0.750244 0.136922 0.750244 0.135977 0.75122 0.135033 0.75122 0.134089 0.752195 0.133144 0.752195 0.1322 0.753171 0.131256 0.753171 0.117092
0 0.176585 0.549575 0.17561 0.550519 0.174634 0.550519 0.173659 0.551464 0.172683 0.551464 0.171707 0.552408 0.171707 0.559018 0.172683 0.559962 0.172683 0.561851 0.173659 0.562795 0.173659 0.563739 0.174634 0.564684 0.174634 0.566572 0.17561 0.567517 0.17561 0.569405 0.176585 0.570349 0.176585 0.571294 0.178537 0.573182 0.179512 0.573182 0.180488 0.574127 0.181463 0.574127 0.182439 0.575071 0.190244 0.575071 0.19122 0.574127 0.193171 0.574127 0.194146 0.573182 0.197073 0.573182 0.198049 0.572238 0.204878 0.572238 0.204878 0.565628 0.202927 0.567517 0.200976 0.565628 0.200976 0.564684 0.2 0.563739 0.2 0.556185 0.200976 0.555241 0.200976 0.550519 0.201951 0.549575
0 0.00682927 0.326723 0.00682927 0.333333 0.00878049 0.333333 0.0097561 0.334278 0.0117073 0.334278 0.0126829 0.335222 0.0136585 0.335222 0.0165854 0.338055 0.0165854 0.338999 0.017561 0.339943 0.017561 0.341832 0.0185366 0.342776 0.0185366 0.345609 0.0195122 0.346553 0.0195122 0.347498 0.0214634 0.349386 0.0214634 0.350331 0.0243902 0.353163 0.0243902 0.354108 0.0263415 0.355996 0.0302439 0.355996 0.0302439 0.34372 0.0292683 0.342776 0.0292683 0.341832 0.0273171 0.339943 0.0273171 0.338055 0.0282927 0.33711 0.0282927 0.3305 0.0273171 0.329556 0.0273171 0.327668 0.0263415 0.327668 0.0253659 0.326723
0 0.371707 0.2644 0.370732 0.265345 0.369756 0.265345 0.36878 0.266289 0.366829 0.266289 0.365854 0.267233 0.363902 0.267233 0.362927 0.268178 0.36 0.268178 0.359024 0.269122 0.356098 0.269122 0.355122 0.270066 0.353171 0.270066 0.35122 0.271955 0.349268 0.271955 0.348293 0.272899 0.346341 0.272899 0.345366 0.273843 0.341463 0.273843 0.340488 0.274788 0.337561 0.274788 0.336585 0.275732 0.33561 0.275732 0.333659 0.27762 0.332683 0.27762 0.331707 0.278565 0.329756 0.278565 0.328781 0.279509 0.327805 0.279509 0.326829 0.280453 0.325854 0.280453 0.324878 0.281398 0.323902 0.281398 0.322927 0.280453 0.319024 0.280453 0.316098 0.27762 0.315122 0.27762 0.314146 0.276676 0.313171 0.276676 0.312195 0.275732 0.310244 0.275732 0.310244 0.288952 0.31122 0.289896 0.312195 0.289896 0.313171 0.29084 0.315122 0.29084 0.316098 0.291785 0.317073 0.291785 0.319024 0.293673 0.321951 0.293673 0.322927 0.294618 0.326829 0.294618 0.327805 0.293673 0.331707 0.293673 0.332683 0.292729 0.333659 0.292729 0.339512 0.287063 0.340488 0.287063 0.341463 0.286119 0.342439 0.286119 0.343415 0.285175 0.345366 0.285175 0.346341 0.28423 0.348293 0.28423 0.349268 0.283286 0.35122 0.283286 0.352195 0.282342 0.355122 0.282342 0.356098 0.281398 0.36 0.281398 0.360976 0.280453 0.363902 0.280453 0.364878 0.279509 0.366829 0.279509 0.367805 0.278565 0.36878 0.278565 0.369756 0.27762 0.370732 0.27762 0.371707 0.276676 0.373659 0.276676 0.374634 0.275732 0.376585 0.275732 0.377561 0.274788 0.378537 0.274788 0.379512 0.273843 0.380488 0.273843 0.382439 0.271955 0.383415 0.271955 0.38439 0.27101 0.38439 0.2644
1 0.64 0.0519358 0.64 0.0557129 0.644878 0.0604344 0.649756 0.0604344 0.650732 0.0594901 0.650732 0.0519358
0 0.141463 0.23135 0.141463 0.242682 0.142439 0.243626 0.142439 0.24457 0.14439 0.246459 0.15122 0.246459 0.152195 0.245515 0.153171 0.245515 0.156098 0.242682 0.157073 0.242682 0.158049 0.241737 0.159024 0.241737 0.16 0.240793 0.160976 0.240793 0.161951 0.239849 0.161951 0.238905 0.162927 0.23796 0.162927 0.236072 0.163902 0.235127 0.163902 0.234183 0.165854 0.232295 0.165854 0.23135
0 0.697561 0.607177 0.696585 0.608121 0.694634 0.608121 0.693659 0.609065 0.692683 0.609065 0.692683 0.610009 0.691707 0.610954 0.691707 0.611898 0.690732 0.612842 0.690732 0.613787 0.689756 0.614731 0.689756 0.616619 0.68878 0.617564 0.68878 0.618508 0.684878 0.622285 0.684878 0.623229 0.683902 0.624174 0.683902 0.625118 0.682927 0.626062 0.682927 0.630784 0.683902 0.631728 0.683902 0.634561 0.682927 0.635505 0.682927 0.648725 0.683902 0.64967 0.684878 0.64967 0.685854 0.650614 0.686829 0.650614 0.687805 0.651558 0.700488 0.651558 0.701463 0.650614 0.701463 0.64967 0.702439 0.648725 0.703415 0.648725 0.705366 0.646837 0.707317 0.646837 0.708293 0.645892 0.710244 0.645892 0.710244 0.641171 0.711219 0.640227 0.710244 0.640227 0.708293 0.638338 0.707317 0.638338 0.703415 0.634561 0.699512 0.634561 0.698537 0.633617 0.697561 0.633617 0.693659 0.629839 0.693659 0.627007 0.696585 0.624174 0.697561 0.624174 0.699512 0.622285 0.705366 0.622285 0.706341 0.621341 0.718049 0.621341 0.719024 0.620397 0.72 0.620397 0.720976 0.621341 0.722927 0.621341 0.724878 0.623229 0.724878 0.614731 0.723902 0.613787 0.721951 0.613787 0.720976 0.612842 0.719024 0.612842 0.718049 0.611898 0.716098 0.611898 0.715122 0.610954 0.714146 0.610954 0.713171 0.610009 0.712195 0.610009 0.711219 0.609065 0.707317 0.609065 0.706341 0.608121 0.703415 0.608121 0.702439 0.607177
0 0.701463 0.480642 0.700488 0.481586 0.699512 0.481586 0.698537 0.482531 0.697561 0.482531 0.696585 0.483475 0.69561 0.483475 0.693659 0.485364 0.693659 0.487252 0.692683 0.488196 0.692683 0.490085 0.691707 0.491029 0.691707 0.491974 0.690732 0.492918 0.690732 0.493862 0.689756 0.494806 0.689756 0.495751 0.68878 0.496695 0.68878 0.498584 0.687805 0.499528 0.687805 0.501416 0.686829 0.502361 0.686829 0.517469 0.687805 0.518414 0.687805 0.525024 0.68878 0.525968 0.68878 0.529745 0.689756 0.530689 0.689756 0.532578 0.690732 0.533522 0.690732 0.535411 0.691707 0.536355 0.691707 0.540132 0.692683 0.541076 0.692683 0.546742 0.693659 0.547687 0.693659 0.549575 0.694634 0.550519 0.694634 0.551464 0.69561 0.552408 0.703415 0.552408 0.703415 0.543909 0.702439 0.542965 0.702439 0.527856 0.703415 0.526912 0.703415 0.521246 0.70439 0.520302 0.70439 0.515581 0.705366 0.514636 0.705366 0.513692 0.706341 0.512748 0.706341 0.511804 0.707317 0.510859 0.707317 0.509915 0.708293 0.508971 0.708293 0.507082 0.709268 0.506138 0.709268 0.504249 0.710244 0.503305 0.710244 0.502361 0.711219 0.501416 0.711219 0.500472 0.712195 0.499528 0.712195 0.498584 0.713171 0.497639 0.713171 0.480642
0 0.428293 0.431539 0.428293 0.438149 0.430244 0.440038 0.430244 0.441926 0.43122 0.442871 0.43122 0.448536 0.430244 0.449481 0.430244 0.456091 0.429268 0.457035 0.429268 0.462701 0.430244 0.463645 0.430244 0.466478 0.43122 0.467422 0.43122 0.471199 0.432195 0.472144 0.432195 0.479698 0.433171 0.480642 0.433171 0.484419 0.434146 0.485364 0.434146 0.486308 0.438049 0.490085 0.438049 0.491029 0.440976 0.491029 0.440976 0.433428 0.439024 0.431539
0 0.924878 0.587347 0.922927 0.589235 0.922927 0.593012 0.921951 0.593957 0.921951 0.609065 0.922927 0.610009 0.922927 0.610954 0.926829 0.614731 0.926829 0.615675 0.92878 0.617564 0.92878 0.618508 0.929756 0.619452 0.929756 0.620397 0.930732 0.621341 0.930732 0.622285 0.931707 0.623229 0.931707 0.624174 0.93561 0.627951 0.93561 0.628895 0.938537 0.631728 0.941463 0.628895 0.942439 0.628895 0.942439 0.613787 0.941463 0.612842 0.941463 0.611898 0.940488 0.610954 0.940488 0.610009 0.939512 0.609065 0.939512 0.608121 0.938537 0.607177 0.938537 0.605288 0.937561 0.604344 0.937561 0.602455 0.936585 0.601511 0.936585 0.600567 0.93561 0.599622 0.93561 0.598678 0.934634 0.597734 0.934634 0.596789 0.930732 0.593012 0.929756 0.593012 0.926829 0.590179 0.926829 0.589235
0 0.980488 0.575071 0.980488 0.576959 0.979512 0.577904 0.979512 0.578848 0.977561 0.580737 0.976585 0.580737 0.974634 0.582625 0.974634 0.583569 0.973659 0.584514 0.973659 0.621341 0.976585 0.621341 0.978537 0.623229 0.978537 0.624174 0.980488 0.626062 0.980488 0.627007 0.982439 0.628895 0.982439 0.629839 0.983415 0.630784 0.996098 0.630784 0.996098 0.627007 0.995122 0.626062 0.995122 0.625118 0.994146 0.624174 0.994146 0.623229 0.993171 0.622285 0.993171 0.621341 0.992195 0.620397 0.992195 0.618508 0.99122 0.617564 0.99122 0.616619 0.990244 0.615675 0.990244 0.614731 0.989268 0.613787 0.989268 0.612842 0.988293 0.611898 0.988293 0.605288 0.987317 0.604344 0.987317 0.602455 0.988293 0.601511 0.988293 0.595845 0.989268 0.594901 0.989268 0.593957 0.990244 0.593012 0.992195 0.593012 0.993171 0.592068 0.994146 0.592068 0.996098 0.590179 0.996098 0.575071
1 0.348293 0.596789 0.348293 0.606232 0.357073 0.606232 0.357073 0.596789
1 0.562927 0.0500472 0.560976 0.0519358 0.560976 0.0528801 0.56 0.0538244 0.56 0.0547686 0.558049 0.0566572 0.558049 0.0642115 0.564878 0.0642115 0.566829 0.0623229 0.566829 0.0613787 0.567805 0.0604344 0.567805 0.0585458 0.570732 0.0557129 0.573659 0.0557129 0.574634 0.0547686 0.579512 0.0547686 0.579512 0.0500472
0 0.754146 0.103872 0.754146 0.106704 0.753171 0.107649 0.753171 0.108593 0.749268 0.11237 0.749268 0.113314 0.747317 0.115203 0.747317 0.116147 0.745366 0.118036 0.745366 0.11898 0.737561 0.126534 0.737561 0.127479 0.736585 0.128423 0.736585 0.130312 0.73561 0.131256 0.73561 0.133144 0.734634 0.134089 0.734634 0.137866 0.733659 0.13881 0.733659 0.140699 0.732683 0.141643 0.732683 0.142587 0.731707 0.143532 0.731707 0.147309 0.730732 0.148253 0.730732 0.155807 0.740488 0.155807 0.742439 0.153919 0.743415 0.153919 0.745366 0.15203 0.745366 0.149197 0.746341 0.148253 0.746341 0.146364 0.747317 0.14542 0.747317 0.139754 0.75122 0.135977 0.75122 0.134089 0.752195 0.133144 0.752195 0.1322 0.753171 0.131256 0.753171 0.130312 0.754146 0.129367 0.754146 0.128423 0.755122 0.127479 0.755122 0.124646 0.756098 0.123702 0.756098 0.103872
1 0.81561 0.322002 0.814634 0.322946 0.813659 0.322946 0.812683 0.32389 0.809756 0.32389 0.80878 0.324835 0.807805 0.324835 0.807805 0.338999 0.80878 0.338999 0.810732 0.340888 0.811707 0.340888 0.812683 0.341832 0.813659 0.341832 0.814634 0.342776 0.827317 0.342776 0.827317 0.329556 0.825366 0.329556 0.82439 0.328612 0.822439 0.328612 0.820488 0.326723 0.820488 0.324835 0.818537 0.322946 0.816585 0.322946
1 0.797073 0.70255 0.797073 0.716714 0.805854 0.716714 0.805854 0.71577 0.80878 0.712937 0.80878 0.70255
1 0.938537 0.885741 0.937561 0.886686 0.931707 0.886686 0.930732 0.88763 0.929756 0.88763 0.92878 0.888574 0.92878 0.89424 0.929756 0.89424 0.930732 0.895184 0.938537 0.895184 0.939512 0.89424 0.939512 0.886686
1 0.097561 0.0415486 0.097561 0.0500472 0.106341 0.0500472 0.107317 0.0491029 0.107317 0.0415486
0 0.0409756 0.794145 0.0409756 0.8017 0.0419512 0.8017 0.0439024 0.803588 0.044878 0.803588 0.0468293 0.805477 0.0478049 0.805477 0.0497561 0.807365 0.0526829 0.807365 0.0536585 0.80831 0.0546341 0.80831 0.0565854 0.806421 0.0585366 0.806421 0.0595122 0.805477 0.062439 0.805477 0.0634146 0.804533 0.0653659 0.804533 0.0663415 0.803588 0.0721951 0.803588 0.0731707 0.804533 0.08 0.804533 0.08 0.796978 0.0790244 0.796034 0.0790244 0.79509 0.0780488 0.794145
1 0.764878 0.610954 0.764878 0.621341 0.767805 0.624174 0.771707 0.624174 0.772683 0.623229 0.773659 0.623229 0.773659 0.610954
1 0.674146 0.84797 0.674146 0.869688 0.676098 0.871577 0.678049 0.871577 0.679024 0.872521 0.680976 0.872521 0.681951 0.873466 0.684878 0.873466 0.685854 0.87441 0.692683 0.87441 0.693659 0.873466 0.696585 0.873466 0.697561 0.872521 0.700488 0.872521 0.701463 0.871577 0.701463 0.859301 0.700488 0.860246 0.699512 0.860246 0.697561 0.858357 0.697561 0.856468 0.696585 0.855524 0.696585 0.85458 0.69561 0.853635 0.69561 0.852691 0.692683 0.849858 0.692683 0.848914 0.691707 0.84797
0 0.113171 0.180359 0.114146 0.181303 0.114146 0.182247 0.115122 0.183192 0.115122 0.184136 0.114146 0.18508 0.114146 0.186025 0.113171 0.186969 0.113171 0.187913 0.112195 0.188857 0.112195 0.189802 0.110244 0.19169 0.109268 0.19169 0.108293 0.192635 0.105366 0.192635 0.10439 0.193579 0.102439 0.193579 0.101463 0.194523 0.0995122 0.194523 0.0985366 0.195467 0.0965854 0.195467 0.0946341 0.197356 0.0936585 0.197356 0.0926829 0.1983 0.0917073 0.1983 0.0907317 0.199245 0.0907317 0.210576 0.0956098 0.210576 0.097561 0.208687 0.097561 0.207743 0.0985366 0.206799 0.0995122 0.206799 0.101463 0.20491 0.102439 0.20491 0.103415 0.203966 0.10439 0.203966 0.105366 0.203022 0.108293 0.203022 0.109268 0.202077 0.110244 0.202077 0.11122 0.201133 0.112195 0.201133 0.113171 0.200189 0.114146 0.200189 0.115122 0.199245 0.116098 0.199245 0.118049 0.197356 0.119024 0.197356 0.121951 0.194523 0.121951 0.193579 0.122927 0.192635 0.122927 0.190746 0.123902 0.189802 0.123902 0.188857 0.126829 0.186025 0.126829 0.18508 0.127805 0.184136 0.126829 0.183192 0.125854 0.183192 0.122927 0.180359
1 0.903415 0.930123 0.903415 0.944287 0.905366 0.944287 0.906341 0.945231 0.913171 0.945231 0.914146 0.944287 0.915122 0.944287 0.916098 0.943343 0.916098 0.931067 0.915122 0.930123
1 0.199024 0.653447 0.199024 0.663834 0.204878 0.663834 0.205854 0.66289 0.206829 0.66289 0.207805 0.661945 0.207805 0.653447
1 0.118049 0.0075543 0.118049 0.0226629 0.119024 0.0236072 0.12 0.0236072 0.123902 0.0273843 0.124878 0.0273843 0.125854 0.0283286 0.130732 0.0283286 0.131707 0.0292729 0.132683 0.0283286 0.138537 0.0283286 0.139512 0.0273843 0.142439 0.0273843 0.143415 0.02644 0.14439 0.02644 0.146341 0.0245515 0.147317 0.0245515 0.149268 0.0226629 0.150244 0.0226629 0.150244 0.0075543
1 0.780488 0.15864 0.780488 0.159585 0.779512 0.160529 0.779512 0.164306 0.778537 0.16525 0.779512 0.166195 0.779512 0.167139 0.780488 0.168083 0.780488 0.169027 0.782439 0.170916 0.78439 0.170916 0.78439 0.15864
1 0.912195 0.747875 0.91122 0.74882 0.909268 0.74882 0.908293 0.749764 0.907317 0.749764 0.905366 0.751652 0.905366 0.762984 0.921951 0.762984 0.922927 0.76204 0.922927 0.749764 0.920976 0.747875
1 0.672195 0.431539 0.672195 0.442871 0.673171 0.442871 0.674146 0.443815 0.675122 0.443815 0.676098 0.444759 0.678049 0.444759 0.679024 0.445704 0.68 0.445704 0.682927 0.442871 0.682927 0.431539
0 0.220488 0.00849858 0.220488 0.0169972 0.223415 0.01983 0.223415 0.0226629 0.22439 0.0236072 0.22439 0.0254958 0.225366 0.02644 0.225366 0.0273843 0.226341 0.0283286 0.226341 0.0292729 0.228293 0.0311615 0.230244 0.0311615 0.23122 0.0302172 0.235122 0.0302172 0.236098 0.0292729 0.236098 0.0179415 0.235122 0.0169972 0.235122 0.01322 0.234146 0.0122757 0.234146 0.00849858
0 0.119024 0.213409 0.119024 0.225685 0.12 0.226629 0.12 0.23135 0.120976 0.232295 0.120976 0.236072 0.121951 0.237016 0.121951 0.240793 0.122927 0.241737 0.122927 0.245515 0.123902 0.246459 0.123902 0.249292 0.124878 0.250236 0.124878 0.253069 0.125854 0.254013 0.125854 0.255902 0.126829 0.256846 0.126829 0.260623 0.125854 0.261568 0.12878 0.261568 0.12878 0.213409
1 0.867317 0.670444 0.867317 0.68272 0.868293 0.683664 0.868293 0.685552 0.869268 0.686497 0.882927 0.686497 0.883902 0.685552 0.885854 0.685552 0.886829 0.684608 0.887805 0.684608 0.88878 0.683664 0.88878 0.671388 0.887805 0.670444
0 0.0409756 0.234183 0.0409756 0.23796 0.0419512 0.23796 0.0429268 0.238905 0.0429268 0.239849 0.0439024 0.240793 0.0439024 0.242682 0.044878 0.243626 0.044878 0.248347 0.0458537 0.249292 0.0458537 0.252125 0.0468293 0.253069 0.0468293 0.254013 0.0478049 0.254957 0.0478049 0.27101 0.0556098 0.27101 0.0585366 0.268178 0.0585366 0.258735 0.057561 0.25779 0.057561 0.255902 0.0565854 0.254957 0.0565854 0.250236 0.0556098 0.249292 0.0556098 0.24457 0.0546341 0.243626 0.0546341 0.241737 0.0536585 0.240793 0.0536585 0.235127 0.0546341 0.234183
0 0.0390244 0.230406 0.0390244 0.237016 0.04 0.237016 0.0409756 0.236072 0.0439024 0.238905 0.0439024 0.241737 0.044878 0.242682 0.044878 0.247403 0.0458537 0.248347 0.0458537 0.25118 0.0468293 0.252125 0.0468293 0.254013 0.0478049 0.254957 0.0478049 0.25779 0.0487805 0.258735 0.0487805 0.267233 0.0478049 0.268178 0.0478049 0.269122 0.0565854 0.269122 0.0565854 0.249292 0.0556098 0.248347 0.0556098 0.24457 0.0546341 0.243626 0.0546341 0.241737 0.0536585 0.240793 0.0536585 0.235127 0.0546341 0.234183 0.0536585 0.233239 0.0536585 0.232295 0.0517073 0.230406
0 0.0614634 0.426818 0.0614634 0.440982 0.0653659 0.444759 0.0653659 0.446648 0.0663415 0.447592 0.0731707 0.447592 0.0741463 0.446648 0.075122 0.446648 0.0770732 0.444759 0.0790244 0.444759 0.08 0.443815 0.0917073 0.443815 0.0926829 0.444759 0.0936585 0.443815 0.0956098 0.443815 0.0965854 0.442871 0.097561 0.442871 0.0985366 0.441926 0.100488 0.441926 0.101463 0.440982 0.107317 0.440982 0.107317 0.426818 0.08 0.426818 0.0770732 0.429651 0.0770732 0.430595 0.075122 0.432483 0.075122 0.433428 0.0731707 0.435316 0.0702439 0.435316 0.0692683 0.436261 0.0682927 0.436261 0.0673171 0.437205 0.0653659 0.435316 0.0653659 0.434372 0.0634146 0.432483 0.0634146 0.430595 0.062439 0.429651 0.062439 0.427762
1 0.0507317 0.075543 0.0497561 0.0764873 0.0497561 0.0774315 0.0468293 0.0802644 0.0458537 0.0802644 0.0439024 0.082153 0.0439024 0.0878187 0.044878 0.088763 0.0507317 0.088763 0.0517073 0.0878187 0.0526829 0.0878187 0.0536585 0.0868744 0.0546341 0.0868744 0.0546341 0.075543
1 0.666341 0.190746 0.665366 0.19169 0.663415 0.19169 0.661463 0.193579 0.660488 0.193579 0.659512 0.194523 0.659512 0.1983 0.661463 0.200189 0.662439 0.200189 0.663415 0.201133 0.667317 0.201133 0.668293 0.200189 0.668293 0.19169 0.667317 0.190746
0 0.924878 0.196412 0.925854 0.197356 0.92878 0.197356 0.929756 0.1983 0.929756 0.21813 0.92878 0.219075 0.92878 0.220019 0.924878 0.223796 0.924878 0.22474 0.923902 0.225685 0.923902 0.226629 0.922927 0.227573 0.922927 0.229462 0.921951 0.230406 0.921951 0.233239 0.920976 0.234183 0.920976 0.241737 0.922927 0.241737 0.923902 0.240793 0.925854 0.240793 0.926829 0.239849 0.927805 0.239849 0.930732 0.237016 0.932683 0.237016 0.933659 0.23796 0.934634 0.23796 0.936585 0.239849 0.938537 0.239849 0.939512 0.240793 0.940488 0.240793 0.941463 0.241737 0.945366 0.241737 0.945366 0.205855 0.94439 0.20491 0.943415 0.20491 0.942439 0.205855 0.942439 0.215297 0.941463 0.216242 0.941463 0.217186 0.940488 0.21813 0.940488 0.219075 0.939512 0.220019 0.939512 0.220963 0.938537 0.221907 0.937561 0.221907 0.934634 0.219075 0.934634 0.21813 0.933659 0.217186 0.933659 0.210576 0.934634 0.209632 0.934634 0.206799 0.93561 0.205855 0.93561 0.20491 0.936585 0.203966 0.937561 0.203966 0.938537 0.203022 0.940488 0.203022 0.937561 0.200189 0.936585 0.200189 0.93561 0.199245 0.933659 0.199245 0.932683 0.1983 0.929756 0.1983 0.92878 0.197356 0.92878 0.196412
0 0.281951 0.0991501 0.280976 0.100094 0.28 0.100094 0.279024 0.101039 0.278049 0.101039 0.276098 0.102927 0.275122 0.102927 0.274146 0.103872 0.273171 0.103872 0.272195 0.104816 0.27122 0.104816 0.27122 0.114259 0.275122 0.114259 0.276098 0.113314 0.28 0.113314 0.280976 0.11237 0.281951 0.11237 0.282927 0.111426 0.283902 0.111426 0.284878 0.110482 0.285854 0.110482 0.289756 0.106704 0.290732 0.106704 0.293659 0.103872 0.293659 0.0991501
0 0 0.29084 0 0.333333 0.0156098 0.333333 0.017561 0.335222 0.017561 0.336166 0.0185366 0.33711 0.0185366 0.342776 0.0195122 0.34372 0.0195122 0.346553 0.0204878 0.347498 0.0204878 0.348442 0.022439 0.350331 0.022439 0.351275 0.0234146 0.352219 0.0302439 0.352219 0.0302439 0.34372 0.0282927 0.341832 0.0282927 0.340888 0.0273171 0.339943 0.0273171 0.338999 0.0263415 0.338055 0.0263415 0.335222 0.0253659 0.334278 0.0253659 0.327668 0.0243902 0.327668 0.0234146 0.326723 0.022439 0.326723 0.0214634 0.325779 0.0204878 0.325779 0.0165854 0.322002 0.0165854 0.321058 0.0146341 0.319169 0.0146341 0.318225 0.0136585 0.31728 0.0136585 0.314448 0.0126829 0.313503 0.0126829 0.309726 0.0117073 0.308782 0.0117073 0.30406 0.0107317 0.303116 0.0107317 0.299339 0.0097561 0.298395 0.0097561 0.295562 0.00878049 0.294618 0.00878049 0.29084
0 0.961951 0.0708215 0.961951 0.0830973 0.962927 0.0840416 0.962927 0.0849858 0.963902 0.0859301 0.963902 0.0868744 0.964878 0.0878187 0.964878 0.0897073 0.965854 0.0906516 0.964878 0.0915958 0.964878 0.0963173 0.966829 0.0982059 0.966829 0.0991501 0.967805 0.100094 0.967805 0.101039 0.970732 0.103872 0.971707 0.103872 0.972683 0.104816 0.973659 0.104816 0.97561 0.106704 0.977561 0.106704 0.978537 0.107649 0.98439 0.107649 0.985366 0.106704 0.986341 0.106704 0.990244 0.102927 0.990244 0.101039 0.989268 0.100094 0.989268 0.0991501 0.987317 0.0972616 0.986341 0.0972616 0.985366 0.0963173 0.983415 0.0963173 0.982439 0.095373 0.981463 0.095373 0.980488 0.0944287 0.979512 0.0944287 0.97561 0.0906516 0.97561 0.082153 0.974634 0.0812087 0.974634 0.0783758 0.973659 0.0774315 0.973659 0.0717658 0.972683 0.0708215
1 0.789268 0.181303 0.789268 0.193579 0.790244 0.193579 0.79122 0.194523 0.793171 0.194523 0.794146 0.195467 0.795122 0.195467 0.796098 0.196412 0.797073 0.195467 0.799024 0.195467 0.8 0.194523 0.800976 0.194523 0.800976 0.193579 0.801951 0.192635 0.801951 0.19169 0.802927 0.190746 0.802927 0.187913 0.801951 0.186969 0.801951 0.183192 0.800976 0.182247 0.800976 0.181303
0 0.116098 0.00472144 0.116098 0.0188857 0.124878 0.0273843 0.126829 0.0273843 0.127805 0.0283286 0.138537 0.0283286 0.139512 0.0273843 0.141463 0.0273843 0.142439 0.02644 0.143415 0.02644 0.14439 0.0254958 0.145366 0.0254958 0.147317 0.0236072 0.148293 0.0236072 0.149268 0.0226629 0.150244 0.0226629 0.150244 0.00472144
0 0.116098 0.287063 0.116098 0.30406 0.117073 0.305005 0.117073 0.308782 0.118049 0.309726 0.118049 0.31067 0.119024 0.311615 0.119024 0.313503 0.120976 0.315392 0.120976 0.316336 0.122927 0.318225 0.122927 0.320113 0.123902 0.321058 0.123902 0.322002 0.124878 0.322946 0.124878 0.324835 0.125854 0.325779 0.125854 0.326723 0.126829 0.327668 0.126829 0.332389 0.127805 0.333333 0.127805 0.353163 0.12878 0.354108 0.12878 0.368272 0.129756 0.369216 0.129756 0.373938 0.136585 0.373938 0.136585 0.338055 0.13561 0.33711 0.13561 0.331445 0.134634 0.3305 0.134634 0.326723 0.133659 0.325779 0.133659 0.322946 0.132683 0.322002 0.132683 0.321058 0.131707 0.320113 0.131707 0.319169 0.129756 0.31728 0.129756 0.316336 0.12878 0.315392 0.12878 0.314448 0.127805 0.313503 0.127805 0.312559 0.126829 0.311615 0.126829 0.31067 0.125854 0.309726 0.125854 0.308782 0.124878 0.307838 0.124878 0.306893 0.123902 0.305949 0.123902 0.305005 0.122927 0.30406 0.122927 0.300283 0.123902 0.299339 0.123902 0.288008 0.124878 0.287063
1 0.044878 0.140699 0.0429268 0.142587 0.0419512 0.142587 0.0409756 0.143532 0.0409756 0.152975 0.0487805 0.152975 0.0497561 0.15203 0.0536585 0.15203 0.0546341 0.151086 0.062439 0.151086 0.0634146 0.150142 0.0643902 0.150142 0.0653659 0.149197 0.0653659 0.140699
0 0.847805 0.504249 0.845854 0.506138 0.845854 0.526912 0.861463 0.526912 0.862439 0.525968 0.86439 0.525968 0.865366 0.525024 0.867317 0.525024 0.868293 0.524079 0.869268 0.524079 0.870244 0.523135 0.87122 0.523135 0.872195 0.522191 0.873171 0.522191 0.875122 0.520302 0.875122 0.509915 0.874146 0.509915 0.872195 0.511804 0.87122 0.511804 0.870244 0.512748 0.869268 0.512748 0.868293 0.513692 0.867317 0.513692 0.866341 0.514636 0.865366 0.514636 0.86439 0.515581 0.863415 0.515581 0.862439 0.516525 0.858537 0.516525 0.857561 0.517469 0.854634 0.517469 0.853659 0.516525 0.851707 0.516525 0.850732 0.515581 0.850732 0.514636 0.849756 0.513692 0.849756 0.508026 0.848781 0.507082 0.848781 0.505194
0 0.14439 0.639282 0.14439 0.640227 0.142439 0.642115 0.142439 0.643059 0.140488 0.644948 0.140488 0.645892 0.138537 0.647781 0.137561 0.647781 0.136585 0.648725 0.13561 0.648725 0.133659 0.650614 0.132683 0.650614 0.130732 0.652502 0.12878 0.652502 0.127805 0.653447 0.126829 0.653447 0.125854 0.654391 0.119024 0.654391 0.118049 0.655335 0.113171 0.655335 0.112195 0.65628 0.10439 0.65628 0.103415 0.657224 0.101463 0.657224 0.100488 0.658168 0.0995122 0.658168 0.0985366 0.659112 0.097561 0.659112 0.0956098 0.661001 0.0946341 0.661001 0.0926829 0.66289 0.0917073 0.66289 0.0887805 0.665722 0.0887805 0.666667 0.0878049 0.667611 0.0878049 0.668555 0.0858537 0.670444 0.0858537 0.671388 0.084878 0.672332 0.084878 0.673277 0.0839024 0.674221 0.0839024 0.675165 0.0829268 0.67611 0.0829268 0.677054 0.0819512 0.677998 0.0829268 0.678942 0.0839024 0.678942 0.084878 0.679887 0.0887805 0.679887 0.0897561 0.678942 0.0936585 0.678942 0.0956098 0.677054 0.0965854 0.677054 0.097561 0.67611 0.0985366 0.67611 0.102439 0.672332 0.102439 0.671388 0.103415 0.670444 0.105366 0.670444 0.106341 0.6695 0.108293 0.6695 0.109268 0.668555 0.120976 0.668555 0.121951 0.6695 0.124878 0.6695 0.125854 0.670444 0.126829 0.6695 0.129756 0.6695 0.130732 0.668555 0.134634 0.668555 0.13561 0.667611 0.138537 0.667611 0.141463 0.664778 0.142439 0.664778 0.142439 0.663834 0.146341 0.660057 0.146341 0.659112 0.149268 0.65628 0.149268 0.655335 0.154146 0.650614 0.154146 0.64967 0.156098 0.647781 0.156098 0.646837 0.157073 0.645892 0.157073 0.639282
1 0.692683 0.227573 0.687805 0.232295 0.683902 0.232295 0.683902 0.234183 0.684878 0.234183 0.686829 0.236072 0.692683 0.236072
0 0.82439 0.612842 0.82439 0.645892 0.825366 0.646837 0.826341 0.646837 0.827317 0.647781 0.835122 0.647781 0.836098 0.646837 0.836098 0.645892 0.837073 0.644948 0.837073 0.612842
1 0.0858537 0.303116 0.0858537 0.313503 0.0868293 0.313503 0.0887805 0.315392 0.0965854 0.315392 0.0995122 0.312559 0.0995122 0.303116
0 0.0243902 0.0708215 0.0243902 0.082153 0.0253659 0.0830973 0.0253659 0.0840416 0.0273171 0.0859301 0.0282927 0.0859301 0.0292683 0.0868744 0.0321951 0.0868744 0.0331707 0.0878187 0.0341463 0.0878187 0.0341463 0.0708215
0 0.947317 0.164306 0.946341 0.16525 0.946341 0.167139 0.94439 0.169027 0.94439 0.181303 0.945366 0.182247 0.945366 0.183192 0.946341 0.184136 0.946341 0.18508 0.947317 0.186025 0.947317 0.187913 0.948293 0.188857 0.948293 0.189802 0.949268 0.190746 0.949268 0.192635 0.950244 0.193579 0.950244 0.194523 0.951219 0.195467 0.951219 0.196412 0.953171 0.1983 0.953171 0.199245 0.954146 0.200189 0.954146 0.201133 0.955122 0.202077 0.955122 0.209632 0.954146 0.210576 0.954146 0.21152 0.959024 0.21152 0.959024 0.207743 0.96 0.206799 0.96 0.205855 0.960976 0.20491 0.960976 0.203966 0.961951 0.203022 0.961951 0.187913 0.960976 0.186969 0.960976 0.18508 0.96 0.184136 0.96 0.182247 0.959024 0.181303 0.959024 0.180359 0.958049 0.179415 0.958049 0.177526 0.957073 0.176582 0.957073 0.173749 0.956098 0.172805 0.956098 0.164306
0 0.118049 0.215297 0.118049 0.221907 0.119024 0.222852 0.119024 0.226629 0.12 0.227573 0.12 0.230406 0.120976 0.23135 0.120976 0.235127 0.121951 0.236072 0.121951 0.239849 0.122927 0.240793 0.122927 0.243626 0.123902 0.24457 0.123902 0.248347 0.124878 0.249292 0.124878 0.252125 0.125854 0.253069 0.125854 0.254957 0.126829 0.255902 0.126829 0.25779 0.127805 0.258735 0.127805 0.260623 0.126829 0.261568 0.126829 0.263456 0.124878 0.265345 0.129756 0.265345 0.129756 0.215297
0 0.0185366 0.227573 0.0185366 0.235127 0.0195122 0.236072 0.0204878 0.236072 0.0214634 0.237016 0.022439 0.237016 0.0253659 0.239849 0.0253659 0.240793 0.0243902 0.241737 0.0243902 0.243626 0.0234146 0.24457 0.0234146 0.245515 0.022439 0.246459 0.022439 0.259679 0.0234146 0.260623 0.0234146 0.261568 0.0243902 0.262512 0.0243902 0.263456 0.0263415 0.265345 0.0263415 0.266289 0.0282927 0.268178 0.0282927 0.269122 0.0292683 0.269122 0.0331707 0.265345 0.0331707 0.262512 0.0321951 0.261568 0.0321951 0.249292 0.0312195 0.248347 0.0312195 0.241737 0.0321951 0.240793 0.0321951 0.239849 0.0370732 0.235127 0.0390244 0.235127 0.0390244 0.233239 0.0380488 0.233239 0.0370732 0.232295 0.0360976 0.232295 0.035122 0.23135 0.0331707 0.23135 0.0321951 0.230406 0.0312195 0.230406 0.0292683 0.228517 0.0273171 0.228517 0.0263415 0.227573
1 0.97561 0.952786 0.97561 0.96695 0.976585 0.967894 0.997073 0.967894 0.997073 0.952786
0 0.69561 0.206799 0.694634 0.207743 0.694634 0.217186 0.69561 0.21813 0.69561 0.219075 0.698537 0.221907 0.698537 0.222852 0.700488 0.22474 0.700488 0.225685 0.701463 0.226629 0.701463 0.230406 0.702439 0.23135 0.702439 0.233239 0.703415 0.234183 0.703415 0.235127 0.70439 0.236072 0.70439 0.237016 0.705366 0.23796 0.705366 0.238905 0.709268 0.238905 0.710244 0.23796 0.712195 0.23796 0.712195 0.228517 0.711219 0.227573 0.711219 0.226629 0.710244 0.225685 0.710244 0.223796 0.709268 0.222852 0.709268 0.220019 0.708293 0.219075 0.708293 0.217186 0.707317 0.216242 0.707317 0.214353 0.706341 0.213409 0.706341 0.21152 0.705366 0.210576 0.705366 0.209632 0.70439 0.208687 0.70439 0.206799
1 0.862439 0.794145 0.862439 0.805477 0.863415 0.806421 0.86439 0.806421 0.865366 0.807365 0.870244 0.807365 0.87122 0.806421 0.873171 0.806421 0.874146 0.805477 0.875122 0.805477 0.877073 0.803588 0.877073 0.796978 0.876098 0.796034 0.876098 0.794145
1 0.24878 0.684608 0.24878 0.686497 0.247805 0.687441 0.247805 0.692162 0.24878 0.693107 0.24878 0.694995 0.249756 0.69594 0.249756 0.698772 0.262439 0.698772 0.262439 0.687441 0.259512 0.684608
0 0.396098 0.107649 0.396098 0.114259 0.397073 0.115203 0.397073 0.116147 0.398049 0.117092 0.398049 0.11898 0.399024 0.119924 0.399024 0.127479 0.398049 0.128423 0.398049 0.129367 0.396098 0.131256 0.396098 0.144476 0.398049 0.146364 0.403902 0.146364 0.403902 0.14542 0.404878 0.144476 0.404878 0.142587 0.405854 0.141643 0.405854 0.1322 0.406829 0.131256 0.406829 0.126534 0.407805 0.12559 0.407805 0.123702 0.40878 0.122757 0.40878 0.113314 0.407805 0.11237 0.407805 0.110482 0.406829 0.109537 0.406829 0.108593 0.405854 0.107649
1 0.416585 0.375826 0.41561 0.376771 0.414634 0.376771 0.413659 0.377715 0.411707 0.377715 0.410732 0.378659 0.40878 0.378659 0.407805 0.379603 0.405854 0.379603 0.404878 0.380548 0.403902 0.380548 0.402927 0.381492 0.402927 0.391879 0.40878 0.391879 0.409756 0.390935 0.421463 0.390935 0.422439 0.389991 0.423415 0.389991 0.427317 0.386213 0.427317 0.376771 0.426341 0.375826
0 0.937561 0.534467 0.929756 0.542021 0.929756 0.542965 0.927805 0.544854 0.927805 0.545798 0.926829 0.546742 0.926829 0.547687 0.924878 0.549575 0.924878 0.550519 0.923902 0.551464 0.923902 0.552408 0.922927 0.553352 0.922927 0.555241 0.921951 0.556185 0.921951 0.558074 0.920976 0.559018 0.920976 0.561851 0.92 0.562795 0.92 0.563739 0.919024 0.564684 0.919024 0.572238 0.92 0.572238 0.920976 0.573182 0.921951 0.573182 0.922927 0.574127 0.923902 0.574127 0.924878 0.575071 0.925854 0.575071 0.927805 0.576959 0.92878 0.576959 0.930732 0.578848 0.932683 0.578848 0.933659 0.579792 0.934634 0.579792 0.938537 0.583569 0.939512 0.583569 0.940488 0.584514 0.961951 0.584514 0.962927 0.583569 0.963902 0.583569 0.964878 0.582625 0.965854 0.582625 0.966829 0.581681 0.967805 0.581681 0.969756 0.579792 0.970732 0.579792 0.977561 0.573182 0.978537 0.573182 0.983415 0.568461 0.98439 0.568461 0.985366 0.567517 0.986341 0.567517 0.987317 0.566572 0.988293 0.566572 0.989268 0.565628 0.989268 0.564684 0.990244 0.563739 0.990244 0.557129 0.989268 0.556185 0.988293 0.556185 0.98439 0.552408 0.982439 0.552408 0.981463 0.551464 0.979512 0.551464 0.978537 0.550519 0.977561 0.550519 0.976585 0.549575 0.973659 0.549575 0.972683 0.548631 0.971707 0.548631 0.964878 0.542021 0.963902 0.542021 0.960976 0.539188 0.96 0.539188 0.959024 0.538244 0.957073 0.538244 0.956098 0.537299 0.955122 0.537299 0.954146 0.536355 0.953171 0.536355 0.951219 0.534467
0 0.609756 0.881964 0.608781 0.882908 0.607805 0.882908 0.605854 0.884797 0.604878 0.884797 0.602927 0.886686 0.601951 0.886686 0.600976 0.88763 0.6 0.88763 0.599024 0.888574 0.598049 0.888574 0.596098 0.890463 0.595122 0.890463 0.594146 0.891407 0.593171 0.891407 0.592195 0.892351 0.591219 0.892351 0.590244 0.893296 0.589268 0.893296 0.588293 0.89424 0.587317 0.89424 0.585366 0.896128 0.58439 0.896128 0.582439 0.898017 0.581463 0.898017 0.579512 0.899906 0.578537 0.899906 0.576585 0.901794 0.57561 0.901794 0.573659 0.903683 0.572683 0.903683 0.571707 0.904627 0.570732 0.904627 0.569756 0.905571 0.56878 0.905571 0.567805 0.906516 0.566829 0.906516 0.565854 0.90746 0.564878 0.90746 0.563902 0.908404 0.563902 0.925401 0.564878 0.924457 0.564878 0.923513 0.567805 0.92068 0.56878 0.92068 0.569756 0.919736 0.571707 0.919736 0.572683 0.918791 0.573659 0.918791 0.57561 0.916903 0.57561 0.915958 0.577561 0.91407 0.578537 0.91407 0.580488 0.912181 0.581463 0.912181 0.582439 0.911237 0.58439 0.911237 0.585366 0.910293 0.586341 0.910293 0.588293 0.908404 0.589268 0.908404 0.590244 0.90746 0.591219 0.90746 0.593171 0.905571 0.594146 0.905571 0.595122 0.904627 0.596098 0.904627 0.597073 0.903683 0.598049 0.903683 0.599024 0.902738 0.6 0.902738 0.600976 0.901794 0.601951 0.901794 0.605854 0.898017 0.606829 0.898017 0.608781 0.896128 0.609756 0.896128 0.610732 0.895184 0.610732 0.89424 0.614634 0.890463 0.614634 0.881964
1 0.607805 0.540132 0.607805 0.553352 0.619512 0.553352 0.620488 0.552408 0.62439 0.552408 0.625366 0.553352 0.629268 0.553352 0.630244 0.552408 0.63122 0.552408 0.632195 0.551464 0.633171 0.551464 0.635122 0.549575 0.635122 0.541076 0.634146 0.540132
1 0.612683 0.582625 0.612683 0.594901 0.613659 0.594901 0.614634 0.593957 0.616585 0.593957 0.617561 0.594901 0.621463 0.594901 0.622439 0.595845 0.629268 0.595845 0.629268 0.582625
0 0.435122 0.28423 0.435122 0.285175 0.432195 0.288008 0.432195 0.288952 0.430244 0.29084 0.430244 0.291785 0.428293 0.293673 0.428293 0.294618 0.427317 0.295562 0.427317 0.29745 0.439024 0.29745 0.44 0.296506 0.440976 0.296506 0.444878 0.292729 0.445854 0.292729 0.446829 0.291785 0.447805 0.291785 0.447805 0.285175 0.444878 0.285175 0.443902 0.286119 0.44 0.286119 0.439024 0.285175 0.436098 0.285175
0 0.745366 0.573182 0.745366 0.574127 0.746341 0.575071 0.746341 0.577904 0.748293 0.579792 0.748293 0.580737 0.749268 0.581681 0.749268 0.582625 0.750244 0.583569 0.750244 0.584514 0.749268 0.585458 0.749268 0.586402 0.748293 0.587347 0.748293 0.588291 0.747317 0.589235 0.747317 0.591124 0.746341 0.592068 0.746341 0.593012 0.745366 0.593957 0.745366 0.594901 0.74439 0.595845 0.74439 0.599622 0.743415 0.600567 0.743415 0.603399 0.741463 0.605288 0.741463 0.606232 0.731707 0.615675 0.730732 0.615675 0.727805 0.618508 0.727805 0.619452 0.726829 0.620397 0.726829 0.621341 0.725854 0.622285 0.725854 0.624174 0.724878 0.625118 0.724878 0.627951 0.721951 0.630784 0.721951 0.631728 0.718049 0.635505 0.718049 0.636449 0.715122 0.639282 0.715122 0.640227 0.714146 0.641171 0.714146 0.643059 0.713171 0.644004 0.713171 0.644948 0.712195 0.645892 0.711219 0.645892 0.711219 0.646837 0.714146 0.64967 0.714146 0.650614 0.715122 0.651558 0.716098 0.651558 0.717073 0.652502 0.718049 0.652502 0.719024 0.653447 0.72 0.652502 0.720976 0.652502 0.721951 0.651558 0.723902 0.651558 0.724878 0.650614 0.725854 0.650614 0.725854 0.64967 0.733659 0.642115 0.733659 0.641171 0.736585 0.638338 0.736585 0.637394 0.741463 0.632672 0.741463 0.631728 0.748293 0.625118 0.748293 0.624174 0.752195 0.620397 0.752195 0.619452 0.754146 0.617564 0.754146 0.616619 0.755122 0.615675 0.755122 0.614731 0.756098 0.613787 0.756098 0.612842 0.757073 0.611898 0.757073 0.610954 0.758049 0.610009 0.758049 0.609065 0.759024 0.608121 0.759024 0.607177 0.76 0.606232 0.76 0.605288 0.760976 0.604344 0.760976 0.573182
0 0.0546341 0.401322 0.0536585 0.402266 0.0526829 0.402266 0.0507317 0.404155 0.0497561 0.404155 0.0478049 0.406043 0.0458537 0.406043 0.044878 0.406988 0.0429268 0.406988 0.0429268 0.417375 0.0439024 0.418319 0.044878 0.418319 0.0458537 0.419263 0.0468293 0.419263 0.0526829 0.424929 0.0526829 0.425873 0.0546341 0.427762 0.0546341 0.428706 0.0565854 0.430595 0.0565854 0.431539 0.057561 0.432483 0.057561 0.435316 0.0585366 0.436261 0.0585366 0.438149 0.0595122 0.439093 0.0595122 0.440982 0.0604878 0.441926 0.0604878 0.442871 0.0614634 0.442871 0.062439 0.443815 0.0634146 0.443815 0.0663415 0.446648 0.0663415 0.430595 0.0653659 0.429651 0.0653659 0.427762 0.0643902 0.426818 0.0643902 0.425873 0.0634146 0.424929 0.0634146 0.423985 0.062439 0.423041 0.062439 0.422096 0.0614634 0.421152 0.0614634 0.420208 0.0604878 0.419263 0.0604878 0.417375 0.0595122 0.416431 0.0595122 0.412653 0.0604878 0.411709 0.0604878 0.402266 0.0565854 0.402266 0.0556098 0.401322
0 0.693659 0.0840416 0.692683 0.0849858 0.692683 0.0859301 0.691707 0.0868744 0.691707 0.0878187 0.689756 0.0897073 0.689756 0.100094 0.691707 0.100094 0.692683 0.0991501 0.693659 0.0991501 0.694634 0.0982059 0.69561 0.0982059 0.696585 0.0972616 0.697561 0.0972616 0.700488 0.0944287 0.700488 0.0840416
1 0.934634 0.90746 0.933659 0.908404 0.932683 0.908404 0.929756 0.911237 0.929756 0.924457 0.930732 0.925401 0.930732 0.926346 0.931707 0.92729 0.932683 0.92729 0.933659 0.928234 0.934634 0.928234 0.93561 0.929178 0.936585 0.929178 0.937561 0.930123 0.942439 0.930123 0.943415 0.931067 0.94439 0.931067 0.945366 0.930123 0.946341 0.930123 0.946341 0.90746
1 0.225366 0.305949 0.225366 0.316336 0.227317 0.318225 0.238049 0.318225 0.239024 0.31728 0.24 0.31728 0.240976 0.316336 0.241951 0.316336 0.242927 0.315392 0.242927 0.305949
0 0.119024 0.296506 0.119024 0.313503 0.12 0.314448 0.12 0.315392 0.122927 0.318225 0.122927 0.319169 0.123902 0.320113 0.123902 0.322002 0.124878 0.322946 0.124878 0.324835 0.126829 0.326723 0.126829 0.336166 0.127805 0.33711 0.127805 0.354108 0.12878 0.355052 0.12878 0.366383 0.129756 0.367328 0.129756 0.368272 0.133659 0.368272 0.133659 0.324835 0.132683 0.32389 0.132683 0.322002 0.129756 0.319169 0.129756 0.318225 0.12878 0.31728 0.12878 0.315392 0.127805 0.314448 0.127805 0.313503 0.126829 0.312559 0.126829 0.311615 0.124878 0.309726 0.124878 0.308782 0.123902 0.307838 0.123902 0.306893 0.122927 0.305949 0.122927 0.296506
1 0.0839024 0.266289 0.0839024 0.275732 0.084878 0.276676 0.084878 0.27762 0.0858537 0.278565 0.0858537 0.279509 0.0878049 0.281398 0.0878049 0.282342 0.0926829 0.287063 0.0965854 0.287063 0.097561 0.286119 0.0985366 0.286119 0.0985366 0.278565 0.097561 0.27762 0.097561 0.274788 0.0985366 0.273843 0.0985366 0.27101 0.0936585 0.266289
1 0.647805 0.149197 0.647805 0.159585 0.64878 0.159585 0.649756 0.160529 0.652683 0.160529 0.653659 0.161473 0.654634 0.161473 0.65561 0.160529 0.657561 0.160529 0.658537 0.159585 0.659512 0.159585 0.659512 0.151086 0.657561 0.149197
1 0.858537 0.380548 0.857561 0.381492 0.857561 0.382436 0.85561 0.384325 0.85561 0.398489 0.859512 0.398489 0.859512 0.397545 0.860488 0.396601 0.86439 0.396601 0.865366 0.397545 0.867317 0.397545 0.868293 0.396601 0.869268 0.396601 0.87122 0.394712 0.872195 0.394712 0.872195 0.380548
0 0.923902 0.0642115 0.923902 0.0670444 0.922927 0.0679887 0.922927 0.0849858 0.923902 0.0849858 0.924878 0.0859301 0.931707 0.0859301 0.933659 0.0840416 0.933659 0.0745987 0.934634 0.0736544 0.934634 0.0670444 0.93561 0.0661001 0.93561 0.0642115
1 0.673171 0.853635 0.673171 0.8678 0.676098 0.870633 0.677073 0.870633 0.678049 0.871577 0.68 0.871577 0.680976 0.872521 0.682927 0.872521 0.683902 0.873466 0.69561 0.873466 0.696585 0.872521 0.698537 0.872521 0.698537 0.859301 0.697561 0.858357 0.697561 0.857413 0.696585 0.856468 0.696585 0.855524 0.69561 0.85458 0.69561 0.853635
0 0.374634 0.362606 0.374634 0.383381 0.376585 0.385269 0.379512 0.385269 0.380488 0.386213 0.387317 0.386213 0.388293 0.385269 0.390244 0.385269 0.393171 0.382436 0.393171 0.381492 0.394146 0.380548 0.394146 0.379603 0.395122 0.378659 0.395122 0.374882 0.394146 0.373938 0.394146 0.372049 0.393171 0.371105 0.393171 0.370161 0.39122 0.368272 0.39122 0.367328 0.389268 0.365439 0.389268 0.364495 0.390244 0.363551 0.390244 0.362606
0 0.306341 0.382436 0.306341 0.383381 0.305366 0.384325 0.305366 0.386213 0.30439 0.387158 0.30439 0.388102 0.303415 0.389046 0.303415 0.389991 0.301463 0.391879 0.301463 0.401322 0.303415 0.399433 0.30439 0.399433 0.305366 0.398489 0.306341 0.398489 0.309268 0.401322 0.309268 0.402266 0.310244 0.403211 0.310244 0.404155 0.31122 0.405099 0.31122 0.406043 0.312195 0.406988 0.312195 0.408876 0.313171 0.409821 0.314146 0.409821 0.317073 0.412653 0.317073 0.413598 0.318049 0.414542 0.32 0.414542 0.32 0.413598 0.320976 0.412653 0.320976 0.410765 0.321951 0.409821 0.321951 0.406988 0.322927 0.406043 0.322927 0.404155 0.324878 0.402266 0.324878 0.401322 0.325854 0.400378 0.325854 0.383381 0.324878 0.382436
1 0.903415 0.925401 0.902439 0.926346 0.900488 0.926346 0.900488 0.942398 0.901463 0.942398 0.902439 0.943343 0.90439 0.943343 0.905366 0.944287 0.914146 0.944287 0.917073 0.941454 0.917073 0.94051 0.918049 0.939566 0.918049 0.9339 0.917073 0.932956 0.917073 0.932011 0.916098 0.931067 0.916098 0.930123 0.915122 0.929178 0.915122 0.928234 0.912195 0.925401
0 0.981463 0.0415486 0.980488 0.0424929 0.979512 0.0424929 0.978537 0.0434372 0.977561 0.0434372 0.976585 0.0443815 0.97561 0.0443815 0.974634 0.0453258 0.973659 0.0453258 0.973659 0.0557129 0.981463 0.0557129 0.983415 0.0538244 0.985366 0.0538244 0.986341 0.0528801 0.988293 0.0528801 0.989268 0.0519358 0.990244 0.0519358 0.99122 0.0509915 0.992195 0.0509915 0.993171 0.0500472 0.994146 0.0500472 0.994146 0.0415486
1 0.683902 0.729934 0.683902 0.751652 0.699512 0.751652 0.699512 0.729934
0 0.306341 0.84136 0.306341 0.846081 0.307317 0.846081 0.308293 0.847026 0.309268 0.847026 0.31122 0.848914 0.31122 0.849858 0.312195 0.850803 0.312195 0.862134 0.31122 0.863078 0.31122 0.864967 0.310244 0.865911 0.310244 0.866856 0.309268 0.8678 0.309268 0.868744 0.307317 0.870633 0.307317 0.871577 0.306341 0.872521 0.306341 0.904627 0.307317 0.905571 0.307317 0.906516 0.309268 0.908404 0.309268 0.909348 0.313171 0.913126 0.313171 0.91407 0.314146 0.915014 0.314146 0.916903 0.315122 0.917847 0.315122 0.918791 0.316098 0.919736 0.316098 0.921624 0.317073 0.922568 0.317073 0.924457 0.318049 0.925401 0.318049 0.926346 0.319024 0.92729 0.319024 0.94051 0.317073 0.942398 0.316098 0.942398 0.315122 0.943343 0.315122 0.944287 0.310244 0.949009 0.309268 0.949009 0.307317 0.950897 0.306341 0.950897 0.306341 0.965061 0.309268 0.965061 0.310244 0.964117 0.31122 0.964117 0.313171 0.962229 0.314146 0.962229 0.315122 0.961284 0.317073 0.961284 0.318049 0.96034 0.32 0.96034 0.320976 0.959396 0.321951 0.959396 0.323902 0.957507 0.324878 0.957507 0.324878 0.956563 0.327805 0.95373 0.328781 0.95373 0.328781 0.912181 0.327805 0.911237 0.327805 0.909348 0.326829 0.908404 0.326829 0.905571 0.325854 0.904627 0.325854 0.903683 0.324878 0.902738 0.324878 0.901794 0.323902 0.90085 0.323902 0.898961 0.322927 0.898017 0.322927 0.897073 0.321951 0.896128 0.321951 0.891407 0.320976 0.890463 0.321951 0.889518 0.321951 0.888574 0.322927 0.88763 0.322927 0.886686 0.325854 0.883853 0.325854 0.882908 0.326829 0.881964 0.326829 0.88102 0.327805 0.880076 0.327805 0.878187 0.328781 0.877243 0.328781 0.868744 0.327805 0.8678 0.327805 0.864967 0.326829 0.864023 0.326829 0.86119 0.325854 0.860246 0.325854 0.859301 0.324878 0.858357 0.324878 0.856468 0.323902 0.855524 0.323902 0.853635 0.322927 0.852691 0.322927 0.851747 0.321951 0.850803 0.321951 0.848914 0.320976 0.84797 0.320976 0.846081 0.32 0.845137 0.32 0.843248 0.319024 0.842304 0.319024 0.84136 0.314146 0.84136 0.313171 0.842304 0.312195 0.842304 0.31122 0.84136
0 0 0.288952 0 0.329556 0.0097561 0.329556 0.0097561 0.29745 0.00878049 0.296506 0.00878049 0.289896 0.00780488 0.288952
1 0.69561 0.560907 0.69561 0.570349 0.696585 0.571294 0.696585 0.573182 0.697561 0.573182 0.698537 0.574127 0.702439 0.574127 0.703415 0.575071 0.706341 0.575071 0.707317 0.576015 0.708293 0.576015 0.708293 0.560907
1 0.890732 0.287063 0.890732 0.302172 0.899512 0.302172 0.900488 0.301228 0.905366 0.301228 0.907317 0.299339 0.907317 0.287063
1 0.740488 0.511804 0.740488 0.521246 0.741463 0.522191 0.741463 0.527856 0.740488 0.528801 0.740488 0.557129 0.741463 0.558074 0.741463 0.559018 0.743415 0.560907 0.74439 0.560907 0.745366 0.561851 0.746341 0.561851 0.747317 0.562795 0.761951 0.562795 0.763902 0.560907 0.763902 0.540132 0.762927 0.539188 0.762927 0.536355 0.761951 0.535411 0.761951 0.532578 0.760976 0.531634 0.760976 0.530689 0.76 0.529745 0.76 0.526912 0.759024 0.525968 0.759024 0.517469 0.758049 0.516525 0.758049 0.511804
0 0.943415 0.313503 0.943415 0.320113 0.94439 0.321058 0.94439 0.322946 0.945366 0.32389 0.945366 0.324835 0.947317 0.326723 0.947317 0.327668 0.948293 0.328612 0.948293 0.332389 0.949268 0.333333 0.948293 0.334278 0.948293 0.338999 0.947317 0.339943 0.947317 0.34372 0.946341 0.344665 0.946341 0.346553 0.94439 0.348442 0.94439 0.349386 0.943415 0.350331 0.943415 0.360718 0.949268 0.360718 0.949268 0.359773 0.951219 0.357885 0.951219 0.356941 0.952195 0.355996 0.952195 0.354108 0.953171 0.353163 0.953171 0.351275 0.954146 0.350331 0.954146 0.349386 0.955122 0.348442 0.955122 0.347498 0.956098 0.346553 0.956098 0.345609 0.958049 0.34372 0.958049 0.342776 0.959024 0.341832 0.959024 0.339943 0.96 0.338999 0.96 0.33711 0.960976 0.336166 0.960976 0.321058 0.96 0.320113 0.96 0.318225 0.959024 0.31728 0.959024 0.315392 0.958049 0.314448 0.958049 0.313503
0 0.0692683 0.482531 0.0663415 0.485364 0.0653659 0.485364 0.062439 0.488196 0.062439 0.489141 0.0614634 0.490085 0.0614634 0.491029 0.0604878 0.491974 0.0604878 0.497639 0.0663415 0.497639 0.0673171 0.496695 0.0682927 0.496695 0.0731707 0.491974 0.0741463 0.491974 0.0780488 0.488196 0.0780488 0.482531
0 0.265366 0.863078 0.265366 0.873466 0.269268 0.877243 0.269268 0.878187 0.270244 0.878187 0.272195 0.880076 0.29561 0.880076 0.296585 0.879131 0.298537 0.879131 0.299512 0.878187 0.299512 0.871577 0.293659 0.871577 0.292683 0.870633 0.291707 0.870633 0.290732 0.869688 0.289756 0.869688 0.28878 0.868744 0.286829 0.868744 0.285854 0.8678 0.284878 0.8678 0.283902 0.866856 0.281951 0.866856 0.280976 0.865911 0.28 0.865911 0.279024 0.864967 0.279024 0.864023 0.278049 0.863078
1 0.76878 0.32389 0.766829 0.325779 0.766829 0.336166 0.767805 0.33711 0.772683 0.33711 0.773659 0.336166 0.776585 0.336166 0.777561 0.335222 0.778537 0.335222 0.778537 0.334278 0.779512 0.333333 0.779512 0.32389
1 0.923902 0.442871 0.923902 0.454202 0.93561 0.454202 0.936585 0.453258 0.937561 0.453258 0.940488 0.450425 0.940488 0.442871
1 0.148293 0.923513 0.148293 0.924457 0.147317 0.925401 0.147317 0.926346 0.140488 0.932956 0.140488 0.9339 0.13561 0.938621 0.13561 0.939566 0.130732 0.944287 0.130732 0.955619 0.146341 0.955619 0.147317 0.954674 0.149268 0.954674 0.150244 0.95373 0.15122 0.95373 0.157073 0.948064 0.157073 0.94712 0.159024 0.945231 0.159024 0.944287 0.16 0.943343 0.16 0.942398 0.160976 0.941454 0.160976 0.94051 0.162927 0.938621 0.162927 0.937677 0.163902 0.936733 0.163902 0.923513
0 0.177561 0.0273843 0.174634 0.0302172 0.174634 0.0387158 0.17561 0.0396601 0.178537 0.0396601 0.180488 0.0377715 0.180488 0.0273843
0 0.190244 0.372049 0.190244 0.377715 0.193171 0.380548 0.194146 0.380548 0.195122 0.381492 0.21561 0.381492 0.21561 0.372993 0.214634 0.372049
0 0.660488 0.29084 0.660488 0.31067 0.662439 0.312559 0.663415 0.312559 0.66439 0.313503 0.665366 0.313503 0.666341 0.314448 0.667317 0.314448 0.668293 0.315392 0.668293 0.316336 0.670244 0.318225 0.67122 0.318225 0.675122 0.322002 0.675122 0.322946 0.676098 0.32389 0.676098 0.324835 0.678049 0.326723 0.679024 0.326723 0.68 0.327668 0.68 0.316336 0.672195 0.308782 0.672195 0.306893 0.67122 0.305949 0.67122 0.298395 0.672195 0.29745 0.672195 0.296506 0.670244 0.294618 0.670244 0.293673 0.669268 0.292729 0.668293 0.292729 0.667317 0.291785 0.665366 0.291785 0.66439 0.29084
0 0.247805 0.859301 0.247805 0.863078 0.246829 0.864023 0.246829 0.8678 0.245854 0.868744 0.245854 0.870633 0.244878 0.871577 0.244878 0.875354 0.243902 0.876298 0.243902 0.879131 0.242927 0.880076 0.242927 0.881964 0.241951 0.882908 0.241951 0.909348 0.252683 0.919736 0.253659 0.919736 0.25561 0.921624 0.263415 0.921624 0.263415 0.92068 0.26439 0.919736 0.26439 0.918791 0.265366 0.917847 0.265366 0.916903 0.266341 0.915958 0.266341 0.91407 0.26439 0.912181 0.26439 0.911237 0.263415 0.910293 0.263415 0.909348 0.262439 0.908404 0.262439 0.90746 0.260488 0.905571 0.260488 0.903683 0.259512 0.902738 0.259512 0.888574 0.258537 0.88763 0.258537 0.869688 0.259512 0.868744 0.259512 0.866856 0.261463 0.864967 0.262439 0.864967 0.262439 0.864023 0.263415 0.863078 0.263415 0.862134 0.26439 0.86119 0.26439 0.859301
0 0.0614634 0.618508 0.0614634 0.654391 0.0634146 0.65628 0.0634146 0.657224 0.0643902 0.658168 0.0643902 0.659112 0.0731707 0.667611 0.0731707 0.668555 0.0741463 0.6695 0.0741463 0.670444 0.0760976 0.670444 0.0770732 0.671388 0.0770732 0.672332 0.0760976 0.673277 0.0760976 0.675165 0.075122 0.67611 0.075122 0.677998 0.0741463 0.678942 0.0741463 0.679887 0.0702439 0.683664 0.0712195 0.684608 0.08 0.684608 0.0809756 0.683664 0.0829268 0.683664 0.084878 0.681775 0.0907317 0.681775 0.0917073 0.68272 0.0917073 0.683664 0.0936585 0.685552 0.0936585 0.690274 0.0946341 0.691218 0.0946341 0.705382 0.0936585 0.706327 0.0936585 0.70916 0.0926829 0.710104 0.0926829 0.711992 0.0917073 0.712937 0.0917073 0.714825 0.0907317 0.71577 0.0907317 0.716714 0.0897561 0.717658 0.0897561 0.718602 0.0887805 0.719547 0.0887805 0.720491 0.0878049 0.721435 0.0878049 0.723324 0.0868293 0.724268 0.0868293 0.725212 0.0858537 0.726157 0.0858537 0.728045 0.084878 0.72899 0.084878 0.729934 0.0839024 0.730878 0.0839024 0.731822 0.0731707 0.74221 0.0721951 0.74221 0.0702439 0.744098 0.0692683 0.744098 0.0673171 0.745987 0.0643902 0.745987 0.0634146 0.746931 0.0614634 0.746931 0.0614634 0.74882 0.0839024 0.74882 0.084878 0.747875 0.084878 0.746931 0.0907317 0.741265 0.0917073 0.741265 0.0936585 0.739377 0.0946341 0.739377 0.0985366 0.7356 0.0995122 0.7356 0.0995122 0.734655 0.100488 0.733711 0.100488 0.732767 0.102439 0.730878 0.102439 0.729934 0.10439 0.728045 0.10439 0.727101 0.105366 0.726157 0.105366 0.725212 0.106341 0.724268 0.106341 0.72238 0.107317 0.721435 0.107317 0.718602 0.108293 0.717658 0.108293 0.712937 0.109268 0.711992 0.109268 0.706327 0.110244 0.705382 0.110244 0.698772 0.11122 0.697828 0.11122 0.684608 0.110244 0.684608 0.109268 0.683664 0.105366 0.683664 0.10439 0.68272 0.102439 0.68272 0.100488 0.680831 0.097561 0.680831 0.0965854 0.679887 0.0946341 0.679887 0.0926829 0.677998 0.0956098 0.675165 0.0965854 0.675165 0.0995122 0.672332 0.0995122 0.671388 0.101463 0.6695 0.103415 0.6695 0.10439 0.668555 0.108293 0.668555 0.109268 0.667611 0.12 0.667611 0.120976 0.668555 0.125854 0.668555 0.126829 0.667611 0.127805 0.667611 0.12878 0.666667 0.130732 0.666667 0.131707 0.665722 0.132683 0.665722 0.133659 0.664778 0.134634 0.664778 0.13561 0.663834 0.136585 0.663834 0.137561 0.66289 0.137561 0.645892 0.13561 0.647781 0.134634 0.647781 0.133659 0.648725 0.132683 0.648725 0.130732 0.650614 0.129756 0.650614 0.12878 0.651558 0.127805 0.651558 0.126829 0.652502 0.125854 0.652502 0.124878 0.653447 0.122927 0.653447 0.121951 0.654391 0.118049 0.654391 0.117073 0.655335 0.115122 0.655335 0.114146 0.65628 0.108293 0.65628 0.107317 0.657224 0.10439 0.657224 0.103415 0.658168 0.102439 0.658168 0.101463 0.659112 0.100488 0.659112 0.0995122 0.660057 0.0907317 0.660057 0.0897561 0.661001 0.0878049 0.661001 0.0868293 0.661945 0.0819512 0.661945 0.0809756 0.661001 0.08 0.661001 0.0790244 0.660057 0.0790244 0.659112 0.0770732 0.657224 0.0770732 0.65628 0.0760976 0.655335 0.0760976 0.653447 0.075122 0.652502 0.075122 0.651558 0.0741463 0.650614 0.0741463 0.64967 0.0731707 0.648725 0.0731707 0.646837 0.0712195 0.644948 0.0712195 0.644004 0.0692683 0.642115 0.0682927 0.642115 0.0653659 0.639282 0.0653659 0.632672 0.0663415 0.631728 0.0663415 0.630784 0.0682927 0.628895 0.0682927 0.627951 0.0653659 0.625118 0.0653659 0.624174 0.0634146 0.622285 0.0634146 0.621341 0.062439 0.620397 0.062439 0.619452
1 0.869268 0.230406 0.869268 0.242682 0.87122 0.24457 0.879024 0.24457 0.88 0.243626 0.88 0.23135 0.879024 0.230406
0 0.0214634 0.714825 0.0204878 0.71577 0.0195122 0.71577 0.0185366 0.716714 0.0165854 0.716714 0.0156098 0.717658 0.0146341 0.717658 0.0146341 0.739377 0.0214634 0.739377 0.022439 0.738432 0.0243902 0.738432 0.0253659 0.737488 0.0263415 0.737488 0.0273171 0.736544 0.0282927 0.736544 0.0292683 0.7356 0.0302439 0.7356 0.0321951 0.733711 0.0331707 0.733711 0.035122 0.731822 0.0360976 0.731822 0.0370732 0.730878 0.0380488 0.730878 0.0390244 0.729934 0.04 0.729934 0.0429268 0.727101 0.0429268 0.721435 0.0380488 0.716714 0.0370732 0.716714 0.035122 0.714825
1 0.00097561 0.935788 0.00097561 0.963173 0.0126829 0.963173 0.0136585 0.962229 0.0146341 0.962229 0.0156098 0.961284 0.0165854 0.961284 0.017561 0.96034 0.0195122 0.96034 0.0195122 0.941454 0.0185366 0.94051 0.0185366 0.939566 0.0165854 0.937677 0.0165854 0.936733 0.0156098 0.935788
1 0.57561 0.718602 0.57561 0.732767 0.576585 0.732767 0.579512 0.7356 0.581463 0.7356 0.582439 0.736544 0.589268 0.736544 0.590244 0.7356 0.593171 0.7356 0.594146 0.734655 0.598049 0.734655 0.599024 0.733711 0.602927 0.733711 0.603902 0.732767 0.605854 0.732767 0.606829 0.731822 0.607805 0.731822 0.607805 0.718602
1 0.508293 0.174693 0.508293 0.18508 0.509268 0.186025 0.518049 0.186025 0.520976 0.183192 0.520976 0.174693
0 0.562927 0.31728 0.561951 0.318225 0.56 0.318225 0.56 0.326723 0.560976 0.325779 0.562927 0.325779 0.563902 0.324835 0.564878 0.325779 0.564878 0.326723 0.569756 0.331445 0.570732 0.331445 0.572683 0.333333 0.573659 0.333333 0.57561 0.335222 0.576585 0.335222 0.577561 0.336166 0.581463 0.336166 0.582439 0.33711 0.58439 0.33711 0.585366 0.336166 0.586341 0.336166 0.587317 0.335222 0.588293 0.335222 0.588293 0.332389 0.586341 0.3305 0.585366 0.3305 0.58439 0.329556 0.583415 0.329556 0.582439 0.328612 0.582439 0.327668 0.577561 0.322946 0.576585 0.322946 0.573659 0.320113 0.572683 0.320113 0.571707 0.319169 0.56878 0.319169 0.567805 0.318225 0.564878 0.318225 0.563902 0.31728
0 0.312195 0.950897 0.31122 0.951841 0.310244 0.951841 0.308293 0.95373 0.307317 0.95373 0.306341 0.954674 0.305366 0.954674 0.30439 0.955619 0.302439 0.955619 0.301463 0.956563 0.300488 0.956563 0.299512 0.957507 0.297561 0.957507 0.296585 0.958451 0.296585 0.966006 0.309268 0.966006 0.310244 0.965061 0.312195 0.965061 0.313171 0.964117 0.314146 0.964117 0.315122 0.963173 0.316098 0.963173 0.317073 0.962229 0.319024 0.962229 0.32 0.961284 0.320976 0.961284 0.322927 0.959396 0.323902 0.959396 0.323902 0.950897
1 0.220488 0.00849858 0.220488 0.0169972 0.222439 0.0188857 0.222439 0.01983 0.223415 0.0207743 0.223415 0.0226629 0.22439 0.0236072 0.22439 0.0254958 0.225366 0.02644 0.225366 0.0283286 0.228293 0.0311615 0.23122 0.0311615 0.232195 0.0302172 0.234146 0.0302172 0.234146 0.00849858
1 0.00195122 0.392823 0.00195122 0.416431 0.0097561 0.416431 0.0107317 0.415486 0.0117073 0.415486 0.0126829 0.414542 0.0156098 0.414542 0.017561 0.412653 0.017561 0.394712 0.0165854 0.393768 0.0165854 0.392823
0 0.247805 0.783758 0.247805 0.784703 0.246829 0.785647 0.246829 0.786591 0.245854 0.787535 0.245854 0.789424 0.244878 0.790368 0.245854 0.791313 0.245854 0.796034 0.246829 0.796978 0.246829 0.805477 0.245854 0.806421 0.245854 0.80831 0.244878 0.809254 0.244878 0.813031 0.243902 0.813975 0.243902 0.81492 0.244878 0.815864 0.244878 0.816808 0.246829 0.818697 0.250732 0.818697 0.252683 0.816808 0.253659 0.816808 0.25561 0.81492 0.25561 0.813975 0.257561 0.812087 0.258537 0.812087 0.259512 0.811143 0.267317 0.811143 0.268293 0.812087 0.269268 0.812087 0.27122 0.813975 0.272195 0.813975 0.273171 0.81492 0.279024 0.81492 0.279024 0.783758 0.272195 0.783758 0.267317 0.78848 0.266341 0.78848 0.265366 0.787535 0.263415 0.787535 0.262439 0.786591 0.261463 0.786591 0.258537 0.783758
1 0.140488 0.235127 0.140488 0.242682 0.141463 0.243626 0.141463 0.24457 0.142439 0.245515 0.142439 0.246459 0.143415 0.247403 0.150244 0.247403 0.15122 0.246459 0.152195 0.246459 0.155122 0.243626 0.156098 0.243626 0.158049 0.241737 0.16 0.241737 0.160976 0.240793 0.161951 0.240793 0.161951 0.235127
0 0.981463 0.574127 0.981463 0.575071 0.980488 0.576015 0.980488 0.577904 0.976585 0.581681 0.97561 0.581681 0.974634 0.582625 0.974634 0.583569 0.973659 0.584514 0.973659 0.609065 0.987317 0.609065 0.987317 0.594901 0.988293 0.593957 0.988293 0.592068 0.989268 0.591124 0.989268 0.590179 0.990244 0.589235 0.994146 0.589235 0.994146 0.574127
0 0 0.20491 0 0.228517 0.00292683 0.228517 0.00390244 0.229462 0.00487805 0.229462 0.00682927 0.23135 0.00780488 0.23135 0.00878049 0.232295 0.0097561 0.232295 0.0126829 0.235127 0.0136585 0.235127 0.0146341 0.236072 0.0156098 0.236072 0.0165854 0.237016 0.0243902 0.237016 0.0253659 0.236072 0.0263415 0.236072 0.0273171 0.235127 0.0282927 0.235127 0.0292683 0.234183 0.0292683 0.230406 0.0302439 0.229462 0.0302439 0.227573 0.0292683 0.226629 0.0282927 0.226629 0.0263415 0.22474 0.0253659 0.22474 0.0243902 0.223796 0.0234146 0.223796 0.022439 0.222852 0.0214634 0.222852 0.017561 0.219075 0.0165854 0.219075 0.0146341 0.217186 0.0146341 0.216242 0.0136585 0.215297 0.0136585 0.208687 0.0156098 0.206799 0.0165854 0.206799 0.0185366 0.20491 0.0195122 0.20491
0 0.291707 0.344665 0.291707 0.353163 0.292683 0.354108 0.292683 0.355052 0.294634 0.356941 0.294634 0.357885 0.298537 0.361662 0.303415 0.361662 0.303415 0.347498 0.302439 0.346553 0.302439 0.345609 0.301463 0.344665
0 0.587317 0.76865 0.587317 0.802644 0.588293 0.803588 0.588293 0.804533 0.589268 0.805477 0.589268 0.806421 0.590244 0.807365 0.590244 0.811143 0.591219 0.812087 0.591219 0.815864 0.593171 0.817753 0.593171 0.818697 0.594146 0.819641 0.594146 0.820585 0.595122 0.82153 0.595122 0.822474 0.596098 0.823418 0.596098 0.824363 0.597073 0.825307 0.597073 0.826251 0.598049 0.827195 0.598049 0.82814 0.599024 0.829084 0.599024 0.830973 0.6 0.831917 0.6 0.833806 0.600976 0.83475 0.600976 0.835694 0.602927 0.837583 0.602927 0.838527 0.604878 0.840415 0.604878 0.842304 0.605854 0.843248 0.605854 0.845137 0.606829 0.846081 0.606829 0.849858 0.605854 0.850803 0.605854 0.852691 0.607805 0.85458 0.607805 0.855524 0.608781 0.856468 0.608781 0.857413 0.622439 0.857413 0.622439 0.827195 0.621463 0.826251 0.621463 0.824363 0.620488 0.823418 0.620488 0.822474 0.619512 0.82153 0.619512 0.819641 0.618537 0.818697 0.618537 0.817753 0.617561 0.816808 0.617561 0.815864 0.616585 0.81492 0.616585 0.813975 0.61561 0.813031 0.61561 0.812087 0.614634 0.811143 0.614634 0.809254 0.613659 0.80831 0.613659 0.806421 0.612683 0.805477 0.612683 0.803588 0.611707 0.802644 0.611707 0.800755 0.610732 0.799811 0.610732 0.798867 0.609756 0.797923 0.609756 0.796034 0.608781 0.79509 0.608781 0.794145 0.607805 0.793201 0.607805 0.791313 0.606829 0.790368 0.606829 0.78848 0.605854 0.787535 0.605854 0.785647 0.604878 0.784703 0.604878 0.782814 0.603902 0.78187 0.603902 0.779981 0.602927 0.779037 0.602927 0.777148 0.601951 0.776204 0.601951 0.774315 0.600976 0.773371 0.600976 0.772427 0.6 0.771483 0.6 0.769594 0.599024 0.76865
0 0.931707 0.811143 0.926829 0.815864 0.925854 0.815864 0.919024 0.822474 0.918049 0.822474 0.915122 0.825307 0.914146 0.825307 0.912195 0.827195 0.91122 0.827195 0.910244 0.82814 0.909268 0.82814 0.909268 0.843248 0.910244 0.844193 0.910244 0.845137 0.91122 0.846081 0.91122 0.847026 0.912195 0.84797 0.912195 0.848914 0.913171 0.849858 0.913171 0.850803 0.914146 0.851747 0.914146 0.853635 0.915122 0.85458 0.915122 0.856468 0.916098 0.857413 0.916098 0.859301 0.917073 0.860246 0.917073 0.86119 0.918049 0.862134 0.925854 0.862134 0.925854 0.852691 0.924878 0.851747 0.924878 0.849858 0.923902 0.848914 0.923902 0.845137 0.922927 0.844193 0.922927 0.837583 0.923902 0.836638 0.923902 0.835694 0.924878 0.83475 0.924878 0.833806 0.925854 0.832861 0.925854 0.831917 0.927805 0.830028 0.927805 0.829084 0.930732 0.826251 0.930732 0.825307 0.932683 0.823418 0.932683 0.811143
0 0.136585 0.107649 0.136585 0.111426 0.137561 0.110482 0.141463 0.110482 0.143415 0.11237 0.143415 0.117092 0.14439 0.118036 0.14439 0.120869 0.147317 0.120869 0.148293 0.119924 0.152195 0.119924 0.153171 0.11898 0.154146 0.11898 0.155122 0.118036 0.156098 0.118036 0.157073 0.117092 0.158049 0.117092 0.16 0.115203 0.16 0.107649 0.152195 0.107649 0.15122 0.108593 0.14439 0.108593 0.143415 0.107649
0 0.0878049 0.250236 0.0878049 0.252125 0.0819512 0.25779 0.0819512 0.258735 0.0809756 0.259679 0.0809756 0.261568 0.08 0.262512 0.08 0.268178 0.0819512 0.270066 0.0829268 0.270066 0.0858537 0.272899 0.0858537 0.273843 0.0868293 0.274788 0.0887805 0.274788 0.0897561 0.273843 0.0926829 0.273843 0.0926829 0.272899 0.0936585 0.271955 0.0936585 0.270066 0.0926829 0.269122 0.0926829 0.267233 0.0917073 0.266289 0.0917073 0.265345 0.0936585 0.263456 0.0936585 0.262512 0.0946341 0.261568 0.0946341 0.260623 0.0956098 0.259679 0.0956098 0.250236
1 0.729756 0.207743 0.729756 0.221907 0.731707 0.223796 0.739512 0.223796 0.740488 0.222852 0.741463 0.222852 0.742439 0.221907 0.743415 0.221907 0.743415 0.208687 0.742439 0.207743
1 0.96 0.711048 0.96 0.720491 0.962927 0.723324 0.964878 0.723324 0.965854 0.724268 0.971707 0.724268 0.973659 0.72238 0.973659 0.711048
1 0.873171 0.106704 0.873171 0.11237 0.874146 0.113314 0.875122 0.113314 0.876098 0.114259 0.877073 0.114259 0.878049 0.115203 0.88 0.115203 0.880976 0.114259 0.881951 0.114259 0.884878 0.111426 0.884878 0.106704
1 0.121951 0.675165 0.121951 0.685552 0.131707 0.685552 0.132683 0.684608 0.133659 0.684608 0.134634 0.683664 0.134634 0.675165
1 0.564878 0.258735 0.564878 0.266289 0.566829 0.268178 0.567805 0.268178 0.56878 0.269122 0.571707 0.269122 0.572683 0.268178 0.574634 0.268178 0.57561 0.267233 0.57561 0.258735
0 0.201951 0.783758 0.201951 0.790368 0.204878 0.793201 0.205854 0.793201 0.206829 0.794145 0.207805 0.794145 0.20878 0.79509 0.210732 0.79509 0.211707 0.796034 0.213659 0.796034 0.214634 0.796978 0.216585 0.796978 0.217561 0.797923 0.219512 0.797923 0.220488 0.798867 0.221463 0.798867 0.222439 0.799811 0.22439 0.799811 0.226341 0.8017 0.227317 0.8017 0.229268 0.803588 0.229268 0.804533 0.230244 0.805477 0.234146 0.805477 0.234146 0.796034 0.233171 0.79509 0.232195 0.79509 0.229268 0.792257 0.228293 0.792257 0.226341 0.790368 0.225366 0.790368 0.221463 0.786591 0.220488 0.786591 0.217561 0.783758
0 0.556098 0.423985 0.555122 0.424929 0.55122 0.424929 0.539512 0.436261 0.539512 0.437205 0.531707 0.444759 0.530732 0.444759 0.526829 0.448536 0.525854 0.448536 0.518049 0.456091 0.518049 0.457035 0.516098 0.458924 0.516098 0.459868 0.514146 0.461756 0.514146 0.462701 0.513171 0.463645 0.513171 0.464589 0.512195 0.465534 0.512195 0.466478 0.50439 0.474032 0.503415 0.474032 0.502439 0.474976 0.500488 0.474976 0.499512 0.475921 0.493659 0.475921 0.492683 0.476865 0.491707 0.476865 0.490732 0.477809 0.489756 0.477809 0.483902 0.483475 0.483902 0.484419 0.481951 0.486308 0.480976 0.486308 0.473171 0.493862 0.472195 0.493862 0.468293 0.497639 0.468293 0.498584 0.467317 0.499528 0.467317 0.500472 0.466341 0.501416 0.466341 0.503305 0.467317 0.504249 0.467317 0.505194 0.469268 0.507082 0.470244 0.507082 0.47122 0.508026 0.475122 0.508026 0.476098 0.507082 0.477073 0.507082 0.479024 0.505194 0.48 0.505194 0.484878 0.500472 0.484878 0.499528 0.485854 0.498584 0.486829 0.498584 0.489756 0.495751 0.490732 0.495751 0.492683 0.493862 0.49561 0.493862 0.496585 0.494806 0.500488 0.494806 0.501463 0.493862 0.503415 0.493862 0.50439 0.492918 0.506341 0.492918 0.515122 0.484419 0.515122 0.483475 0.522927 0.475921 0.522927 0.474976 0.523902 0.474032 0.523902 0.473088 0.524878 0.472144 0.524878 0.471199 0.525854 0.470255 0.526829 0.470255 0.536585 0.460812 0.536585 0.459868 0.538537 0.457979 0.539512 0.457979 0.540488 0.457035 0.542439 0.457035 0.543415 0.456091 0.545366 0.456091 0.546341 0.455146 0.548293 0.455146 0.549268 0.454202 0.55122 0.454202 0.554146 0.451369 0.554146 0.450425 0.558049 0.446648 0.558049 0.445704 0.562927 0.440982 0.563902 0.440982 0.564878 0.440038 0.565854 0.440038 0.566829 0.439093 0.567805 0.439093 0.56878 0.438149 0.569756 0.438149 0.570732 0.437205 0.572683 0.437205 0.572683 0.428706 0.571707 0.427762 0.569756 0.427762 0.56878 0.426818 0.567805 0.426818 0.566829 0.425873 0.565854 0.425873 0.564878 0.424929 0.56 0.424929 0.559024 0.423985
0 0.562927 0.0500472 0.560976 0.0519358 0.560976 0.0528801 0.56 0.0538244 0.56 0.0547686 0.559024 0.0557129 0.559024 0.0632672 0.560976 0.0632672 0.561951 0.0642115 0.563902 0.0642115 0.566829 0.0613787 0.566829 0.0604344 0.567805 0.0594901 0.567805 0.0585458 0.56878 0.0576015 0.56878 0.0566572 0.569756 0.0557129 0.572683 0.0557129 0.573659 0.0547686 0.578537 0.0547686 0.578537 0.0500472
1 0.618537 0.173749 0.616585 0.175637 0.616585 0.176582 0.61561 0.177526 0.61561 0.190746 0.621463 0.190746 0.625366 0.186969 0.625366 0.186025 0.626341 0.18508 0.626341 0.173749
0 0.959024 0.0736544 0.959024 0.0812087 0.962927 0.0849858 0.962927 0.0859301 0.963902 0.0868744 0.963902 0.0878187 0.964878 0.088763 0.964878 0.0915958 0.965854 0.0925401 0.965854 0.0963173 0.966829 0.0972616 0.966829 0.0982059 0.968781 0.100094 0.968781 0.101039 0.971707 0.103872 0.972683 0.103872 0.973659 0.104816 0.974634 0.104816 0.97561 0.10576 0.976585 0.10576 0.977561 0.106704 0.982439 0.106704 0.982439 0.0972616 0.981463 0.0963173 0.980488 0.0963173 0.979512 0.095373 0.978537 0.095373 0.97561 0.0925401 0.97561 0.0906516 0.974634 0.0897073 0.97561 0.088763 0.97561 0.0783758 0.974634 0.0774315 0.974634 0.0745987 0.973659 0.0736544
0 0.903415 0.249292 0.902439 0.250236 0.901463 0.250236 0.900488 0.25118 0.899512 0.25118 0.898537 0.252125 0.897561 0.252125 0.896585 0.253069 0.89561 0.253069 0.894634 0.254013 0.892683 0.254013 0.891707 0.254957 0.890732 0.254957 0.88878 0.256846 0.887805 0.256846 0.886829 0.25779 0.881951 0.25779 0.880976 0.256846 0.88 0.256846 0.874146 0.25118 0.873171 0.25118 0.872195 0.252125 0.872195 0.253069 0.870244 0.254957 0.870244 0.266289 0.872195 0.268178 0.874146 0.268178 0.875122 0.269122 0.878049 0.269122 0.879024 0.270066 0.885854 0.270066 0.886829 0.269122 0.88878 0.269122 0.889756 0.268178 0.891707 0.268178 0.892683 0.267233 0.894634 0.267233 0.896585 0.265345 0.897561 0.265345 0.898537 0.2644 0.899512 0.2644 0.901463 0.262512 0.902439 0.262512 0.90439 0.260623 0.90439 0.249292
1 0.00097561 0.0906516 0.00097561 0.102927 0.00390244 0.102927 0.00487805 0.103872 0.00682927 0.103872 0.00780488 0.104816 0.0165854 0.104816 0.017561 0.103872 0.017561 0.0963173 0.0165854 0.095373 0.0165854 0.0944287 0.0156098 0.0934844 0.0156098 0.0915958 0.0146341 0.0906516
1 0.73561 0.167139 0.73561 0.177526 0.736585 0.176582 0.739512 0.176582 0.740488 0.177526 0.745366 0.177526 0.745366 0.169027 0.737561 0.169027
1 0.332683 0.0179415 0.332683 0.0321058 0.339512 0.0321058 0.340488 0.0311615 0.341463 0.0311615 0.342439 0.0302172 0.342439 0.0179415
1 0.519024 0.6695 0.513171 0.675165 0.512195 0.675165 0.51122 0.67611 0.51122 0.677054 0.508293 0.679887 0.507317 0.679887 0.505366 0.681775 0.505366 0.68272 0.50439 0.683664 0.50439 0.693107 0.518049 0.693107 0.518049 0.691218 0.517073 0.690274 0.518049 0.68933 0.518049 0.687441 0.522927 0.68272 0.523902 0.68272 0.524878 0.681775 0.526829 0.681775 0.529756 0.684608 0.530732 0.684608 0.531707 0.685552 0.533659 0.685552 0.53561 0.683664 0.534634 0.68272 0.534634 0.680831 0.533659 0.679887 0.533659 0.6695
0 0.0458537 0.594901 0.044878 0.595845 0.044878 0.597734 0.0439024 0.598678 0.0439024 0.604344 0.044878 0.605288 0.044878 0.613787 0.0458537 0.614731 0.0458537 0.617564 0.0468293 0.618508 0.0468293 0.619452 0.0478049 0.620397 0.0478049 0.621341 0.0487805 0.622285 0.0487805 0.624174 0.0497561 0.625118 0.0497561 0.626062 0.0507317 0.627007 0.0507317 0.628895 0.0517073 0.629839 0.0517073 0.637394 0.0526829 0.638338 0.0526829 0.644004 0.0536585 0.644948 0.0712195 0.644948 0.0712195 0.644004 0.0702439 0.643059 0.0702439 0.642115 0.0692683 0.641171 0.0692683 0.637394 0.0702439 0.636449 0.0702439 0.635505 0.0731707 0.632672 0.0731707 0.631728 0.0741463 0.630784 0.0741463 0.626062 0.0721951 0.624174 0.0721951 0.623229 0.0673171 0.618508 0.0663415 0.618508 0.0634146 0.615675 0.0634146 0.614731 0.0614634 0.612842 0.0614634 0.611898 0.0604878 0.610954 0.0604878 0.610009 0.0595122 0.609065 0.0595122 0.606232 0.0604878 0.605288 0.0604878 0.599622 0.0595122 0.598678 0.0595122 0.596789 0.0585366 0.595845 0.057561 0.595845 0.0565854 0.594901
1 0.839024 0.467422 0.839024 0.477809 0.84 0.477809 0.840976 0.478754 0.843902 0.478754 0.844878 0.479698 0.851707 0.479698 0.851707 0.467422
1 0.774634 0.100094 0.773659 0.101039 0.773659 0.104816 0.774634 0.10576 0.774634 0.106704 0.77561 0.106704 0.776585 0.107649 0.779512 0.104816 0.779512 0.100094
0 0.097561 0.543909 0.097561 0.546742 0.0965854 0.547687 0.0965854 0.548631 0.0956098 0.549575 0.0956098 0.551464 0.0936585 0.553352 0.0936585 0.554296 0.0926829 0.555241 0.0917073 0.555241 0.0907317 0.556185 0.0907317 0.557129 0.0887805 0.559018 0.0887805 0.606232 0.0897561 0.607177 0.0897561 0.608121 0.0907317 0.609065 0.0917073 0.609065 0.0926829 0.610009 0.0936585 0.610009 0.0965854 0.612842 0.097561 0.612842 0.0995122 0.614731 0.101463 0.614731 0.102439 0.613787 0.105366 0.613787 0.106341 0.612842 0.106341 0.610954 0.107317 0.610009 0.107317 0.605288 0.108293 0.604344 0.108293 0.601511 0.109268 0.600567 0.109268 0.599622 0.110244 0.598678 0.110244 0.596789 0.11122 0.595845 0.11122 0.582625 0.10439 0.576015 0.10439 0.575071 0.103415 0.574127 0.103415 0.573182 0.102439 0.572238 0.102439 0.563739 0.103415 0.562795 0.103415 0.561851 0.10439 0.560907 0.10439 0.559962 0.11122 0.553352 0.11122 0.543909
1 0.190244 0.372049 0.190244 0.378659 0.192195 0.380548 0.193171 0.380548 0.194146 0.381492 0.207805 0.381492 0.20878 0.380548 0.214634 0.380548 0.214634 0.372993 0.213659 0.372049
0 0.938537 0.892351 0.940488 0.892351 0.941463 0.893296 0.941463 0.902738 0.938537 0.905571 0.937561 0.905571 0.936585 0.906516 0.936585 0.929178 0.937561 0.929178 0.938537 0.930123 0.946341 0.930123 0.947317 0.929178 0.948293 0.929178 0.949268 0.928234 0.950244 0.928234 0.951219 0.92729 0.951219 0.926346 0.956098 0.921624 0.958049 0.921624 0.959024 0.92068 0.96 0.92068 0.960976 0.919736 0.964878 0.919736 0.965854 0.918791 0.969756 0.918791 0.970732 0.917847 0.971707 0.917847 0.973659 0.915958 0.974634 0.915958 0.974634 0.901794 0.970732 0.898017 0.969756 0.898017 0.968781 0.897073 0.967805 0.897073 0.965854 0.895184 0.958049 0.895184 0.957073 0.896128 0.949268 0.896128 0.948293 0.895184 0.947317 0.895184 0.945366 0.893296 0.942439 0.893296 0.941463 0.892351
0 0.870244 0.459868 0.870244 0.460812 0.868293 0.462701 0.868293 0.463645 0.867317 0.464589 0.86439 0.464589 0.863415 0.465534 0.861463 0.465534 0.860488 0.466478 0.858537 0.466478 0.857561 0.467422 0.852683 0.467422 0.851707 0.468366 0.851707 0.480642 0.852683 0.480642 0.853659 0.481586 0.861463 0.481586 0.862439 0.482531 0.86439 0.482531 0.865366 0.483475 0.866341 0.483475 0.867317 0.484419 0.867317 0.485364 0.868293 0.486308 0.868293 0.491974 0.869268 0.492918 0.869268 0.494806 0.87122 0.496695 0.874146 0.496695 0.874146 0.494806 0.875122 0.493862 0.875122 0.459868
1 0.465366 0.796978 0.461463 0.800755 0.460488 0.800755 0.452683 0.80831 0.451707 0.80831 0.44878 0.811143 0.447805 0.811143 0.445854 0.813031 0.445854 0.820585 0.446829 0.82153 0.446829 0.822474 0.449756 0.825307 0.450732 0.825307 0.451707 0.826251 0.452683 0.826251 0.454634 0.82814 0.456585 0.82814 0.457561 0.829084 0.460488 0.829084 0.461463 0.830028 0.462439 0.830028 0.463415 0.830973 0.46439 0.830973 0.465366 0.831917 0.466341 0.831917 0.467317 0.832861 0.474146 0.832861 0.475122 0.831917 0.476098 0.831917 0.477073 0.830973 0.478049 0.830973 0.479024 0.830028 0.48 0.830028 0.480976 0.829084 0.480976 0.80831 0.475122 0.802644 0.475122 0.796978
0 0.910244 0.24457 0.909268 0.245515 0.908293 0.245515 0.906341 0.247403 0.905366 0.247403 0.90439 0.248347 0.903415 0.248347 0.902439 0.249292 0.901463 0.249292 0.899512 0.25118 0.897561 0.25118 0.896585 0.252125 0.89561 0.252125 0.894634 0.253069 0.893659 0.253069 0.892683 0.254013 0.891707 0.254013 0.889756 0.255902 0.88878 0.255902 0.886829 0.25779 0.882927 0.25779 0.881951 0.256846 0.88 0.256846 0.874146 0.25118 0.873171 0.25118 0.872195 0.252125 0.872195 0.253069 0.87122 0.254013 0.87122 0.254957 0.870244 0.255902 0.870244 0.256846 0.869268 0.25779 0.869268 0.265345 0.87122 0.267233 0.872195 0.267233 0.873171 0.268178 0.875122 0.268178 0.876098 0.269122 0.879024 0.269122 0.88 0.270066 0.884878 0.270066 0.885854 0.269122 0.889756 0.269122 0.890732 0.268178 0.892683 0.268178 0.893659 0.267233 0.894634 0.267233 0.89561 0.266289 0.896585 0.266289 0.897561 0.265345 0.898537 0.265345 0.900488 0.263456 0.901463 0.263456 0.90439 0.260623 0.905366 0.260623 0.906341 0.259679 0.907317 0.259679 0.910244 0.256846 0.910244 0.255902 0.912195 0.254013 0.914146 0.254013 0.917073 0.25118 0.917073 0.24457
0 0.647805 0.29084 0.639024 0.299339 0.639024 0.300283 0.638049 0.301228 0.638049 0.306893 0.64878 0.306893 0.649756 0.305949 0.649756 0.305005 0.653659 0.301228 0.654634 0.301228 0.65561 0.300283 0.656585 0.300283 0.657561 0.299339 0.658537 0.299339 0.659512 0.298395 0.661463 0.298395 0.662439 0.29745 0.663415 0.29745 0.663415 0.29084
0 0.436098 0.2644 0.436098 0.274788 0.437073 0.275732 0.437073 0.279509 0.435122 0.281398 0.435122 0.28423 0.434146 0.285175 0.434146 0.286119 0.433171 0.287063 0.433171 0.288008 0.43122 0.289896 0.43122 0.295562 0.430244 0.296506 0.429268 0.296506 0.43122 0.296506 0.432195 0.295562 0.436098 0.295562 0.437073 0.294618 0.438049 0.294618 0.442927 0.289896 0.441951 0.289896 0.439024 0.287063 0.439024 0.286119 0.437073 0.28423 0.437073 0.282342 0.438049 0.281398 0.441951 0.281398 0.442927 0.280453 0.443902 0.280453 0.445854 0.278565 0.445854 0.27762 0.44878 0.274788 0.44878 0.273843 0.449756 0.272899 0.449756 0.2644
1 0.682927 0.72899 0.682927 0.745043 0.697561 0.745043 0.697561 0.72899
1 0.324878 0.529745 0.323902 0.530689 0.320976 0.530689 0.32 0.531634 0.318049 0.531634 0.318049 0.539188 0.319024 0.540132 0.322927 0.540132 0.324878 0.542021 0.332683 0.542021 0.332683 0.541076 0.333659 0.540132 0.333659 0.531634 0.332683 0.530689 0.327805 0.530689 0.326829 0.529745
0 0.306341 0.389046 0.306341 0.392823 0.305366 0.393768 0.305366 0.397545 0.306341 0.397545 0.307317 0.398489 0.307317 0.399433 0.308293 0.400378 0.308293 0.401322 0.309268 0.402266 0.309268 0.403211 0.310244 0.404155 0.310244 0.405099 0.31122 0.406043 0.31122 0.406988 0.312195 0.407932 0.312195 0.408876 0.313171 0.409821 0.313171 0.410765 0.314146 0.411709 0.314146 0.412653 0.315122 0.413598 0.315122 0.418319 0.314146 0.419263 0.314146 0.421152 0.312195 0.423041 0.312195 0.423985 0.310244 0.425873 0.310244 0.426818 0.307317 0.429651 0.306341 0.429651 0.305366 0.430595 0.305366 0.433428 0.318049 0.433428 0.319024 0.432483 0.319024 0.431539 0.32 0.430595 0.32 0.428706 0.320976 0.427762 0.320976 0.425873 0.321951 0.424929 0.321951 0.423041 0.322927 0.422096 0.322927 0.419263 0.323902 0.418319 0.323902 0.415486 0.324878 0.414542 0.324878 0.412653 0.325854 0.411709 0.325854 0.410765 0.326829 0.409821 0.326829 0.389046
0 0.619512 0.0217186 0.619512 0.0226629 0.618537 0.0236072 0.618537 0.0245515 0.617561 0.0254958 0.617561 0.02644 0.616585 0.0273843 0.617561 0.0283286 0.617561 0.0321058 0.618537 0.03305 0.618537 0.0358829 0.619512 0.0368272 0.619512 0.0406043 0.620488 0.0415486 0.620488 0.0462701 0.623415 0.0491029 0.62439 0.0491029 0.625366 0.0500472 0.627317 0.0500472 0.628293 0.0509915 0.632195 0.0472144 0.632195 0.0434372 0.633171 0.0424929 0.633171 0.0406043 0.632195 0.0396601 0.632195 0.0377715 0.63122 0.0368272 0.63122 0.0349386 0.630244 0.0339943 0.630244 0.03305 0.629268 0.0321058 0.629268 0.0302172 0.628293 0.0292729 0.628293 0.0283286 0.627317 0.0273843 0.627317 0.02644 0.626341 0.0254958 0.626341 0.0245515 0.62439 0.0226629 0.62439 0.0217186
1 0.244878 0.789424 0.244878 0.792257 0.245854 0.793201 0.245854 0.796034 0.246829 0.796978 0.246829 0.8017 0.247805 0.802644 0.246829 0.803588 0.246829 0.804533 0.245854 0.805477 0.245854 0.807365 0.244878 0.80831 0.244878 0.813975 0.243902 0.81492 0.245854 0.816808 0.245854 0.817753 0.247805 0.819641 0.247805 0.820585 0.24878 0.819641 0.250732 0.819641 0.251707 0.818697 0.253659 0.818697 0.256585 0.815864 0.256585 0.81492 0.261463 0.810198 0.262439 0.810198 0.263415 0.811143 0.268293 0.811143 0.268293 0.789424
1 0.438049 0.531634 0.437073 0.532578 0.437073 0.533522 0.436098 0.534467 0.436098 0.540132 0.44 0.543909 0.442927 0.543909 0.443902 0.544854 0.449756 0.544854 0.450732 0.543909 0.452683 0.543909 0.453659 0.542965 0.45561 0.542965 0.456585 0.542021 0.457561 0.542021 0.457561 0.531634
1 0.32 0.531634 0.32 0.541076 0.332683 0.541076 0.332683 0.531634
1 0.726829 0.235127 0.726829 0.238905 0.727805 0.239849 0.727805 0.240793 0.728781 0.241737 0.729756 0.241737 0.730732 0.242682 0.734634 0.242682 0.73561 0.243626 0.738537 0.243626 0.739512 0.242682 0.740488 0.242682 0.740488 0.235127
0 0.421463 0.426818 0.421463 0.440038 0.423415 0.438149 0.426341 0.438149 0.427317 0.437205 0.428293 0.437205 0.43122 0.440038 0.43122 0.449481 0.430244 0.450425 0.430244 0.455146 0.429268 0.456091 0.429268 0.462701 0.430244 0.463645 0.430244 0.466478 0.43122 0.467422 0.43122 0.470255 0.432195 0.471199 0.432195 0.477809 0.433171 0.478754 0.433171 0.482531 0.434146 0.483475 0.434146 0.485364 0.437073 0.488196 0.437073 0.489141 0.441951 0.493862 0.444878 0.493862 0.444878 0.464589 0.443902 0.463645 0.443902 0.456091 0.442927 0.455146 0.442927 0.440038 0.441951 0.439093 0.441951 0.435316 0.440976 0.434372 0.440976 0.433428 0.437073 0.429651 0.437073 0.428706 0.435122 0.426818
0 0.499512 0.630784 0.498537 0.631728 0.497561 0.631728 0.496585 0.632672 0.49561 0.632672 0.494634 0.633617 0.493659 0.633617 0.492683 0.634561 0.492683 0.635505 0.491707 0.636449 0.491707 0.637394 0.490732 0.638338 0.490732 0.639282 0.489756 0.640227 0.489756 0.641171 0.486829 0.644004 0.479024 0.644004 0.478049 0.643059 0.475122 0.643059 0.474146 0.642115 0.47122 0.642115 0.470244 0.641171 0.467317 0.641171 0.46439 0.638338 0.463415 0.638338 0.463415 0.64967 0.46439 0.64967 0.465366 0.650614 0.466341 0.650614 0.468293 0.652502 0.470244 0.652502 0.47122 0.653447 0.473171 0.653447 0.474146 0.654391 0.476098 0.654391 0.477073 0.655335 0.478049 0.655335 0.479024 0.65628 0.480976 0.65628 0.481951 0.657224 0.485854 0.657224 0.486829 0.658168 0.487805 0.658168 0.48878 0.659112 0.491707 0.659112 0.492683 0.660057 0.494634 0.660057 0.49561 0.661001 0.497561 0.661001 0.498537 0.661945 0.503415 0.661945 0.50439 0.661001 0.507317 0.661001 0.508293 0.660057 0.509268 0.660057 0.510244 0.659112 0.509268 0.658168 0.508293 0.658168 0.506341 0.65628 0.505366 0.65628 0.503415 0.654391 0.503415 0.653447 0.501463 0.651558 0.501463 0.650614 0.500488 0.64967 0.500488 0.648725 0.498537 0.646837 0.498537 0.645892 0.502439 0.642115 0.503415 0.642115 0.505366 0.640227 0.506341 0.640227 0.507317 0.639282 0.507317 0.635505 0.508293 0.634561 0.505366 0.631728 0.501463 0.631728 0.500488 0.630784
0 0.690732 0.729934 0.689756 0.730878 0.68878 0.730878 0.683902 0.7356 0.683902 0.736544 0.668293 0.751652 0.668293 0.763928 0.669268 0.764873 0.67122 0.764873 0.672195 0.765817 0.675122 0.765817 0.676098 0.764873 0.677073 0.764873 0.678049 0.763928 0.679024 0.763928 0.68 0.762984 0.680976 0.762984 0.684878 0.759207 0.685854 0.759207 0.686829 0.758263 0.68878 0.758263 0.689756 0.757318 0.694634 0.757318 0.69561 0.758263 0.697561 0.758263 0.698537 0.759207 0.700488 0.759207 0.701463 0.760151 0.703415 0.760151 0.70439 0.761095 0.710244 0.761095 0.711219 0.76204 0.718049 0.76204 0.719024 0.762984 0.720976 0.762984 0.721951 0.763928 0.722927 0.763928 0.726829 0.767705 0.733659 0.767705 0.733659 0.754485 0.730732 0.751652 0.729756 0.751652 0.727805 0.749764 0.726829 0.749764 0.724878 0.747875 0.723902 0.747875 0.722927 0.746931 0.721951 0.746931 0.719024 0.744098 0.719024 0.743154 0.711219 0.743154 0.710244 0.74221 0.708293 0.74221 0.707317 0.741265 0.705366 0.741265 0.70439 0.740321 0.70439 0.739377 0.703415 0.738432 0.703415 0.737488 0.699512 0.733711 0.700488 0.732767 0.700488 0.730878 0.701463 0.729934 0.70439 0.729934
0 0.381463 0.351275 0.380488 0.352219 0.376585 0.352219 0.374634 0.354108 0.374634 0.361662 0.37561 0.362606 0.387317 0.362606 0.388293 0.361662 0.390244 0.361662 0.39122 0.360718 0.394146 0.360718 0.395122 0.359773 0.396098 0.359773 0.400976 0.355052 0.400976 0.351275
0 0.190244 0.0661001 0.189268 0.0670444 0.187317 0.0670444 0.186341 0.0679887 0.18439 0.0679887 0.183415 0.068933 0.182439 0.068933 0.181463 0.0698772 0.180488 0.0698772 0.178537 0.0717658 0.177561 0.0717658 0.176585 0.0727101 0.17561 0.0727101 0.174634 0.0736544 0.172683 0.0736544 0.171707 0.0745987 0.169756 0.0745987 0.16878 0.075543 0.167805 0.075543 0.166829 0.0764873 0.165854 0.0764873 0.163902 0.0783758 0.161951 0.0783758 0.160976 0.0793201 0.159024 0.0793201 0.158049 0.0802644 0.157073 0.0802644 0.156098 0.0812087 0.155122 0.0812087 0.153171 0.0830973 0.153171 0.0859301 0.154146 0.0859301 0.155122 0.0868744 0.156098 0.0868744 0.157073 0.0878187 0.159024 0.0878187 0.16 0.0868744 0.163902 0.0868744 0.164878 0.0859301 0.166829 0.0859301 0.167805 0.0849858 0.16878 0.0849858 0.169756 0.0840416 0.171707 0.0840416 0.173659 0.082153 0.17561 0.082153 0.176585 0.0812087 0.178537 0.0812087 0.179512 0.0802644 0.181463 0.0802644 0.182439 0.0793201 0.18439 0.0793201 0.185366 0.0783758 0.186341 0.0783758 0.187317 0.0774315 0.188293 0.0774315 0.190244 0.075543 0.193171 0.075543 0.194146 0.0745987 0.197073 0.0745987 0.198049 0.0736544 0.2 0.0736544 0.200976 0.0727101 0.203902 0.0727101 0.204878 0.0717658 0.211707 0.0717658 0.212683 0.0708215 0.212683 0.0698772 0.211707 0.068933 0.211707 0.0670444 0.210732 0.0661001
1 0.669268 0.405099 0.669268 0.414542 0.670244 0.413598 0.672195 0.413598 0.673171 0.412653 0.674146 0.412653 0.675122 0.413598 0.675122 0.414542 0.676098 0.415486 0.676098 0.416431 0.679024 0.419263 0.680976 0.419263 0.680976 0.405099
1 0.61561 0.736544 0.616585 0.737488 0.617561 0.737488 0.618537 0.738432 0.620488 0.738432 0.621463 0.739377 0.622439 0.739377 0.623415 0.740321 0.619512 0.744098 0.619512 0.747875 0.629268 0.747875 0.629268 0.736544
1 0.957073 0.0604344 0.957073 0.0708215 0.958049 0.0708215 0.959024 0.0698772 0.964878 0.0698772 0.966829 0.0679887 0.966829 0.0604344
0 0.670244 0.360718 0.667317 0.363551 0.666341 0.363551 0.666341 0.383381 0.667317 0.384325 0.668293 0.384325 0.670244 0.386213 0.67122 0.386213 0.673171 0.388102 0.674146 0.388102 0.675122 0.389046 0.676098 0.389046 0.677073 0.389991 0.679024 0.389991 0.68 0.390935 0.686829 0.390935 0.687805 0.389991 0.68878 0.389991 0.691707 0.387158 0.692683 0.387158 0.69561 0.384325 0.69561 0.375826 0.694634 0.374882 0.694634 0.372993 0.693659 0.372049 0.693659 0.370161 0.692683 0.369216 0.692683 0.368272 0.687805 0.368272 0.685854 0.366383 0.680976 0.366383 0.68 0.365439 0.68 0.364495 0.680976 0.363551 0.684878 0.363551 0.685854 0.364495 0.686829 0.363551 0.686829 0.360718
1 0.659512 0.406043 0.658537 0.406988 0.658537 0.408876 0.657561 0.409821 0.657561 0.415486 0.658537 0.416431 0.658537 0.417375 0.659512 0.417375 0.660488 0.418319 0.662439 0.418319 0.663415 0.417375 0.667317 0.417375 0.668293 0.416431 0.669268 0.416431 0.67122 0.414542 0.67122 0.406043
1 0.229268 0.33711 0.223415 0.342776 0.223415 0.34372 0.221463 0.345609 0.220488 0.345609 0.220488 0.348442 0.221463 0.349386 0.221463 0.350331 0.222439 0.351275 0.222439 0.352219 0.223415 0.352219 0.22439 0.353163 0.230244 0.353163 0.233171 0.350331 0.234146 0.350331 0.237073 0.347498 0.237073 0.33711
0 0.293659 0.731822 0.293659 0.732767 0.292683 0.733711 0.292683 0.734655 0.290732 0.736544 0.290732 0.737488 0.287805 0.740321 0.287805 0.743154 0.284878 0.745987 0.284878 0.754485 0.285854 0.753541 0.28878 0.753541 0.289756 0.754485 0.294634 0.754485 0.29561 0.75543 0.301463 0.75543 0.302439 0.754485 0.303415 0.754485 0.306341 0.751652 0.307317 0.751652 0.31122 0.747875 0.31122 0.746931 0.312195 0.745987 0.312195 0.744098 0.313171 0.743154 0.313171 0.740321 0.312195 0.739377 0.312195 0.738432 0.310244 0.736544 0.310244 0.7356 0.309268 0.734655 0.309268 0.733711 0.308293 0.732767 0.308293 0.731822
0 0.0468293 0.411709 0.0468293 0.420208 0.0478049 0.420208 0.0507317 0.423041 0.0507317 0.423985 0.0536585 0.426818 0.0536585 0.427762 0.0556098 0.429651 0.0556098 0.430595 0.0565854 0.431539 0.0565854 0.433428 0.057561 0.434372 0.057561 0.437205 0.0585366 0.438149 0.0585366 0.440038 0.0595122 0.440982 0.0595122 0.441926 0.0604878 0.442871 0.0604878 0.443815 0.0614634 0.443815 0.0653659 0.447592 0.0653659 0.427762 0.0643902 0.426818 0.0643902 0.425873 0.0634146 0.424929 0.0634146 0.423985 0.062439 0.423041 0.062439 0.422096 0.0614634 0.421152 0.0614634 0.420208 0.0604878 0.419263 0.0604878 0.418319 0.0595122 0.417375 0.0595122 0.416431 0.0585366 0.415486 0.0585366 0.411709
1 0.478049 0.667611 0.478049 0.679887 0.479024 0.679887 0.48 0.680831 0.483902 0.680831 0.484878 0.681775 0.487805 0.681775 0.48878 0.680831 0.490732 0.680831 0.491707 0.679887 0.493659 0.679887 0.493659 0.667611
1 0.238049 0.761095 0.237073 0.76204 0.237073 0.763928 0.236098 0.764873 0.236098 0.765817 0.234146 0.767705 0.234146 0.774315 0.241951 0.774315 0.242927 0.773371 0.244878 0.773371 0.245854 0.772427 0.247805 0.772427 0.249756 0.770538 0.249756 0.761095
0 0.891707 0.488196 0.877073 0.502361 0.877073 0.504249 0.876098 0.505194 0.876098 0.506138 0.875122 0.507082 0.875122 0.508026 0.874146 0.508971 0.874146 0.509915 0.873171 0.510859 0.873171 0.511804 0.870244 0.514636 0.869268 0.514636 0.867317 0.516525 0.866341 0.516525 0.865366 0.517469 0.86439 0.517469 0.863415 0.518414 0.861463 0.518414 0.860488 0.519358 0.856585 0.519358 0.85561 0.520302 0.850732 0.520302 0.850732 0.550519 0.851707 0.551464 0.851707 0.552408 0.852683 0.553352 0.852683 0.554296 0.853659 0.555241 0.853659 0.556185 0.854634 0.557129 0.854634 0.558074 0.85561 0.559018 0.85561 0.559962 0.856585 0.560907 0.856585 0.561851 0.857561 0.562795 0.857561 0.563739 0.859512 0.565628 0.860488 0.565628 0.862439 0.567517 0.863415 0.567517 0.86439 0.568461 0.865366 0.568461 0.866341 0.569405 0.870244 0.569405 0.87122 0.568461 0.873171 0.568461 0.874146 0.567517 0.878049 0.567517 0.879024 0.566572 0.88 0.566572 0.881951 0.564684 0.880976 0.563739 0.874146 0.563739 0.872195 0.561851 0.872195 0.560907 0.87122 0.559962 0.87122 0.558074 0.870244 0.557129 0.870244 0.554296 0.869268 0.553352 0.869268 0.551464 0.868293 0.550519 0.868293 0.548631 0.867317 0.547687 0.867317 0.545798 0.866341 0.544854 0.866341 0.542965 0.865366 0.542021 0.865366 0.539188 0.86439 0.538244 0.86439 0.531634 0.869268 0.526912 0.870244 0.526912 0.872195 0.525024 0.873171 0.525024 0.874146 0.524079 0.875122 0.524079 0.877073 0.522191 0.878049 0.522191 0.880976 0.519358 0.880976 0.518414 0.881951 0.517469 0.881951 0.516525 0.882927 0.515581 0.882927 0.514636 0.883902 0.513692 0.883902 0.511804 0.884878 0.510859 0.884878 0.509915 0.886829 0.508026 0.886829 0.507082 0.88878 0.505194 0.88878 0.504249 0.890732 0.502361 0.890732 0.501416 0.891707 0.500472 0.892683 0.500472 0.89561 0.497639 0.896585 0.497639 0.898537 0.495751 0.898537 0.494806 0.899512 0.493862 0.900488 0.493862 0.902439 0.491974 0.902439 0.489141 0.901463 0.488196
1 0.0682927 0.530689 0.0682927 0.541076 0.0702439 0.542965 0.0712195 0.542965 0.0731707 0.544854 0.0760976 0.544854 0.0770732 0.545798 0.08 0.545798 0.0809756 0.544854 0.0809756 0.543909 0.0839024 0.541076 0.0839024 0.530689
1 0.723902 0.182247 0.723902 0.19169 0.724878 0.192635 0.724878 0.193579 0.725854 0.194523 0.725854 0.195467 0.726829 0.195467 0.727805 0.196412 0.727805 0.197356 0.728781 0.1983 0.728781 0.199245 0.729756 0.200189 0.729756 0.201133 0.730732 0.202077 0.730732 0.203966 0.733659 0.203966 0.733659 0.182247
0 0.24 0.618508 0.24 0.621341 0.239024 0.622285 0.239024 0.628895 0.24 0.629839 0.24 0.631728 0.240976 0.632672 0.240976 0.633617 0.242927 0.635505 0.242927 0.636449 0.243902 0.637394 0.243902 0.638338 0.244878 0.639282 0.244878 0.640227 0.247805 0.643059 0.249756 0.643059 0.250732 0.644004 0.251707 0.644004 0.252683 0.644948 0.25561 0.644948 0.25561 0.636449 0.252683 0.633617 0.252683 0.631728 0.251707 0.630784 0.251707 0.627951 0.250732 0.627007 0.250732 0.622285 0.249756 0.621341 0.249756 0.619452 0.24878 0.618508
0 0.433171 0.0377715 0.425366 0.0453258 0.425366 0.0462701 0.42439 0.0472144 0.42439 0.0481586 0.423415 0.0491029 0.423415 0.0500472 0.420488 0.0528801 0.420488 0.0547686 0.416585 0.0585458 0.420488 0.0623229 0.420488 0.0632672 0.422439 0.0651558 0.421463 0.0661001 0.421463 0.068933 0.420488 0.0698772 0.420488 0.0717658 0.421463 0.0727101 0.423415 0.0727101 0.42439 0.0717658 0.425366 0.0717658 0.426341 0.0708215 0.426341 0.0651558 0.427317 0.0642115 0.428293 0.0642115 0.429268 0.0632672 0.429268 0.0613787 0.430244 0.0604344 0.430244 0.0585458 0.43122 0.0576015 0.43122 0.0557129 0.432195 0.0547686 0.432195 0.0519358 0.433171 0.0509915 0.433171 0.0491029 0.434146 0.0481586 0.434146 0.0377715
0 0.959024 0.0793201 0.959024 0.0812087 0.96 0.082153 0.960976 0.082153 0.962927 0.0840416 0.962927 0.0849858 0.963902 0.0859301 0.963902 0.0868744 0.964878 0.0878187 0.964878 0.0963173 0.965854 0.0972616 0.965854 0.0982059 0.966829 0.0991501 0.966829 0.100094 0.967805 0.101039 0.967805 0.101983 0.969756 0.103872 0.970732 0.103872 0.971707 0.104816 0.972683 0.104816 0.973659 0.10576 0.974634 0.10576 0.97561 0.106704 0.976585 0.106704 0.977561 0.107649 0.981463 0.107649 0.982439 0.108593 0.983415 0.108593 0.98439 0.107649 0.985366 0.107649 0.987317 0.10576 0.988293 0.10576 0.989268 0.104816 0.989268 0.0991501 0.988293 0.0991501 0.987317 0.0982059 0.98439 0.0982059 0.983415 0.0972616 0.982439 0.0972616 0.981463 0.0963173 0.980488 0.0963173 0.97561 0.0915958 0.97561 0.0906516 0.974634 0.0897073 0.974634 0.0868744 0.97561 0.0859301 0.97561 0.0840416 0.974634 0.0830973 0.974634 0.0793201
1 0.848781 0.921624 0.848781 0.932011 0.849756 0.932956 0.849756 0.9339 0.850732 0.934844 0.850732 0.937677 0.853659 0.94051 0.853659 0.941454 0.863415 0.941454 0.863415 0.921624
0 0.418537 0.427762 0.416585 0.429651 0.41561 0.429651 0.412683 0.432483 0.411707 0.432483 0.410732 0.433428 0.410732 0.434372 0.40878 0.436261 0.40878 0.450425 0.410732 0.450425 0.412683 0.452314 0.412683 0.453258 0.413659 0.454202 0.413659 0.456091 0.416585 0.458924 0.423415 0.458924 0.423415 0.457035 0.422439 0.456091 0.422439 0.455146 0.421463 0.454202 0.421463 0.453258 0.418537 0.450425 0.418537 0.449481 0.417561 0.448536 0.417561 0.445704 0.419512 0.443815 0.419512 0.441926 0.420488 0.440982 0.420488 0.440038 0.421463 0.439093 0.422439 0.439093 0.423415 0.438149 0.426341 0.438149 0.427317 0.437205 0.429268 0.437205 0.432195 0.440038 0.432195 0.443815 0.433171 0.444759 0.433171 0.447592 0.432195 0.448536 0.432195 0.459868 0.433171 0.460812 0.433171 0.472144 0.438049 0.472144 0.438049 0.429651 0.436098 0.427762
0 0.750244 0.0944287 0.749268 0.095373 0.748293 0.095373 0.747317 0.0963173 0.748293 0.0963173 0.749268 0.0972616 0.750244 0.0972616 0.754146 0.101039 0.754146 0.104816 0.753171 0.10576 0.753171 0.108593 0.749268 0.11237 0.749268 0.113314 0.747317 0.115203 0.747317 0.116147 0.746341 0.117092 0.746341 0.118036 0.743415 0.120869 0.743415 0.121813 0.737561 0.127479 0.737561 0.128423 0.736585 0.129367 0.736585 0.131256 0.73561 0.1322 0.73561 0.134089 0.734634 0.135033 0.734634 0.137866 0.733659 0.13881 0.733659 0.139754 0.732683 0.140699 0.732683 0.144476 0.731707 0.14542 0.731707 0.149197 0.730732 0.150142 0.730732 0.163362 0.734634 0.163362 0.734634 0.162417 0.73561 0.161473 0.73561 0.160529 0.739512 0.156752 0.739512 0.155807 0.743415 0.15203 0.743415 0.151086 0.74439 0.150142 0.74439 0.149197 0.745366 0.148253 0.745366 0.146364 0.746341 0.14542 0.746341 0.142587 0.747317 0.141643 0.747317 0.139754 0.749268 0.137866 0.749268 0.136922 0.75122 0.135033 0.75122 0.134089 0.752195 0.133144 0.752195 0.1322 0.753171 0.131256 0.753171 0.130312 0.754146 0.129367 0.754146 0.127479 0.755122 0.126534 0.755122 0.124646 0.756098 0.123702 0.756098 0.122757 0.757073 0.121813 0.757073 0.119924 0.758049 0.11898 0.758049 0.118036 0.759024 0.117092 0.759024 0.0944287 0.758049 0.095373 0.754146 0.095373 0.753171 0.0944287
0 0.240976 0.462701 0.238049 0.465534 0.238049 0.466478 0.236098 0.468366 0.234146 0.468366 0.233171 0.469311 0.229268 0.469311 0.228293 0.470255 0.226341 0.470255 0.225366 0.471199 0.223415 0.471199 0.222439 0.472144 0.221463 0.472144 0.219512 0.474032 0.218537 0.474032 0.217561 0.474976 0.21561 0.474976 0.213659 0.476865 0.212683 0.476865 0.211707 0.477809 0.210732 0.477809 0.20878 0.479698 0.207805 0.479698 0.206829 0.480642 0.205854 0.480642 0.203902 0.482531 0.202927 0.482531 0.200976 0.484419 0.200976 0.485364 0.198049 0.488196 0.198049 0.489141 0.194146 0.492918 0.193171 0.492918 0.186341 0.499528 0.186341 0.500472 0.18439 0.502361 0.18439 0.503305 0.180488 0.507082 0.180488 0.510859 0.181463 0.511804 0.185366 0.511804 0.186341 0.510859 0.190244 0.510859 0.192195 0.508971 0.193171 0.508971 0.194146 0.508026 0.195122 0.508026 0.199024 0.504249 0.2 0.504249 0.207805 0.496695 0.207805 0.495751 0.217561 0.486308 0.218537 0.486308 0.220488 0.484419 0.221463 0.484419 0.222439 0.483475 0.223415 0.483475 0.225366 0.481586 0.226341 0.481586 0.228293 0.479698 0.229268 0.479698 0.230244 0.478754 0.232195 0.478754 0.233171 0.477809 0.234146 0.477809 0.235122 0.476865 0.235122 0.475921 0.239024 0.472144 0.24 0.472144 0.241951 0.470255 0.241951 0.469311 0.242927 0.468366 0.242927 0.467422 0.243902 0.466478 0.243902 0.463645 0.242927 0.463645 0.241951 0.462701
1 0.259512 0.432483 0.257561 0.434372 0.257561 0.435316 0.256585 0.436261 0.256585 0.437205 0.25561 0.438149 0.25561 0.440982 0.258537 0.443815 0.266341 0.443815 0.266341 0.433428 0.26439 0.433428 0.263415 0.432483
1 0.750244 0.538244 0.750244 0.562795 0.763902 0.562795 0.765854 0.560907 0.765854 0.540132 0.764878 0.539188 0.764878 0.538244
0 0.674146 0.341832 0.672195 0.34372 0.672195 0.344665 0.67122 0.345609 0.67122 0.347498 0.672195 0.348442 0.672195 0.349386 0.673171 0.350331 0.673171 0.351275 0.676098 0.354108 0.677073 0.354108 0.683902 0.360718 0.683902 0.361662 0.685854 0.363551 0.685854 0.364495 0.694634 0.372993 0.69561 0.372993 0.697561 0.374882 0.697561 0.375826 0.699512 0.377715 0.699512 0.379603 0.703415 0.383381 0.70439 0.383381 0.706341 0.385269 0.707317 0.385269 0.708293 0.386213 0.717073 0.386213 0.718049 0.385269 0.718049 0.376771 0.717073 0.375826 0.717073 0.373938 0.716098 0.372993 0.716098 0.371105 0.715122 0.370161 0.715122 0.369216 0.714146 0.368272 0.714146 0.366383 0.713171 0.365439 0.713171 0.364495 0.712195 0.363551 0.712195 0.362606 0.705366 0.362606 0.70439 0.361662 0.702439 0.361662 0.701463 0.360718 0.699512 0.360718 0.694634 0.355996 0.693659 0.355996 0.686829 0.349386 0.685854 0.349386 0.680976 0.344665 0.680976 0.34372 0.68 0.34372 0.679024 0.342776 0.675122 0.342776
0 0.602927 0.884797 0.601951 0.885741 0.600976 0.885741 0.599024 0.88763 0.598049 0.88763 0.595122 0.890463 0.594146 0.890463 0.593171 0.891407 0.592195 0.891407 0.591219 0.892351 0.590244 0.892351 0.588293 0.89424 0.587317 0.89424 0.585366 0.896128 0.58439 0.896128 0.582439 0.898017 0.581463 0.898017 0.579512 0.899906 0.578537 0.899906 0.576585 0.901794 0.57561 0.901794 0.573659 0.903683 0.572683 0.903683 0.571707 0.904627 0.570732 0.904627 0.569756 0.905571 0.56878 0.905571 0.567805 0.906516 0.566829 0.906516 0.565854 0.90746 0.565854 0.918791 0.573659 0.918791 0.57561 0.916903 0.57561 0.915958 0.577561 0.91407 0.578537 0.91407 0.580488 0.912181 0.582439 0.912181 0.583415 0.911237 0.58439 0.911237 0.585366 0.910293 0.586341 0.910293 0.587317 0.909348 0.588293 0.909348 0.590244 0.90746 0.591219 0.90746 0.592195 0.906516 0.593171 0.906516 0.594146 0.905571 0.595122 0.905571 0.596098 0.904627 0.597073 0.904627 0.598049 0.903683 0.599024 0.903683 0.6 0.902738 0.600976 0.902738 0.604878 0.898961 0.605854 0.898961 0.607805 0.897073 0.608781 0.897073 0.609756 0.896128 0.610732 0.896128 0.610732 0.895184 0.611707 0.89424 0.611707 0.884797
0 0.418537 0.681775 0.417561 0.68272 0.41561 0.68272 0.412683 0.685552 0.411707 0.685552 0.410732 0.686497 0.409756 0.686497 0.40878 0.687441 0.407805 0.687441 0.406829 0.688385 0.405854 0.688385 0.404878 0.68933 0.403902 0.68933 0.400976 0.692162 0.400976 0.70255 0.403902 0.70255 0.404878 0.703494 0.416585 0.703494 0.417561 0.70255 0.418537 0.70255 0.420488 0.700661 0.421463 0.700661 0.422439 0.699717 0.423415 0.699717 0.429268 0.694051 0.430244 0.694051 0.43122 0.693107 0.43122 0.683664 0.429268 0.681775
0 0.395122 0.774315 0.395122 0.785647 0.4 0.785647 0.400976 0.786591 0.404878 0.786591 0.405854 0.785647 0.40878 0.785647 0.409756 0.786591 0.412683 0.786591 0.413659 0.787535 0.417561 0.787535 0.418537 0.78848 0.421463 0.78848 0.422439 0.789424 0.423415 0.789424 0.425366 0.791313 0.430244 0.791313 0.43122 0.790368 0.430244 0.789424 0.430244 0.78848 0.429268 0.787535 0.429268 0.786591 0.428293 0.785647 0.428293 0.784703 0.426341 0.782814 0.425366 0.782814 0.423415 0.780925 0.422439 0.780925 0.421463 0.779981 0.420488 0.779981 0.419512 0.779037 0.418537 0.779037 0.414634 0.77526 0.413659 0.77526 0.412683 0.774315
0 0.00487805 0.627007 0.0117073 0.633617 0.0117073 0.634561 0.0126829 0.635505 0.0126829 0.636449 0.0136585 0.637394 0.0136585 0.639282 0.0146341 0.640227 0.0126829 0.642115 0.0126829 0.643059 0.0117073 0.644004 0.0117073 0.645892 0.0107317 0.646837 0.0107317 0.648725 0.0097561 0.64967 0.0097561 0.650614 0.00878049 0.651558 0.00878049 0.65628 0.00780488 0.657224 0.00780488 0.661001 0.00682927 0.661945 0.00682927 0.663834 0.00585366 0.664778 0.00585366 0.666667 0.00487805 0.667611 0.00487805 0.668555 0.00390244 0.6695 0.00390244 0.671388 0.00292683 0.672332 0.00097561 0.672332 0.00097561 0.705382 0.00487805 0.705382 0.00487805 0.704438 0.00585366 0.703494 0.00585366 0.70255 0.00780488 0.700661 0.00780488 0.699717 0.0097561 0.697828 0.0097561 0.696884 0.0107317 0.69594 0.0107317 0.694995 0.0117073 0.694051 0.0117073 0.693107 0.0126829 0.692162 0.0126829 0.691218 0.0156098 0.688385 0.0156098 0.687441 0.0165854 0.686497 0.0165854 0.685552 0.017561 0.684608 0.017561 0.683664 0.0185366 0.68272 0.0185366 0.681775 0.0195122 0.680831 0.0195122 0.679887 0.0204878 0.678942 0.0204878 0.677998 0.0214634 0.677054 0.0214634 0.67611 0.022439 0.675165 0.022439 0.674221 0.0243902 0.672332 0.0243902 0.627007
1 0.983415 0.384325 0.983415 0.392823 0.98439 0.393768 0.98439 0.394712 0.985366 0.395656 0.985366 0.396601 0.986341 0.397545 0.986341 0.398489 0.987317 0.399433 0.987317 0.400378 0.989268 0.402266 0.989268 0.403211 0.992195 0.406043 0.993171 0.406043 0.995122 0.407932 0.997073 0.407932 0.997073 0.384325
1 0.131707 0.075543 0.131707 0.0830973 0.138537 0.0830973 0.138537 0.075543
0 0.890732 0.0103872 0.88878 0.0122757 0.88878 0.0141643 0.887805 0.0151086 0.887805 0.0160529 0.886829 0.0169972 0.886829 0.0179415 0.885854 0.0188857 0.885854 0.0207743 0.884878 0.0217186 0.884878 0.0424929 0.885854 0.0434372 0.885854 0.0443815 0.886829 0.0453258 0.899512 0.0453258 0.899512 0.0396601 0.896585 0.0368272 0.896585 0.0358829 0.89561 0.0349386 0.89561 0.0339943 0.894634 0.03305 0.894634 0.0245515 0.89561 0.0236072 0.89561 0.01983 0.896585 0.0188857 0.896585 0.0179415 0.897561 0.0169972 0.897561 0.0151086 0.899512 0.01322 0.899512 0.0103872
0 0.720976 0.269122 0.720976 0.27101 0.72 0.271955 0.72 0.272899 0.718049 0.274788 0.717073 0.274788 0.716098 0.275732 0.715122 0.275732 0.714146 0.276676 0.713171 0.276676 0.710244 0.279509 0.710244 0.280453 0.709268 0.281398 0.709268 0.282342 0.708293 0.283286 0.708293 0.285175 0.707317 0.286119 0.707317 0.294618 0.708293 0.295562 0.708293 0.309726 0.709268 0.31067 0.709268 0.315392 0.710244 0.316336 0.710244 0.329556 0.709268 0.3305 0.709268 0.336166 0.708293 0.33711 0.708293 0.340888 0.707317 0.341832 0.707317 0.370161 0.717073 0.370161 0.717073 0.366383 0.718049 0.365439 0.717073 0.364495 0.717073 0.351275 0.718049 0.350331 0.718049 0.348442 0.719024 0.347498 0.719024 0.344665 0.72 0.34372 0.72 0.340888 0.720976 0.339943 0.720976 0.306893 0.72 0.305949 0.72 0.30406 0.719024 0.303116 0.719024 0.299339 0.718049 0.298395 0.718049 0.295562 0.717073 0.294618 0.717073 0.283286 0.718049 0.282342 0.718049 0.281398 0.719024 0.280453 0.719024 0.279509 0.720976 0.27762
0 0.97561 0.203966 0.97561 0.209632 0.974634 0.210576 0.974634 0.214353 0.973659 0.215297 0.973659 0.220019 0.972683 0.220963 0.972683 0.223796 0.971707 0.22474 0.971707 0.226629 0.970732 0.227573 0.969756 0.227573 0.967805 0.229462 0.967805 0.239849 0.970732 0.239849 0.977561 0.233239 0.977561 0.23135 0.978537 0.230406 0.978537 0.203966
1 0.310244 0.25118 0.310244 0.260623 0.32 0.260623 0.32 0.25118
1 0.705366 0.375826 0.705366 0.387158 0.706341 0.387158 0.707317 0.388102 0.707317 0.389046 0.72 0.389046 0.72 0.375826
0 0.367805 0.891407 0.367805 0.899906 0.36878 0.899906 0.369756 0.90085 0.371707 0.90085 0.372683 0.901794 0.392195 0.901794 0.393171 0.902738 0.396098 0.902738 0.397073 0.903683 0.398049 0.903683 0.399024 0.904627 0.4 0.904627 0.400976 0.905571 0.401951 0.905571 0.402927 0.906516 0.402927 0.893296 0.401951 0.892351 0.400976 0.892351 0.4 0.891407
0 0.446829 0.328612 0.445854 0.329556 0.445854 0.334278 0.446829 0.335222 0.447805 0.335222 0.449756 0.33711 0.450732 0.33711 0.459512 0.345609 0.459512 0.347498 0.460488 0.348442 0.460488 0.351275 0.461463 0.352219 0.460488 0.353163 0.460488 0.354108 0.456585 0.357885 0.45561 0.357885 0.454634 0.358829 0.452683 0.358829 0.451707 0.359773 0.449756 0.359773 0.44878 0.360718 0.443902 0.360718 0.442927 0.361662 0.441951 0.361662 0.441951 0.363551 0.440976 0.364495 0.440976 0.365439 0.441951 0.365439 0.442927 0.366383 0.443902 0.366383 0.444878 0.367328 0.445854 0.367328 0.447805 0.369216 0.451707 0.369216 0.452683 0.370161 0.459512 0.370161 0.460488 0.369216 0.462439 0.369216 0.463415 0.368272 0.46439 0.368272 0.465366 0.367328 0.466341 0.367328 0.467317 0.366383 0.468293 0.366383 0.469268 0.365439 0.470244 0.365439 0.470244 0.33711 0.466341 0.333333 0.466341 0.332389 0.465366 0.331445 0.465366 0.3305 0.463415 0.328612
0 0.459512 0.000944287 0.459512 0.00283286 0.460488 0.00377715 0.460488 0.00472144 0.461463 0.00566572 0.461463 0.0075543 0.462439 0.00849858 0.461463 0.00944287 0.461463 0.0103872 0.460488 0.0113314 0.460488 0.0122757 0.459512 0.01322 0.459512 0.0151086 0.452683 0.0217186 0.452683 0.0226629 0.44878 0.02644 0.44878 0.0321058 0.456585 0.0321058 0.459512 0.0292729 0.460488 0.0292729 0.462439 0.0273843 0.462439 0.0254958 0.46439 0.0236072 0.46439 0.0226629 0.465366 0.0217186 0.466341 0.0217186 0.466341 0.0207743 0.467317 0.01983 0.467317 0.0188857 0.468293 0.0179415 0.468293 0.0160529 0.469268 0.0151086 0.469268 0.0122757 0.470244 0.0113314 0.470244 0.00944287 0.47122 0.00849858 0.47122 0.000944287
0 0.919024 0.856468 0.919024 0.8678 0.92 0.8678 0.920976 0.868744 0.920976 0.869688 0.921951 0.870633 0.921951 0.871577 0.922927 0.871577 0.923902 0.872521 0.924878 0.872521 0.925854 0.873466 0.926829 0.873466 0.927805 0.87441 0.92878 0.87441 0.929756 0.875354 0.930732 0.875354 0.932683 0.877243 0.934634 0.877243 0.93561 0.878187 0.943415 0.878187 0.943415 0.875354 0.942439 0.87441 0.942439 0.871577 0.941463 0.870633 0.941463 0.869688 0.938537 0.866856 0.93561 0.866856 0.934634 0.865911 0.931707 0.865911 0.929756 0.864023 0.929756 0.863078 0.927805 0.86119 0.927805 0.860246 0.926829 0.859301 0.926829 0.856468
0 0.781463 0.201133 0.781463 0.219075 0.78439 0.221907 0.78439 0.222852 0.786341 0.22474 0.786341 0.225685 0.788293 0.227573 0.788293 0.229462 0.789268 0.230406 0.789268 0.23135 0.79122 0.233239 0.79122 0.235127 0.792195 0.236072 0.792195 0.237016 0.793171 0.23796 0.793171 0.238905 0.794146 0.239849 0.794146 0.240793 0.795122 0.241737 0.795122 0.242682 0.797073 0.242682 0.798049 0.241737 0.798049 0.221907 0.797073 0.220963 0.797073 0.220019 0.794146 0.217186 0.794146 0.216242 0.793171 0.215297 0.793171 0.214353 0.792195 0.213409 0.792195 0.212465 0.788293 0.208687 0.788293 0.206799 0.787317 0.205855 0.787317 0.20491 0.786341 0.203966 0.786341 0.203022 0.785366 0.202077 0.785366 0.201133
0 0.217561 0.19169 0.214634 0.194523 0.213659 0.194523 0.212683 0.195467 0.210732 0.195467 0.209756 0.196412 0.206829 0.196412 0.205854 0.197356 0.203902 0.197356 0.202927 0.1983 0.201951 0.1983 0.200976 0.197356 0.196098 0.197356 0.193171 0.200189 0.193171 0.201133 0.19122 0.203022 0.190244 0.203022 0.188293 0.20491 0.187317 0.20491 0.185366 0.206799 0.18439 0.206799 0.183415 0.207743 0.182439 0.207743 0.181463 0.208687 0.180488 0.208687 0.179512 0.209632 0.178537 0.209632 0.177561 0.210576 0.17561 0.210576 0.174634 0.21152 0.173659 0.21152 0.171707 0.213409 0.170732 0.213409 0.164878 0.219075 0.163902 0.219075 0.161951 0.220963 0.161951 0.221907 0.159024 0.22474 0.158049 0.22474 0.155122 0.227573 0.154146 0.227573 0.154146 0.228517 0.15122 0.23135 0.15122 0.232295 0.165854 0.232295 0.16878 0.229462 0.16878 0.228517 0.174634 0.222852 0.17561 0.222852 0.178537 0.220019 0.179512 0.220019 0.180488 0.219075 0.181463 0.219075 0.182439 0.21813 0.18439 0.21813 0.185366 0.217186 0.188293 0.217186 0.189268 0.216242 0.19122 0.216242 0.192195 0.215297 0.194146 0.215297 0.195122 0.214353 0.197073 0.214353 0.198049 0.213409 0.199024 0.213409 0.2 0.212465 0.200976 0.212465 0.201951 0.21152 0.204878 0.21152 0.205854 0.210576 0.207805 0.210576 0.20878 0.209632 0.210732 0.209632 0.211707 0.208687 0.212683 0.208687 0.214634 0.206799 0.21561 0.206799 0.216585 0.205855 0.218537 0.205855 0.219512 0.20491 0.221463 0.20491 0.222439 0.203966 0.223415 0.203966 0.225366 0.202077 0.225366 0.201133 0.226341 0.200189 0.226341 0.199245 0.227317 0.1983 0.227317 0.196412 0.230244 0.193579 0.230244 0.192635 0.23122 0.19169
0 0.890732 0.489141 0.879024 0.500472 0.879024 0.501416 0.877073 0.503305 0.877073 0.504249 0.876098 0.505194 0.876098 0.506138 0.875122 0.507082 0.875122 0.508026 0.874146 0.508971 0.874146 0.509915 0.868293 0.515581 0.867317 0.515581 0.866341 0.516525 0.865366 0.516525 0.86439 0.517469 0.863415 0.517469 0.862439 0.518414 0.860488 0.518414 0.859512 0.519358 0.85561 0.519358 0.854634 0.520302 0.853659 0.520302 0.853659 0.530689 0.861463 0.530689 0.86439 0.527856 0.865366 0.527856 0.866341 0.526912 0.867317 0.526912 0.868293 0.525968 0.869268 0.525968 0.87122 0.524079 0.872195 0.524079 0.873171 0.523135 0.874146 0.523135 0.875122 0.522191 0.876098 0.522191 0.880976 0.517469 0.880976 0.516525 0.881951 0.515581 0.881951 0.514636 0.882927 0.513692 0.882927 0.512748 0.883902 0.511804 0.883902 0.510859 0.885854 0.508971 0.885854 0.508026 0.887805 0.506138 0.887805 0.505194 0.890732 0.502361 0.890732 0.501416 0.892683 0.499528 0.893659 0.499528 0.89561 0.497639 0.896585 0.497639 0.900488 0.493862 0.900488 0.489141
0 0.721951 0.262512 0.721951 0.263456 0.720976 0.2644 0.720976 0.268178 0.72 0.269122 0.72 0.270066 0.719024 0.27101 0.719024 0.271955 0.708293 0.282342 0.708293 0.283286 0.707317 0.28423 0.707317 0.289896 0.708293 0.29084 0.708293 0.303116 0.709268 0.30406 0.709268 0.306893 0.710244 0.307838 0.710244 0.309726 0.711219 0.31067 0.711219 0.313503 0.712195 0.314448 0.712195 0.318225 0.713171 0.319169 0.713171 0.320113 0.714146 0.321058 0.713171 0.322002 0.713171 0.32389 0.712195 0.324835 0.712195 0.328612 0.711219 0.329556 0.711219 0.3305 0.721951 0.3305 0.721951 0.328612 0.722927 0.327668 0.722927 0.325779 0.721951 0.324835 0.721951 0.313503 0.720976 0.312559 0.720976 0.308782 0.72 0.307838 0.72 0.305949 0.719024 0.305005 0.719024 0.303116 0.718049 0.302172 0.718049 0.299339 0.717073 0.298395 0.717073 0.293673 0.716098 0.292729 0.716098 0.286119 0.717073 0.285175 0.717073 0.283286 0.723902 0.276676 0.724878 0.276676 0.725854 0.275732 0.725854 0.262512
0 0.561951 0.134089 0.558049 0.137866 0.557073 0.137866 0.556098 0.13881 0.555122 0.13881 0.552195 0.141643 0.55122 0.141643 0.546341 0.146364 0.546341 0.164306 0.547317 0.16525 0.547317 0.166195 0.548293 0.167139 0.548293 0.168083 0.55122 0.170916 0.55122 0.17186 0.552195 0.17186 0.554146 0.169972 0.554146 0.168083 0.555122 0.167139 0.555122 0.164306 0.556098 0.163362 0.556098 0.153919 0.555122 0.152975 0.556098 0.15203 0.556098 0.151086 0.558049 0.149197 0.561951 0.149197 0.562927 0.148253 0.563902 0.148253 0.566829 0.14542 0.566829 0.144476 0.567805 0.143532 0.567805 0.134089
0 0.235122 0.468366 0.234146 0.469311 0.227317 0.469311 0.226341 0.470255 0.222439 0.470255 0.220488 0.472144 0.219512 0.472144 0.218537 0.473088 0.217561 0.473088 0.216585 0.474032 0.21561 0.474032 0.213659 0.475921 0.212683 0.475921 0.211707 0.476865 0.210732 0.476865 0.20878 0.478754 0.207805 0.478754 0.206829 0.479698 0.205854 0.479698 0.203902 0.481586 0.202927 0.481586 0.200976 0.483475 0.200976 0.484419 0.197073 0.488196 0.197073 0.489141 0.188293 0.497639 0.188293 0.498584 0.187317 0.499528 0.187317 0.500472 0.186341 0.501416 0.186341 0.502361 0.185366 0.503305 0.185366 0.505194 0.182439 0.508026 0.182439 0.509915 0.190244 0.509915 0.19122 0.508971 0.192195 0.508971 0.193171 0.508026 0.194146 0.508026 0.195122 0.507082 0.196098 0.507082 0.198049 0.505194 0.199024 0.505194 0.209756 0.494806 0.209756 0.493862 0.214634 0.489141 0.214634 0.488196 0.21561 0.487252 0.216585 0.487252 0.218537 0.485364 0.219512 0.485364 0.220488 0.484419 0.221463 0.484419 0.223415 0.482531 0.22439 0.482531 0.227317 0.479698 0.228293 0.479698 0.230244 0.477809 0.23122 0.477809 0.236098 0.473088 0.236098 0.472144 0.237073 0.471199 0.237073 0.469311 0.236098 0.468366
1 0.92878 0.286119 0.927805 0.287063 0.925854 0.287063 0.924878 0.288008 0.924878 0.288952 0.923902 0.289896 0.923902 0.292729 0.924878 0.293673 0.924878 0.296506 0.926829 0.296506 0.926829 0.295562 0.930732 0.291785 0.930732 0.286119
1 0.606829 0.611898 0.605854 0.612842 0.604878 0.612842 0.603902 0.613787 0.602927 0.613787 0.601951 0.614731 0.600976 0.614731 0.6 0.615675 0.6 0.638338 0.600976 0.638338 0.601951 0.639282 0.602927 0.639282 0.603902 0.640227 0.604878 0.640227 0.605854 0.641171 0.606829 0.641171 0.607805 0.642115 0.608781 0.642115 0.611707 0.644948 0.612683 0.644948 0.614634 0.646837 0.61561 0.646837 0.616585 0.647781 0.618537 0.647781 0.619512 0.648725 0.625366 0.648725 0.626341 0.647781 0.628293 0.647781 0.629268 0.646837 0.630244 0.646837 0.632195 0.644948 0.632195 0.644004 0.634146 0.642115 0.634146 0.641171 0.635122 0.640227 0.635122 0.636449 0.636098 0.635505 0.636098 0.633617 0.637073 0.632672 0.637073 0.631728 0.64 0.628895 0.640976 0.628895 0.641951 0.627951 0.642927 0.627951 0.642927 0.615675 0.641951 0.614731 0.640976 0.614731 0.64 0.613787 0.639024 0.613787 0.638049 0.612842 0.637073 0.612842 0.636098 0.611898
1 0.319024 0.322002 0.319024 0.332389 0.331707 0.332389 0.333659 0.3305 0.333659 0.322002
1 0.498537 0.553352 0.497561 0.554296 0.496585 0.554296 0.493659 0.557129 0.492683 0.557129 0.492683 0.566572 0.493659 0.567517 0.494634 0.567517 0.49561 0.568461 0.496585 0.568461 0.497561 0.569405 0.512195 0.569405 0.513171 0.568461 0.513171 0.553352
0 0.423415 0.686497 0.423415 0.699717 0.42439 0.699717 0.426341 0.697828 0.427317 0.697828 0.428293 0.696884 0.429268 0.697828 0.430244 0.697828 0.43122 0.698772 0.432195 0.698772 0.433171 0.699717 0.434146 0.699717 0.441951 0.707271 0.443902 0.707271 0.444878 0.708215 0.445854 0.708215 0.446829 0.70916 0.447805 0.70916 0.447805 0.699717 0.445854 0.697828 0.445854 0.696884 0.44 0.691218 0.439024 0.691218 0.438049 0.690274 0.438049 0.688385 0.436098 0.686497
0 0.696585 0.607177 0.69561 0.608121 0.692683 0.608121 0.690732 0.610009 0.690732 0.610954 0.689756 0.611898 0.689756 0.613787 0.68878 0.614731 0.68878 0.615675 0.687805 0.616619 0.687805 0.617564 0.682927 0.622285 0.682927 0.623229 0.681951 0.624174 0.681951 0.630784 0.682927 0.631728 0.682927 0.632672 0.683902 0.633617 0.682927 0.634561 0.682927 0.635505 0.681951 0.636449 0.681951 0.647781 0.682927 0.647781 0.683902 0.648725 0.684878 0.648725 0.685854 0.64967 0.686829 0.64967 0.687805 0.650614 0.68878 0.650614 0.689756 0.651558 0.690732 0.651558 0.691707 0.652502 0.696585 0.652502 0.697561 0.651558 0.698537 0.651558 0.70439 0.645892 0.70439 0.643059 0.703415 0.642115 0.703415 0.638338 0.702439 0.637394 0.702439 0.636449 0.700488 0.634561 0.699512 0.634561 0.696585 0.631728 0.696585 0.630784 0.69561 0.629839 0.69561 0.628895 0.694634 0.627951 0.696585 0.626062 0.696585 0.625118 0.699512 0.622285 0.701463 0.622285 0.702439 0.621341 0.70439 0.621341 0.705366 0.620397 0.707317 0.620397 0.708293 0.621341 0.716098 0.621341 0.717073 0.622285 0.723902 0.622285 0.724878 0.623229 0.725854 0.623229 0.727805 0.625118 0.727805 0.626062 0.728781 0.627007 0.723902 0.631728 0.722927 0.631728 0.720976 0.633617 0.720976 0.635505 0.72 0.636449 0.72 0.638338 0.719024 0.639282 0.719024 0.640227 0.72 0.641171 0.72 0.642115 0.721951 0.644004 0.721951 0.644948 0.722927 0.644948 0.723902 0.645892 0.725854 0.645892 0.725854 0.644948 0.728781 0.642115 0.729756 0.642115 0.730732 0.641171 0.731707 0.641171 0.732683 0.640227 0.732683 0.639282 0.733659 0.638338 0.733659 0.637394 0.737561 0.633617 0.737561 0.632672 0.738537 0.631728 0.738537 0.629839 0.739512 0.628895 0.739512 0.614731 0.739512 0.615675 0.738537 0.616619 0.738537 0.617564 0.737561 0.618508 0.737561 0.619452 0.736585 0.620397 0.73561 0.620397 0.734634 0.621341 0.733659 0.621341 0.732683 0.622285 0.730732 0.622285 0.727805 0.619452 0.727805 0.616619 0.725854 0.614731 0.724878 0.614731 0.723902 0.613787 0.721951 0.613787 0.720976 0.612842 0.719024 0.612842 0.718049 0.611898 0.715122 0.611898 0.714146 0.610954 0.713171 0.610954 0.712195 0.610009 0.709268 0.610009 0.708293 0.609065 0.705366 0.609065 0.70439 0.608121 0.701463 0.608121 0.700488 0.607177
0 0.832195 0.269122 0.832195 0.271955 0.831219 0.272899 0.831219 0.274788 0.830244 0.275732 0.830244 0.276676 0.829268 0.27762 0.829268 0.288952 0.837073 0.288952 0.837073 0.283286 0.838049 0.282342 0.838049 0.280453 0.839024 0.279509 0.839024 0.275732 0.84 0.274788 0.84 0.273843 0.840976 0.272899 0.840976 0.269122
0 0.596098 0.811143 0.596098 0.81492 0.598049 0.816808 0.598049 0.817753 0.599024 0.818697 0.599024 0.820585 0.6 0.82153 0.6 0.823418 0.600976 0.824363 0.600976 0.829084 0.601951 0.830028 0.601951 0.836638 0.602927 0.837583 0.602927 0.839471 0.603902 0.840415 0.603902 0.843248 0.604878 0.844193 0.604878 0.845137 0.605854 0.846081 0.605854 0.84797 0.606829 0.848914 0.606829 0.851747 0.607805 0.852691 0.607805 0.853635 0.608781 0.85458 0.608781 0.855524 0.609756 0.856468 0.609756 0.859301 0.610732 0.860246 0.610732 0.862134 0.611707 0.863078 0.611707 0.866856 0.612683 0.8678 0.612683 0.870633 0.613659 0.871577 0.613659 0.873466 0.614634 0.87441 0.614634 0.875354 0.61561 0.876298 0.61561 0.877243 0.616585 0.878187 0.616585 0.88102 0.617561 0.881964 0.617561 0.88763 0.616585 0.888574 0.616585 0.89424 0.61561 0.895184 0.61561 0.896128 0.621463 0.901794 0.622439 0.901794 0.622439 0.90085 0.623415 0.899906 0.623415 0.898961 0.62439 0.898017 0.62439 0.897073 0.625366 0.896128 0.625366 0.895184 0.629268 0.891407 0.629268 0.890463 0.632195 0.88763 0.632195 0.859301 0.63122 0.858357 0.63122 0.855524 0.630244 0.85458 0.630244 0.853635 0.629268 0.852691 0.629268 0.850803 0.628293 0.849858 0.628293 0.84797 0.627317 0.847026 0.627317 0.846081 0.626341 0.845137 0.626341 0.843248 0.625366 0.842304 0.625366 0.840415 0.62439 0.839471 0.62439 0.838527 0.623415 0.837583 0.623415 0.83475 0.622439 0.833806 0.622439 0.832861 0.621463 0.831917 0.621463 0.830028 0.620488 0.829084 0.620488 0.827195 0.619512 0.826251 0.619512 0.825307 0.618537 0.824363 0.618537 0.823418 0.617561 0.822474 0.617561 0.820585 0.616585 0.819641 0.616585 0.818697 0.61561 0.817753 0.61561 0.816808 0.614634 0.815864 0.614634 0.813975 0.613659 0.813031 0.613659 0.811143
0 0.0907317 0.932956 0.0868293 0.936733 0.0858537 0.936733 0.084878 0.937677 0.084878 0.94712 0.0926829 0.94712 0.0946341 0.945231 0.0965854 0.945231 0.097561 0.944287 0.100488 0.944287 0.101463 0.943343 0.107317 0.943343 0.108293 0.942398 0.109268 0.942398 0.109268 0.932956
1 0.679024 0.882908 0.679024 0.896128 0.68 0.896128 0.680976 0.897073 0.682927 0.897073 0.683902 0.898017 0.684878 0.898017 0.685854 0.898961 0.687805 0.898961 0.68878 0.899906 0.690732 0.899906 0.691707 0.90085 0.692683 0.90085 0.693659 0.901794 0.694634 0.901794 0.69561 0.902738 0.69561 0.904627 0.705366 0.904627 0.705366 0.902738 0.707317 0.90085 0.707317 0.885741 0.706341 0.884797 0.705366 0.884797 0.703415 0.882908
0 0.125854 0.253069 0.125854 0.254957 0.126829 0.255902 0.126829 0.261568 0.124878 0.263456 0.124878 0.2644 0.123902 0.265345 0.123902 0.266289 0.119024 0.27101 0.119024 0.271955 0.118049 0.272899 0.118049 0.273843 0.117073 0.274788 0.117073 0.27762 0.116098 0.278565 0.116098 0.288952 0.115122 0.289896 0.115122 0.29084 0.116098 0.291785 0.116098 0.299339 0.117073 0.300283 0.117073 0.30406 0.118049 0.305005 0.118049 0.308782 0.119024 0.309726 0.119024 0.311615 0.120976 0.313503 0.120976 0.314448 0.121951 0.315392 0.121951 0.316336 0.122927 0.31728 0.122927 0.318225 0.123902 0.319169 0.123902 0.322002 0.124878 0.322946 0.124878 0.32389 0.125854 0.324835 0.125854 0.325779 0.126829 0.326723 0.126829 0.327668 0.127805 0.328612 0.127805 0.344665 0.12878 0.345609 0.12878 0.349386 0.134634 0.349386 0.134634 0.328612 0.133659 0.327668 0.133659 0.324835 0.132683 0.32389 0.132683 0.322002 0.131707 0.321058 0.131707 0.320113 0.12878 0.31728 0.12878 0.316336 0.127805 0.315392 0.127805 0.313503 0.126829 0.312559 0.126829 0.311615 0.124878 0.309726 0.124878 0.308782 0.122927 0.306893 0.122927 0.305005 0.121951 0.30406 0.121951 0.302172 0.122927 0.301228 0.122927 0.29745 0.123902 0.296506 0.123902 0.286119 0.124878 0.285175 0.124878 0.282342 0.125854 0.281398 0.125854 0.278565 0.126829 0.27762 0.126829 0.275732 0.127805 0.274788 0.127805 0.272899 0.12878 0.271955 0.12878 0.270066 0.132683 0.266289 0.132683 0.265345 0.133659 0.2644 0.133659 0.262512 0.134634 0.261568 0.134634 0.253069
0 0.92 0.000944287 0.92 0.00472144 0.922927 0.00472144 0.923902 0.00566572 0.937561 0.00566572 0.938537 0.00661001 0.94439 0.00661001 0.945366 0.0075543 0.945366 0.00849858 0.947317 0.00849858 0.948293 0.00944287 0.951219 0.00944287 0.952195 0.00849858 0.952195 0.000944287
0 0.294634 0.395656 0.289756 0.400378 0.289756 0.401322 0.28878 0.402266 0.28878 0.403211 0.287805 0.404155 0.287805 0.405099 0.286829 0.406043 0.285854 0.406043 0.284878 0.406988 0.284878 0.407932 0.282927 0.409821 0.282927 0.411709 0.280976 0.413598 0.280976 0.414542 0.28 0.415486 0.280976 0.416431 0.280976 0.418319 0.282927 0.420208 0.286829 0.420208 0.294634 0.412653 0.294634 0.411709 0.29561 0.410765 0.29561 0.409821 0.297561 0.407932 0.297561 0.406988 0.300488 0.404155 0.300488 0.403211 0.301463 0.402266 0.301463 0.395656
0 0.916098 0.128423 0.917073 0.129367 0.917073 0.131256 0.918049 0.1322 0.918049 0.134089 0.921951 0.137866 0.921951 0.140699 0.922927 0.141643 0.922927 0.144476 0.923902 0.14542 0.923902 0.148253 0.922927 0.149197 0.922927 0.153919 0.921951 0.154863 0.921951 0.155807 0.920976 0.156752 0.920976 0.15864 0.919024 0.160529 0.919024 0.161473 0.918049 0.162417 0.918049 0.163362 0.917073 0.164306 0.917073 0.16525 0.916098 0.166195 0.916098 0.168083 0.915122 0.169027 0.915122 0.170916 0.914146 0.17186 0.914146 0.179415 0.922927 0.179415 0.923902 0.17847 0.923902 0.177526 0.924878 0.176582 0.924878 0.175637 0.925854 0.174693 0.925854 0.172805 0.926829 0.17186 0.926829 0.168083 0.927805 0.167139 0.927805 0.139754 0.926829 0.13881 0.926829 0.137866 0.925854 0.136922 0.925854 0.135977 0.924878 0.135033 0.924878 0.134089 0.923902 0.134089 0.921951 0.1322 0.921951 0.131256 0.920976 0.130312 0.920976 0.128423
0 0.618537 0.425873 0.618537 0.426818 0.619512 0.427762 0.618537 0.428706 0.618537 0.431539 0.617561 0.432483 0.617561 0.433428 0.613659 0.437205 0.613659 0.438149 0.602927 0.448536 0.601951 0.448536 0.600976 0.449481 0.6 0.449481 0.598049 0.451369 0.597073 0.451369 0.597073 0.462701 0.603902 0.462701 0.613659 0.453258 0.613659 0.452314 0.619512 0.446648 0.619512 0.444759 0.621463 0.442871 0.621463 0.441926 0.622439 0.440982 0.622439 0.440038 0.623415 0.439093 0.623415 0.425873
1 0.767805 0.324835 0.766829 0.325779 0.766829 0.326723 0.765854 0.327668 0.765854 0.332389 0.766829 0.333333 0.766829 0.334278 0.77561 0.334278 0.776585 0.333333 0.776585 0.324835
1 0.681951 0.640227 0.681951 0.652502 0.682927 0.653447 0.687805 0.653447 0.68878 0.654391 0.693659 0.654391 0.694634 0.653447 0.69561 0.653447 0.696585 0.652502 0.697561 0.652502 0.699512 0.650614 0.699512 0.640227
0 0.324878 0.530689 0.323902 0.531634 0.322927 0.531634 0.321951 0.532578 0.32 0.532578 0.319024 0.533522 0.318049 0.533522 0.318049 0.534467 0.322927 0.539188 0.323902 0.539188 0.324878 0.540132 0.324878 0.542021 0.325854 0.542965 0.325854 0.546742 0.324878 0.547687 0.323902 0.547687 0.322927 0.548631 0.320976 0.548631 0.32 0.549575 0.318049 0.549575 0.317073 0.550519 0.315122 0.550519 0.314146 0.551464 0.313171 0.551464 0.313171 0.553352 0.329756 0.553352 0.330732 0.552408 0.330732 0.549575 0.331707 0.548631 0.331707 0.546742 0.332683 0.545798 0.332683 0.544854 0.333659 0.543909 0.333659 0.542965 0.334634 0.542021 0.334634 0.531634 0.333659 0.530689
0 0.869268 0.787535 0.868293 0.78848 0.867317 0.78848 0.863415 0.792257 0.863415 0.793201 0.862439 0.794145 0.862439 0.79509 0.861463 0.796034 0.861463 0.804533 0.863415 0.806421 0.872195 0.806421 0.873171 0.805477 0.875122 0.805477 0.875122 0.787535
0 0.318049 0.926346 0.319024 0.92729 0.316098 0.930123 0.313171 0.930123 0.312195 0.931067 0.31122 0.930123 0.308293 0.930123 0.307317 0.929178 0.305366 0.929178 0.305366 0.930123 0.302439 0.932956 0.301463 0.932956 0.300488 0.9339 0.300488 0.937677 0.301463 0.937677 0.302439 0.938621 0.307317 0.938621 0.308293 0.939566 0.310244 0.939566 0.31122 0.94051 0.315122 0.94051 0.318049 0.943343 0.318049 0.946176 0.316098 0.948064 0.315122 0.948064 0.313171 0.949953 0.312195 0.949953 0.310244 0.951841 0.309268 0.951841 0.307317 0.95373 0.306341 0.95373 0.305366 0.954674 0.303415 0.954674 0.302439 0.955619 0.301463 0.955619 0.299512 0.957507 0.298537 0.957507 0.298537 0.966006 0.309268 0.966006 0.310244 0.965061 0.312195 0.965061 0.313171 0.964117 0.315122 0.964117 0.316098 0.963173 0.317073 0.963173 0.318049 0.962229 0.319024 0.962229 0.32 0.961284 0.320976 0.961284 0.322927 0.959396 0.323902 0.959396 0.325854 0.957507 0.325854 0.926346
0 0.97561 0.161473 0.97561 0.162417 0.974634 0.163362 0.974634 0.166195 0.978537 0.169972 0.978537 0.170916 0.981463 0.173749 0.981463 0.174693 0.982439 0.175637 0.982439 0.177526 0.983415 0.17847 0.983415 0.179415 0.98439 0.179415 0.986341 0.181303 0.986341 0.182247 0.987317 0.183192 0.987317 0.184136 0.988293 0.18508 0.988293 0.186025 0.989268 0.186969 0.989268 0.187913 0.990244 0.188857 0.992195 0.188857 0.993171 0.189802 0.993171 0.177526 0.987317 0.17186 0.987317 0.170916 0.980488 0.164306 0.979512 0.164306 0.977561 0.162417 0.977561 0.161473
1 0.419512 0.805477 0.419512 0.819641 0.430244 0.819641 0.43122 0.818697 0.43122 0.805477
0 0.0302439 0.779037 0.0292683 0.779981 0.0292683 0.796978 0.0302439 0.796978 0.0312195 0.797923 0.0321951 0.797923 0.0331707 0.798867 0.0360976 0.798867 0.0370732 0.799811 0.0487805 0.799811 0.0507317 0.8017 0.0634146 0.8017 0.062439 0.800755 0.062439 0.798867 0.0614634 0.797923 0.0614634 0.79509 0.062439 0.794145 0.062439 0.793201 0.0634146 0.792257 0.0634146 0.789424 0.0643902 0.78848 0.0643902 0.787535 0.0653659 0.786591 0.0653659 0.779037
1
0 0.915122 0.475921 0.915122 0.486308 0.916098 0.487252 0.919024 0.487252 0.92 0.488196 0.920976 0.488196 0.921951 0.489141 0.922927 0.489141 0.923902 0.490085 0.924878 0.490085 0.925854 0.491029 0.927805 0.491029 0.92878 0.491974 0.930732 0.491974 0.931707 0.492918 0.933659 0.492918 0.934634 0.493862 0.936585 0.493862 0.937561 0.494806 0.939512 0.494806 0.940488 0.493862 0.94439 0.493862 0.945366 0.492918 0.946341 0.492918 0.953171 0.486308 0.953171 0.475921 0.951219 0.475921 0.945366 0.481586 0.941463 0.481586 0.940488 0.482531 0.937561 0.482531 0.93561 0.480642 0.934634 0.480642 0.933659 0.479698 0.932683 0.479698 0.931707 0.478754 0.930732 0.478754 0.929756 0.477809 0.929756 0.476865 0.92878 0.475921
0 0.588293 0 0.588293 0.00283286 0.590244 0.00472144 0.591219 0.00472144 0.593171 0.00661001 0.593171 0.0075543 0.596098 0.0103872 0.598049 0.0103872 0.599024 0.0113314 0.600976 0.0113314 0.601951 0.0122757 0.611707 0.0122757 0.612683 0.0113314 0.61561 0.0113314 0.616585 0.0103872 0.618537 0.0103872 0.619512 0.00944287 0.620488 0.00944287 0.621463 0.00849858 0.622439 0.00849858 0.626341 0.00472144 0.627317 0.00472144 0.628293 0.00377715 0.628293 0
0 0.517073 0.333333 0.515122 0.335222 0.514146 0.335222 0.513171 0.336166 0.512195 0.336166 0.51122 0.33711 0.510244 0.33711 0.510244 0.350331 0.51122 0.351275 0.51122 0.352219 0.514146 0.352219 0.515122 0.351275 0.516098 0.351275 0.519024 0.348442 0.521951 0.348442 0.522927 0.347498 0.523902 0.347498 0.524878 0.346553 0.525854 0.346553 0.529756 0.342776 0.529756 0.333333
0 0.146341 0.92729 0.146341 0.928234 0.14439 0.930123 0.143415 0.930123 0.141463 0.932011 0.141463 0.932956 0.13561 0.938621 0.13561 0.939566 0.129756 0.945231 0.129756 0.955619 0.145366 0.955619 0.146341 0.954674 0.148293 0.954674 0.149268 0.95373 0.15122 0.95373 0.154146 0.950897 0.154146 0.949953 0.158049 0.946176 0.158049 0.945231 0.159024 0.944287 0.159024 0.943343 0.16 0.942398 0.16 0.94051 0.160976 0.939566 0.160976 0.92729
0 0.0585366 0.492918 0.057561 0.493862 0.0565854 0.493862 0.0556098 0.494806 0.0546341 0.494806 0.0536585 0.495751 0.0526829 0.495751 0.0507317 0.497639 0.0507317 0.498584 0.0497561 0.499528 0.0497561 0.500472 0.0487805 0.501416 0.0487805 0.502361 0.0478049 0.503305 0.0468293 0.503305 0.0458537 0.504249 0.0439024 0.504249 0.0429268 0.505194 0.0419512 0.505194 0.0409756 0.506138 0.04 0.506138 0.0370732 0.508971 0.0360976 0.508971 0.035122 0.509915 0.0341463 0.509915 0.0331707 0.510859 0.0312195 0.510859 0.0302439 0.511804 0.0292683 0.511804 0.0282927 0.512748 0.0263415 0.512748 0.0253659 0.513692 0.0243902 0.513692 0.022439 0.515581 0.0214634 0.515581 0.0204878 0.516525 0.0195122 0.516525 0.017561 0.518414 0.0165854 0.518414 0.0156098 0.519358 0.0146341 0.519358 0.0136585 0.520302 0.0126829 0.520302 0.0107317 0.522191 0.00585366 0.522191 0.00487805 0.521246 0.00390244 0.521246 0.00292683 0.520302 0.00097561 0.520302 0.00097561 0.537299 0.0195122 0.537299 0.0204878 0.536355 0.022439 0.536355 0.0234146 0.535411 0.0253659 0.535411 0.0263415 0.534467 0.0273171 0.534467 0.0282927 0.533522 0.0292683 0.533522 0.0302439 0.532578 0.0312195 0.532578 0.0321951 0.531634 0.0331707 0.531634 0.0341463 0.530689 0.035122 0.530689 0.0360976 0.529745 0.0370732 0.529745 0.0380488 0.528801 0.0390244 0.528801 0.04 0.527856 0.0409756 0.527856 0.0439024 0.525024 0.044878 0.525024 0.0478049 0.522191 0.0487805 0.522191 0.0536585 0.517469 0.0546341 0.517469 0.0565854 0.515581 0.0565854 0.513692 0.057561 0.512748 0.057561 0.510859 0.0585366 0.509915
1 0.189268 0.660057 0.188293 0.661001 0.185366 0.661001 0.18439 0.661945 0.182439 0.661945 0.17561 0.668555 0.174634 0.668555 0.174634 0.677054 0.177561 0.679887 0.177561 0.680831 0.178537 0.681775 0.178537 0.68272 0.180488 0.684608 0.181463 0.684608 0.182439 0.685552 0.183415 0.685552 0.18439 0.686497 0.187317 0.686497 0.188293 0.687441 0.190244 0.687441 0.19122 0.686497 0.192195 0.686497 0.193171 0.685552 0.194146 0.685552 0.195122 0.684608 0.195122 0.665722 0.194146 0.664778 0.194146 0.663834 0.190244 0.660057
0 0.674146 0.341832 0.67122 0.344665 0.67122 0.345609 0.670244 0.346553 0.67122 0.347498 0.67122 0.349386 0.672195 0.350331 0.672195 0.351275 0.682927 0.361662 0.682927 0.362606 0.684878 0.364495 0.684878 0.365439 0.685854 0.366383 0.685854 0.367328 0.689756 0.371105 0.689756 0.372049 0.691707 0.373938 0.692683 0.373938 0.693659 0.374882 0.694634 0.374882 0.697561 0.377715 0.697561 0.378659 0.700488 0.381492 0.703415 0.381492 0.70439 0.382436 0.705366 0.382436 0.706341 0.383381 0.708293 0.383381 0.709268 0.384325 0.711219 0.384325 0.712195 0.385269 0.713171 0.385269 0.714146 0.384325 0.715122 0.384325 0.716098 0.383381 0.716098 0.382436 0.717073 0.381492 0.717073 0.373938 0.713171 0.370161 0.706341 0.370161 0.705366 0.369216 0.70439 0.369216 0.703415 0.368272 0.703415 0.367328 0.69561 0.359773 0.69561 0.358829 0.689756 0.353163 0.689756 0.352219 0.68 0.342776 0.675122 0.342776
0 0.734634 0.00283286 0.734634 0.0188857 0.73561 0.0188857 0.736585 0.0179415 0.738537 0.0179415 0.742439 0.0141643 0.743415 0.0141643 0.74439 0.01322 0.748293 0.01322 0.749268 0.0122757 0.75122 0.0122757 0.754146 0.0151086 0.755122 0.0151086 0.757073 0.0169972 0.758049 0.0169972 0.759024 0.0179415 0.76 0.0179415 0.760976 0.0188857 0.761951 0.0188857 0.762927 0.01983 0.764878 0.01983 0.765854 0.0188857 0.766829 0.0188857 0.767805 0.0179415 0.76878 0.0179415 0.76878 0.00472144 0.766829 0.00283286
0 0.124878 0.0972616 0.124878 0.104816 0.125854 0.10576 0.125854 0.106704 0.126829 0.107649 0.126829 0.114259 0.127805 0.115203 0.127805 0.118036 0.12878 0.11898 0.12878 0.120869 0.129756 0.121813 0.129756 0.126534 0.130732 0.127479 0.129756 0.128423 0.129756 0.1322 0.12878 0.133144 0.12878 0.134089 0.129756 0.135033 0.129756 0.136922 0.130732 0.137866 0.130732 0.140699 0.131707 0.141643 0.131707 0.142587 0.138537 0.142587 0.138537 0.139754 0.139512 0.13881 0.139512 0.137866 0.142439 0.135033 0.143415 0.135033 0.14439 0.134089 0.145366 0.134089 0.145366 0.1322 0.14439 0.131256 0.143415 0.131256 0.142439 0.1322 0.139512 0.1322 0.138537 0.133144 0.137561 0.1322 0.136585 0.1322 0.134634 0.130312 0.134634 0.129367 0.133659 0.128423 0.133659 0.114259 0.134634 0.113314 0.134634 0.111426 0.13561 0.110482 0.13561 0.109537 0.136585 0.108593 0.136585 0.107649 0.13561 0.106704 0.13561 0.104816 0.134634 0.103872 0.134634 0.102927 0.133659 0.101983 0.133659 0.101039 0.132683 0.100094 0.132683 0.0991501 0.131707 0.0982059 0.131707 0.0972616
0 0.870244 0.451369 0.869268 0.452314 0.869268 0.459868 0.868293 0.460812 0.868293 0.461756 0.867317 0.462701 0.866341 0.462701 0.866341 0.490085 0.876098 0.490085 0.876098 0.451369
0 0.85561 0.0793201 0.85561 0.0934844 0.856585 0.0944287 0.856585 0.095373 0.857561 0.0963173 0.857561 0.0982059 0.858537 0.0991501 0.858537 0.100094 0.859512 0.101039 0.859512 0.107649 0.857561 0.109537 0.85561 0.109537 0.85561 0.11237 0.863415 0.11237 0.862439 0.111426 0.862439 0.110482 0.861463 0.109537 0.861463 0.108593 0.866341 0.103872 0.867317 0.103872 0.867317 0.101983 0.868293 0.101039 0.868293 0.0915958 0.87122 0.088763 0.872195 0.088763 0.873171 0.0878187 0.874146 0.0878187 0.877073 0.0906516 0.878049 0.0906516 0.879024 0.0915958 0.882927 0.0915958 0.882927 0.0868744 0.881951 0.0859301 0.881951 0.0840416 0.880976 0.0840416 0.88 0.0830973 0.879024 0.0830973 0.878049 0.082153 0.877073 0.082153 0.876098 0.0812087 0.875122 0.0812087 0.874146 0.0802644 0.866341 0.0802644 0.865366 0.0793201
1 0.444878 0.636449 0.444878 0.652502 0.446829 0.652502 0.447805 0.653447 0.452683 0.653447 0.453659 0.654391 0.454634 0.654391 0.45561 0.653447 0.457561 0.653447 0.461463 0.64967 0.461463 0.637394 0.460488 0.636449
1 0.612683 0.627007 0.612683 0.645892 0.613659 0.646837 0.614634 0.646837 0.61561 0.647781 0.616585 0.647781 0.617561 0.648725 0.619512 0.648725 0.620488 0.64967 0.625366 0.64967 0.626341 0.648725 0.630244 0.648725 0.63122 0.647781 0.634146 0.647781 0.635122 0.646837 0.64 0.646837 0.640976 0.645892 0.639024 0.644004 0.639024 0.643059 0.638049 0.642115 0.638049 0.632672 0.639024 0.631728 0.639024 0.630784 0.64 0.629839 0.640976 0.629839 0.641951 0.628895 0.642927 0.628895 0.643902 0.627951 0.644878 0.627951 0.644878 0.627007
0 0.877073 0.406043 0.873171 0.409821 0.873171 0.422096 0.874146 0.423041 0.874146 0.423985 0.875122 0.424929 0.875122 0.426818 0.878049 0.429651 0.879024 0.429651 0.88 0.430595 0.880976 0.430595 0.881951 0.431539 0.882927 0.431539 0.885854 0.434372 0.886829 0.434372 0.88878 0.436261 0.889756 0.436261 0.890732 0.437205 0.891707 0.437205 0.892683 0.438149 0.893659 0.438149 0.894634 0.439093 0.89561 0.439093 0.896585 0.440038 0.897561 0.440038 0.898537 0.440982 0.919024 0.440982 0.919024 0.440038 0.921951 0.437205 0.921951 0.436261 0.922927 0.435316 0.922927 0.419263 0.921951 0.419263 0.920976 0.420208 0.917073 0.420208 0.916098 0.421152 0.913171 0.421152 0.912195 0.422096 0.91122 0.422096 0.910244 0.423041 0.908293 0.423041 0.907317 0.423985 0.90439 0.423985 0.903415 0.424929 0.892683 0.424929 0.889756 0.422096 0.88878 0.422096 0.883902 0.417375 0.883902 0.416431 0.882927 0.415486 0.882927 0.411709 0.883902 0.410765 0.883902 0.406988 0.884878 0.406043
1 0.788293 0.721435 0.785366 0.724268 0.785366 0.725212 0.78439 0.726157 0.78439 0.743154 0.789268 0.743154 0.790244 0.744098 0.795122 0.744098 0.796098 0.745043 0.797073 0.744098 0.799024 0.744098 0.8 0.743154 0.800976 0.743154 0.801951 0.74221 0.802927 0.74221 0.804878 0.740321 0.804878 0.721435
0 0.525854 0.663834 0.524878 0.664778 0.523902 0.664778 0.522927 0.665722 0.521951 0.665722 0.52 0.667611 0.519024 0.667611 0.518049 0.668555 0.518049 0.6695 0.516098 0.671388 0.515122 0.671388 0.510244 0.67611 0.510244 0.677054 0.506341 0.680831 0.505366 0.680831 0.505366 0.681775 0.50439 0.68272 0.50439 0.683664 0.503415 0.684608 0.503415 0.685552 0.502439 0.686497 0.502439 0.687441 0.501463 0.688385 0.501463 0.693107 0.502439 0.694051 0.502439 0.69594 0.506341 0.699717 0.523902 0.699717 0.522927 0.699717 0.520976 0.697828 0.520976 0.696884 0.519024 0.694995 0.519024 0.694051 0.518049 0.693107 0.518049 0.692162 0.517073 0.691218 0.517073 0.688385 0.518049 0.687441 0.518049 0.685552 0.520976 0.68272 0.521951 0.68272 0.524878 0.679887 0.525854 0.679887 0.526829 0.680831 0.527805 0.680831 0.531707 0.684608 0.533659 0.684608 0.534634 0.683664 0.53561 0.683664 0.534634 0.68272 0.534634 0.681775 0.533659 0.680831 0.533659 0.667611 0.532683 0.666667 0.532683 0.665722 0.531707 0.664778 0.531707 0.663834
1 0.138537 0.884797 0.138537 0.890463 0.139512 0.891407 0.139512 0.893296 0.140488 0.89424 0.140488 0.896128 0.142439 0.898017 0.143415 0.898017 0.14439 0.898961 0.15122 0.898961 0.153171 0.897073 0.153171 0.884797
0 0.773659 0.182247 0.772683 0.183192 0.770732 0.183192 0.769756 0.184136 0.76878 0.184136 0.767805 0.18508 0.767805 0.186025 0.766829 0.186969 0.766829 0.189802 0.763902 0.192635 0.763902 0.193579 0.761951 0.195467 0.761951 0.197356 0.760976 0.1983 0.760976 0.199245 0.76 0.200189 0.76 0.201133 0.757073 0.203966 0.755122 0.203966 0.754146 0.20491 0.753171 0.20491 0.752195 0.205855 0.75122 0.205855 0.750244 0.206799 0.750244 0.217186 0.753171 0.217186 0.754146 0.216242 0.757073 0.216242 0.759024 0.214353 0.759024 0.213409 0.763902 0.208687 0.763902 0.207743 0.765854 0.205855 0.765854 0.20491 0.766829 0.203966 0.766829 0.202077 0.767805 0.201133 0.767805 0.199245 0.770732 0.196412 0.770732 0.195467 0.771707 0.194523 0.771707 0.193579 0.772683 0.192635 0.772683 0.19169 0.774634 0.189802 0.774634 0.187913 0.776585 0.186025 0.777561 0.186025 0.778537 0.18508 0.778537 0.182247
0 0.684878 0.882908 0.683902 0.883853 0.681951 0.883853 0.680976 0.884797 0.680976 0.885741 0.68 0.886686 0.68 0.892351 0.680976 0.893296 0.680976 0.89424 0.681951 0.895184 0.681951 0.896128 0.683902 0.898017 0.684878 0.898017 0.686829 0.899906 0.687805 0.899906 0.689756 0.901794 0.690732 0.901794 0.691707 0.902738 0.691707 0.904627 0.692683 0.905571 0.692683 0.90746 0.693659 0.908404 0.693659 0.91407 0.692683 0.915014 0.691707 0.91407 0.672195 0.91407 0.67122 0.915014 0.670244 0.915014 0.667317 0.917847 0.667317 0.918791 0.666341 0.919736 0.666341 0.92068 0.665366 0.921624 0.665366 0.932011 0.667317 0.9339 0.668293 0.9339 0.669268 0.934844 0.67122 0.934844 0.672195 0.935788 0.673171 0.935788 0.674146 0.936733 0.675122 0.936733 0.677073 0.938621 0.678049 0.938621 0.679024 0.939566 0.68 0.939566 0.684878 0.944287 0.700488 0.944287 0.711219 0.9339 0.711219 0.931067 0.712195 0.930123 0.712195 0.92729 0.711219 0.926346 0.711219 0.924457 0.710244 0.923513 0.710244 0.922568 0.709268 0.921624 0.709268 0.92068 0.708293 0.919736 0.708293 0.918791 0.707317 0.917847 0.707317 0.916903 0.706341 0.915958 0.706341 0.911237 0.707317 0.910293 0.707317 0.905571 0.708293 0.904627 0.708293 0.90085 0.709268 0.899906 0.709268 0.898017 0.710244 0.897073 0.710244 0.890463 0.709268 0.889518 0.708293 0.889518 0.707317 0.888574 0.706341 0.888574 0.705366 0.88763 0.70439 0.88763 0.703415 0.886686 0.700488 0.886686 0.699512 0.885741 0.697561 0.885741 0.696585 0.884797 0.694634 0.884797 0.693659 0.883853 0.691707 0.883853 0.690732 0.882908
0 0.776585 0.182247 0.77561 0.183192 0.774634 0.183192 0.773659 0.184136 0.771707 0.184136 0.770732 0.18508 0.769756 0.18508 0.767805 0.186969 0.767805 0.187913 0.766829 0.188857 0.766829 0.189802 0.765854 0.190746 0.765854 0.19169 0.764878 0.192635 0.763902 0.192635 0.763902 0.193579 0.761951 0.195467 0.761951 0.196412 0.760976 0.197356 0.760976 0.1983 0.76 0.199245 0.76 0.200189 0.759024 0.201133 0.759024 0.202077 0.757073 0.203966 0.754146 0.203966 0.753171 0.20491 0.752195 0.20491 0.75122 0.205855 0.748293 0.205855 0.747317 0.20491 0.74439 0.20491 0.741463 0.202077 0.740488 0.202077 0.739512 0.201133 0.732683 0.201133 0.732683 0.203022 0.73561 0.205855 0.73561 0.206799 0.736585 0.207743 0.736585 0.208687 0.737561 0.209632 0.737561 0.210576 0.738537 0.21152 0.740488 0.21152 0.741463 0.212465 0.743415 0.212465 0.746341 0.215297 0.747317 0.215297 0.748293 0.216242 0.753171 0.216242 0.754146 0.215297 0.757073 0.215297 0.76 0.212465 0.76 0.21152 0.760976 0.210576 0.761951 0.210576 0.764878 0.207743 0.764878 0.206799 0.765854 0.205855 0.765854 0.20491 0.766829 0.203966 0.766829 0.203022 0.767805 0.202077 0.767805 0.200189 0.770732 0.197356 0.770732 0.195467 0.771707 0.194523 0.771707 0.193579 0.772683 0.192635 0.772683 0.19169 0.774634 0.189802 0.774634 0.186969 0.776585 0.18508 0.777561 0.18508 0.778537 0.184136 0.778537 0.183192 0.777561 0.182247
0 0.874146 0.252125 0.87122 0.254957 0.87122 0.255902 0.869268 0.25779 0.869268 0.261568 0.870244 0.262512 0.870244 0.265345 0.873171 0.268178 0.874146 0.268178 0.875122 0.269122 0.878049 0.269122 0.879024 0.270066 0.885854 0.270066 0.886829 0.269122 0.88878 0.269122 0.889756 0.268178 0.891707 0.268178 0.892683 0.267233 0.893659 0.267233 0.893659 0.254013 0.892683 0.254957 0.891707 0.254957 0.890732 0.255902 0.889756 0.255902 0.886829 0.258735 0.884878 0.258735 0.883902 0.25779 0.88 0.25779
0 0.716098 0.410765 0.716098 0.411709 0.715122 0.412653 0.715122 0.413598 0.714146 0.414542 0.714146 0.415486 0.712195 0.417375 0.711219 0.417375 0.705366 0.423041 0.70439 0.423041 0.702439 0.424929 0.701463 0.424929 0.698537 0.427762 0.697561 0.427762 0.696585 0.428706 0.696585 0.429651 0.714146 0.429651 0.716098 0.427762 0.716098 0.426818 0.718049 0.424929 0.719024 0.424929 0.719024 0.423985 0.720976 0.422096 0.720976 0.421152 0.721951 0.420208 0.721951 0.410765
0 0.194146 0.186969 0.194146 0.187913 0.196098 0.189802 0.196098 0.192635 0.195122 0.193579 0.195122 0.195467 0.194146 0.196412 0.194146 0.202077 0.193171 0.203022 0.192195 0.203022 0.19122 0.203966 0.189268 0.203966 0.185366 0.207743 0.183415 0.207743 0.182439 0.208687 0.181463 0.208687 0.180488 0.209632 0.179512 0.209632 0.178537 0.210576 0.177561 0.210576 0.176585 0.21152 0.17561 0.21152 0.174634 0.212465 0.172683 0.212465 0.171707 0.213409 0.170732 0.213409 0.170732 0.22474 0.171707 0.223796 0.172683 0.223796 0.178537 0.21813 0.179512 0.21813 0.180488 0.217186 0.18439 0.217186 0.185366 0.216242 0.188293 0.216242 0.189268 0.215297 0.19122 0.215297 0.196098 0.210576 0.197073 0.210576 0.199024 0.208687 0.2 0.208687 0.2 0.206799 0.199024 0.205855 0.199024 0.203966 0.198049 0.203022 0.198049 0.199245 0.199024 0.1983 0.199024 0.196412 0.197073 0.194523 0.197073 0.192635 0.196098 0.19169 0.196098 0.189802 0.197073 0.188857 0.197073 0.187913 0.198049 0.186969
0 0.750244 0.481586 0.750244 0.483475 0.749268 0.484419 0.749268 0.493862 0.748293 0.494806 0.748293 0.500472 0.747317 0.501416 0.747317 0.504249 0.746341 0.505194 0.746341 0.506138 0.74439 0.508026 0.743415 0.508026 0.742439 0.508971 0.741463 0.508971 0.741463 0.525024 0.742439 0.525968 0.742439 0.527856 0.741463 0.528801 0.741463 0.556185 0.742439 0.557129 0.742439 0.558074 0.743415 0.559018 0.743415 0.559962 0.74439 0.560907 0.758049 0.560907 0.758049 0.481586
1 0.00097561 0.780925 0.00097561 0.798867 0.00780488 0.798867 0.00780488 0.780925
0 0.261463 0.199245 0.260488 0.200189 0.258537 0.200189 0.253659 0.20491 0.252683 0.20491 0.250732 0.206799 0.250732 0.217186 0.251707 0.21813 0.252683 0.21813 0.253659 0.219075 0.254634 0.219075 0.25561 0.220019 0.256585 0.220019 0.257561 0.220963 0.258537 0.220963 0.259512 0.221907 0.267317 0.221907 0.269268 0.220019 0.270244 0.220019 0.27122 0.219075 0.272195 0.219075 0.273171 0.21813 0.274146 0.21813 0.282927 0.209632 0.282927 0.203966 0.281951 0.203022 0.281951 0.202077 0.280976 0.202077 0.28 0.201133 0.279024 0.201133 0.278049 0.200189 0.277073 0.200189 0.276098 0.199245
0 0.127805 0.1983 0.126829 0.199245 0.124878 0.199245 0.124878 0.200189 0.123902 0.201133 0.123902 0.202077 0.122927 0.203022 0.122927 0.20491 0.127805 0.20491
0 0.359024 0.421152 0.359024 0.423041 0.358049 0.423985 0.358049 0.425873 0.357073 0.426818 0.357073 0.428706 0.356098 0.429651 0.356098 0.434372 0.355122 0.435316 0.355122 0.439093 0.354146 0.440038 0.355122 0.440038 0.356098 0.440982 0.358049 0.440982 0.359024 0.441926 0.36 0.441926 0.360976 0.442871 0.365854 0.442871 0.367805 0.440982 0.367805 0.421152
0 0.902439 0.664778 0.902439 0.678942 0.901463 0.679887 0.901463 0.683664 0.900488 0.684608 0.900488 0.688385 0.899512 0.68933 0.899512 0.691218 0.898537 0.692162 0.898537 0.694995 0.897561 0.69594 0.897561 0.698772 0.896585 0.699717 0.896585 0.701605 0.89561 0.70255 0.89561 0.707271 0.894634 0.708215 0.894634 0.711048 0.893659 0.711992 0.893659 0.712937 0.892683 0.713881 0.892683 0.714825 0.891707 0.71577 0.891707 0.716714 0.890732 0.717658 0.890732 0.718602 0.889756 0.719547 0.889756 0.720491 0.88878 0.721435 0.88878 0.725212 0.887805 0.726157 0.887805 0.730878 0.885854 0.732767 0.884878 0.732767 0.884878 0.746931 0.894634 0.746931 0.899512 0.74221 0.899512 0.740321 0.900488 0.739377 0.900488 0.738432 0.901463 0.737488 0.901463 0.736544 0.902439 0.7356 0.902439 0.734655 0.903415 0.733711 0.903415 0.72899 0.90439 0.728045 0.90439 0.714825 0.905366 0.713881 0.905366 0.711992 0.906341 0.711048 0.906341 0.710104 0.907317 0.70916 0.907317 0.707271 0.908293 0.706327 0.908293 0.704438 0.909268 0.703494 0.909268 0.664778
1 0.563902 0.110482 0.561951 0.11237 0.560976 0.11237 0.56 0.113314 0.559024 0.113314 0.558049 0.114259 0.557073 0.114259 0.554146 0.117092 0.554146 0.118036 0.553171 0.11898 0.553171 0.122757 0.556098 0.12559 0.565854 0.12559 0.567805 0.123702 0.56878 0.123702 0.569756 0.122757 0.569756 0.113314 0.56878 0.11237 0.567805 0.11237 0.566829 0.111426 0.564878 0.111426
1 0.520976 0.668555 0.515122 0.674221 0.514146 0.674221 0.508293 0.679887 0.507317 0.679887 0.50439 0.68272 0.50439 0.683664 0.503415 0.684608 0.503415 0.685552 0.502439 0.686497 0.502439 0.69594 0.503415 0.696884 0.503415 0.697828 0.50439 0.698772 0.505366 0.698772 0.506341 0.699717 0.507317 0.699717 0.508293 0.700661 0.509268 0.700661 0.51122 0.70255 0.512195 0.70255 0.513171 0.703494 0.514146 0.703494 0.516098 0.705382 0.517073 0.705382 0.518049 0.706327 0.526829 0.706327 0.526829 0.703494 0.527805 0.70255 0.525854 0.700661 0.524878 0.700661 0.52 0.69594 0.52 0.694051 0.519024 0.693107 0.519024 0.692162 0.518049 0.691218 0.518049 0.688385 0.519024 0.687441 0.519024 0.686497 0.521951 0.683664 0.522927 0.683664 0.524878 0.681775 0.525854 0.681775 0.529756 0.685552 0.530732 0.685552 0.531707 0.686497 0.537561 0.686497 0.537561 0.683664 0.53561 0.681775 0.53561 0.680831 0.534634 0.679887 0.534634 0.677054 0.533659 0.67611 0.533659 0.670444 0.532683 0.6695 0.532683 0.668555
0 0.553171 0.161473 0.553171 0.175637 0.554146 0.176582 0.554146 0.179415 0.555122 0.180359 0.555122 0.184136 0.556098 0.18508 0.556098 0.186025 0.559024 0.188857 0.559024 0.189802 0.564878 0.195467 0.565854 0.195467 0.566829 0.196412 0.567805 0.196412 0.56878 0.197356 0.571707 0.197356 0.572683 0.196412 0.573659 0.196412 0.574634 0.195467 0.57561 0.195467 0.577561 0.193579 0.577561 0.179415 0.576585 0.17847 0.576585 0.177526 0.57561 0.177526 0.573659 0.175637 0.573659 0.174693 0.572683 0.173749 0.572683 0.17186 0.571707 0.170916 0.571707 0.169027 0.570732 0.168083 0.570732 0.166195 0.569756 0.16525 0.569756 0.161473
0 0.814634 0.471199 0.813659 0.472144 0.813659 0.474032 0.812683 0.474976 0.812683 0.475921 0.811707 0.476865 0.811707 0.477809 0.80878 0.480642 0.80878 0.481586 0.806829 0.483475 0.806829 0.484419 0.805854 0.485364 0.805854 0.486308 0.802927 0.489141 0.801951 0.489141 0.801951 0.504249 0.804878 0.504249 0.80878 0.500472 0.80878 0.499528 0.809756 0.498584 0.809756 0.496695 0.810732 0.495751 0.810732 0.493862 0.811707 0.492918 0.811707 0.490085 0.812683 0.489141 0.812683 0.487252 0.81561 0.484419 0.81561 0.483475 0.816585 0.482531 0.816585 0.481586 0.817561 0.480642 0.817561 0.479698 0.818537 0.478754 0.818537 0.473088 0.819512 0.472144 0.819512 0.471199
1 0.357073 0.855524 0.357073 0.863078 0.358049 0.864023 0.359024 0.864023 0.36 0.864967 0.364878 0.864967 0.365854 0.864023 0.366829 0.864023 0.366829 0.855524
0 0.119024 0.222852 0.119024 0.223796 0.12 0.22474 0.12 0.230406 0.120976 0.23135 0.120976 0.236072 0.121951 0.237016 0.121951 0.240793 0.122927 0.241737 0.122927 0.245515 0.123902 0.246459 0.123902 0.249292 0.124878 0.250236 0.124878 0.252125 0.125854 0.253069 0.125854 0.255902 0.126829 0.256846 0.126829 0.261568 0.125854 0.262512 0.12878 0.262512 0.12878 0.222852
1 0.395122 0.0236072 0.395122 0.0434372 0.4 0.0481586 0.403902 0.0481586 0.404878 0.0472144 0.404878 0.0462701 0.407805 0.0434372 0.407805 0.0236072
1 0.337561 0.803588 0.337561 0.816808 0.338537 0.815864 0.339512 0.816808 0.350244 0.816808 0.352195 0.81492 0.352195 0.803588
0 0.154146 0.567517 0.153171 0.568461 0.153171 0.582625 0.152195 0.583569 0.152195 0.588291 0.153171 0.589235 0.153171 0.592068 0.154146 0.593012 0.154146 0.593957 0.155122 0.594901 0.155122 0.595845 0.156098 0.596789 0.156098 0.597734 0.158049 0.599622 0.16878 0.599622 0.169756 0.600567 0.170732 0.599622 0.172683 0.599622 0.173659 0.598678 0.176585 0.598678 0.177561 0.597734 0.178537 0.597734 0.180488 0.595845 0.181463 0.595845 0.182439 0.594901 0.182439 0.569405 0.182439 0.577904 0.181463 0.578848 0.181463 0.581681 0.180488 0.582625 0.180488 0.583569 0.179512 0.584514 0.178537 0.584514 0.177561 0.585458 0.17561 0.585458 0.174634 0.586402 0.171707 0.586402 0.170732 0.587347 0.169756 0.587347 0.16878 0.586402 0.166829 0.586402 0.164878 0.584514 0.164878 0.576959 0.163902 0.576015 0.163902 0.570349 0.162927 0.569405 0.162927 0.567517
1 0.694634 0.0812087 0.694634 0.082153 0.693659 0.0830973 0.693659 0.0849858 0.691707 0.0868744 0.691707 0.0878187 0.690732 0.088763 0.690732 0.0991501 0.69561 0.0991501 0.696585 0.0982059 0.697561 0.0982059 0.698537 0.0972616 0.699512 0.0972616 0.700488 0.0963173 0.701463 0.0963173 0.702439 0.095373 0.702439 0.0944287 0.703415 0.0934844 0.703415 0.0840416 0.702439 0.0830973 0.702439 0.0812087
1 0.270244 0.380548 0.270244 0.386213 0.277073 0.386213 0.277073 0.380548
0 0.549268 0.143532 0.547317 0.14542 0.547317 0.147309 0.546341 0.148253 0.546341 0.154863 0.545366 0.155807 0.545366 0.166195 0.546341 0.167139 0.546341 0.168083 0.550244 0.17186 0.557073 0.17186 0.556098 0.170916 0.556098 0.15203 0.558049 0.150142 0.558049 0.143532
1 0.811707 0.322946 0.810732 0.32389 0.809756 0.32389 0.809756 0.339943 0.810732 0.339943 0.811707 0.340888 0.812683 0.340888 0.813659 0.341832 0.814634 0.341832 0.81561 0.342776 0.818537 0.342776 0.819512 0.34372 0.829268 0.34372 0.830244 0.342776 0.831219 0.342776 0.832195 0.341832 0.833171 0.341832 0.836098 0.338999 0.836098 0.324835 0.834146 0.324835 0.833171 0.325779 0.832195 0.325779 0.829268 0.328612 0.822439 0.328612 0.821463 0.327668 0.821463 0.322946
0 0.550244 0.425873 0.549268 0.426818 0.549268 0.427762 0.531707 0.444759 0.530732 0.444759 0.52878 0.446648 0.527805 0.446648 0.524878 0.449481 0.523902 0.449481 0.520976 0.452314 0.520976 0.453258 0.52 0.454202 0.52 0.455146 0.519024 0.456091 0.519024 0.457035 0.518049 0.457979 0.518049 0.458924 0.515122 0.461756 0.515122 0.462701 0.514146 0.463645 0.514146 0.464589 0.513171 0.465534 0.513171 0.466478 0.509268 0.470255 0.509268 0.471199 0.505366 0.474976 0.502439 0.474976 0.501463 0.475921 0.491707 0.475921 0.491707 0.493862 0.492683 0.492918 0.493659 0.492918 0.494634 0.493862 0.49561 0.493862 0.498537 0.496695 0.498537 0.497639 0.499512 0.498584 0.499512 0.499528 0.499512 0.498584 0.500488 0.497639 0.500488 0.496695 0.501463 0.495751 0.502439 0.495751 0.503415 0.494806 0.506341 0.494806 0.507317 0.493862 0.507317 0.492918 0.513171 0.487252 0.513171 0.486308 0.516098 0.483475 0.516098 0.482531 0.52 0.478754 0.52 0.477809 0.522927 0.474976 0.522927 0.474032 0.523902 0.473088 0.523902 0.472144 0.532683 0.463645 0.533659 0.463645 0.53561 0.461756 0.536585 0.461756 0.540488 0.457979 0.541463 0.457979 0.542439 0.457035 0.543415 0.457035 0.54439 0.456091 0.545366 0.456091 0.546341 0.455146 0.547317 0.455146 0.549268 0.453258 0.550244 0.453258 0.557073 0.446648 0.557073 0.445704 0.564878 0.438149 0.565854 0.438149 0.567805 0.436261 0.567805 0.427762 0.566829 0.426818 0.565854 0.426818 0.564878 0.425873
0 0.948293 0.170916 0.948293 0.190746 0.949268 0.19169 0.949268 0.192635 0.950244 0.193579 0.950244 0.195467 0.951219 0.196412 0.951219 0.197356 0.953171 0.199245 0.953171 0.200189 0.954146 0.201133 0.954146 0.206799 0.953171 0.207743 0.953171 0.208687 0.952195 0.209632 0.952195 0.210576 0.951219 0.21152 0.949268 0.21152 0.948293 0.212465 0.948293 0.223796 0.949268 0.222852 0.951219 0.222852 0.956098 0.227573 0.956098 0.228517 0.958049 0.230406 0.959024 0.229462 0.96 0.229462 0.96 0.228517 0.960976 0.227573 0.960976 0.223796 0.961951 0.222852 0.961951 0.219075 0.960976 0.21813 0.960976 0.206799 0.961951 0.205855 0.961951 0.203966 0.962927 0.203022 0.962927 0.200189 0.963902 0.199245 0.963902 0.194523 0.962927 0.193579 0.962927 0.188857 0.961951 0.187913 0.961951 0.186969 0.960976 0.186025 0.960976 0.184136 0.96 0.183192 0.96 0.181303 0.959024 0.180359 0.959024 0.179415 0.958049 0.17847 0.958049 0.176582 0.957073 0.175637 0.957073 0.173749 0.956098 0.172805 0.956098 0.170916
0 0.585366 0.00661001 0.585366 0.0576015 0.588293 0.0576015 0.588293 0.0566572 0.589268 0.0557129 0.589268 0.0509915 0.592195 0.0481586 0.593171 0.0481586 0.594146 0.0472144 0.596098 0.0472144 0.596098 0.0462701 0.597073 0.0453258 0.597073 0.0443815 0.598049 0.0434372 0.598049 0.0415486 0.599024 0.0406043 0.599024 0.0311615 0.6 0.0302172 0.6 0.0226629 0.599024 0.0217186 0.599024 0.0188857 0.597073 0.0169972 0.590244 0.0169972 0.589268 0.0160529 0.587317 0.0160529 0.586341 0.0151086 0.588293 0.01322 0.588293 0.00849858 0.589268 0.0075543 0.590244 0.0075543 0.591219 0.00849858 0.591219 0.0113314 0.592195 0.0122757 0.593171 0.0122757 0.594146 0.01322 0.599024 0.01322 0.6 0.0122757 0.6 0.00661001
0 0.973659 0.0453258 0.972683 0.0462701 0.972683 0.0576015 0.978537 0.0576015 0.980488 0.0557129 0.981463 0.0557129 0.982439 0.0547686 0.983415 0.0547686 0.98439 0.0538244 0.986341 0.0538244 0.987317 0.0528801 0.989268 0.0528801 0.990244 0.0519358 0.99122 0.0519358 0.99122 0.0453258
0 0.0390244 0.77526 0.0380488 0.776204 0.0370732 0.776204 0.035122 0.778093 0.0312195 0.778093 0.0302439 0.779037 0.0282927 0.779037 0.0282927 0.79509 0.0302439 0.796978 0.0312195 0.796978 0.0321951 0.797923 0.0331707 0.797923 0.0341463 0.798867 0.0604878 0.798867 0.0595122 0.798867 0.057561 0.796978 0.0595122 0.79509 0.0604878 0.79509 0.0614634 0.794145 0.0614634 0.793201 0.062439 0.792257 0.062439 0.77526
0 0.0995122 0.683664 0.0985366 0.684608 0.097561 0.684608 0.0936585 0.688385 0.0936585 0.68933 0.0926829 0.690274 0.0926829 0.691218 0.0917073 0.692162 0.0917073 0.706327 0.0907317 0.707271 0.0907317 0.710104 0.0897561 0.711048 0.0897561 0.714825 0.0887805 0.71577 0.0887805 0.716714 0.0878049 0.717658 0.0878049 0.719547 0.0868293 0.720491 0.0868293 0.721435 0.0858537 0.72238 0.0858537 0.723324 0.084878 0.724268 0.084878 0.725212 0.0839024 0.726157 0.0839024 0.727101 0.0819512 0.72899 0.0819512 0.729934 0.08 0.731822 0.08 0.732767 0.0702439 0.74221 0.0692683 0.74221 0.0682927 0.743154 0.0673171 0.743154 0.0663415 0.744098 0.0653659 0.744098 0.0643902 0.745043 0.062439 0.745043 0.0604878 0.746931 0.0604878 0.747875 0.0595122 0.74882 0.0595122 0.749764 0.0585366 0.750708 0.0585366 0.752597 0.057561 0.753541 0.057561 0.758263 0.0565854 0.759207 0.0565854 0.767705 0.0556098 0.76865 0.0556098 0.770538 0.0546341 0.771483 0.0546341 0.773371 0.0536585 0.774315 0.0536585 0.77526 0.0526829 0.776204 0.0526829 0.778093 0.0546341 0.778093 0.0556098 0.779037 0.057561 0.779037 0.0585366 0.779981 0.0643902 0.779981 0.0653659 0.779037 0.0682927 0.779037 0.0692683 0.779981 0.0721951 0.779981 0.0731707 0.780925 0.075122 0.779037 0.075122 0.774315 0.0741463 0.773371 0.0741463 0.76865 0.075122 0.767705 0.075122 0.764873 0.0760976 0.763928 0.0760976 0.762984 0.0770732 0.76204 0.0770732 0.761095 0.0780488 0.760151 0.0780488 0.759207 0.0790244 0.758263 0.0790244 0.757318 0.08 0.756374 0.08 0.75543 0.0809756 0.754485 0.0809756 0.753541 0.0829268 0.751652 0.0829268 0.750708 0.0868293 0.746931 0.0868293 0.745987 0.0926829 0.740321 0.0936585 0.740321 0.0956098 0.738432 0.0956098 0.737488 0.0965854 0.736544 0.097561 0.736544 0.100488 0.733711 0.100488 0.732767 0.102439 0.730878 0.102439 0.729934 0.10439 0.728045 0.10439 0.687441 0.103415 0.686497 0.102439 0.686497
0 0.116098 0.294618 0.116098 0.303116 0.117073 0.30406 0.117073 0.306893 0.118049 0.307838 0.118049 0.309726 0.119024 0.31067 0.119024 0.312559 0.120976 0.314448 0.120976 0.315392 0.122927 0.31728 0.122927 0.319169 0.123902 0.320113 0.123902 0.322002 0.124878 0.322946 0.124878 0.32389 0.125854 0.324835 0.125854 0.325779 0.126829 0.326723 0.133659 0.326723 0.133659 0.32389 0.132683 0.322946 0.132683 0.321058 0.129756 0.318225 0.129756 0.31728 0.12878 0.316336 0.12878 0.314448 0.127805 0.313503 0.127805 0.312559 0.126829 0.311615 0.126829 0.31067 0.124878 0.308782 0.124878 0.307838 0.123902 0.306893 0.123902 0.305005 0.122927 0.30406 0.122927 0.300283 0.123902 0.299339 0.123902 0.294618
1 0.409756 0.445704 0.409756 0.461756 0.410732 0.461756 0.411707 0.460812 0.419512 0.460812 0.420488 0.461756 0.422439 0.461756 0.423415 0.460812 0.423415 0.450425 0.419512 0.446648 0.419512 0.445704
1 0.662439 0.31728 0.662439 0.319169 0.663415 0.319169 0.66439 0.320113 0.665366 0.320113 0.666341 0.321058 0.666341 0.326723 0.665366 0.327668 0.665366 0.335222 0.676098 0.335222 0.677073 0.334278 0.677073 0.31728
1 0.0107317 0.857413 0.0097561 0.858357 0.00878049 0.858357 0.00878049 0.876298 0.022439 0.876298 0.022439 0.875354 0.0234146 0.87441 0.0234146 0.873466 0.0243902 0.872521 0.0243902 0.871577 0.0253659 0.870633 0.0253659 0.857413
0 0.694634 0.0812087 0.693659 0.082153 0.693659 0.0840416 0.692683 0.0849858 0.692683 0.0859301 0.690732 0.0878187 0.690732 0.088763 0.689756 0.0897073 0.689756 0.0906516 0.686829 0.0934844 0.686829 0.100094 0.692683 0.100094 0.693659 0.0991501 0.694634 0.0991501 0.69561 0.0982059 0.696585 0.0982059 0.699512 0.095373 0.699512 0.0812087
0 0.140488 0.644948 0.136585 0.648725 0.13561 0.648725 0.133659 0.650614 0.132683 0.650614 0.131707 0.651558 0.130732 0.651558 0.129756 0.652502 0.12878 0.652502 0.127805 0.653447 0.126829 0.653447 0.125854 0.654391 0.119024 0.654391 0.118049 0.655335 0.110244 0.655335 0.109268 0.65628 0.10439 0.65628 0.103415 0.657224 0.101463 0.657224 0.100488 0.658168 0.0995122 0.658168 0.097561 0.660057 0.0965854 0.660057 0.0926829 0.663834 0.0917073 0.663834 0.0897561 0.665722 0.0897561 0.667611 0.0887805 0.668555 0.0887805 0.6695 0.0878049 0.670444 0.0878049 0.672332 0.0868293 0.673277 0.0868293 0.675165 0.084878 0.677054 0.0858537 0.677998 0.0868293 0.677998 0.0878049 0.677054 0.0887805 0.677054 0.0907317 0.675165 0.0946341 0.675165 0.0956098 0.674221 0.0995122 0.674221 0.103415 0.670444 0.105366 0.670444 0.106341 0.6695 0.109268 0.6695 0.110244 0.668555 0.121951 0.668555 0.122927 0.6695 0.126829 0.6695 0.127805 0.668555 0.130732 0.668555 0.131707 0.667611 0.133659 0.667611 0.134634 0.668555 0.138537 0.668555 0.139512 0.667611 0.140488 0.667611 0.141463 0.666667 0.142439 0.666667 0.143415 0.665722 0.14439 0.665722 0.145366 0.664778 0.146341 0.664778 0.147317 0.663834 0.147317 0.66289 0.148293 0.661945 0.148293 0.659112 0.150244 0.657224 0.150244 0.65628 0.15122 0.655335 0.152195 0.655335 0.156098 0.651558 0.156098 0.650614 0.157073 0.64967 0.157073 0.644948
1 0.841951 0.207743 0.841951 0.212465 0.845854 0.216242 0.851707 0.216242 0.851707 0.207743
1 0.739512 0.347498 0.739512 0.370161 0.755122 0.370161 0.757073 0.368272 0.758049 0.368272 0.76 0.366383 0.760976 0.366383 0.761951 0.365439 0.761951 0.364495 0.762927 0.363551 0.762927 0.362606 0.764878 0.360718 0.764878 0.359773 0.765854 0.358829 0.765854 0.348442 0.764878 0.347498
0 0.0595122 0.636449 0.0595122 0.65628 0.0604878 0.657224 0.0604878 0.658168 0.062439 0.660057 0.0634146 0.660057 0.0712195 0.667611 0.0712195 0.668555 0.0721951 0.6695 0.0721951 0.670444 0.0731707 0.671388 0.0731707 0.677998 0.0682927 0.68272 0.0673171 0.68272 0.0663415 0.683664 0.0653659 0.683664 0.0653659 0.684608 0.0673171 0.686497 0.0780488 0.686497 0.0790244 0.687441 0.0839024 0.687441 0.084878 0.686497 0.0868293 0.686497 0.0897561 0.68933 0.0897561 0.690274 0.0907317 0.691218 0.0907317 0.692162 0.0917073 0.693107 0.0917073 0.694051 0.0926829 0.694995 0.0926829 0.706327 0.0917073 0.707271 0.0917073 0.711048 0.0907317 0.711992 0.0907317 0.714825 0.0897561 0.71577 0.0897561 0.716714 0.0887805 0.717658 0.0887805 0.719547 0.0878049 0.720491 0.0878049 0.721435 0.0868293 0.72238 0.0868293 0.724268 0.0858537 0.725212 0.0858537 0.727101 0.084878 0.728045 0.084878 0.72899 0.0839024 0.729934 0.0839024 0.730878 0.0819512 0.732767 0.0819512 0.733711 0.08 0.7356 0.0790244 0.7356 0.075122 0.739377 0.075122 0.740321 0.0741463 0.741265 0.0731707 0.741265 0.0712195 0.743154 0.0702439 0.743154 0.0682927 0.745043 0.0663415 0.745043 0.0653659 0.745987 0.0614634 0.745987 0.0604878 0.746931 0.0604878 0.747875 0.0839024 0.747875 0.0917073 0.740321 0.0926829 0.740321 0.0936585 0.739377 0.0946341 0.739377 0.0956098 0.738432 0.0965854 0.738432 0.0985366 0.736544 0.0995122 0.736544 0.0995122 0.7356 0.101463 0.733711 0.101463 0.732767 0.103415 0.730878 0.103415 0.729934 0.105366 0.728045 0.105366 0.726157 0.106341 0.725212 0.106341 0.724268 0.107317 0.723324 0.107317 0.721435 0.108293 0.720491 0.108293 0.716714 0.109268 0.71577 0.109268 0.711048 0.110244 0.710104 0.110244 0.690274 0.109268 0.68933 0.109268 0.686497 0.107317 0.684608 0.106341 0.684608 0.100488 0.678942 0.100488 0.677998 0.0995122 0.677054 0.0995122 0.674221 0.0985366 0.673277 0.0985366 0.672332 0.097561 0.671388 0.0985366 0.670444 0.0985366 0.668555 0.101463 0.665722 0.113171 0.665722 0.114146 0.666667 0.119024 0.666667 0.119024 0.654391 0.118049 0.654391 0.117073 0.655335 0.115122 0.655335 0.114146 0.65628 0.113171 0.65628 0.112195 0.657224 0.109268 0.657224 0.108293 0.658168 0.107317 0.658168 0.106341 0.659112 0.10439 0.659112 0.10439 0.660057 0.0995122 0.664778 0.0956098 0.661001 0.0946341 0.661001 0.0936585 0.660057 0.0897561 0.660057 0.0887805 0.661001 0.0858537 0.661001 0.0829268 0.658168 0.0819512 0.658168 0.0809756 0.657224 0.08 0.657224 0.0790244 0.65628 0.0790244 0.655335 0.0780488 0.654391 0.0780488 0.653447 0.0770732 0.652502 0.0770732 0.651558 0.0760976 0.650614 0.0760976 0.64967 0.075122 0.648725 0.075122 0.647781 0.0741463 0.646837 0.0741463 0.644948 0.0731707 0.644004 0.0731707 0.642115 0.0712195 0.640227 0.0712195 0.639282 0.0721951 0.638338 0.0721951 0.637394 0.0731707 0.636449
0 0.893659 0.624174 0.869268 0.647781 0.868293 0.647781 0.865366 0.650614 0.86439 0.650614 0.857561 0.657224 0.857561 0.658168 0.851707 0.663834 0.851707 0.664778 0.847805 0.668555 0.846829 0.668555 0.840976 0.674221 0.84 0.674221 0.838049 0.67611 0.837073 0.67611 0.836098 0.677054 0.835122 0.677054 0.834146 0.677998 0.832195 0.677998 0.832195 0.696884 0.833171 0.697828 0.833171 0.703494 0.834146 0.704438 0.834146 0.711048 0.835122 0.711992 0.835122 0.71577 0.838049 0.718602 0.839024 0.718602 0.840976 0.720491 0.841951 0.720491 0.843902 0.718602 0.844878 0.718602 0.845854 0.717658 0.846829 0.717658 0.847805 0.716714 0.847805 0.714825 0.848781 0.713881 0.848781 0.712937 0.849756 0.711992 0.849756 0.710104 0.850732 0.70916 0.850732 0.705382 0.851707 0.704438 0.851707 0.697828 0.852683 0.696884 0.852683 0.69594 0.851707 0.694995 0.851707 0.68933 0.852683 0.688385 0.852683 0.687441 0.853659 0.686497 0.853659 0.685552 0.857561 0.681775 0.858537 0.681775 0.862439 0.677998 0.863415 0.677998 0.86439 0.677054 0.866341 0.677054 0.868293 0.675165 0.869268 0.675165 0.870244 0.674221 0.870244 0.673277 0.87122 0.672332 0.87122 0.671388 0.872195 0.670444 0.872195 0.668555 0.873171 0.667611 0.873171 0.665722 0.874146 0.664778 0.874146 0.663834 0.875122 0.66289 0.875122 0.661945 0.876098 0.661001 0.876098 0.660057 0.881951 0.654391 0.881951 0.653447 0.885854 0.64967 0.886829 0.64967 0.890732 0.645892 0.890732 0.644948 0.89561 0.640227 0.89561 0.639282 0.896585 0.638338 0.896585 0.624174
1 0.636098 0.408876 0.637073 0.409821 0.637073 0.411709 0.638049 0.412653 0.638049 0.414542 0.639024 0.415486 0.639024 0.422096 0.638049 0.423041 0.638049 0.423985 0.637073 0.424929 0.637073 0.428706 0.639024 0.430595 0.64 0.430595 0.640976 0.431539 0.641951 0.431539 0.643902 0.429651 0.644878 0.429651 0.645854 0.428706 0.645854 0.408876
0 0.397073 0.114259 0.397073 0.115203 0.398049 0.116147 0.398049 0.118036 0.399024 0.11898 0.399024 0.126534 0.398049 0.127479 0.398049 0.128423 0.396098 0.130312 0.395122 0.130312 0.395122 0.144476 0.396098 0.14542 0.396098 0.146364 0.398049 0.146364 0.399024 0.147309 0.401951 0.147309 0.402927 0.148253 0.404878 0.146364 0.404878 0.144476 0.405854 0.143532 0.405854 0.114259
1 0.533659 0.209632 0.533659 0.217186 0.534634 0.21813 0.53561 0.21813 0.536585 0.219075 0.540488 0.219075 0.541463 0.220019 0.541463 0.209632
0 0.29561 0.113314 0.293659 0.115203 0.293659 0.117092 0.292683 0.118036 0.292683 0.119924 0.291707 0.120869 0.291707 0.121813 0.292683 0.122757 0.297561 0.122757 0.298537 0.121813 0.300488 0.121813 0.300488 0.120869 0.301463 0.119924 0.301463 0.11898 0.302439 0.118036 0.302439 0.113314
0 0.229268 0.0538244 0.229268 0.0679887 0.230244 0.068933 0.230244 0.0698772 0.232195 0.0717658 0.232195 0.0736544 0.233171 0.0745987 0.233171 0.075543 0.234146 0.075543 0.235122 0.0764873 0.242927 0.0764873 0.242927 0.0727101 0.241951 0.0717658 0.242927 0.0708215 0.242927 0.0679887 0.243902 0.0670444 0.243902 0.0651558 0.245854 0.0632672 0.245854 0.0623229 0.246829 0.0613787 0.246829 0.0538244
0 0.479024 0.0443815 0.479024 0.0538244 0.48 0.0547686 0.48 0.0557129 0.480976 0.0566572 0.481951 0.0566572 0.482927 0.0576015 0.483902 0.0576015 0.484878 0.0585458 0.490732 0.0585458 0.490732 0.0443815
1 0.447805 0.504249 0.446829 0.505194 0.445854 0.505194 0.444878 0.506138 0.443902 0.506138 0.441951 0.508026 0.440976 0.508026 0.44 0.508971 0.44 0.520302 0.441951 0.522191 0.442927 0.522191 0.443902 0.523135 0.444878 0.523135 0.445854 0.524079 0.450732 0.524079 0.451707 0.523135 0.45561 0.523135 0.456585 0.524079 0.458537 0.524079 0.459512 0.525024 0.459512 0.504249
0 0.68 0.881964 0.679024 0.882908 0.678049 0.882908 0.677073 0.883853 0.677073 0.890463 0.678049 0.891407 0.678049 0.892351 0.679024 0.893296 0.679024 0.89424 0.681951 0.897073 0.682927 0.897073 0.683902 0.898017 0.684878 0.898017 0.685854 0.898961 0.686829 0.898961 0.687805 0.899906 0.68878 0.899906 0.689756 0.90085 0.690732 0.90085 0.693659 0.903683 0.693659 0.904627 0.694634 0.905571 0.694634 0.90746 0.69561 0.908404 0.69561 0.910293 0.699512 0.91407 0.700488 0.913126 0.702439 0.913126 0.703415 0.912181 0.70439 0.912181 0.705366 0.911237 0.705366 0.910293 0.706341 0.909348 0.706341 0.886686 0.70439 0.886686 0.703415 0.885741 0.701463 0.885741 0.700488 0.884797 0.698537 0.884797 0.697561 0.883853 0.69561 0.883853 0.694634 0.882908 0.691707 0.882908 0.690732 0.881964
0 0.0234146 0.0613787 0.0234146 0.0764873 0.0243902 0.0774315 0.0243902 0.0783758 0.0253659 0.0793201 0.0253659 0.0802644 0.0263415 0.0812087 0.0263415 0.082153 0.0302439 0.0859301 0.0312195 0.0859301 0.0321951 0.0868744 0.0341463 0.0868744 0.0341463 0.0613787
1 0.127805 0.607177 0.127805 0.608121 0.125854 0.610009 0.125854 0.620397 0.146341 0.620397 0.147317 0.619452 0.148293 0.619452 0.150244 0.617564 0.15122 0.617564 0.152195 0.616619 0.153171 0.616619 0.154146 0.615675 0.156098 0.615675 0.156098 0.614731 0.154146 0.612842 0.154146 0.611898 0.15122 0.609065 0.150244 0.609065 0.149268 0.608121 0.148293 0.608121 0.147317 0.607177
1 0.608781 0.618508 0.608781 0.641171 0.610732 0.643059 0.610732 0.644004 0.612683 0.645892 0.613659 0.645892 0.61561 0.647781 0.617561 0.647781 0.618537 0.648725 0.626341 0.648725 0.627317 0.647781 0.629268 0.647781 0.630244 0.646837 0.63122 0.646837 0.632195 0.645892 0.633171 0.645892 0.633171 0.644948 0.635122 0.643059 0.635122 0.642115 0.636098 0.641171 0.636098 0.634561 0.637073 0.633617 0.637073 0.632672 0.638049 0.631728 0.638049 0.630784 0.64 0.628895 0.64 0.618508
1 0.0868293 0.270066 0.0868293 0.282342 0.0917073 0.287063 0.0926829 0.287063 0.0936585 0.288008 0.0946341 0.288008 0.0956098 0.287063 0.0995122 0.287063 0.101463 0.285175 0.101463 0.27762 0.100488 0.276676 0.100488 0.270066
1 0.612683 0.186025 0.612683 0.223796 0.63122 0.223796 0.632195 0.222852 0.633171 0.222852 0.634146 0.221907 0.635122 0.221907 0.636098 0.220963 0.636098 0.220019 0.641951 0.214353 0.641951 0.213409 0.643902 0.21152 0.643902 0.210576 0.645854 0.208687 0.645854 0.186025 0.637073 0.186025 0.637073 0.188857 0.636098 0.189802 0.636098 0.197356 0.634146 0.199245 0.634146 0.200189 0.633171 0.201133 0.633171 0.202077 0.632195 0.203022 0.632195 0.203966 0.630244 0.205855 0.630244 0.206799 0.629268 0.207743 0.629268 0.208687 0.628293 0.209632 0.62439 0.209632 0.623415 0.210576 0.621463 0.210576 0.620488 0.209632 0.619512 0.209632 0.618537 0.208687 0.618537 0.203966 0.617561 0.203022 0.617561 0.202077 0.616585 0.201133 0.616585 0.200189 0.614634 0.1983 0.614634 0.197356 0.613659 0.196412 0.614634 0.195467 0.614634 0.193579 0.61561 0.192635 0.61561 0.19169 0.620488 0.186969 0.620488 0.186025
1 0.442927 0.0915958 0.442927 0.095373 0.441951 0.0963173 0.441951 0.0972616 0.440976 0.0982059 0.440976 0.103872 0.445854 0.103872 0.446829 0.102927 0.44878 0.102927 0.449756 0.101983 0.450732 0.101983 0.450732 0.0915958
0 0.781463 0.839471 0.781463 0.840415 0.780488 0.84136 0.780488 0.843248 0.779512 0.844193 0.779512 0.845137 0.772683 0.851747 0.771707 0.851747 0.76878 0.85458 0.76878 0.855524 0.764878 0.859301 0.764878 0.862134 0.763902 0.863078 0.763902 0.866856 0.765854 0.868744 0.765854 0.869688 0.770732 0.87441 0.772683 0.87441 0.773659 0.875354 0.774634 0.875354 0.776585 0.877243 0.776585 0.884797 0.776585 0.877243 0.777561 0.876298 0.777561 0.872521 0.778537 0.871577 0.778537 0.865911 0.779512 0.864967 0.779512 0.863078 0.780488 0.862134 0.780488 0.860246 0.781463 0.859301 0.781463 0.858357 0.783415 0.856468 0.788293 0.86119 0.788293 0.862134 0.792195 0.865911 0.792195 0.8678 0.792195 0.839471
0 0.324878 0.400378 0.317073 0.407932 0.317073 0.408876 0.316098 0.409821 0.316098 0.410765 0.315122 0.411709 0.315122 0.414542 0.314146 0.415486 0.314146 0.417375 0.312195 0.419263 0.312195 0.420208 0.31122 0.421152 0.31122 0.422096 0.309268 0.423985 0.309268 0.424929 0.308293 0.425873 0.308293 0.426818 0.300488 0.434372 0.299512 0.434372 0.296585 0.437205 0.29561 0.437205 0.293659 0.439093 0.292683 0.439093 0.289756 0.441926 0.28878 0.441926 0.286829 0.443815 0.285854 0.443815 0.284878 0.444759 0.284878 0.445704 0.279024 0.451369 0.279024 0.452314 0.276098 0.455146 0.276098 0.456091 0.270244 0.461756 0.270244 0.462701 0.267317 0.465534 0.267317 0.466478 0.265366 0.468366 0.265366 0.491029 0.266341 0.491029 0.267317 0.491974 0.270244 0.489141 0.270244 0.488196 0.272195 0.486308 0.272195 0.484419 0.273171 0.483475 0.273171 0.481586 0.274146 0.480642 0.274146 0.478754 0.275122 0.477809 0.275122 0.475921 0.276098 0.474976 0.276098 0.473088 0.277073 0.472144 0.277073 0.471199 0.278049 0.470255 0.278049 0.469311 0.282927 0.464589 0.283902 0.464589 0.286829 0.461756 0.287805 0.461756 0.28878 0.460812 0.290732 0.460812 0.291707 0.459868 0.292683 0.459868 0.293659 0.458924 0.294634 0.458924 0.297561 0.456091 0.298537 0.456091 0.299512 0.455146 0.300488 0.455146 0.303415 0.452314 0.30439 0.452314 0.305366 0.451369 0.305366 0.450425 0.307317 0.448536 0.307317 0.447592 0.308293 0.446648 0.308293 0.445704 0.310244 0.443815 0.310244 0.442871 0.31122 0.441926 0.31122 0.440982 0.313171 0.439093 0.314146 0.439093 0.316098 0.437205 0.316098 0.435316 0.317073 0.434372 0.317073 0.433428 0.319024 0.431539 0.32 0.431539 0.321951 0.429651 0.321951 0.428706 0.322927 0.427762 0.322927 0.426818 0.323902 0.425873 0.323902 0.423041 0.324878 0.422096
1 0.593171 0.254957 0.591219 0.256846 0.591219 0.25779 0.589268 0.259679 0.589268 0.261568 0.588293 0.262512 0.588293 0.271955 0.589268 0.272899 0.592195 0.272899 0.593171 0.273843 0.596098 0.273843 0.597073 0.272899 0.598049 0.272899 0.599024 0.271955 0.6 0.271955 0.600976 0.27101 0.601951 0.27101 0.602927 0.270066 0.602927 0.269122 0.603902 0.268178 0.603902 0.254957
0 0.446829 0.101039 0.446829 0.116147 0.447805 0.115203 0.44878 0.116147 0.450732 0.116147 0.451707 0.117092 0.45561 0.117092 0.456585 0.116147 0.457561 0.116147 0.458537 0.115203 0.459512 0.115203 0.460488 0.114259 0.460488 0.101039
0 0.11122 0.146364 0.110244 0.147309 0.110244 0.152975 0.109268 0.153919 0.109268 0.179415 0.110244 0.180359 0.118049 0.180359 0.118049 0.17847 0.119024 0.177526 0.119024 0.146364
1 0.222439 0.88102 0.222439 0.895184 0.225366 0.895184 0.226341 0.896128 0.235122 0.896128 0.236098 0.895184 0.236098 0.88102
0 0.0878049 0.576015 0.0878049 0.598678 0.0887805 0.599622 0.0887805 0.600567 0.0897561 0.601511 0.0897561 0.607177 0.0907317 0.608121 0.0907317 0.609065 0.0917073 0.610009 0.0926829 0.610009 0.0946341 0.611898 0.0956098 0.611898 0.0985366 0.614731 0.101463 0.614731 0.102439 0.613787 0.105366 0.613787 0.106341 0.612842 0.106341 0.576959 0.105366 0.576015
1 0.769756 0.32389 0.767805 0.325779 0.767805 0.336166 0.76878 0.33711 0.770732 0.33711 0.771707 0.336166 0.773659 0.336166 0.774634 0.335222 0.77561 0.335222 0.776585 0.334278 0.776585 0.32389
1 0.42439 0.573182 0.42439 0.588291 0.428293 0.588291 0.429268 0.587347 0.433171 0.587347 0.434146 0.586402 0.435122 0.586402 0.437073 0.584514 0.437073 0.573182
1 0.251707 0.924457 0.250732 0.925401 0.250732 0.941454 0.25561 0.941454 0.25561 0.94051 0.259512 0.936733 0.260488 0.936733 0.261463 0.935788 0.263415 0.935788 0.26439 0.934844 0.265366 0.934844 0.265366 0.924457
0 0.614634 0.341832 0.614634 0.350331 0.618537 0.354108 0.619512 0.354108 0.621463 0.355996 0.622439 0.355996 0.623415 0.356941 0.62439 0.356941 0.625366 0.357885 0.627317 0.357885 0.628293 0.358829 0.628293 0.359773 0.629268 0.359773 0.630244 0.360718 0.632195 0.360718 0.633171 0.361662 0.634146 0.361662 0.636098 0.363551 0.636098 0.364495 0.637073 0.365439 0.637073 0.367328 0.64 0.370161 0.641951 0.370161 0.643902 0.368272 0.643902 0.350331 0.639024 0.345609 0.638049 0.345609 0.637073 0.344665 0.636098 0.344665 0.635122 0.34372 0.63122 0.34372 0.630244 0.342776 0.628293 0.342776 0.627317 0.341832
0 0.529756 0.898961 0.529756 0.903683 0.531707 0.905571 0.532683 0.905571 0.533659 0.906516 0.534634 0.906516 0.53561 0.90746 0.536585 0.90746 0.537561 0.908404 0.538537 0.908404 0.539512 0.909348 0.539512 0.910293 0.541463 0.912181 0.542439 0.912181 0.545366 0.915014 0.545366 0.917847 0.546341 0.918791 0.546341 0.922568 0.545366 0.923513 0.545366 0.926346 0.54439 0.92729 0.54439 0.928234 0.543415 0.929178 0.543415 0.930123 0.542439 0.931067 0.542439 0.932011 0.541463 0.932956 0.541463 0.9339 0.540488 0.934844 0.540488 0.935788 0.537561 0.938621 0.533659 0.938621 0.532683 0.939566 0.530732 0.939566 0.529756 0.94051 0.529756 0.941454 0.530732 0.942398 0.530732 0.945231 0.531707 0.946176 0.531707 0.94712 0.533659 0.949009 0.533659 0.949953 0.53561 0.951841 0.53561 0.956563 0.548293 0.956563 0.549268 0.955619 0.549268 0.954674 0.555122 0.949009 0.555122 0.910293 0.554146 0.909348 0.554146 0.90746 0.552195 0.905571 0.552195 0.904627 0.55122 0.904627 0.548293 0.901794 0.548293 0.90085 0.546341 0.898961
0 0.242927 0.890463 0.242927 0.910293 0.24878 0.915958 0.249756 0.915958 0.253659 0.919736 0.25561 0.919736 0.256585 0.92068 0.257561 0.92068 0.259512 0.922568 0.261463 0.922568 0.263415 0.92068 0.263415 0.919736 0.265366 0.917847 0.265366 0.913126 0.26439 0.912181 0.26439 0.911237 0.259512 0.906516 0.259512 0.904627 0.258537 0.903683 0.258537 0.90085 0.257561 0.899906 0.257561 0.890463
1 0.942439 0.249292 0.942439 0.250236 0.941463 0.25118 0.941463 0.253069 0.940488 0.254013 0.940488 0.256846 0.939512 0.25779 0.939512 0.259679 0.940488 0.260623 0.940488 0.261568 0.942439 0.263456 0.943415 0.263456 0.94439 0.2644 0.945366 0.2644 0.946341 0.263456 0.948293 0.263456 0.949268 0.262512 0.950244 0.262512 0.951219 0.261568 0.952195 0.261568 0.952195 0.249292
0 0.84 0.246459 0.84 0.247403 0.839024 0.248347 0.839024 0.261568 0.84 0.260623 0.841951 0.260623 0.842927 0.261568 0.844878 0.261568 0.845854 0.262512 0.849756 0.262512 0.850732 0.263456 0.85561 0.263456 0.857561 0.261568 0.858537 0.261568 0.859512 0.260623 0.860488 0.260623 0.861463 0.259679 0.861463 0.248347 0.859512 0.246459
1 0.196098 0.653447 0.196098 0.661945 0.206829 0.661945 0.206829 0.653447
1 0.873171 0.315392 0.873171 0.319169 0.872195 0.320113 0.872195 0.321058 0.873171 0.321058 0.874146 0.322002 0.874146 0.322946 0.878049 0.326723 0.882927 0.326723 0.883902 0.325779 0.884878 0.325779 0.884878 0.315392
1 0.620488 0.744098 0.618537 0.745987 0.618537 0.746931 0.617561 0.747875 0.617561 0.752597 0.61561 0.754485 0.61561 0.773371 0.62439 0.773371 0.625366 0.772427 0.636098 0.772427 0.637073 0.771483 0.639024 0.771483 0.64 0.770538 0.640976 0.770538 0.643902 0.767705 0.643902 0.766761 0.645854 0.764873 0.645854 0.763928 0.646829 0.762984 0.646829 0.749764 0.645854 0.74882 0.645854 0.746931 0.643902 0.745043 0.643902 0.744098
0 0.899512 0.629839 0.897561 0.631728 0.897561 0.633617 0.896585 0.634561 0.896585 0.635505 0.89561 0.636449 0.89561 0.637394 0.894634 0.638338 0.894634 0.639282 0.893659 0.640227 0.896585 0.643059 0.896585 0.644004 0.897561 0.644948 0.897561 0.646837 0.898537 0.647781 0.898537 0.648725 0.899512 0.64967 0.899512 0.652502 0.900488 0.653447 0.900488 0.655335 0.901463 0.65628 0.901463 0.660057 0.902439 0.661001 0.902439 0.677054 0.901463 0.677998 0.901463 0.681775 0.900488 0.68272 0.900488 0.686497 0.899512 0.687441 0.899512 0.690274 0.898537 0.691218 0.898537 0.69594 0.897561 0.696884 0.897561 0.698772 0.896585 0.699717 0.896585 0.70255 0.89561 0.703494 0.89561 0.707271 0.894634 0.708215 0.894634 0.711048 0.893659 0.711992 0.893659 0.713881 0.891707 0.71577 0.891707 0.717658 0.890732 0.718602 0.890732 0.719547 0.889756 0.720491 0.889756 0.72238 0.88878 0.723324 0.88878 0.728045 0.887805 0.72899 0.887805 0.730878 0.886829 0.731822 0.886829 0.732767 0.883902 0.7356 0.883902 0.757318 0.890732 0.757318 0.890732 0.75543 0.891707 0.754485 0.891707 0.752597 0.893659 0.750708 0.893659 0.749764 0.894634 0.74882 0.894634 0.747875 0.89561 0.746931 0.89561 0.745987 0.899512 0.74221 0.899512 0.740321 0.900488 0.739377 0.900488 0.738432 0.901463 0.737488 0.901463 0.7356 0.902439 0.734655 0.902439 0.732767 0.903415 0.731822 0.903415 0.726157 0.90439 0.725212 0.90439 0.71577 0.905366 0.714825 0.905366 0.712937 0.906341 0.711992 0.906341 0.710104 0.907317 0.70916 0.907317 0.707271 0.908293 0.706327 0.908293 0.704438 0.909268 0.703494 0.909268 0.701605 0.910244 0.700661 0.910244 0.698772 0.91122 0.697828 0.91122 0.69594 0.912195 0.694995 0.912195 0.65628 0.91122 0.655335 0.91122 0.652502 0.910244 0.651558 0.910244 0.64967 0.909268 0.648725 0.909268 0.647781 0.908293 0.646837 0.908293 0.644004 0.907317 0.643059 0.907317 0.640227 0.906341 0.639282 0.906341 0.637394 0.905366 0.636449 0.905366 0.635505
1 0.00097561 0.137866 0.00097561 0.150142 0.0136585 0.150142 0.0146341 0.149197 0.0156098 0.149197 0.017561 0.147309 0.0185366 0.147309 0.0185366 0.146364 0.0195122 0.14542 0.0195122 0.137866
1 0.32 0.116147 0.32 0.129367 0.320976 0.130312 0.322927 0.130312 0.323902 0.131256 0.325854 0.131256 0.326829 0.130312 0.327805 0.130312 0.330732 0.127479 0.330732 0.116147
0 0.851707 0.919736 0.849756 0.921624 0.849756 0.936733 0.850732 0.937677 0.850732 0.94051 0.851707 0.941454 0.851707 0.944287 0.853659 0.946176 0.852683 0.94712 0.851707 0.94712 0.849756 0.949009 0.849756 0.951841 0.865366 0.951841 0.865366 0.919736
0 0.69561 0.203966 0.694634 0.20491 0.694634 0.205855 0.691707 0.208687 0.691707 0.209632 0.693659 0.21152 0.693659 0.212465 0.694634 0.213409 0.694634 0.215297 0.69561 0.216242 0.69561 0.21813 0.696585 0.219075 0.696585 0.220963 0.697561 0.221907 0.697561 0.222852 0.698537 0.223796 0.699512 0.223796 0.700488 0.22474 0.700488 0.226629 0.701463 0.227573 0.701463 0.230406 0.702439 0.23135 0.702439 0.234183 0.703415 0.235127 0.703415 0.237016 0.705366 0.238905 0.708293 0.238905 0.708293 0.21813 0.707317 0.217186 0.707317 0.216242 0.706341 0.215297 0.706341 0.213409 0.702439 0.209632 0.702439 0.206799 0.703415 0.205855 0.703415 0.203966
1 0.338537 0.15864 0.338537 0.169027 0.339512 0.169972 0.340488 0.169972 0.341463 0.170916 0.342439 0.170916 0.343415 0.17186 0.346341 0.17186 0.35122 0.167139 0.352195 0.167139 0.352195 0.15864
0 0.699512 0.561851 0.699512 0.572238 0.702439 0.575071 0.703415 0.575071 0.705366 0.576959 0.706341 0.576959 0.709268 0.579792 0.710244 0.579792 0.711219 0.580737 0.713171 0.580737 0.714146 0.581681 0.716098 0.581681 0.717073 0.582625 0.719024 0.582625 0.72 0.583569 0.720976 0.583569 0.721951 0.584514 0.723902 0.584514 0.724878 0.585458 0.731707 0.585458 0.732683 0.584514 0.733659 0.584514 0.736585 0.581681 0.736585 0.580737 0.739512 0.577904 0.739512 0.576959 0.737561 0.575071 0.737561 0.574127 0.73561 0.572238 0.73561 0.571294 0.734634 0.571294 0.731707 0.568461 0.729756 0.568461 0.728781 0.567517 0.726829 0.567517 0.725854 0.566572 0.720976 0.566572 0.72 0.565628 0.718049 0.565628 0.717073 0.564684 0.715122 0.564684 0.714146 0.563739 0.712195 0.563739 0.710244 0.561851
1 0.0478049 0.646837 0.0458537 0.648725 0.0458537 0.64967 0.0439024 0.651558 0.0439024 0.655335 0.0429268 0.65628 0.0429268 0.659112 0.0478049 0.663834 0.0487805 0.663834 0.0497561 0.66289 0.0556098 0.66289 0.0565854 0.661945 0.0565854 0.646837
0 0.693659 0.786591 0.693659 0.794145 0.697561 0.797923 0.698537 0.797923 0.700488 0.799811 0.700488 0.800755 0.701463 0.8017 0.701463 0.804533 0.700488 0.805477 0.700488 0.80831 0.698537 0.810198 0.698537 0.811143 0.697561 0.812087 0.697561 0.813031 0.696585 0.813975 0.696585 0.816808 0.69561 0.817753 0.69561 0.826251 0.694634 0.827195 0.694634 0.82814 0.69561 0.829084 0.69561 0.833806 0.697561 0.835694 0.698537 0.835694 0.700488 0.837583 0.701463 0.837583 0.703415 0.839471 0.70439 0.839471 0.705366 0.840415 0.716098 0.840415 0.716098 0.837583 0.715122 0.836638 0.715122 0.835694 0.714146 0.83475 0.714146 0.832861 0.713171 0.831917 0.713171 0.829084 0.712195 0.82814 0.712195 0.827195 0.713171 0.826251 0.713171 0.820585 0.714146 0.819641 0.714146 0.815864 0.715122 0.81492 0.715122 0.800755 0.714146 0.799811 0.714146 0.797923 0.713171 0.796978 0.713171 0.796034 0.710244 0.793201 0.710244 0.792257 0.707317 0.789424 0.707317 0.78848 0.705366 0.786591
0 0.310244 0.845137 0.310244 0.850803 0.31122 0.851747 0.31122 0.85458 0.312195 0.855524 0.312195 0.860246 0.31122 0.86119 0.31122 0.864967 0.310244 0.865911 0.310244 0.884797 0.321951 0.884797 0.322927 0.883853 0.323902 0.883853 0.324878 0.882908 0.324878 0.855524 0.323902 0.85458 0.323902 0.851747 0.322927 0.850803 0.322927 0.849858 0.321951 0.848914 0.321951 0.847026 0.320976 0.846081 0.320976 0.845137
0 0.988293 0.197356 0.988293 0.1983 0.987317 0.199245 0.987317 0.213409 0.988293 0.214353 0.988293 0.216242 0.989268 0.217186 0.989268 0.21813 0.990244 0.219075 0.990244 0.220019 0.992195 0.221907 0.992195 0.222852 0.994146 0.22474 0.994146 0.226629 0.994146 0.212465 0.993171 0.21152 0.993171 0.210576 0.992195 0.209632 0.992195 0.207743 0.99122 0.206799 0.99122 0.201133 0.990244 0.200189 0.990244 0.197356
1 0.356098 0.388102 0.352195 0.391879 0.350244 0.391879 0.349268 0.392823 0.347317 0.392823 0.346341 0.393768 0.34439 0.393768 0.343415 0.394712 0.341463 0.394712 0.340488 0.395656 0.340488 0.405099 0.354146 0.405099 0.355122 0.404155 0.356098 0.404155 0.357073 0.403211 0.358049 0.403211 0.36 0.401322 0.36 0.400378 0.360976 0.399433 0.360976 0.388102
0 0.251707 0.845137 0.249756 0.847026 0.249756 0.84797 0.24878 0.848914 0.24878 0.849858 0.247805 0.850803 0.247805 0.86119 0.246829 0.862134 0.246829 0.865911 0.245854 0.866856 0.245854 0.869688 0.244878 0.870633 0.244878 0.87441 0.243902 0.875354 0.243902 0.879131 0.242927 0.880076 0.242927 0.881964 0.241951 0.882908 0.241951 0.909348 0.246829 0.91407 0.246829 0.915014 0.247805 0.915958 0.24878 0.915958 0.252683 0.919736 0.253659 0.919736 0.256585 0.922568 0.257561 0.922568 0.259512 0.924457 0.259512 0.925401 0.261463 0.925401 0.261463 0.924457 0.263415 0.922568 0.263415 0.921624 0.26439 0.92068 0.26439 0.919736 0.265366 0.918791 0.265366 0.916903 0.266341 0.915958 0.266341 0.91407 0.265366 0.913126 0.265366 0.912181 0.263415 0.910293 0.263415 0.909348 0.262439 0.908404 0.262439 0.90746 0.260488 0.905571 0.260488 0.904627 0.259512 0.903683 0.259512 0.895184 0.258537 0.89424 0.258537 0.884797 0.257561 0.883853 0.258537 0.882908 0.258537 0.870633 0.259512 0.869688 0.259512 0.8678 0.263415 0.864023 0.263415 0.863078 0.26439 0.862134 0.26439 0.86119 0.265366 0.860246 0.265366 0.858357 0.266341 0.857413 0.266341 0.856468 0.267317 0.855524 0.267317 0.853635 0.270244 0.850803 0.270244 0.845137
0 0.263415 0.836638 0.263415 0.869688 0.26439 0.870633 0.26439 0.871577 0.270244 0.877243 0.307317 0.877243 0.307317 0.8678 0.305366 0.869688 0.302439 0.869688 0.301463 0.870633 0.290732 0.870633 0.289756 0.869688 0.286829 0.869688 0.285854 0.868744 0.283902 0.868744 0.282927 0.8678 0.280976 0.8678 0.278049 0.864967 0.278049 0.864023 0.277073 0.863078 0.277073 0.86119 0.276098 0.860246 0.276098 0.859301 0.275122 0.858357 0.275122 0.857413 0.273171 0.855524 0.27122 0.855524 0.270244 0.85458 0.269268 0.85458 0.268293 0.853635 0.267317 0.853635 0.266341 0.852691 0.267317 0.851747 0.267317 0.850803 0.268293 0.849858 0.268293 0.848914 0.269268 0.84797 0.269268 0.846081 0.274146 0.84136 0.274146 0.836638
1 0.017561 0.325779 0.017561 0.338055 0.0282927 0.338055 0.0292683 0.33711 0.0292683 0.326723 0.0282927 0.326723 0.0273171 0.325779
1 0.992195 0.0604344 0.99122 0.0613787 0.990244 0.0613787 0.986341 0.0651558 0.986341 0.0670444 0.985366 0.0679887 0.985366 0.0812087 0.987317 0.0830973 0.988293 0.0830973 0.989268 0.0840416 0.99122 0.0840416 0.992195 0.0830973 0.993171 0.0830973 0.994146 0.082153 0.998049 0.082153 0.998049 0.0604344
0 0.0458537 0.594901 0.044878 0.595845 0.044878 0.616619 0.0458537 0.617564 0.0458537 0.619452 0.0468293 0.620397 0.0468293 0.622285 0.0478049 0.623229 0.0478049 0.625118 0.0487805 0.626062 0.0487805 0.627007 0.0497561 0.627951 0.0497561 0.628895 0.0507317 0.629839 0.0507317 0.631728 0.0731707 0.631728 0.0741463 0.630784 0.0741463 0.629839 0.075122 0.628895 0.075122 0.627007 0.0731707 0.625118 0.0731707 0.624174 0.0692683 0.620397 0.0682927 0.620397 0.0663415 0.618508 0.0653659 0.618508 0.0614634 0.614731 0.0614634 0.613787 0.0604878 0.612842 0.0604878 0.611898 0.0595122 0.610954 0.0595122 0.605288 0.062439 0.602455 0.062439 0.601511 0.0634146 0.600567 0.0634146 0.599622 0.0643902 0.598678 0.0653659 0.598678 0.0673171 0.596789 0.0682927 0.596789 0.062439 0.596789 0.0614634 0.595845 0.0595122 0.595845 0.0585366 0.594901
0 0.0165854 0.600567 0.0126829 0.604344 0.0126829 0.605288 0.0117073 0.606232 0.0117073 0.607177 0.0107317 0.608121 0.0107317 0.609065 0.00780488 0.611898 0.00682927 0.611898 0.00390244 0.614731 0.00390244 0.616619 0.00487805 0.617564 0.00487805 0.622285 0.00585366 0.623229 0.00585366 0.627007 0.0107317 0.631728 0.0107317 0.632672 0.0117073 0.633617 0.0117073 0.634561 0.0126829 0.635505 0.0126829 0.637394 0.0136585 0.638338 0.0136585 0.640227 0.0126829 0.641171 0.0126829 0.642115 0.0117073 0.643059 0.0117073 0.644948 0.0107317 0.645892 0.0107317 0.647781 0.0097561 0.648725 0.0097561 0.650614 0.00878049 0.651558 0.00878049 0.657224 0.00780488 0.658168 0.00780488 0.661001 0.00682927 0.661945 0.00682927 0.663834 0.00585366 0.664778 0.00585366 0.666667 0.00487805 0.667611 0.00487805 0.668555 0.00390244 0.6695 0.00390244 0.671388 0.00292683 0.672332 0 0.672332 0 0.704438 0.00487805 0.704438 0.00585366 0.703494 0.00585366 0.70255 0.00780488 0.700661 0.00780488 0.699717 0.0097561 0.697828 0.0097561 0.696884 0.0107317 0.69594 0.0107317 0.694995 0.0117073 0.694051 0.0117073 0.693107 0.0126829 0.692162 0.0126829 0.691218 0.0146341 0.68933 0.0146341 0.688385 0.0165854 0.686497 0.0165854 0.685552 0.017561 0.684608 0.017561 0.683664 0.0185366 0.68272 0.0185366 0.681775 0.0195122 0.680831 0.0195122 0.679887 0.0204878 0.678942 0.0204878 0.677998 0.0214634 0.677054 0.0214634 0.67611 0.022439 0.675165 0.022439 0.674221 0.0243902 0.672332 0.0243902 0.671388 0.0253659 0.670444 0.0253659 0.600567
0 0.722927 0.186025 0.722927 0.189802 0.723902 0.190746 0.723902 0.19169 0.724878 0.192635 0.724878 0.193579 0.725854 0.194523 0.725854 0.195467 0.727805 0.197356 0.727805 0.199245 0.728781 0.200189 0.728781 0.202077 0.729756 0.203022 0.729756 0.215297 0.730732 0.216242 0.730732 0.219075 0.731707 0.220019 0.731707 0.220963 0.736585 0.220963 0.736585 0.199245 0.73561 0.1983 0.73561 0.197356 0.734634 0.196412 0.734634 0.194523 0.73561 0.193579 0.73561 0.188857 0.734634 0.187913 0.734634 0.186025
0 0.787317 0.0302172 0.787317 0.0396601 0.786341 0.0406043 0.786341 0.0415486 0.783415 0.0443815 0.782439 0.0443815 0.781463 0.0434372 0.780488 0.0434372 0.779512 0.0424929 0.779512 0.0585458 0.78439 0.0585458 0.786341 0.0566572 0.787317 0.0566572 0.788293 0.0557129 0.789268 0.0557129 0.790244 0.0547686 0.79122 0.0547686 0.79122 0.0538244 0.793171 0.0519358 0.793171 0.0509915 0.799024 0.0453258 0.8 0.0453258 0.802927 0.0424929 0.803902 0.0424929 0.805854 0.0406043 0.805854 0.0321058 0.804878 0.0311615 0.802927 0.0311615 0.801951 0.0302172
1 0.354146 0.220963 0.354146 0.23135 0.362927 0.23135 0.363902 0.230406 0.364878 0.230406 0.364878 0.220963
0 0.985366 0 0.985366 0.00283286 0.986341 0.00377715 0.986341 0.00566572 0.987317 0.00661001 0.987317 0.0075543 0.988293 0.00849858 0.988293 0.00944287 0.989268 0.0103872 0.989268 0.0113314 0.992195 0.0141643 0.992195 0.0169972 0.993171 0.0179415 0.993171 0.01983 0.996098 0.01983 0.996098 0
0 0.586341 0.279509 0.585366 0.280453 0.585366 0.28423 0.586341 0.285175 0.586341 0.286119 0.587317 0.287063 0.587317 0.288008 0.588293 0.288952 0.588293 0.289896 0.590244 0.291785 0.591219 0.291785 0.595122 0.295562 0.596098 0.295562 0.601951 0.301228 0.601951 0.302172 0.602927 0.303116 0.602927 0.305005 0.602927 0.292729 0.600976 0.29084 0.600976 0.289896 0.596098 0.285175 0.595122 0.285175 0.593171 0.283286 0.593171 0.282342 0.591219 0.280453 0.590244 0.280453 0.589268 0.279509
0 0.586341 0.000944287 0.586341 0.00377715 0.587317 0.00472144 0.588293 0.00472144 0.594146 0.0103872 0.595122 0.0103872 0.596098 0.0113314 0.599024 0.0113314 0.6 0.0122757 0.601951 0.0122757 0.602927 0.01322 0.603902 0.0122757 0.611707 0.0122757 0.612683 0.0113314 0.613659 0.0113314 0.613659 0.000944287
1 0.841951 0.440982 0.841951 0.455146 0.842927 0.456091 0.842927 0.457035 0.843902 0.457979 0.845854 0.457979 0.846829 0.458924 0.847805 0.458924 0.848781 0.457979 0.854634 0.457979 0.859512 0.453258 0.859512 0.451369 0.860488 0.450425 0.860488 0.440982
0 0.70439 0.106704 0.703415 0.107649 0.702439 0.107649 0.700488 0.109537 0.699512 0.109537 0.698537 0.110482 0.696585 0.110482 0.69561 0.111426 0.693659 0.111426 0.692683 0.11237 0.685854 0.11237 0.684878 0.113314 0.681951 0.113314 0.680976 0.114259 0.68 0.114259 0.679024 0.115203 0.678049 0.115203 0.677073 0.116147 0.675122 0.116147 0.674146 0.117092 0.67122 0.117092 0.670244 0.118036 0.667317 0.118036 0.666341 0.11898 0.663415 0.11898 0.662439 0.119924 0.661463 0.119924 0.660488 0.120869 0.659512 0.120869 0.658537 0.121813 0.657561 0.121813 0.65561 0.123702 0.654634 0.123702 0.652683 0.12559 0.651707 0.12559 0.651707 0.128423 0.652683 0.129367 0.653659 0.129367 0.654634 0.130312 0.662439 0.130312 0.663415 0.129367 0.666341 0.129367 0.667317 0.128423 0.668293 0.128423 0.669268 0.127479 0.670244 0.127479 0.67122 0.126534 0.672195 0.126534 0.673171 0.12559 0.676098 0.12559 0.677073 0.124646 0.683902 0.124646 0.684878 0.123702 0.689756 0.123702 0.690732 0.122757 0.701463 0.122757 0.702439 0.121813 0.70439 0.121813 0.705366 0.120869 0.706341 0.120869 0.709268 0.118036 0.709268 0.117092 0.710244 0.116147 0.710244 0.110482 0.709268 0.109537 0.709268 0.108593 0.707317 0.106704
1 0.680976 0.89424 0.684878 0.898017 0.685854 0.898017 0.686829 0.898961 0.687805 0.898961 0.689756 0.90085 0.690732 0.90085 0.692683 0.902738 0.692683 0.905571 0.693659 0.906516 0.693659 0.909348 0.690732 0.912181 0.670244 0.912181 0.670244 0.934844 0.672195 0.934844 0.673171 0.935788 0.674146 0.935788 0.675122 0.936733 0.676098 0.936733 0.677073 0.937677 0.678049 0.937677 0.679024 0.938621 0.68 0.938621 0.680976 0.939566 0.681951 0.939566 0.685854 0.943343 0.686829 0.943343 0.687805 0.944287 0.689756 0.944287 0.690732 0.945231 0.691707 0.945231 0.692683 0.946176 0.693659 0.946176 0.694634 0.945231 0.696585 0.945231 0.697561 0.944287 0.698537 0.944287 0.699512 0.943343 0.700488 0.943343 0.702439 0.941454 0.703415 0.941454 0.706341 0.938621 0.707317 0.938621 0.711219 0.934844 0.711219 0.919736 0.710244 0.918791 0.710244 0.917847 0.707317 0.915014 0.707317 0.901794 0.708293 0.90085 0.708293 0.899906 0.709268 0.898961 0.709268 0.897073 0.710244 0.896128 0.710244 0.89424
0 0.00097561 0.0944287 0.00097561 0.103872 0.00195122 0.103872 0.00292683 0.104816 0.0107317 0.104816 0.0117073 0.10576 0.0165854 0.10576 0.017561 0.104816 0.017561 0.0963173 0.0165854 0.095373 0.0165854 0.0944287
0 0.112195 0.142587 0.112195 0.143532 0.11122 0.144476 0.11122 0.147309 0.110244 0.148253 0.110244 0.156752 0.109268 0.157696 0.109268 0.164306 0.110244 0.16525 0.110244 0.17847 0.11122 0.179415 0.11122 0.180359 0.118049 0.180359 0.118049 0.179415 0.119024 0.17847 0.119024 0.176582 0.12 0.175637 0.12 0.174693 0.120976 0.173749 0.120976 0.17186 0.121951 0.170916 0.121951 0.15203 0.120976 0.151086 0.120976 0.147309 0.12 0.146364 0.12 0.144476 0.119024 0.143532 0.118049 0.143532 0.117073 0.142587
1 0.673171 0.846081 0.673171 0.866856 0.677073 0.870633 0.678049 0.870633 0.679024 0.871577 0.680976 0.871577 0.681951 0.872521 0.682927 0.872521 0.683902 0.873466 0.694634 0.873466 0.69561 0.872521 0.696585 0.872521 0.696585 0.85458 0.69561 0.853635 0.69561 0.852691 0.694634 0.852691 0.692683 0.850803 0.692683 0.849858 0.691707 0.848914 0.691707 0.84797 0.690732 0.847026 0.690732 0.846081
0 0.549268 0.426818 0.547317 0.428706 0.547317 0.429651 0.530732 0.445704 0.529756 0.445704 0.525854 0.449481 0.524878 0.449481 0.519024 0.455146 0.519024 0.456091 0.518049 0.457035 0.518049 0.457979 0.517073 0.458924 0.517073 0.459868 0.515122 0.461756 0.515122 0.462701 0.514146 0.463645 0.514146 0.464589 0.513171 0.465534 0.513171 0.466478 0.510244 0.469311 0.510244 0.470255 0.505366 0.474976 0.496585 0.474976 0.496585 0.491029 0.497561 0.490085 0.500488 0.490085 0.501463 0.491029 0.503415 0.491029 0.50439 0.491974 0.506341 0.491974 0.515122 0.483475 0.515122 0.482531 0.520976 0.476865 0.520976 0.475921 0.522927 0.474032 0.522927 0.473088 0.523902 0.472144 0.523902 0.471199 0.525854 0.469311 0.526829 0.469311 0.531707 0.464589 0.533659 0.464589 0.534634 0.463645 0.53561 0.463645 0.541463 0.457979 0.542439 0.457979 0.543415 0.457035 0.545366 0.457035 0.547317 0.455146 0.548293 0.455146 0.549268 0.454202 0.55122 0.454202 0.559024 0.446648 0.559024 0.445704 0.563902 0.440982 0.564878 0.440982 0.565854 0.440038 0.567805 0.440038 0.56878 0.439093 0.569756 0.439093 0.570732 0.438149 0.57561 0.438149 0.576585 0.437205 0.583415 0.437205 0.58439 0.436261 0.58439 0.431539 0.579512 0.426818
0 0.0956098 0.930123 0.0946341 0.931067 0.0936585 0.931067 0.0926829 0.932011 0.0917073 0.932011 0.0868293 0.936733 0.0858537 0.936733 0.0839024 0.938621 0.0839024 0.949953 0.0878049 0.949953 0.0887805 0.949009 0.0897561 0.949009 0.0936585 0.945231 0.0956098 0.945231 0.0965854 0.944287 0.0985366 0.944287 0.0995122 0.943343 0.103415 0.943343 0.10439 0.942398 0.107317 0.942398 0.110244 0.939566 0.110244 0.937677 0.11122 0.936733 0.11122 0.9339 0.112195 0.932956 0.113171 0.932956 0.113171 0.930123
0 0.044878 0.140699 0.0429268 0.142587 0.0419512 0.142587 0.0409756 0.143532 0.04 0.143532 0.04 0.15203 0.0409756 0.152975 0.0487805 0.152975 0.0497561 0.15203 0.0536585 0.15203 0.0546341 0.151086 0.062439 0.151086 0.0643902 0.149197 0.0653659 0.149197 0.0663415 0.148253 0.0663415 0.140699
0 0.230244 0.33711 0.220488 0.346553 0.220488 0.347498 0.221463 0.348442 0.221463 0.351275 0.222439 0.352219 0.222439 0.353163 0.22439 0.353163 0.225366 0.354108 0.229268 0.354108 0.234146 0.349386 0.235122 0.349386 0.238049 0.346553 0.238049 0.33711
0 0.88 0.777148 0.88 0.778093 0.879024 0.779037 0.879024 0.780925 0.878049 0.78187 0.878049 0.782814 0.877073 0.783758 0.879024 0.785647 0.88 0.785647 0.883902 0.789424 0.883902 0.790368 0.884878 0.791313 0.885854 0.791313 0.886829 0.792257 0.887805 0.792257 0.88878 0.793201 0.889756 0.793201 0.890732 0.794145 0.891707 0.794145 0.892683 0.79509 0.893659 0.79509 0.894634 0.796034 0.89561 0.796034 0.897561 0.797923 0.900488 0.797923 0.901463 0.798867 0.903415 0.798867 0.90439 0.799811 0.91122 0.799811 0.914146 0.796978 0.914146 0.79509 0.913171 0.794145 0.913171 0.793201 0.910244 0.790368 0.908293 0.790368 0.907317 0.789424 0.905366 0.789424 0.90439 0.78848 0.902439 0.78848 0.901463 0.787535 0.899512 0.787535 0.898537 0.786591 0.897561 0.786591 0.896585 0.785647 0.89561 0.785647 0.893659 0.783758 0.892683 0.783758 0.88878 0.779981 0.887805 0.779981 0.886829 0.779037 0.885854 0.779037 0.884878 0.778093 0.881951 0.778093 0.880976 0.777148
0 0.32 0.118036 0.32 0.130312 0.320976 0.131256 0.326829 0.131256 0.327805 0.130312 0.328781 0.130312 0.330732 0.128423 0.330732 0.118036
0 0.594146 0.319169 0.586341 0.326723 0.586341 0.327668 0.585366 0.328612 0.585366 0.3305 0.58439 0.331445 0.58439 0.339943 0.585366 0.340888 0.585366 0.367328 0.58439 0.368272 0.58439 0.369216 0.582439 0.371105 0.582439 0.376771 0.591219 0.376771 0.591219 0.375826 0.592195 0.374882 0.592195 0.373938 0.593171 0.372993 0.593171 0.372049 0.594146 0.371105
1 0.302439 0.0339943 0.302439 0.0358829 0.303415 0.0368272 0.303415 0.0377715 0.30439 0.0387158 0.30439 0.0396601 0.306341 0.0415486 0.308293 0.0415486 0.309268 0.0424929 0.31122 0.0424929 0.31122 0.0339943
0 0.919024 0.771483 0.919024 0.774315 0.918049 0.77526 0.918049 0.779037 0.919024 0.779981 0.919024 0.784703 0.920976 0.786591 0.920976 0.787535 0.921951 0.78848 0.921951 0.789424 0.922927 0.790368 0.922927 0.791313 0.923902 0.792257 0.923902 0.793201 0.925854 0.79509 0.926829 0.79509 0.927805 0.794145 0.929756 0.794145 0.930732 0.793201 0.930732 0.784703 0.929756 0.783758 0.929756 0.782814 0.927805 0.780925 0.927805 0.779981 0.926829 0.779037 0.926829 0.778093 0.925854 0.777148 0.925854 0.776204 0.924878 0.77526 0.923902 0.77526 0.922927 0.774315 0.921951 0.774315
0 0.601951 0.313503 0.601951 0.314448 0.597073 0.319169 0.596098 0.319169 0.595122 0.320113 0.594146 0.320113 0.592195 0.322002 0.592195 0.322946 0.589268 0.325779 0.588293 0.325779 0.587317 0.326723 0.587317 0.327668 0.586341 0.328612 0.586341 0.329556 0.585366 0.3305 0.585366 0.331445 0.58439 0.332389 0.58439 0.338055 0.585366 0.338999 0.585366 0.355052 0.586341 0.355996 0.586341 0.362606 0.585366 0.363551 0.585366 0.366383 0.58439 0.367328 0.58439 0.368272 0.583415 0.369216 0.582439 0.369216 0.579512 0.372049 0.579512 0.377715 0.578537 0.378659 0.578537 0.386213 0.579512 0.387158 0.579512 0.389991 0.580488 0.390935 0.580488 0.391879 0.582439 0.393768 0.582439 0.394712 0.583415 0.395656 0.583415 0.400378 0.582439 0.401322 0.582439 0.404155 0.581463 0.405099 0.581463 0.408876 0.583415 0.410765 0.58439 0.410765 0.585366 0.411709 0.587317 0.411709 0.588293 0.412653 0.590244 0.412653 0.592195 0.410765 0.592195 0.406988 0.593171 0.406043 0.593171 0.402266 0.594146 0.401322 0.594146 0.400378 0.595122 0.399433 0.595122 0.398489 0.597073 0.396601 0.595122 0.394712 0.595122 0.393768 0.594146 0.392823 0.594146 0.390935 0.593171 0.389991 0.593171 0.386213 0.592195 0.385269 0.592195 0.376771 0.593171 0.375826 0.593171 0.373938 0.594146 0.372993 0.594146 0.370161 0.595122 0.369216 0.595122 0.361662 0.596098 0.360718 0.596098 0.356941 0.595122 0.355996 0.595122 0.338055 0.596098 0.33711 0.596098 0.334278 0.597073 0.333333 0.597073 0.3305 0.598049 0.329556 0.598049 0.327668 0.599024 0.326723 0.599024 0.325779 0.600976 0.32389 0.601951 0.32389
1 0.227317 0.880076 0.227317 0.895184 0.236098 0.895184 0.237073 0.89424 0.237073 0.893296 0.238049 0.892351 0.238049 0.880076
1 0.227317 0.658168 0.227317 0.667611 0.240976 0.667611 0.240976 0.659112 0.24 0.658168
0 0.649756 0.450425 0.649756 0.465534 0.650732 0.466478 0.650732 0.470255 0.651707 0.471199 0.651707 0.474976 0.652683 0.475921 0.652683 0.480642 0.651707 0.481586 0.649756 0.481586 0.649756 0.486308 0.653659 0.482531 0.654634 0.482531 0.65561 0.483475 0.658537 0.483475 0.659512 0.484419 0.660488 0.484419 0.661463 0.483475 0.662439 0.483475 0.667317 0.478754 0.667317 0.476865 0.668293 0.475921 0.668293 0.472144 0.669268 0.471199 0.669268 0.458924 0.667317 0.457035 0.667317 0.456091 0.661463 0.450425 0.656585 0.450425 0.65561 0.451369 0.652683 0.451369 0.651707 0.450425
0 0.685854 0.731822 0.684878 0.732767 0.684878 0.733711 0.682927 0.7356 0.682927 0.736544 0.68 0.739377 0.68 0.740321 0.677073 0.743154 0.677073 0.762984 0.678049 0.762984 0.679024 0.76204 0.68 0.76204 0.680976 0.761095 0.681951 0.761095 0.683902 0.759207 0.684878 0.759207 0.686829 0.757318 0.690732 0.757318 0.691707 0.756374 0.693659 0.756374 0.694634 0.757318 0.69561 0.757318 0.696585 0.758263 0.698537 0.758263 0.699512 0.759207 0.701463 0.759207 0.702439 0.760151 0.70439 0.760151 0.705366 0.761095 0.715122 0.761095 0.716098 0.76204 0.720976 0.76204 0.721951 0.762984 0.722927 0.762984 0.724878 0.764873 0.725854 0.764873 0.725854 0.749764 0.723902 0.747875 0.722927 0.747875 0.719024 0.744098 0.719024 0.743154 0.713171 0.743154 0.712195 0.74221 0.710244 0.74221 0.709268 0.741265 0.706341 0.741265 0.705366 0.740321 0.705366 0.739377 0.70439 0.738432 0.70439 0.737488 0.703415 0.736544 0.703415 0.7356 0.702439 0.734655 0.702439 0.732767 0.703415 0.731822 0.70439 0.731822
0 0.317073 0.0594901 0.317073 0.0613787 0.318049 0.0623229 0.318049 0.0661001 0.317073 0.0670444 0.317073 0.0698772 0.316098 0.0708215 0.316098 0.0925401 0.317073 0.0934844 0.317073 0.0944287 0.319024 0.0963173 0.32 0.0963173 0.320976 0.0972616 0.322927 0.0972616 0.323902 0.0982059 0.325854 0.0982059 0.326829 0.0972616 0.327805 0.0972616 0.329756 0.095373 0.329756 0.0944287 0.330732 0.0934844 0.330732 0.0661001 0.331707 0.0651558 0.331707 0.0594901
1 0.0370732 0.69594 0.0370732 0.711048 0.044878 0.711048 0.0458537 0.710104 0.0468293 0.710104 0.0478049 0.70916 0.0517073 0.70916 0.0526829 0.710104 0.0585366 0.710104 0.0595122 0.711048 0.0595122 0.69594
1 0.62439 0.540132 0.62439 0.551464 0.635122 0.551464 0.636098 0.550519 0.636098 0.540132
1 0.825366 0.612842 0.82439 0.613787 0.82439 0.621341 0.823415 0.622285 0.823415 0.626062 0.822439 0.627007 0.822439 0.628895 0.821463 0.629839 0.821463 0.643059 0.825366 0.646837 0.826341 0.646837 0.828293 0.648725 0.835122 0.648725 0.836098 0.647781 0.836098 0.646837 0.837073 0.645892 0.837073 0.644948 0.838049 0.644004 0.838049 0.612842
1 0.789268 0.602455 0.789268 0.611898 0.790244 0.612842 0.790244 0.613787 0.79122 0.614731 0.79122 0.615675 0.792195 0.616619 0.792195 0.617564 0.793171 0.618508 0.793171 0.619452 0.794146 0.620397 0.794146 0.621341 0.795122 0.621341 0.796098 0.622285 0.799024 0.622285 0.8 0.621341 0.802927 0.621341 0.804878 0.619452 0.804878 0.602455
0 0.124878 0.250236 0.124878 0.25118 0.125854 0.252125 0.125854 0.254957 0.126829 0.255902 0.126829 0.261568 0.125854 0.262512 0.125854 0.263456 0.123902 0.265345 0.123902 0.266289 0.118049 0.271955 0.118049 0.273843 0.117073 0.274788 0.117073 0.276676 0.116098 0.27762 0.116098 0.288008 0.115122 0.288952 0.115122 0.291785 0.116098 0.292729 0.116098 0.302172 0.117073 0.303116 0.117073 0.306893 0.118049 0.307838 0.118049 0.309726 0.119024 0.31067 0.119024 0.312559 0.120976 0.314448 0.120976 0.315392 0.122927 0.31728 0.122927 0.318225 0.123902 0.319169 0.123902 0.322002 0.124878 0.322946 0.124878 0.32389 0.133659 0.32389 0.132683 0.322946 0.132683 0.321058 0.131707 0.320113 0.131707 0.319169 0.12878 0.316336 0.12878 0.315392 0.127805 0.314448 0.127805 0.313503 0.126829 0.312559 0.126829 0.311615 0.125854 0.31067 0.125854 0.309726 0.124878 0.308782 0.124878 0.307838 0.122927 0.305949 0.122927 0.299339 0.123902 0.298395 0.123902 0.288952 0.124878 0.288008 0.124878 0.283286 0.125854 0.282342 0.125854 0.279509 0.126829 0.278565 0.126829 0.275732 0.127805 0.274788 0.127805 0.273843 0.12878 0.272899 0.12878 0.27101 0.129756 0.270066 0.129756 0.269122 0.130732 0.268178 0.131707 0.268178 0.131707 0.267233 0.133659 0.265345 0.133659 0.263456 0.134634 0.262512 0.134634 0.250236
0 0.595122 0.758263 0.594146 0.759207 0.588293 0.759207 0.588293 0.804533 0.589268 0.805477 0.589268 0.80831 0.590244 0.809254 0.590244 0.813031 0.591219 0.813975 0.591219 0.815864 0.592195 0.816808 0.592195 0.817753 0.594146 0.819641 0.594146 0.820585 0.596098 0.822474 0.596098 0.823418 0.597073 0.824363 0.597073 0.825307 0.598049 0.826251 0.598049 0.827195 0.599024 0.82814 0.599024 0.829084 0.6 0.830028 0.6 0.831917 0.600976 0.832861 0.600976 0.83475 0.601951 0.835694 0.601951 0.836638 0.602927 0.837583 0.602927 0.838527 0.603902 0.839471 0.603902 0.840415 0.604878 0.84136 0.604878 0.843248 0.613659 0.843248 0.613659 0.805477 0.612683 0.804533 0.612683 0.802644 0.611707 0.8017 0.611707 0.800755 0.610732 0.799811 0.610732 0.798867 0.609756 0.797923 0.609756 0.796978 0.608781 0.796034 0.608781 0.79509 0.607805 0.794145 0.607805 0.791313 0.606829 0.790368 0.606829 0.78848 0.605854 0.787535 0.605854 0.785647 0.604878 0.784703 0.604878 0.78187 0.603902 0.780925 0.603902 0.779037 0.602927 0.778093 0.602927 0.764873 0.596098 0.758263
0 0.466341 0.8017 0.465366 0.802644 0.46439 0.802644 0.462439 0.804533 0.461463 0.804533 0.460488 0.805477 0.460488 0.806421 0.453659 0.813031 0.453659 0.813975 0.452683 0.81492 0.452683 0.822474 0.453659 0.823418 0.453659 0.825307 0.454634 0.826251 0.454634 0.829084 0.458537 0.832861 0.459512 0.832861 0.460488 0.833806 0.459512 0.83475 0.457561 0.83475 0.456585 0.835694 0.443902 0.835694 0.442927 0.83475 0.44 0.83475 0.439024 0.835694 0.429268 0.835694 0.428293 0.83475 0.42439 0.83475 0.420488 0.830973 0.420488 0.830028 0.416585 0.826251 0.416585 0.825307 0.41561 0.824363 0.41561 0.82153 0.41561 0.847026 0.419512 0.847026 0.420488 0.84797 0.422439 0.84797 0.42439 0.849858 0.425366 0.849858 0.427317 0.851747 0.428293 0.851747 0.429268 0.852691 0.43122 0.852691 0.432195 0.853635 0.460488 0.853635 0.466341 0.84797 0.467317 0.84797 0.468293 0.847026 0.468293 0.846081 0.469268 0.845137 0.469268 0.843248 0.470244 0.842304 0.470244 0.840415 0.47122 0.839471 0.47122 0.838527 0.473171 0.836638 0.473171 0.835694 0.476098 0.832861 0.477073 0.832861 0.477073 0.812087 0.476098 0.811143 0.474146 0.811143 0.472195 0.809254 0.472195 0.80831 0.470244 0.806421 0.470244 0.805477 0.469268 0.804533 0.469268 0.803588 0.468293 0.802644 0.468293 0.8017
1 0.692683 0.608121 0.690732 0.610009 0.690732 0.610954 0.689756 0.611898 0.689756 0.612842 0.68878 0.613787 0.68878 0.615675 0.686829 0.617564 0.685854 0.617564 0.684878 0.618508 0.684878 0.619452 0.681951 0.622285 0.681951 0.650614 0.682927 0.651558 0.685854 0.651558 0.686829 0.652502 0.687805 0.652502 0.68878 0.653447 0.691707 0.653447 0.692683 0.654391 0.693659 0.654391 0.694634 0.653447 0.69561 0.653447 0.696585 0.652502 0.698537 0.652502 0.70439 0.646837 0.70439 0.642115 0.703415 0.641171 0.703415 0.633617 0.702439 0.632672 0.702439 0.631728 0.700488 0.629839 0.700488 0.628895 0.699512 0.627951 0.699512 0.627007 0.70439 0.622285 0.70439 0.621341 0.705366 0.620397 0.706341 0.620397 0.707317 0.619452 0.708293 0.619452 0.709268 0.618508 0.710244 0.618508 0.710244 0.612842 0.709268 0.611898 0.708293 0.611898 0.707317 0.610954 0.706341 0.610954 0.70439 0.609065 0.702439 0.609065 0.701463 0.608121
1 0.753171 0.395656 0.752195 0.396601 0.750244 0.396601 0.750244 0.410765 0.75122 0.411709 0.758049 0.411709 0.76 0.413598 0.760976 0.413598 0.761951 0.414542 0.76878 0.414542 0.76878 0.395656
0 0.0517073 0.619452 0.0517073 0.626062 0.0526829 0.627007 0.0526829 0.630784 0.0536585 0.631728 0.0536585 0.643059 0.0546341 0.644004 0.0546341 0.646837 0.0556098 0.647781 0.0556098 0.64967 0.0565854 0.650614 0.0565854 0.651558 0.057561 0.652502 0.057561 0.653447 0.0585366 0.654391 0.0585366 0.655335 0.0595122 0.65628 0.0595122 0.657224 0.0712195 0.668555 0.0712195 0.6695 0.0721951 0.670444 0.0721951 0.674221 0.0731707 0.675165 0.0731707 0.678942 0.0682927 0.683664 0.0673171 0.683664 0.0682927 0.684608 0.0692683 0.684608 0.0702439 0.685552 0.0741463 0.685552 0.075122 0.686497 0.0780488 0.686497 0.0790244 0.687441 0.0819512 0.687441 0.0829268 0.686497 0.084878 0.686497 0.0868293 0.684608 0.0897561 0.687441 0.0897561 0.690274 0.0907317 0.691218 0.0907317 0.693107 0.0917073 0.694051 0.0917073 0.70916 0.0907317 0.710104 0.0907317 0.714825 0.0897561 0.71577 0.0897561 0.718602 0.0887805 0.719547 0.0887805 0.72238 0.0878049 0.723324 0.0878049 0.725212 0.0868293 0.726157 0.0868293 0.72899 0.0858537 0.729934 0.0858537 0.730878 0.084878 0.731822 0.084878 0.732767 0.0839024 0.733711 0.0839024 0.734655 0.0819512 0.736544 0.0809756 0.736544 0.0760976 0.741265 0.0760976 0.74221 0.075122 0.743154 0.0741463 0.743154 0.0721951 0.745043 0.0712195 0.745043 0.0673171 0.74882 0.0663415 0.74882 0.0614634 0.753541 0.0614634 0.754485 0.0604878 0.75543 0.0741463 0.75543 0.0760976 0.753541 0.0760976 0.752597 0.0790244 0.749764 0.08 0.749764 0.08 0.74882 0.0829268 0.745987 0.0829268 0.744098 0.084878 0.74221 0.0858537 0.74221 0.0887805 0.739377 0.0887805 0.738432 0.0926829 0.734655 0.0946341 0.734655 0.0956098 0.733711 0.0995122 0.733711 0.0995122 0.732767 0.101463 0.730878 0.101463 0.729934 0.10439 0.727101 0.10439 0.726157 0.106341 0.724268 0.106341 0.72238 0.107317 0.721435 0.107317 0.718602 0.108293 0.717658 0.108293 0.712937 0.109268 0.711992 0.109268 0.703494 0.108293 0.70255 0.108293 0.698772 0.107317 0.697828 0.107317 0.69594 0.106341 0.694995 0.106341 0.693107 0.105366 0.692162 0.105366 0.691218 0.10439 0.690274 0.10439 0.68933 0.103415 0.688385 0.103415 0.687441 0.102439 0.686497 0.102439 0.684608 0.101463 0.683664 0.101463 0.68272 0.100488 0.681775 0.100488 0.680831 0.0995122 0.679887 0.097561 0.679887 0.0965854 0.680831 0.0956098 0.680831 0.0946341 0.681775 0.0936585 0.681775 0.0926829 0.68272 0.0917073 0.681775 0.0887805 0.681775 0.0858537 0.678942 0.0858537 0.675165 0.084878 0.674221 0.084878 0.672332 0.0839024 0.671388 0.0839024 0.665722 0.0829268 0.664778 0.0829268 0.663834 0.0819512 0.66289 0.0819512 0.661001 0.0809756 0.660057 0.0809756 0.659112 0.0790244 0.657224 0.0790244 0.655335 0.0780488 0.654391 0.0780488 0.653447 0.0770732 0.652502 0.0770732 0.651558 0.0760976 0.650614 0.0760976 0.648725 0.075122 0.647781 0.075122 0.646837 0.0741463 0.645892 0.0741463 0.644004 0.0731707 0.643059 0.0731707 0.642115 0.0721951 0.641171 0.0721951 0.637394 0.0731707 0.636449 0.0731707 0.627007 0.0712195 0.625118 0.0712195 0.624174 0.0702439 0.623229 0.0702439 0.622285 0.0673171 0.619452
1 0.822439 0.950897 0.822439 0.959396 0.823415 0.959396 0.82439 0.96034 0.826341 0.96034 0.827317 0.961284 0.829268 0.961284 0.830244 0.962229 0.832195 0.962229 0.833171 0.963173 0.834146 0.963173 0.836098 0.965061 0.846829 0.965061 0.846829 0.95373 0.844878 0.95373 0.843902 0.952786 0.843902 0.950897
0 0.398049 0.114259 0.398049 0.115203 0.399024 0.116147 0.399024 0.11898 0.4 0.119924 0.4 0.122757 0.399024 0.123702 0.399024 0.124646 0.398049 0.12559 0.398049 0.126534 0.396098 0.128423 0.394146 0.128423 0.393171 0.129367 0.383415 0.129367 0.381463 0.127479 0.381463 0.126534 0.37561 0.120869 0.374634 0.120869 0.373659 0.119924 0.372683 0.119924 0.371707 0.11898 0.367805 0.11898 0.367805 0.129367 0.374634 0.135977 0.37561 0.135977 0.376585 0.136922 0.377561 0.136922 0.378537 0.137866 0.379512 0.137866 0.380488 0.13881 0.381463 0.13881 0.383415 0.140699 0.389268 0.140699 0.390244 0.139754 0.396098 0.139754 0.397073 0.13881 0.400976 0.13881 0.401951 0.137866 0.402927 0.137866 0.402927 0.136922 0.403902 0.135977 0.403902 0.114259
0 0.837073 0.0604344 0.837073 0.0613787 0.834146 0.0642115 0.833171 0.0642115 0.832195 0.0651558 0.831219 0.0651558 0.830244 0.0661001 0.826341 0.0661001 0.825366 0.0670444 0.822439 0.0670444 0.822439 0.075543 0.837073 0.075543 0.838049 0.0745987 0.84 0.0745987 0.840976 0.0736544 0.841951 0.0736544 0.843902 0.0717658 0.843902 0.0604344
0 0.195122 0.924457 0.193171 0.926346 0.193171 0.92729 0.192195 0.928234 0.192195 0.929178 0.190244 0.931067 0.190244 0.932011 0.189268 0.932956 0.188293 0.932956 0.187317 0.9339 0.187317 0.94051 0.197073 0.94051 0.197073 0.939566 0.198049 0.938621 0.199024 0.938621 0.2 0.937677 0.200976 0.937677 0.205854 0.932956 0.205854 0.924457
0 0.540488 0.205855 0.539512 0.206799 0.538537 0.206799 0.538537 0.220019 0.539512 0.220019 0.541463 0.221907 0.541463 0.222852 0.542439 0.223796 0.542439 0.225685 0.543415 0.226629 0.543415 0.23135 0.548293 0.23135 0.548293 0.229462 0.547317 0.228517 0.547317 0.225685 0.546341 0.22474 0.546341 0.219075 0.547317 0.21813 0.547317 0.214353 0.548293 0.213409 0.548293 0.205855
1 0.520976 0.119924 0.520976 0.12559 0.526829 0.12559 0.527805 0.124646 0.529756 0.124646 0.530732 0.123702 0.531707 0.123702 0.531707 0.119924
0 0.52878 0.749764 0.527805 0.750708 0.526829 0.750708 0.524878 0.752597 0.524878 0.753541 0.525854 0.754485 0.525854 0.757318 0.526829 0.758263 0.526829 0.766761 0.525854 0.767705 0.525854 0.776204 0.526829 0.777148 0.526829 0.782814 0.527805 0.783758 0.527805 0.793201 0.526829 0.794145 0.526829 0.800755 0.527805 0.8017 0.527805 0.817753 0.526829 0.818697 0.526829 0.829084 0.527805 0.830028 0.527805 0.831917 0.52878 0.832861 0.52878 0.833806 0.530732 0.835694 0.531707 0.835694 0.532683 0.836638 0.53561 0.836638 0.536585 0.837583 0.540488 0.837583 0.541463 0.836638 0.542439 0.836638 0.54439 0.83475 0.54439 0.823418 0.543415 0.822474 0.543415 0.816808 0.542439 0.815864 0.542439 0.81492 0.543415 0.813975 0.543415 0.812087 0.54439 0.811143 0.54439 0.807365 0.545366 0.806421 0.545366 0.803588 0.546341 0.802644 0.546341 0.797923 0.547317 0.796978 0.547317 0.793201 0.548293 0.792257 0.548293 0.78848 0.549268 0.787535 0.549268 0.782814 0.550244 0.78187 0.550244 0.771483 0.549268 0.770538 0.549268 0.76865 0.548293 0.767705 0.548293 0.766761 0.546341 0.764873 0.546341 0.76204 0.545366 0.761095 0.545366 0.760151 0.54439 0.759207 0.54439 0.758263 0.540488 0.754485 0.539512 0.754485 0.537561 0.752597 0.536585 0.752597 0.53561 0.751652 0.534634 0.751652 0.532683 0.749764
0 0.29561 0.694051 0.29561 0.70916 0.296585 0.710104 0.297561 0.710104 0.298537 0.711048 0.300488 0.711048 0.301463 0.711992 0.305366 0.711992 0.306341 0.712937 0.307317 0.711992 0.310244 0.711992 0.31122 0.711048 0.312195 0.711048 0.312195 0.694051
1 0.571707 0.252125 0.569756 0.254013 0.56878 0.254013 0.566829 0.255902 0.566829 0.260623 0.565854 0.261568 0.565854 0.265345 0.566829 0.266289 0.567805 0.266289 0.56878 0.267233 0.569756 0.267233 0.570732 0.268178 0.571707 0.267233 0.574634 0.267233 0.57561 0.266289 0.576585 0.266289 0.577561 0.265345 0.577561 0.261568 0.576585 0.260623 0.576585 0.25779 0.577561 0.256846 0.577561 0.252125
0 0.860488 0.00188857 0.860488 0.00944287 0.861463 0.0103872 0.861463 0.0122757 0.862439 0.01322 0.862439 0.0141643 0.86439 0.0160529 0.869268 0.0160529 0.869268 0.0151086 0.870244 0.0141643 0.870244 0.00188857
0 0.833171 0.259679 0.833171 0.261568 0.832195 0.262512 0.832195 0.2644 0.831219 0.265345 0.832195 0.266289 0.832195 0.271955 0.831219 0.272899 0.831219 0.273843 0.830244 0.274788 0.830244 0.275732 0.829268 0.276676 0.829268 0.279509 0.828293 0.280453 0.828293 0.289896 0.837073 0.289896 0.837073 0.283286 0.838049 0.282342 0.838049 0.279509 0.839024 0.278565 0.839024 0.275732 0.84 0.274788 0.84 0.259679
1 0.388293 0.473088 0.388293 0.488196 0.401951 0.488196 0.401951 0.474976 0.4 0.474976 0.399024 0.474032 0.396098 0.474032 0.395122 0.473088
0 0.70439 0.153919 0.703415 0.154863 0.703415 0.155807 0.702439 0.156752 0.702439 0.157696 0.701463 0.15864 0.702439 0.15864 0.703415 0.159585 0.70439 0.159585 0.705366 0.160529 0.706341 0.160529 0.708293 0.162417 0.708293 0.163362 0.709268 0.164306 0.709268 0.16525 0.710244 0.166195 0.710244 0.177526 0.709268 0.17847 0.709268 0.179415 0.707317 0.181303 0.706341 0.181303 0.705366 0.182247 0.705366 0.183192 0.70439 0.184136 0.70439 0.18508 0.703415 0.186025 0.703415 0.186969 0.702439 0.187913 0.702439 0.188857 0.701463 0.189802 0.701463 0.19169 0.699512 0.193579 0.699512 0.194523 0.698537 0.195467 0.698537 0.196412 0.697561 0.197356 0.697561 0.199245 0.696585 0.200189 0.696585 0.202077 0.70439 0.202077 0.70439 0.201133 0.706341 0.199245 0.706341 0.197356 0.707317 0.196412 0.707317 0.194523 0.708293 0.193579 0.708293 0.19169 0.709268 0.190746 0.709268 0.188857 0.710244 0.187913 0.710244 0.186969 0.713171 0.184136 0.714146 0.184136 0.714146 0.182247 0.715122 0.181303 0.715122 0.15864 0.714146 0.157696 0.714146 0.156752 0.713171 0.155807 0.713171 0.153919
1 0.614634 0.179415 0.613659 0.180359 0.612683 0.180359 0.610732 0.182247 0.608781 0.182247 0.605854 0.18508 0.604878 0.18508 0.604878 0.19169 0.613659 0.19169 0.614634 0.190746 0.617561 0.190746 0.618537 0.189802 0.622439 0.189802 0.622439 0.188857 0.623415 0.187913 0.623415 0.179415
0 0.230244 0.17186 0.228293 0.173749 0.228293 0.174693 0.227317 0.175637 0.227317 0.176582 0.226341 0.177526 0.226341 0.179415 0.225366 0.180359 0.225366 0.181303 0.22439 0.182247 0.22439 0.184136 0.223415 0.18508 0.223415 0.186025 0.218537 0.190746 0.218537 0.19169 0.217561 0.192635 0.217561 0.193579 0.21561 0.195467 0.214634 0.195467 0.207805 0.202077 0.206829 0.202077 0.205854 0.203022 0.205854 0.20491 0.206829 0.205855 0.206829 0.207743 0.207805 0.208687 0.209756 0.208687 0.209756 0.207743 0.211707 0.205855 0.213659 0.205855 0.214634 0.20491 0.217561 0.20491 0.218537 0.203966 0.221463 0.203966 0.222439 0.203022 0.223415 0.203022 0.22439 0.202077 0.22439 0.201133 0.225366 0.200189 0.225366 0.199245 0.226341 0.1983 0.226341 0.197356 0.228293 0.195467 0.228293 0.194523 0.229268 0.193579 0.229268 0.192635 0.230244 0.19169 0.230244 0.190746 0.23122 0.189802 0.23122 0.188857 0.232195 0.187913 0.232195 0.186025 0.233171 0.18508 0.233171 0.184136 0.234146 0.183192 0.234146 0.182247 0.235122 0.181303 0.235122 0.17186
1 0.597073 0.584514 0.597073 0.599622 0.607805 0.599622 0.609756 0.597734 0.610732 0.597734 0.612683 0.595845 0.613659 0.595845 0.614634 0.594901 0.619512 0.594901 0.620488 0.595845 0.628293 0.595845 0.628293 0.584514
1 0.798049 0.302172 0.796098 0.30406 0.796098 0.305005 0.795122 0.305949 0.795122 0.316336 0.796098 0.31728 0.797073 0.31728 0.798049 0.318225 0.8 0.318225 0.800976 0.319169 0.803902 0.319169 0.804878 0.318225 0.805854 0.318225 0.806829 0.31728 0.80878 0.31728 0.810732 0.315392 0.810732 0.302172
0 0.219512 0.121813 0.219512 0.133144 0.220488 0.134089 0.223415 0.134089 0.22439 0.133144 0.22439 0.1322 0.228293 0.128423 0.228293 0.127479 0.229268 0.126534 0.230244 0.126534 0.23122 0.12559 0.233171 0.12559 0.234146 0.124646 0.238049 0.124646 0.239024 0.12559 0.242927 0.12559 0.245854 0.128423 0.245854 0.129367 0.246829 0.130312 0.246829 0.1322 0.247805 0.133144 0.247805 0.136922 0.24878 0.137866 0.24878 0.139754 0.249756 0.140699 0.250732 0.140699 0.252683 0.142587 0.258537 0.142587 0.258537 0.135033 0.257561 0.134089 0.257561 0.129367 0.256585 0.128423 0.256585 0.126534 0.254634 0.124646 0.254634 0.123702 0.253659 0.122757 0.253659 0.121813
1 0.343415 0.554296 0.343415 0.559018 0.345366 0.559018 0.346341 0.559962 0.348293 0.559962 0.349268 0.560907 0.353171 0.560907 0.354146 0.559962 0.357073 0.559962 0.357073 0.556185 0.356098 0.555241 0.355122 0.555241 0.354146 0.554296
1 0.792195 0.274788 0.793171 0.275732 0.793171 0.276676 0.794146 0.27762 0.794146 0.279509 0.795122 0.280453 0.795122 0.281398 0.796098 0.282342 0.796098 0.283286 0.799024 0.286119 0.799024 0.287063 0.8 0.288008 0.8 0.289896 0.800976 0.29084 0.800976 0.300283 0.8 0.301228 0.8 0.303116 0.797073 0.305949 0.797073 0.306893 0.795122 0.308782 0.794146 0.308782 0.794146 0.314448 0.797073 0.31728 0.798049 0.31728 0.799024 0.318225 0.8 0.318225 0.800976 0.319169 0.803902 0.319169 0.804878 0.318225 0.805854 0.318225 0.806829 0.31728 0.80878 0.31728 0.810732 0.315392 0.810732 0.289896 0.809756 0.288952 0.809756 0.287063 0.80878 0.286119 0.80878 0.285175 0.807805 0.28423 0.807805 0.283286 0.805854 0.281398 0.805854 0.280453 0.804878 0.279509 0.804878 0.278565 0.803902 0.27762 0.803902 0.276676 0.801951 0.274788
1 0.67122 0.951841 0.67122 0.964117 0.680976 0.964117 0.680976 0.951841
0 0.931707 0.810198 0.930732 0.811143 0.930732 0.812087 0.926829 0.815864 0.925854 0.815864 0.922927 0.818697 0.921951 0.818697 0.918049 0.822474 0.917073 0.822474 0.915122 0.824363 0.914146 0.824363 0.912195 0.826251 0.91122 0.826251 0.910244 0.827195 0.909268 0.827195 0.906341 0.830028 0.905366 0.830028 0.903415 0.831917 0.902439 0.831917 0.901463 0.832861 0.900488 0.832861 0.899512 0.833806 0.898537 0.832861 0.89561 0.832861 0.894634 0.831917 0.890732 0.831917 0.889756 0.832861 0.887805 0.832861 0.886829 0.833806 0.885854 0.833806 0.882927 0.836638 0.882927 0.837583 0.881951 0.838527 0.881951 0.840415 0.879024 0.843248 0.877073 0.843248 0.877073 0.848914 0.878049 0.84797 0.881951 0.84797 0.882927 0.847026 0.884878 0.847026 0.885854 0.846081 0.886829 0.846081 0.891707 0.850803 0.891707 0.851747 0.892683 0.852691 0.892683 0.859301 0.893659 0.859301 0.894634 0.858357 0.894634 0.855524 0.893659 0.85458 0.893659 0.852691 0.894634 0.851747 0.894634 0.848914 0.89561 0.84797 0.89561 0.846081 0.898537 0.843248 0.898537 0.842304 0.899512 0.84136 0.90439 0.84136 0.905366 0.840415 0.914146 0.848914 0.914146 0.849858 0.915122 0.850803 0.915122 0.852691 0.916098 0.853635 0.916098 0.857413 0.917073 0.858357 0.917073 0.86119 0.918049 0.862134 0.918049 0.864023 0.92 0.865911 0.920976 0.865911 0.923902 0.868744 0.923902 0.870633 0.924878 0.871577 0.927805 0.871577 0.92878 0.872521 0.930732 0.872521 0.931707 0.873466 0.933659 0.871577 0.932683 0.870633 0.931707 0.870633 0.930732 0.869688 0.929756 0.869688 0.927805 0.8678 0.927805 0.866856 0.926829 0.865911 0.926829 0.864023 0.925854 0.863078 0.925854 0.859301 0.924878 0.858357 0.924878 0.85458 0.923902 0.853635 0.923902 0.84797 0.922927 0.847026 0.922927 0.839471 0.923902 0.838527 0.923902 0.836638 0.924878 0.835694 0.924878 0.83475 0.926829 0.832861 0.926829 0.831917 0.929756 0.829084 0.929756 0.82814 0.931707 0.826251 0.931707 0.825307 0.933659 0.823418 0.933659 0.810198
1 0.669268 0.0434372 0.669268 0.0519358 0.67122 0.0519358 0.672195 0.0528801 0.674146 0.0528801 0.675122 0.0519358 0.677073 0.0519358 0.678049 0.0509915 0.679024 0.0509915 0.68 0.0500472 0.68 0.0434372
0 0.28 0.899906 0.28 0.92068 0.280976 0.921624 0.280976 0.922568 0.281951 0.923513 0.281951 0.924457 0.282927 0.925401 0.282927 0.92729 0.283902 0.928234 0.283902 0.929178 0.284878 0.930123 0.284878 0.931067 0.285854 0.932011 0.285854 0.932956 0.292683 0.939566 0.294634 0.939566 0.296585 0.937677 0.296585 0.936733 0.297561 0.935788 0.297561 0.932011 0.296585 0.931067 0.296585 0.929178 0.29561 0.928234 0.29561 0.92729 0.294634 0.926346 0.294634 0.925401 0.293659 0.924457 0.293659 0.923513 0.292683 0.922568 0.292683 0.921624 0.291707 0.92068 0.291707 0.915958 0.290732 0.915014 0.290732 0.905571 0.291707 0.904627 0.291707 0.90085 0.290732 0.899906
0 0.814634 0.0292729 0.813659 0.0302172 0.810732 0.0302172 0.809756 0.0311615 0.801951 0.0311615 0.801951 0.0424929 0.802927 0.0424929 0.803902 0.0415486 0.804878 0.0415486 0.807805 0.0387158 0.809756 0.0387158 0.812683 0.0415486 0.813659 0.0415486 0.814634 0.0424929 0.823415 0.0424929 0.82439 0.0434372 0.832195 0.0434372 0.833171 0.0424929 0.835122 0.0424929 0.835122 0.0377715 0.831219 0.0339943 0.830244 0.0339943 0.829268 0.03305 0.828293 0.03305 0.827317 0.0321058 0.82439 0.0321058 0.823415 0.0311615 0.821463 0.0311615 0.820488 0.0302172 0.816585 0.0302172 0.81561 0.0292729
0 0.43122 0.0491029 0.43122 0.0651558 0.432195 0.0661001 0.435122 0.0661001 0.437073 0.0679887 0.437073 0.068933 0.441951 0.0736544 0.442927 0.0736544 0.443902 0.0745987 0.444878 0.0745987 0.446829 0.0764873 0.447805 0.0764873 0.44878 0.0774315 0.45561 0.0774315 0.456585 0.0764873 0.457561 0.0764873 0.458537 0.075543 0.459512 0.075543 0.460488 0.0745987 0.461463 0.0745987 0.462439 0.0736544 0.462439 0.0509915 0.461463 0.0500472 0.459512 0.0500472 0.458537 0.0491029 0.453659 0.0491029 0.452683 0.0500472 0.451707 0.0500472 0.451707 0.0509915 0.446829 0.0557129 0.444878 0.0557129 0.443902 0.0566572 0.442927 0.0566572 0.441951 0.0576015 0.436098 0.0576015 0.435122 0.0585458 0.434146 0.0576015 0.434146 0.0566572 0.433171 0.0557129 0.433171 0.0509915 0.434146 0.0500472 0.434146 0.0491029
0 0.703415 0.15203 0.703415 0.159585 0.70439 0.159585 0.705366 0.160529 0.706341 0.160529 0.709268 0.163362 0.709268 0.164306 0.710244 0.16525 0.710244 0.167139 0.711219 0.168083 0.711219 0.169027 0.712195 0.169972 0.712195 0.180359 0.711219 0.181303 0.711219 0.182247 0.712195 0.182247 0.713171 0.181303 0.713171 0.17847 0.714146 0.177526 0.714146 0.176582 0.713171 0.175637 0.713171 0.170916 0.714146 0.169972 0.714146 0.168083 0.715122 0.167139 0.715122 0.15864 0.714146 0.157696 0.714146 0.156752 0.713171 0.155807 0.713171 0.153919 0.711219 0.15203
0 0 0.497639 0 0.510859 0.00780488 0.510859 0.00780488 0.497639
0 0.278049 0.518414 0.280976 0.521246 0.280976 0.522191 0.281951 0.523135 0.281951 0.524079 0.282927 0.525024 0.282927 0.526912 0.283902 0.527856 0.283902 0.528801 0.284878 0.529745 0.284878 0.531634 0.285854 0.532578 0.285854 0.533522 0.286829 0.534467 0.286829 0.536355 0.287805 0.537299 0.287805 0.547687 0.286829 0.548631 0.286829 0.550519 0.285854 0.551464 0.285854 0.553352 0.284878 0.554296 0.284878 0.555241 0.283902 0.556185 0.283902 0.557129 0.282927 0.558074 0.282927 0.559018 0.28 0.561851 0.28 0.562795 0.278049 0.564684 0.278049 0.565628 0.276098 0.567517 0.276098 0.568461 0.273171 0.571294 0.272195 0.571294 0.266341 0.576959 0.265366 0.576959 0.265366 0.579792 0.26439 0.580737 0.26439 0.583569 0.277073 0.583569 0.278049 0.582625 0.279024 0.582625 0.283902 0.577904 0.283902 0.576959 0.284878 0.576015 0.284878 0.575071 0.285854 0.574127 0.285854 0.573182 0.286829 0.572238 0.286829 0.571294 0.287805 0.570349 0.287805 0.569405 0.28878 0.568461 0.28878 0.567517 0.291707 0.564684 0.291707 0.562795 0.293659 0.560907 0.293659 0.518414
1 0.317073 0.499528 0.316098 0.500472 0.315122 0.500472 0.312195 0.503305 0.312195 0.512748 0.313171 0.513692 0.314146 0.513692 0.315122 0.514636 0.316098 0.514636 0.317073 0.515581 0.317073 0.516525 0.318049 0.517469 0.325854 0.517469 0.324878 0.516525 0.324878 0.515581 0.325854 0.514636 0.326829 0.514636 0.327805 0.513692 0.328781 0.513692 0.330732 0.511804 0.330732 0.499528
0 0.0243902 0.0415486 0.0243902 0.0424929 0.0234146 0.0434372 0.0234146 0.0472144 0.0243902 0.0481586 0.0243902 0.0519358 0.0253659 0.0528801 0.0253659 0.0547686 0.0243902 0.0557129 0.0243902 0.0594901 0.0234146 0.0604344 0.0234146 0.068933 0.035122 0.068933 0.035122 0.0415486
1 0.739512 0.250236 0.739512 0.2644 0.745366 0.2644 0.748293 0.261568 0.748293 0.260623 0.749268 0.259679 0.749268 0.250236
1 0.247805 0.929178 0.247805 0.94051 0.25561 0.94051 0.25561 0.939566 0.256585 0.938621 0.256585 0.929178
0 0.771707 0.184136 0.770732 0.18508 0.769756 0.18508 0.767805 0.186969 0.767805 0.187913 0.766829 0.188857 0.766829 0.190746 0.762927 0.194523 0.762927 0.195467 0.761951 0.196412 0.761951 0.197356 0.760976 0.1983 0.760976 0.199245 0.76 0.200189 0.76 0.201133 0.759024 0.202077 0.759024 0.203022 0.758049 0.203966 0.755122 0.203966 0.754146 0.20491 0.752195 0.20491 0.75122 0.205855 0.749268 0.205855 0.749268 0.216242 0.754146 0.216242 0.755122 0.215297 0.758049 0.215297 0.758049 0.214353 0.76 0.212465 0.76 0.21152 0.761951 0.209632 0.762927 0.209632 0.763902 0.208687 0.763902 0.207743 0.764878 0.206799 0.764878 0.205855 0.766829 0.203966 0.766829 0.202077 0.767805 0.201133 0.767805 0.199245 0.770732 0.196412 0.770732 0.195467 0.771707 0.194523
1 0.222439 0.22474 0.222439 0.234183 0.23122 0.234183 0.23122 0.22474
0 0.986341 0.201133 0.986341 0.21152 0.987317 0.212465 0.987317 0.216242 0.988293 0.217186 0.988293 0.21813 0.989268 0.219075 0.989268 0.220019 0.992195 0.222852 0.992195 0.223796 0.993171 0.22474 0.993171 0.225685 0.994146 0.226629 0.994146 0.227573 0.995122 0.228517 0.995122 0.230406 0.996098 0.23135 0.996098 0.232295 0.997073 0.232295 0.997073 0.213409 0.996098 0.213409 0.993171 0.210576 0.993171 0.208687 0.992195 0.207743 0.992195 0.203022 0.99122 0.202077 0.99122 0.201133
0 0.129756 0.604344 0.129756 0.606232 0.12878 0.607177 0.12878 0.608121 0.124878 0.611898 0.124878 0.612842 0.123902 0.613787 0.123902 0.614731 0.122927 0.615675 0.123902 0.616619 0.123902 0.619452 0.124878 0.620397 0.124878 0.621341 0.125854 0.621341 0.126829 0.622285 0.12878 0.622285 0.129756 0.623229 0.132683 0.623229 0.133659 0.624174 0.140488 0.624174 0.141463 0.623229 0.142439 0.623229 0.143415 0.622285 0.14439 0.622285 0.148293 0.618508 0.149268 0.618508 0.15122 0.616619 0.152195 0.616619 0.153171 0.615675 0.155122 0.615675 0.155122 0.614731 0.153171 0.612842 0.152195 0.612842 0.150244 0.610954 0.150244 0.610009 0.14439 0.604344
0 0.910244 0.509915 0.910244 0.510859 0.909268 0.511804 0.909268 0.524079 0.913171 0.524079 0.914146 0.525024 0.918049 0.525024 0.919024 0.525968 0.92 0.525024 0.920976 0.525024 0.921951 0.524079 0.921951 0.509915
0 0.717073 0.410765 0.716098 0.411709 0.716098 0.412653 0.714146 0.414542 0.714146 0.415486 0.711219 0.418319 0.710244 0.418319 0.705366 0.423041 0.70439 0.423041 0.702439 0.424929 0.701463 0.424929 0.699512 0.426818 0.698537 0.426818 0.697561 0.427762 0.696585 0.427762 0.696585 0.428706 0.694634 0.430595 0.694634 0.431539 0.693659 0.432483 0.693659 0.437205 0.694634 0.438149 0.694634 0.439093 0.707317 0.439093 0.707317 0.437205 0.709268 0.435316 0.709268 0.434372 0.711219 0.432483 0.712195 0.432483 0.713171 0.431539 0.713171 0.430595 0.719024 0.424929 0.719024 0.423985 0.720976 0.422096 0.720976 0.421152 0.721951 0.420208 0.721951 0.410765
0 0.121951 0.238905 0.121951 0.241737 0.122927 0.242682 0.122927 0.246459 0.123902 0.247403 0.123902 0.250236 0.124878 0.25118 0.124878 0.253069 0.125854 0.254013 0.125854 0.256846 0.126829 0.25779 0.126829 0.259679 0.125854 0.260623 0.125854 0.261568 0.124878 0.262512 0.124878 0.263456 0.120976 0.267233 0.120976 0.27101 0.12878 0.27101 0.129756 0.270066 0.129756 0.269122 0.130732 0.268178 0.130732 0.238905
1 0.558049 0.536355 0.554146 0.540132 0.554146 0.542965 0.553171 0.543909 0.553171 0.547687 0.554146 0.547687 0.555122 0.548631 0.559024 0.548631 0.56 0.549575 0.564878 0.549575 0.565854 0.548631 0.565854 0.536355
0 0.427317 0.149197 0.426341 0.150142 0.426341 0.151086 0.425366 0.15203 0.425366 0.152975 0.41561 0.162417 0.41561 0.168083 0.423415 0.168083 0.423415 0.167139 0.425366 0.16525 0.425366 0.164306 0.43122 0.15864 0.43122 0.157696 0.432195 0.156752 0.432195 0.155807 0.435122 0.152975 0.435122 0.149197
1 0.772683 0.370161 0.771707 0.371105 0.771707 0.372049 0.770732 0.372993 0.770732 0.373938 0.769756 0.374882 0.769756 0.381492 0.770732 0.382436 0.770732 0.383381 0.771707 0.384325 0.774634 0.384325 0.77561 0.385269 0.780488 0.385269 0.781463 0.384325 0.79122 0.384325 0.794146 0.387158 0.794146 0.388102 0.799024 0.388102 0.799024 0.376771 0.797073 0.376771 0.796098 0.375826 0.795122 0.375826 0.794146 0.374882 0.793171 0.374882 0.792195 0.373938 0.79122 0.373938 0.790244 0.372993 0.789268 0.372993 0.788293 0.372049 0.786341 0.372049 0.785366 0.371105 0.782439 0.371105 0.781463 0.370161
0 0.638049 0.000944287 0.638049 0.00283286 0.641951 0.00283286 0.647805 0.00849858 0.647805 0.00944287 0.64878 0.00944287 0.651707 0.0122757 0.652683 0.0122757 0.654634 0.0141643 0.661463 0.0141643 0.662439 0.01322 0.66439 0.01322 0.665366 0.0122757 0.666341 0.0122757 0.667317 0.0113314 0.668293 0.0113314 0.669268 0.0103872 0.669268 0.000944287
0 0.898537 0.615675 0.898537 0.616619 0.893659 0.621341 0.893659 0.622285 0.892683 0.623229 0.892683 0.643059 0.893659 0.643059 0.894634 0.644004 0.89561 0.644004 0.896585 0.644948 0.896585 0.645892 0.899512 0.648725 0.899512 0.64967 0.900488 0.64967 0.902439 0.651558 0.906341 0.651558 0.906341 0.631728 0.905366 0.630784 0.905366 0.627951 0.90439 0.627007 0.90439 0.617564 0.903415 0.616619 0.903415 0.615675
0 0.847805 0.496695 0.846829 0.497639 0.846829 0.498584 0.844878 0.500472 0.844878 0.501416 0.843902 0.502361 0.843902 0.503305 0.842927 0.504249 0.842927 0.506138 0.841951 0.507082 0.841951 0.511804 0.842927 0.512748 0.842927 0.517469 0.843902 0.518414 0.843902 0.520302 0.844878 0.521246 0.844878 0.525024 0.845854 0.525968 0.845854 0.526912 0.846829 0.527856 0.845854 0.528801 0.859512 0.528801 0.860488 0.527856 0.860488 0.526912 0.862439 0.525024 0.863415 0.525024 0.865366 0.523135 0.866341 0.523135 0.867317 0.522191 0.869268 0.522191 0.870244 0.521246 0.87122 0.521246 0.87122 0.517469 0.870244 0.516525 0.866341 0.516525 0.865366 0.517469 0.860488 0.517469 0.859512 0.516525 0.858537 0.516525 0.857561 0.515581 0.85561 0.515581 0.852683 0.512748 0.852683 0.509915 0.851707 0.508971 0.851707 0.504249 0.850732 0.503305 0.850732 0.499528 0.849756 0.498584 0.849756 0.497639 0.848781 0.496695
0 0.673171 0.342776 0.672195 0.34372 0.672195 0.345609 0.67122 0.346553 0.672195 0.347498 0.672195 0.349386 0.673171 0.350331 0.673171 0.351275 0.675122 0.353163 0.676098 0.353163 0.684878 0.361662 0.684878 0.362606 0.686829 0.364495 0.686829 0.365439 0.687805 0.365439 0.690732 0.368272 0.690732 0.369216 0.692683 0.371105 0.692683 0.372049 0.693659 0.372049 0.698537 0.376771 0.698537 0.378659 0.699512 0.379603 0.699512 0.380548 0.702439 0.383381 0.703415 0.383381 0.70439 0.384325 0.709268 0.384325 0.709268 0.365439 0.708293 0.365439 0.707317 0.364495 0.70439 0.364495 0.703415 0.363551 0.701463 0.363551 0.700488 0.362606 0.699512 0.362606 0.692683 0.355996 0.691707 0.355996 0.681951 0.346553 0.681951 0.345609 0.68 0.34372 0.677073 0.34372 0.676098 0.342776
0 0.227317 0.176582 0.226341 0.177526 0.226341 0.17847 0.225366 0.179415 0.225366 0.181303 0.22439 0.182247 0.22439 0.184136 0.223415 0.18508 0.223415 0.186025 0.219512 0.189802 0.219512 0.190746 0.218537 0.19169 0.218537 0.192635 0.217561 0.193579 0.217561 0.194523 0.214634 0.197356 0.214634 0.1983 0.211707 0.201133 0.211707 0.202077 0.210732 0.203022 0.211707 0.203966 0.219512 0.203966 0.220488 0.203022 0.222439 0.203022 0.22439 0.201133 0.22439 0.200189 0.225366 0.199245 0.225366 0.1983 0.226341 0.197356 0.226341 0.196412 0.227317 0.195467 0.228293 0.195467 0.228293 0.194523 0.230244 0.192635 0.230244 0.190746 0.23122 0.189802 0.23122 0.187913 0.232195 0.186969 0.232195 0.176582
0 0.522927 0.108593 0.521951 0.109537 0.521951 0.124646 0.522927 0.124646 0.523902 0.12559 0.524878 0.12559 0.525854 0.124646 0.529756 0.124646 0.530732 0.123702 0.531707 0.123702 0.533659 0.121813 0.533659 0.108593
1 0.155122 0.491029 0.155122 0.491974 0.154146 0.492918 0.154146 0.493862 0.152195 0.495751 0.152195 0.510859 0.16878 0.510859 0.169756 0.509915 0.169756 0.491029
1 0.724878 0.683664 0.722927 0.685552 0.721951 0.685552 0.72 0.687441 0.715122 0.687441 0.714146 0.686497 0.713171 0.686497 0.713171 0.697828 0.714146 0.698772 0.714146 0.699717 0.715122 0.700661 0.715122 0.701605 0.717073 0.703494 0.718049 0.703494 0.719024 0.704438 0.72 0.704438 0.720976 0.705382 0.729756 0.705382 0.730732 0.704438 0.731707 0.704438 0.733659 0.70255 0.733659 0.683664
0 0.0234146 0.0472144 0.0243902 0.0481586 0.0243902 0.0509915 0.0253659 0.0519358 0.0253659 0.0547686 0.0243902 0.0557129 0.0243902 0.0594901 0.0234146 0.0604344 0.0234146 0.0745987 0.0253659 0.0764873 0.0253659 0.0774315 0.0263415 0.0783758 0.0263415 0.0793201 0.0273171 0.0802644 0.0273171 0.0812087 0.0282927 0.082153 0.0282927 0.0830973 0.0302439 0.0849858 0.0312195 0.0849858 0.0321951 0.0859301 0.0341463 0.0859301 0.0341463 0.0472144
1 0.868293 0.798867 0.868293 0.807365 0.872195 0.807365 0.873171 0.806421 0.877073 0.806421 0.878049 0.805477 0.879024 0.805477 0.88 0.804533 0.882927 0.807365 0.882927 0.80831 0.883902 0.809254 0.882927 0.810198 0.882927 0.81492 0.881951 0.815864 0.881951 0.816808 0.880976 0.817753 0.880976 0.818697 0.88 0.819641 0.88 0.820585 0.874146 0.826251 0.873171 0.826251 0.872195 0.827195 0.87122 0.827195 0.870244 0.82814 0.869268 0.82814 0.868293 0.829084 0.868293 0.832861 0.883902 0.832861 0.887805 0.829084 0.887805 0.8017 0.885854 0.799811 0.881951 0.799811 0.880976 0.798867
1 0.195122 0.00472144 0.195122 0.0217186 0.201951 0.0217186 0.202927 0.0207743 0.203902 0.0207743 0.204878 0.01983 0.205854 0.01983 0.207805 0.0179415 0.20878 0.0179415 0.209756 0.0169972 0.209756 0.00472144
0 0.432195 0.443815 0.432195 0.448536 0.43122 0.449481 0.43122 0.452314 0.430244 0.453258 0.430244 0.462701 0.43122 0.463645 0.43122 0.467422 0.432195 0.468366 0.432195 0.477809 0.433171 0.478754 0.433171 0.484419 0.434146 0.485364 0.434146 0.486308 0.435122 0.487252 0.435122 0.488196 0.437073 0.490085 0.437073 0.491029 0.438049 0.491974 0.438049 0.492918 0.44 0.494806 0.440976 0.494806 0.441951 0.495751 0.442927 0.495751 0.443902 0.496695 0.444878 0.496695 0.445854 0.497639 0.445854 0.470255 0.444878 0.469311 0.444878 0.462701 0.443902 0.461756 0.443902 0.456091 0.442927 0.455146 0.442927 0.443815
0 0.022439 0.227573 0.022439 0.258735 0.0321951 0.258735 0.0321951 0.24457 0.0331707 0.243626 0.0331707 0.241737 0.0360976 0.238905 0.0370732 0.238905 0.0390244 0.237016 0.04 0.237016 0.0409756 0.236072 0.0419512 0.236072 0.0419512 0.229462 0.0409756 0.229462 0.04 0.228517 0.0390244 0.228517 0.0380488 0.227573
1 0.942439 0.896128 0.942439 0.902738 0.939512 0.905571 0.938537 0.905571 0.936585 0.90746 0.93561 0.90746 0.93561 0.928234 0.936585 0.929178 0.949268 0.929178 0.950244 0.928234 0.951219 0.928234 0.951219 0.92729 0.952195 0.926346 0.952195 0.925401 0.955122 0.922568 0.956098 0.922568 0.957073 0.921624 0.959024 0.921624 0.96 0.92068 0.961951 0.92068 0.962927 0.919736 0.965854 0.919736 0.966829 0.918791 0.970732 0.918791 0.972683 0.916903 0.973659 0.916903 0.974634 0.915958 0.974634 0.901794 0.970732 0.898017 0.968781 0.898017 0.966829 0.896128
0 0.681951 0.88102 0.680976 0.881964 0.678049 0.881964 0.677073 0.882908 0.676098 0.882908 0.675122 0.883853 0.675122 0.888574 0.676098 0.889518 0.676098 0.891407 0.677073 0.892351 0.677073 0.893296 0.679024 0.895184 0.679024 0.896128 0.68 0.896128 0.680976 0.897073 0.682927 0.897073 0.683902 0.898017 0.684878 0.898017 0.685854 0.898961 0.686829 0.898961 0.687805 0.899906 0.689756 0.899906 0.690732 0.90085 0.691707 0.90085 0.692683 0.901794 0.693659 0.901794 0.694634 0.902738 0.694634 0.903683 0.69561 0.904627 0.69561 0.906516 0.696585 0.90746 0.705366 0.90746 0.705366 0.902738 0.707317 0.90085 0.707317 0.899906 0.709268 0.898017 0.709268 0.888574 0.707317 0.886686 0.706341 0.886686 0.705366 0.885741 0.70439 0.885741 0.703415 0.884797 0.702439 0.884797 0.700488 0.882908 0.697561 0.882908 0.696585 0.881964 0.691707 0.881964 0.690732 0.88102
0 0.342439 0.0736544 0.340488 0.075543 0.340488 0.0783758 0.34439 0.082153 0.34439 0.0830973 0.345366 0.0830973 0.346341 0.0840416 0.347317 0.0840416 0.348293 0.0849858 0.349268 0.0849858 0.350244 0.0859301 0.352195 0.0859301 0.353171 0.0868744 0.354146 0.0868744 0.355122 0.0878187 0.356098 0.0878187 0.36 0.0915958 0.36 0.0925401 0.360976 0.0934844 0.360976 0.095373 0.361951 0.0963173 0.357073 0.101039 0.357073 0.101983 0.355122 0.103872 0.355122 0.104816 0.353171 0.106704 0.353171 0.107649 0.350244 0.110482 0.350244 0.111426 0.349268 0.11237 0.349268 0.113314 0.348293 0.114259 0.348293 0.116147 0.347317 0.117092 0.347317 0.119924 0.346341 0.120869 0.346341 0.123702 0.347317 0.124646 0.347317 0.127479 0.349268 0.129367 0.350244 0.129367 0.35122 0.130312 0.35122 0.129367 0.354146 0.126534 0.354146 0.12559 0.356098 0.123702 0.356098 0.122757 0.358049 0.120869 0.358049 0.119924 0.359024 0.11898 0.359024 0.117092 0.36 0.116147 0.36 0.114259 0.360976 0.113314 0.360976 0.11237 0.361951 0.111426 0.361951 0.110482 0.362927 0.109537 0.362927 0.108593 0.364878 0.106704 0.364878 0.10576 0.36878 0.101983 0.36878 0.101039 0.369756 0.100094 0.369756 0.0878187 0.362927 0.0812087 0.361951 0.0812087 0.357073 0.0764873 0.356098 0.0764873 0.355122 0.075543 0.354146 0.075543 0.353171 0.0745987 0.352195 0.0745987 0.35122 0.0736544
1 0.589268 0.135977 0.589268 0.136922 0.588293 0.137866 0.588293 0.147309 0.593171 0.147309 0.595122 0.14542 0.596098 0.14542 0.596098 0.135977
0 0.240976 0.628895 0.240976 0.633617 0.242927 0.635505 0.242927 0.636449 0.243902 0.637394 0.243902 0.638338 0.244878 0.639282 0.244878 0.640227 0.247805 0.643059 0.24878 0.643059 0.249756 0.644004 0.251707 0.644004 0.252683 0.644948 0.25561 0.644948 0.25561 0.636449 0.252683 0.633617 0.252683 0.632672 0.251707 0.631728 0.251707 0.628895
1 0.443902 0.327668 0.443902 0.336166 0.447805 0.336166 0.44878 0.33711 0.450732 0.33711 0.451707 0.338055 0.452683 0.338055 0.453659 0.338999 0.454634 0.338999 0.45561 0.339943 0.456585 0.339943 0.457561 0.340888 0.461463 0.340888 0.461463 0.327668
0 0.745366 0.79509 0.74439 0.796034 0.743415 0.796034 0.742439 0.796978 0.741463 0.796978 0.740488 0.797923 0.739512 0.797923 0.738537 0.798867 0.738537 0.805477 0.739512 0.806421 0.740488 0.806421 0.742439 0.80831 0.743415 0.80831 0.74439 0.809254 0.747317 0.809254 0.748293 0.810198 0.750244 0.810198 0.75122 0.811143 0.753171 0.811143 0.754146 0.810198 0.758049 0.810198 0.759024 0.811143 0.766829 0.811143 0.767805 0.812087 0.771707 0.812087 0.772683 0.813031 0.773659 0.813031 0.774634 0.813975 0.77561 0.813975 0.777561 0.815864 0.777561 0.816808 0.779512 0.818697 0.779512 0.819641 0.780488 0.820585 0.780488 0.822474 0.781463 0.823418 0.781463 0.825307 0.782439 0.826251 0.782439 0.832861 0.781463 0.833806 0.781463 0.83475 0.782439 0.835694 0.782439 0.845137 0.783415 0.846081 0.783415 0.848914 0.78439 0.849858 0.78439 0.850803 0.785366 0.851747 0.785366 0.852691 0.786341 0.853635 0.786341 0.855524 0.787317 0.856468 0.787317 0.858357 0.788293 0.859301 0.796098 0.859301 0.796098 0.856468 0.795122 0.855524 0.795122 0.851747 0.796098 0.850803 0.796098 0.847026 0.797073 0.846081 0.797073 0.843248 0.798049 0.842304 0.798049 0.827195 0.797073 0.826251 0.797073 0.822474 0.796098 0.82153 0.796098 0.819641 0.795122 0.818697 0.795122 0.816808 0.794146 0.815864 0.794146 0.81492 0.793171 0.813975 0.793171 0.813031 0.79122 0.811143 0.79122 0.810198 0.783415 0.802644 0.783415 0.8017 0.782439 0.8017 0.780488 0.799811 0.779512 0.799811 0.778537 0.798867 0.777561 0.798867 0.776585 0.797923 0.773659 0.797923 0.772683 0.796978 0.769756 0.796978 0.76878 0.796034 0.767805 0.796034 0.766829 0.79509
0 0.627317 0.0915958 0.627317 0.11237 0.630244 0.11237 0.63122 0.113314 0.632195 0.113314 0.633171 0.114259 0.633171 0.115203 0.634146 0.115203 0.635122 0.116147 0.64 0.116147 0.640976 0.117092 0.640976 0.115203 0.64 0.114259 0.639024 0.114259 0.637073 0.11237 0.637073 0.110482 0.636098 0.109537 0.636098 0.108593 0.634146 0.106704 0.634146 0.10576 0.633171 0.104816 0.633171 0.101983 0.634146 0.101039 0.634146 0.100094 0.635122 0.0991501 0.636098 0.0991501 0.638049 0.0972616 0.639024 0.0972616 0.640976 0.095373 0.640976 0.0944287 0.641951 0.0934844 0.641951 0.0915958
0 0.022439 0.571294 0.022439 0.573182 0.0214634 0.574127 0.0214634 0.585458 0.0204878 0.586402 0.0204878 0.591124 0.0195122 0.592068 0.0195122 0.593012 0.0185366 0.593957 0.0185366 0.594901 0.017561 0.595845 0.017561 0.596789 0.0165854 0.597734 0.0165854 0.598678 0.0156098 0.599622 0.0146341 0.599622 0.0117073 0.602455 0.0117073 0.603399 0.0107317 0.604344 0.0107317 0.605288 0.0097561 0.606232 0.0097561 0.607177 0.00878049 0.608121 0.00878049 0.609065 0.00780488 0.610009 0.00780488 0.610954 0.00682927 0.611898 0.00682927 0.612842 0.00585366 0.613787 0.00585366 0.617564 0.00682927 0.618508 0.00682927 0.621341 0.00780488 0.622285 0.00780488 0.624174 0.00878049 0.625118 0.00878049 0.626062 0.0097561 0.627007 0.0097561 0.628895 0.0107317 0.629839 0.0107317 0.640227 0.0097561 0.641171 0.0097561 0.643059 0.00878049 0.644004 0.00878049 0.645892 0.00780488 0.646837 0.00780488 0.64967 0.00682927 0.650614 0.00682927 0.65628 0.00585366 0.657224 0.00585366 0.661001 0.00487805 0.661945 0.00487805 0.663834 0.00390244 0.664778 0.00390244 0.667611 0.00292683 0.668555 0 0.668555 0 0.704438 0.00390244 0.704438 0.00487805 0.703494 0.00487805 0.70255 0.00682927 0.700661 0.00682927 0.699717 0.00878049 0.697828 0.00878049 0.696884 0.0097561 0.69594 0.0097561 0.694995 0.0107317 0.694051 0.0107317 0.693107 0.0117073 0.692162 0.0117073 0.691218 0.0156098 0.687441 0.0156098 0.686497 0.0165854 0.685552 0.0165854 0.684608 0.0185366 0.68272 0.0185366 0.681775 0.0195122 0.680831 0.0195122 0.679887 0.0204878 0.678942 0.0204878 0.677998 0.0214634 0.677054 0.0214634 0.67611 0.0234146 0.674221 0.0234146 0.673277 0.0243902 0.672332 0.0243902 0.671388 0.0253659 0.670444 0.0253659 0.6695 0.0263415 0.668555 0.0263415 0.666667 0.0273171 0.665722 0.0273171 0.663834 0.0282927 0.66289 0.0282927 0.661001 0.0292683 0.660057 0.0292683 0.65628 0.0302439 0.655335 0.0302439 0.652502 0.0312195 0.651558 0.0312195 0.571294
0 0.611707 0.607177 0.611707 0.609065 0.609756 0.610954 0.608781 0.610954 0.606829 0.612842 0.605854 0.612842 0.604878 0.613787 0.603902 0.613787 0.602927 0.614731 0.601951 0.614731 0.600976 0.615675 0.6 0.615675 0.599024 0.616619 0.598049 0.616619 0.597073 0.617564 0.597073 0.631728 0.6 0.631728 0.600976 0.632672 0.602927 0.632672 0.603902 0.633617 0.605854 0.633617 0.606829 0.634561 0.607805 0.634561 0.608781 0.635505 0.610732 0.635505 0.611707 0.634561 0.61561 0.634561 0.618537 0.631728 0.619512 0.631728 0.620488 0.630784 0.621463 0.630784 0.623415 0.628895 0.623415 0.627951 0.62439 0.627007 0.625366 0.627007 0.627317 0.625118 0.628293 0.625118 0.629268 0.624174 0.638049 0.624174 0.639024 0.625118 0.642927 0.625118 0.643902 0.626062 0.644878 0.626062 0.645854 0.627007 0.646829 0.627007 0.647805 0.627951 0.649756 0.627951 0.650732 0.628895 0.651707 0.628895 0.652683 0.629839 0.654634 0.629839 0.65561 0.630784 0.658537 0.630784 0.658537 0.623229 0.65561 0.620397 0.654634 0.620397 0.653659 0.619452 0.652683 0.619452 0.651707 0.618508 0.650732 0.618508 0.649756 0.617564 0.64878 0.617564 0.647805 0.616619 0.646829 0.616619 0.642927 0.612842 0.640976 0.612842 0.64 0.611898 0.639024 0.611898 0.638049 0.610954 0.636098 0.610954 0.635122 0.610009 0.634146 0.610009 0.633171 0.609065 0.632195 0.609065 0.63122 0.608121 0.630244 0.608121 0.629268 0.607177
0 0.459512 0.00472144 0.460488 0.00566572 0.460488 0.00944287 0.459512 0.0103872 0.459512 0.0113314 0.458537 0.0122757 0.458537 0.01322 0.457561 0.0141643 0.457561 0.0151086 0.456585 0.0160529 0.456585 0.0169972 0.450732 0.0226629 0.450732 0.0236072 0.447805 0.02644 0.447805 0.0377715 0.450732 0.0377715 0.451707 0.0368272 0.453659 0.0368272 0.456585 0.0339943 0.456585 0.03305 0.459512 0.0302172 0.460488 0.0302172 0.462439 0.0283286 0.462439 0.0273843 0.463415 0.02644 0.463415 0.0254958 0.46439 0.0245515 0.46439 0.00472144
0 0.48 0.0434372 0.48 0.0538244 0.480976 0.0547686 0.480976 0.0557129 0.481951 0.0566572 0.482927 0.0566572 0.484878 0.0585458 0.485854 0.0585458 0.486829 0.0594901 0.489756 0.0594901 0.490732 0.0604344 0.49561 0.0604344 0.496585 0.0594901 0.497561 0.0594901 0.497561 0.0491029 0.49561 0.0472144 0.494634 0.0472144 0.491707 0.0443815 0.491707 0.0434372
1 0.0995122 0.949009 0.0995122 0.954674 0.100488 0.955619 0.101463 0.955619 0.103415 0.957507 0.10439 0.957507 0.106341 0.959396 0.108293 0.959396 0.109268 0.96034 0.113171 0.96034 0.114146 0.959396 0.114146 0.949009
0 0.195122 0.815864 0.194146 0.816808 0.193171 0.816808 0.192195 0.817753 0.190244 0.817753 0.189268 0.818697 0.180488 0.818697 0.179512 0.819641 0.177561 0.819641 0.176585 0.820585 0.176585 0.83475 0.179512 0.83475 0.180488 0.833806 0.183415 0.833806 0.18439 0.832861 0.186341 0.832861 0.187317 0.831917 0.189268 0.831917 0.190244 0.830973 0.192195 0.830973 0.193171 0.830028 0.196098 0.830028 0.197073 0.829084 0.201951 0.829084 0.202927 0.82814 0.205854 0.830973 0.205854 0.831917 0.206829 0.832861 0.206829 0.837583 0.210732 0.837583 0.210732 0.818697 0.209756 0.817753 0.20878 0.817753 0.207805 0.816808 0.205854 0.816808 0.204878 0.815864
0 0.616585 0.899906 0.61561 0.90085 0.61561 0.901794 0.612683 0.904627 0.612683 0.905571 0.611707 0.906516 0.611707 0.911237 0.612683 0.912181 0.612683 0.915958 0.613659 0.916903 0.613659 0.918791 0.614634 0.919736 0.614634 0.92068 0.61561 0.921624 0.61561 0.922568 0.616585 0.923513 0.616585 0.925401 0.618537 0.92729 0.618537 0.928234 0.619512 0.928234 0.620488 0.929178 0.623415 0.929178 0.62439 0.928234 0.62439 0.91407 0.623415 0.913126 0.623415 0.912181 0.621463 0.910293 0.621463 0.909348 0.620488 0.908404 0.620488 0.906516 0.619512 0.905571 0.619512 0.904627 0.617561 0.902738 0.617561 0.901794 0.618537 0.90085 0.619512 0.90085 0.620488 0.899906 0.623415 0.899906
0 0.76 0.396601 0.76 0.416431 0.763902 0.420208 0.770732 0.420208 0.772683 0.418319 0.772683 0.417375 0.773659 0.416431 0.773659 0.415486 0.774634 0.414542 0.774634 0.413598 0.77561 0.412653 0.77561 0.400378 0.774634 0.399433 0.774634 0.398489 0.773659 0.397545 0.771707 0.397545 0.770732 0.396601
1 0.898537 0.957507 0.896585 0.959396 0.896585 0.96034 0.89561 0.961284 0.89561 0.96695 0.896585 0.967894 0.905366 0.967894 0.906341 0.96695 0.908293 0.96695 0.908293 0.957507
0 0.742439 0.602455 0.742439 0.604344 0.741463 0.605288 0.741463 0.606232 0.740488 0.607177 0.740488 0.608121 0.737561 0.610954 0.737561 0.611898 0.733659 0.615675 0.733659 0.616619 0.729756 0.620397 0.729756 0.621341 0.728781 0.622285 0.727805 0.622285 0.724878 0.625118 0.724878 0.626062 0.723902 0.627007 0.723902 0.627951 0.722927 0.628895 0.721951 0.628895 0.721951 0.629839 0.719024 0.632672 0.718049 0.632672 0.717073 0.633617 0.716098 0.633617 0.715122 0.634561 0.715122 0.635505 0.713171 0.637394 0.713171 0.638338 0.712195 0.639282 0.70439 0.639282 0.703415 0.638338 0.702439 0.638338 0.701463 0.637394 0.699512 0.637394 0.698537 0.636449 0.697561 0.636449 0.696585 0.635505 0.694634 0.635505 0.694634 0.652502 0.696585 0.652502 0.697561 0.651558 0.699512 0.651558 0.701463 0.64967 0.702439 0.64967 0.703415 0.648725 0.705366 0.648725 0.706341 0.647781 0.712195 0.647781 0.715122 0.650614 0.715122 0.651558 0.718049 0.654391 0.722927 0.654391 0.723902 0.653447 0.724878 0.653447 0.725854 0.652502 0.725854 0.651558 0.727805 0.64967 0.727805 0.648725 0.729756 0.646837 0.729756 0.645892 0.734634 0.641171 0.734634 0.640227 0.736585 0.638338 0.736585 0.637394 0.740488 0.633617 0.740488 0.632672 0.742439 0.630784 0.742439 0.629839 0.745366 0.627007 0.745366 0.602455
0 0.101463 0.363551 0.0985366 0.366383 0.0985366 0.367328 0.097561 0.368272 0.097561 0.369216 0.0965854 0.370161 0.0965854 0.385269 0.097561 0.385269 0.0995122 0.387158 0.100488 0.387158 0.102439 0.389046 0.103415 0.389046 0.105366 0.390935 0.106341 0.390935 0.107317 0.391879 0.108293 0.391879 0.112195 0.395656 0.113171 0.395656 0.115122 0.397545 0.116098 0.397545 0.118049 0.399433 0.119024 0.399433 0.12 0.400378 0.120976 0.400378 0.121951 0.401322 0.122927 0.401322 0.125854 0.404155 0.127805 0.404155 0.12878 0.405099 0.131707 0.405099 0.132683 0.406043 0.137561 0.406043 0.138537 0.406988 0.152195 0.406988 0.153171 0.406043 0.157073 0.406043 0.158049 0.405099 0.16 0.405099 0.160976 0.404155 0.162927 0.404155 0.163902 0.403211 0.164878 0.403211 0.165854 0.402266 0.167805 0.402266 0.16878 0.401322 0.169756 0.401322 0.170732 0.400378 0.173659 0.403211 0.173659 0.404155 0.174634 0.405099 0.174634 0.406043 0.17561 0.406988 0.17561 0.407932 0.176585 0.408876 0.176585 0.412653 0.18439 0.412653 0.18439 0.391879 0.183415 0.390935 0.183415 0.389991 0.182439 0.389991 0.181463 0.389046 0.180488 0.389046 0.178537 0.387158 0.177561 0.387158 0.176585 0.386213 0.17561 0.387158 0.172683 0.387158 0.171707 0.388102 0.16878 0.388102 0.167805 0.387158 0.162927 0.387158 0.161951 0.388102 0.16 0.388102 0.159024 0.389046 0.157073 0.389046 0.156098 0.389991 0.155122 0.389991 0.154146 0.390935 0.153171 0.390935 0.152195 0.391879 0.147317 0.391879 0.146341 0.392823 0.143415 0.392823 0.142439 0.391879 0.139512 0.391879 0.138537 0.390935 0.137561 0.390935 0.134634 0.388102 0.133659 0.388102 0.132683 0.387158 0.131707 0.387158 0.129756 0.385269 0.12878 0.385269 0.126829 0.383381 0.125854 0.383381 0.115122 0.372993 0.115122 0.372049 0.113171 0.370161 0.113171 0.369216 0.110244 0.366383 0.110244 0.365439 0.108293 0.363551
1 0.868293 0.862134 0.869268 0.863078 0.869268 0.865911 0.870244 0.866856 0.87122 0.866856 0.873171 0.868744 0.876098 0.868744 0.877073 0.8678 0.879024 0.8678 0.88 0.866856 0.88 0.862134
0 0.116098 0.279509 0.116098 0.301228 0.117073 0.302172 0.117073 0.305949 0.118049 0.306893 0.118049 0.309726 0.119024 0.31067 0.119024 0.312559 0.120976 0.314448 0.120976 0.315392 0.122927 0.31728 0.122927 0.318225 0.123902 0.319169 0.123902 0.321058 0.124878 0.322002 0.124878 0.32389 0.126829 0.325779 0.126829 0.326723 0.127805 0.327668 0.127805 0.339943 0.12878 0.340888 0.12878 0.357885 0.13561 0.357885 0.13561 0.332389 0.134634 0.331445 0.134634 0.327668 0.133659 0.326723 0.133659 0.322946 0.132683 0.322002 0.132683 0.320113 0.129756 0.31728 0.129756 0.316336 0.12878 0.315392 0.12878 0.314448 0.127805 0.313503 0.127805 0.311615 0.125854 0.309726 0.125854 0.305949 0.126829 0.305005 0.126829 0.30406 0.127805 0.303116 0.12878 0.303116 0.127805 0.302172 0.126829 0.302172 0.124878 0.300283 0.124878 0.296506 0.123902 0.295562 0.123902 0.288008 0.124878 0.287063 0.124878 0.283286 0.125854 0.282342 0.125854 0.279509
1 0.45561 0.390935 0.45561 0.398489 0.456585 0.399433 0.456585 0.400378 0.459512 0.403211 0.461463 0.403211 0.462439 0.404155 0.468293 0.404155 0.469268 0.403211 0.470244 0.403211 0.47122 0.402266 0.47122 0.390935
1 0.114146 0.899906 0.114146 0.903683 0.115122 0.904627 0.115122 0.906516 0.116098 0.90746 0.116098 0.908404 0.117073 0.909348 0.117073 0.910293 0.122927 0.910293 0.122927 0.899906
0 0.786341 0.442871 0.786341 0.456091 0.789268 0.458924 0.789268 0.466478 0.788293 0.467422 0.788293 0.470255 0.787317 0.471199 0.787317 0.472144 0.786341 0.473088 0.786341 0.486308 0.790244 0.490085 0.790244 0.491029 0.79122 0.491974 0.79122 0.492918 0.792195 0.493862 0.792195 0.494806 0.793171 0.495751 0.793171 0.501416 0.792195 0.502361 0.792195 0.503305 0.79122 0.504249 0.804878 0.504249 0.804878 0.489141 0.803902 0.490085 0.802927 0.490085 0.8 0.487252 0.8 0.485364 0.799024 0.484419 0.799024 0.480642 0.798049 0.479698 0.798049 0.473088 0.799024 0.472144 0.799024 0.469311 0.8 0.468366 0.8 0.467422 0.801951 0.465534 0.801951 0.463645 0.802927 0.462701 0.802927 0.460812 0.803902 0.459868 0.803902 0.452314 0.802927 0.452314 0.801951 0.451369 0.800976 0.451369 0.8 0.450425 0.799024 0.450425 0.798049 0.449481 0.796098 0.449481 0.794146 0.447592 0.794146 0.446648 0.79122 0.443815 0.79122 0.442871
0 0.294634 0.396601 0.289756 0.401322 0.289756 0.402266 0.28878 0.403211 0.28878 0.404155 0.287805 0.405099 0.287805 0.406043 0.284878 0.408876 0.284878 0.409821 0.283902 0.410765 0.283902 0.412653 0.282927 0.413598 0.282927 0.415486 0.285854 0.418319 0.286829 0.418319 0.293659 0.411709 0.293659 0.410765 0.29561 0.408876 0.29561 0.407932 0.300488 0.403211 0.300488 0.396601
1 0.0253659 0.394712 0.0253659 0.399433 0.0243902 0.400378 0.0243902 0.404155 0.0253659 0.405099 0.0253659 0.406043 0.0273171 0.407932 0.0321951 0.407932 0.0331707 0.406988 0.035122 0.406988 0.0380488 0.404155 0.0380488 0.394712
1 0.409756 0.843248 0.409756 0.856468 0.414634 0.856468 0.41561 0.855524 0.418537 0.855524 0.419512 0.85458 0.421463 0.85458 0.421463 0.843248
1 0.500488 0.618508 0.500488 0.619452 0.497561 0.622285 0.497561 0.623229 0.496585 0.624174 0.496585 0.626062 0.49561 0.627007 0.49561 0.627951 0.491707 0.631728 0.491707 0.645892 0.499512 0.645892 0.500488 0.644948 0.503415 0.644948 0.50439 0.644004 0.508293 0.644004 0.509268 0.643059 0.513171 0.643059 0.514146 0.642115 0.515122 0.642115 0.516098 0.641171 0.518049 0.641171 0.519024 0.640227 0.52 0.640227 0.521951 0.638338 0.521951 0.637394 0.523902 0.635505 0.523902 0.634561 0.524878 0.633617 0.524878 0.627007 0.523902 0.626062 0.523902 0.625118 0.522927 0.624174 0.522927 0.623229 0.521951 0.622285 0.521951 0.621341 0.520976 0.620397 0.520976 0.619452 0.52 0.618508
0 0.0546341 0.423041 0.0546341 0.429651 0.0556098 0.430595 0.0556098 0.431539 0.0565854 0.432483 0.0565854 0.434372 0.057561 0.435316 0.057561 0.437205 0.0585366 0.438149 0.0585366 0.440038 0.0604878 0.441926 0.0604878 0.442871 0.0614634 0.442871 0.0653659 0.446648 0.0731707 0.446648 0.075122 0.444759 0.0760976 0.444759 0.0780488 0.442871 0.0790244 0.442871 0.08 0.441926 0.0809756 0.442871 0.0809756 0.423041 0.08 0.423041 0.08 0.424929 0.0790244 0.425873 0.0790244 0.427762 0.0780488 0.428706 0.0780488 0.430595 0.0770732 0.431539 0.0770732 0.432483 0.0760976 0.433428 0.0760976 0.434372 0.075122 0.435316 0.0741463 0.435316 0.0731707 0.436261 0.0721951 0.435316 0.0692683 0.435316 0.0682927 0.434372 0.0673171 0.434372 0.0663415 0.433428 0.0663415 0.432483 0.0653659 0.431539 0.0653659 0.430595 0.0643902 0.429651 0.0643902 0.427762 0.0634146 0.426818 0.0634146 0.425873 0.062439 0.424929 0.062439 0.423985 0.0614634 0.423041
0 0.536585 0.0604344 0.531707 0.0651558 0.530732 0.0651558 0.52878 0.0670444 0.527805 0.0670444 0.527805 0.0727101 0.52878 0.0736544 0.531707 0.0736544 0.532683 0.0745987 0.534634 0.0745987 0.53561 0.075543 0.537561 0.075543 0.538537 0.0764873 0.539512 0.075543 0.546341 0.075543 0.547317 0.0745987 0.550244 0.0745987 0.55122 0.0736544 0.556098 0.0736544 0.556098 0.0670444 0.555122 0.0661001 0.555122 0.0651558 0.554146 0.0642115 0.554146 0.0632672 0.553171 0.0623229 0.553171 0.0613787 0.552195 0.0604344
0 0.620488 0.173749 0.612683 0.181303 0.611707 0.181303 0.610732 0.182247 0.609756 0.182247 0.608781 0.183192 0.607805 0.183192 0.605854 0.18508 0.604878 0.18508 0.602927 0.186969 0.601951 0.186969 0.600976 0.187913 0.6 0.187913 0.6 0.194523 0.609756 0.194523 0.611707 0.192635 0.612683 0.192635 0.614634 0.190746 0.61561 0.190746 0.616585 0.189802 0.619512 0.189802 0.620488 0.188857 0.621463 0.188857 0.62439 0.186025 0.62439 0.18508 0.626341 0.183192 0.626341 0.173749
0 0.707317 0.307838 0.708293 0.308782 0.708293 0.311615 0.709268 0.312559 0.709268 0.31728 0.710244 0.318225 0.710244 0.328612 0.709268 0.329556 0.709268 0.334278 0.708293 0.335222 0.708293 0.340888 0.707317 0.341832 0.707317 0.375826 0.718049 0.375826 0.718049 0.372993 0.717073 0.372049 0.717073 0.369216 0.718049 0.368272 0.718049 0.364495 0.717073 0.363551 0.717073 0.351275 0.718049 0.350331 0.718049 0.347498 0.719024 0.346553 0.719024 0.344665 0.72 0.34372 0.72 0.339943 0.720976 0.338999 0.720976 0.307838
0 0.310244 0.380548 0.307317 0.383381 0.307317 0.384325 0.306341 0.385269 0.306341 0.386213 0.305366 0.387158 0.305366 0.388102 0.30439 0.389046 0.30439 0.389991 0.301463 0.392823 0.299512 0.392823 0.296585 0.395656 0.29561 0.395656 0.29561 0.396601 0.293659 0.398489 0.292683 0.398489 0.291707 0.399433 0.291707 0.400378 0.289756 0.402266 0.289756 0.414542 0.289756 0.413598 0.294634 0.408876 0.294634 0.407932 0.30439 0.398489 0.305366 0.398489 0.306341 0.397545 0.310244 0.401322 0.310244 0.402266 0.31122 0.403211 0.31122 0.405099 0.312195 0.406043 0.312195 0.408876 0.313171 0.409821 0.314146 0.409821 0.315122 0.410765 0.316098 0.410765 0.318049 0.412653 0.318049 0.413598 0.319024 0.413598 0.32 0.412653 0.32 0.411709 0.320976 0.410765 0.320976 0.409821 0.321951 0.408876 0.321951 0.404155 0.322927 0.403211 0.322927 0.402266 0.325854 0.399433 0.325854 0.384325 0.323902 0.382436 0.323902 0.381492 0.322927 0.380548
0 0.203902 0.825307 0.203902 0.832861 0.204878 0.833806 0.204878 0.835694 0.205854 0.836638 0.205854 0.84136 0.206829 0.842304 0.206829 0.846081 0.207805 0.847026 0.207805 0.84797 0.20878 0.84797 0.209756 0.848914 0.216585 0.848914 0.219512 0.846081 0.219512 0.830028 0.214634 0.825307
0 0.533659 0.639282 0.533659 0.642115 0.532683 0.643059 0.532683 0.646837 0.533659 0.647781 0.533659 0.648725 0.537561 0.652502 0.537561 0.653447 0.538537 0.654391 0.538537 0.655335 0.539512 0.655335 0.540488 0.65628 0.541463 0.65628 0.543415 0.658168 0.543415 0.659112 0.542439 0.660057 0.542439 0.661945 0.541463 0.66289 0.541463 0.664778 0.542439 0.665722 0.54439 0.665722 0.546341 0.667611 0.547317 0.667611 0.549268 0.6695 0.550244 0.6695 0.55122 0.670444 0.552195 0.670444 0.553171 0.671388 0.555122 0.671388 0.556098 0.672332 0.574634 0.672332 0.576585 0.670444 0.577561 0.670444 0.578537 0.6695 0.579512 0.6695 0.581463 0.667611 0.582439 0.667611 0.58439 0.665722 0.58439 0.664778 0.585366 0.663834 0.585366 0.66289 0.587317 0.661001 0.587317 0.660057 0.589268 0.658168 0.589268 0.65628 0.590244 0.655335 0.590244 0.654391 0.591219 0.653447 0.591219 0.652502 0.592195 0.651558 0.592195 0.644948 0.591219 0.644004 0.590244 0.644004 0.589268 0.643059 0.588293 0.643059 0.586341 0.641171 0.585366 0.641171 0.583415 0.639282 0.579512 0.643059 0.579512 0.644004 0.577561 0.645892 0.577561 0.646837 0.576585 0.647781 0.57561 0.647781 0.569756 0.653447 0.56878 0.653447 0.567805 0.654391 0.565854 0.654391 0.564878 0.655335 0.56 0.655335 0.559024 0.654391 0.555122 0.654391 0.554146 0.653447 0.553171 0.653447 0.55122 0.651558 0.55122 0.647781 0.550244 0.646837 0.550244 0.645892 0.548293 0.644004 0.548293 0.643059 0.547317 0.642115 0.547317 0.641171 0.545366 0.639282
0 0.811707 0.250236 0.810732 0.25118 0.809756 0.25118 0.806829 0.254013 0.806829 0.255902 0.805854 0.256846 0.805854 0.258735 0.806829 0.259679 0.806829 0.260623 0.80878 0.262512 0.80878 0.263456 0.811707 0.266289 0.812683 0.266289 0.814634 0.268178 0.816585 0.268178 0.818537 0.266289 0.818537 0.260623 0.817561 0.259679 0.817561 0.253069 0.816585 0.252125 0.816585 0.250236
1 0.659512 0.219075 0.658537 0.220019 0.658537 0.221907 0.657561 0.222852 0.657561 0.234183 0.659512 0.236072 0.674146 0.236072 0.675122 0.235127 0.677073 0.235127 0.678049 0.234183 0.679024 0.234183 0.68 0.233239 0.68 0.232295 0.681951 0.230406 0.681951 0.228517 0.682927 0.227573 0.681951 0.226629 0.681951 0.225685 0.680976 0.22474 0.680976 0.222852 0.68 0.221907 0.68 0.220963 0.678049 0.219075
0 0.543415 0.176582 0.542439 0.177526 0.542439 0.181303 0.541463 0.182247 0.541463 0.188857 0.540488 0.189802 0.540488 0.190746 0.541463 0.19169 0.541463 0.194523 0.542439 0.195467 0.542439 0.197356 0.543415 0.1983 0.543415 0.200189 0.54439 0.201133 0.54439 0.203022 0.541463 0.205855 0.540488 0.205855 0.539512 0.206799 0.538537 0.206799 0.538537 0.220019 0.539512 0.220019 0.541463 0.221907 0.541463 0.223796 0.542439 0.22474 0.542439 0.227573 0.543415 0.228517 0.543415 0.233239 0.550244 0.233239 0.550244 0.232295 0.548293 0.230406 0.548293 0.229462 0.547317 0.228517 0.547317 0.213409 0.548293 0.212465 0.548293 0.21152 0.549268 0.210576 0.549268 0.209632 0.550244 0.208687 0.550244 0.176582
1 0.851707 0.859301 0.851707 0.8678 0.852683 0.868744 0.852683 0.869688 0.853659 0.870633 0.85561 0.870633 0.857561 0.868744 0.858537 0.868744 0.859512 0.8678 0.860488 0.8678 0.862439 0.865911 0.863415 0.865911 0.86439 0.864967 0.86439 0.859301
1 0.579512 0.641171 0.579512 0.643059 0.578537 0.644004 0.578537 0.646837 0.577561 0.647781 0.577561 0.648725 0.576585 0.64967 0.576585 0.65628 0.589268 0.65628 0.591219 0.654391 0.591219 0.653447 0.593171 0.651558 0.593171 0.641171
1 0.521951 0.108593 0.520976 0.109537 0.520976 0.111426 0.52 0.11237 0.52 0.113314 0.519024 0.114259 0.519024 0.124646 0.527805 0.124646 0.52878 0.123702 0.529756 0.123702 0.530732 0.122757 0.531707 0.122757 0.531707 0.108593
1 0.343415 0.810198 0.343415 0.819641 0.345366 0.819641 0.346341 0.820585 0.352195 0.820585 0.353171 0.82153 0.352195 0.822474 0.350244 0.822474 0.349268 0.823418 0.348293 0.823418 0.347317 0.824363 0.346341 0.824363 0.346341 0.825307 0.345366 0.826251 0.345366 0.82814 0.347317 0.830028 0.347317 0.830973 0.348293 0.831917 0.348293 0.832861 0.349268 0.833806 0.349268 0.83475 0.35122 0.836638 0.35122 0.837583 0.353171 0.839471 0.354146 0.839471 0.355122 0.840415 0.356098 0.840415 0.357073 0.84136 0.360976 0.84136 0.361951 0.840415 0.364878 0.840415 0.365854 0.839471 0.365854 0.816808 0.361951 0.816808 0.360976 0.817753 0.36 0.817753 0.359024 0.818697 0.357073 0.818697 0.355122 0.816808 0.355122 0.812087 0.356098 0.811143 0.356098 0.810198
0 0.413659 0.807365 0.413659 0.80831 0.412683 0.809254 0.412683 0.812087 0.411707 0.813031 0.411707 0.815864 0.410732 0.816808 0.410732 0.817753 0.409756 0.818697 0.409756 0.820585 0.40878 0.82153 0.40878 0.826251 0.407805 0.827195 0.407805 0.830973 0.406829 0.831917 0.406829 0.83475 0.405854 0.835694 0.405854 0.836638 0.402927 0.839471 0.402927 0.840415 0.398049 0.845137 0.398049 0.848914 0.401951 0.852691 0.40878 0.852691 0.410732 0.850803 0.411707 0.850803 0.411707 0.849858 0.413659 0.84797 0.413659 0.847026 0.414634 0.846081 0.414634 0.843248 0.41561 0.842304 0.41561 0.84136 0.416585 0.840415 0.416585 0.839471 0.417561 0.838527 0.417561 0.836638 0.418537 0.835694 0.418537 0.830028 0.419512 0.829084 0.419512 0.807365
0 0.859512 0.0812087 0.859512 0.107649 0.86439 0.107649 0.86439 0.10576 0.865366 0.104816 0.865366 0.103872 0.866341 0.102927 0.866341 0.101039 0.867317 0.100094 0.867317 0.0991501 0.868293 0.0982059 0.868293 0.095373 0.869268 0.0944287 0.869268 0.0934844 0.872195 0.0906516 0.875122 0.0906516 0.876098 0.0915958 0.878049 0.0915958 0.879024 0.0925401 0.881951 0.0925401 0.881951 0.0830973 0.880976 0.0830973 0.88 0.082153 0.879024 0.082153 0.878049 0.0812087
0 0.979512 0.878187 0.979512 0.908404 0.983415 0.908404 0.98439 0.909348 0.98439 0.910293 0.986341 0.912181 0.986341 0.913126 0.989268 0.915958 0.993171 0.915958 0.994146 0.915014 0.996098 0.915014 0.997073 0.91407 0.997073 0.90085 0.995122 0.898961 0.995122 0.897073 0.994146 0.896128 0.994146 0.893296 0.993171 0.892351 0.993171 0.890463 0.986341 0.883853 0.986341 0.882908 0.98439 0.88102 0.98439 0.880076 0.982439 0.878187
0 0.892683 0.534467 0.891707 0.535411 0.891707 0.536355 0.889756 0.538244 0.889756 0.539188 0.88878 0.540132 0.88878 0.542021 0.889756 0.542965 0.889756 0.545798 0.890732 0.546742 0.890732 0.549575 0.889756 0.550519 0.889756 0.552408 0.88878 0.553352 0.886829 0.553352 0.88 0.559962 0.879024 0.559962 0.878049 0.560907 0.877073 0.560907 0.876098 0.561851 0.876098 0.572238 0.877073 0.571294 0.88 0.571294 0.880976 0.570349 0.880976 0.569405 0.886829 0.563739 0.886829 0.562795 0.88878 0.560907 0.88878 0.559962 0.889756 0.559018 0.889756 0.555241 0.891707 0.553352 0.892683 0.553352 0.894634 0.555241 0.894634 0.559018 0.89561 0.559962 0.89561 0.561851 0.896585 0.562795 0.896585 0.565628 0.897561 0.566572 0.897561 0.569405 0.898537 0.570349 0.898537 0.572238 0.899512 0.573182 0.905366 0.573182 0.906341 0.572238 0.906341 0.557129 0.90439 0.555241 0.90439 0.554296 0.903415 0.553352 0.903415 0.552408 0.902439 0.551464 0.902439 0.549575 0.901463 0.548631 0.901463 0.546742 0.900488 0.545798 0.900488 0.543909 0.899512 0.542965 0.899512 0.541076 0.898537 0.540132 0.897561 0.540132 0.894634 0.537299 0.894634 0.536355 0.893659 0.535411 0.893659 0.534467
0 0.307317 0.684608 0.306341 0.685552 0.305366 0.685552 0.299512 0.691218 0.298537 0.691218 0.29561 0.694051 0.294634 0.694051 0.293659 0.694995 0.293659 0.707271 0.297561 0.711048 0.300488 0.711048 0.301463 0.711992 0.312195 0.711992 0.315122 0.70916 0.315122 0.708215 0.316098 0.707271 0.316098 0.686497 0.315122 0.685552 0.314146 0.685552 0.313171 0.684608
0 0.161951 0.0566572 0.160976 0.0576015 0.160976 0.0594901 0.155122 0.0651558 0.155122 0.0698772 0.154146 0.0708215 0.154146 0.0717658 0.155122 0.0727101 0.155122 0.0736544 0.156098 0.0745987 0.158049 0.0745987 0.158049 0.0736544 0.159024 0.0727101 0.159024 0.0717658 0.16 0.0708215 0.16 0.0698772 0.161951 0.0679887 0.163902 0.0679887 0.163902 0.0566572
0 0.181463 0.579792 0.180488 0.580737 0.180488 0.581681 0.177561 0.584514 0.176585 0.584514 0.17561 0.585458 0.16878 0.585458 0.16878 0.600567 0.170732 0.600567 0.171707 0.599622 0.173659 0.599622 0.174634 0.598678 0.176585 0.598678 0.177561 0.597734 0.178537 0.597734 0.179512 0.596789 0.180488 0.596789 0.181463 0.595845 0.182439 0.595845 0.18439 0.593957 0.185366 0.593957 0.186341 0.593012 0.187317 0.593012 0.188293 0.592068 0.189268 0.592068 0.189268 0.579792
1 0.386341 0.711992 0.383415 0.714825 0.382439 0.714825 0.381463 0.713881 0.381463 0.730878 0.389268 0.730878 0.388293 0.729934 0.388293 0.72899 0.387317 0.728045 0.387317 0.727101 0.388293 0.726157 0.388293 0.721435 0.392195 0.717658 0.392195 0.716714 0.393171 0.71577 0.393171 0.712937 0.392195 0.711992
1 0.941463 0.899906 0.941463 0.902738 0.938537 0.905571 0.937561 0.905571 0.93561 0.90746 0.934634 0.90746 0.933659 0.908404 0.933659 0.92729 0.934634 0.928234 0.93561 0.928234 0.936585 0.929178 0.937561 0.929178 0.938537 0.930123 0.942439 0.930123 0.943415 0.931067 0.94439 0.931067 0.945366 0.930123 0.946341 0.930123 0.947317 0.929178 0.948293 0.929178 0.949268 0.928234 0.950244 0.928234 0.951219 0.92729 0.951219 0.925401 0.952195 0.924457 0.952195 0.923513 0.954146 0.921624 0.955122 0.921624 0.956098 0.92068 0.956098 0.919736 0.957073 0.918791 0.957073 0.899906
0 0.380488 0.731822 0.380488 0.744098 0.381463 0.745043 0.383415 0.745043 0.38439 0.745987 0.446829 0.745987 0.450732 0.74221 0.451707 0.74221 0.452683 0.741265 0.452683 0.731822 0.433171 0.731822 0.435122 0.733711 0.434146 0.734655 0.433171 0.734655 0.432195 0.7356 0.429268 0.7356 0.428293 0.736544 0.420488 0.736544 0.417561 0.733711 0.417561 0.731822
0 0.921951 0.776204 0.921951 0.786591 0.922927 0.787535 0.922927 0.791313 0.923902 0.792257 0.923902 0.794145 0.924878 0.79509 0.924878 0.796034 0.925854 0.796978 0.926829 0.796978 0.927805 0.797923 0.92878 0.797923 0.929756 0.798867 0.929756 0.799811 0.930732 0.800755 0.930732 0.809254 0.920976 0.818697 0.920976 0.819641 0.919024 0.82153 0.918049 0.82153 0.917073 0.822474 0.916098 0.822474 0.914146 0.824363 0.913171 0.824363 0.912195 0.825307 0.91122 0.825307 0.910244 0.826251 0.909268 0.826251 0.907317 0.82814 0.906341 0.82814 0.903415 0.830973 0.902439 0.830973 0.899512 0.833806 0.898537 0.832861 0.897561 0.832861 0.896585 0.831917 0.89561 0.831917 0.894634 0.830973 0.887805 0.830973 0.886829 0.831917 0.886829 0.832861 0.885854 0.833806 0.880976 0.833806 0.882927 0.833806 0.884878 0.835694 0.884878 0.840415 0.883902 0.84136 0.883902 0.843248 0.881951 0.845137 0.880976 0.845137 0.88 0.846081 0.876098 0.846081 0.876098 0.847026 0.881951 0.847026 0.882927 0.84797 0.885854 0.84797 0.887805 0.849858 0.887805 0.850803 0.88878 0.851747 0.88878 0.85458 0.889756 0.855524 0.889756 0.862134 0.890732 0.863078 0.890732 0.865911 0.891707 0.866856 0.891707 0.8678 0.892683 0.868744 0.892683 0.869688 0.893659 0.870633 0.897561 0.870633 0.898537 0.869688 0.898537 0.864967 0.897561 0.864023 0.897561 0.856468 0.896585 0.855524 0.896585 0.851747 0.89561 0.850803 0.89561 0.845137 0.896585 0.844193 0.896585 0.842304 0.897561 0.84136 0.897561 0.840415 0.898537 0.839471 0.898537 0.83475 0.899512 0.833806 0.900488 0.83475 0.900488 0.836638 0.903415 0.839471 0.90439 0.839471 0.905366 0.840415 0.906341 0.840415 0.908293 0.842304 0.908293 0.843248 0.910244 0.845137 0.910244 0.846081 0.91122 0.847026 0.91122 0.84797 0.913171 0.849858 0.913171 0.850803 0.914146 0.851747 0.914146 0.853635 0.915122 0.85458 0.915122 0.856468 0.916098 0.857413 0.916098 0.860246 0.917073 0.86119 0.917073 0.863078 0.918049 0.864023 0.918049 0.864967 0.919024 0.865911 0.92 0.865911 0.923902 0.869688 0.923902 0.870633 0.925854 0.872521 0.92878 0.872521 0.929756 0.873466 0.930732 0.873466 0.931707 0.87441 0.933659 0.87441 0.936585 0.871577 0.934634 0.869688 0.933659 0.869688 0.932683 0.868744 0.931707 0.868744 0.927805 0.864967 0.927805 0.864023 0.926829 0.863078 0.926829 0.86119 0.925854 0.860246 0.925854 0.856468 0.924878 0.855524 0.924878 0.850803 0.923902 0.849858 0.923902 0.845137 0.922927 0.844193 0.922927 0.84136 0.921951 0.840415 0.922927 0.839471 0.922927 0.836638 0.923902 0.835694 0.923902 0.83475 0.925854 0.832861 0.925854 0.831917 0.92878 0.829084 0.92878 0.82814 0.931707 0.825307 0.931707 0.824363 0.934634 0.82153 0.934634 0.819641 0.93561 0.818697 0.93561 0.813031 0.934634 0.812087 0.934634 0.811143 0.933659 0.810198 0.933659 0.809254 0.932683 0.80831 0.932683 0.799811 0.931707 0.798867 0.931707 0.796034 0.932683 0.79509 0.932683 0.794145 0.934634 0.792257 0.93561 0.792257 0.936585 0.791313 0.938537 0.791313 0.939512 0.792257 0.940488 0.792257 0.941463 0.793201 0.941463 0.794145 0.942439 0.79509 0.942439 0.796034 0.943415 0.796978 0.943415 0.797923 0.943415 0.789424 0.938537 0.789424 0.937561 0.78848 0.93561 0.78848 0.933659 0.786591 0.933659 0.785647 0.932683 0.784703 0.932683 0.783758 0.927805 0.779037 0.927805 0.778093 0.926829 0.777148 0.926829 0.776204
1 0.124878 0.694051 0.124878 0.710104 0.147317 0.710104 0.148293 0.70916 0.149268 0.70916 0.149268 0.694051
0 0.397073 0.263456 0.397073 0.274788 0.40878 0.274788 0.40878 0.265345 0.406829 0.263456
1 0.406829 0.84136 0.406829 0.85458 0.412683 0.85458 0.413659 0.853635 0.416585 0.853635 0.417561 0.852691 0.420488 0.852691 0.420488 0.84136
0 0.43122 0.68933 0.43122 0.698772 0.433171 0.700661 0.434146 0.700661 0.437073 0.703494 0.437073 0.704438 0.439024 0.706327 0.44 0.706327 0.440976 0.707271 0.443902 0.707271 0.444878 0.708215 0.445854 0.708215 0.446829 0.70916 0.447805 0.70916 0.447805 0.699717 0.445854 0.697828 0.445854 0.696884 0.440976 0.692162 0.44 0.692162 0.437073 0.68933
1 0.914146 0.474976 0.914146 0.486308 0.916098 0.486308 0.917073 0.487252 0.92 0.487252 0.920976 0.488196 0.922927 0.488196 0.923902 0.489141 0.924878 0.489141 0.925854 0.490085 0.927805 0.490085 0.92878 0.491029 0.930732 0.491029 0.931707 0.491974 0.932683 0.491974 0.932683 0.481586 0.92878 0.477809 0.92878 0.474976
0 0.0595122 0.769594 0.0595122 0.789424 0.062439 0.789424 0.062439 0.78848 0.0634146 0.787535 0.0634146 0.786591 0.0653659 0.784703 0.0682927 0.784703 0.0692683 0.785647 0.0780488 0.785647 0.0780488 0.778093 0.0760976 0.776204 0.0760976 0.77526 0.0721951 0.771483 0.0721951 0.769594
0 0.497561 0.0169972 0.486829 0.0273843 0.486829 0.0311615 0.49561 0.0311615 0.497561 0.0292729 0.498537 0.0292729 0.50439 0.0236072 0.505366 0.0236072 0.506341 0.0226629 0.507317 0.0226629 0.507317 0.0169972
1 0.44 0.532578 0.44 0.542965 0.440976 0.543909 0.443902 0.543909 0.444878 0.544854 0.450732 0.544854 0.451707 0.543909 0.454634 0.543909 0.45561 0.542965 0.457561 0.542965 0.458537 0.542021 0.459512 0.542021 0.460488 0.541076 0.461463 0.541076 0.462439 0.540132 0.462439 0.537299 0.463415 0.536355 0.46439 0.536355 0.46439 0.532578
0 0.590244 0.767705 0.589268 0.76865 0.587317 0.76865 0.586341 0.769594 0.586341 0.796978 0.587317 0.797923 0.587317 0.799811 0.588293 0.800755 0.588293 0.802644 0.589268 0.803588 0.589268 0.804533 0.590244 0.805477 0.590244 0.807365 0.591219 0.80831 0.591219 0.812087 0.592195 0.813031 0.592195 0.815864 0.594146 0.817753 0.594146 0.818697 0.596098 0.820585 0.596098 0.82153 0.597073 0.822474 0.597073 0.823418 0.598049 0.824363 0.598049 0.826251 0.599024 0.827195 0.599024 0.829084 0.6 0.830028 0.6 0.831917 0.600976 0.832861 0.600976 0.833806 0.601951 0.83475 0.601951 0.836638 0.603902 0.838527 0.603902 0.839471 0.604878 0.840415 0.604878 0.84136 0.605854 0.842304 0.605854 0.844193 0.606829 0.845137 0.606829 0.848914 0.605854 0.849858 0.605854 0.853635 0.607805 0.855524 0.607805 0.856468 0.608781 0.857413 0.608781 0.858357 0.609756 0.859301 0.609756 0.860246 0.610732 0.86119 0.610732 0.862134 0.611707 0.863078 0.611707 0.864023 0.612683 0.864967 0.612683 0.866856 0.613659 0.8678 0.613659 0.868744 0.614634 0.869688 0.614634 0.870633 0.61561 0.871577 0.61561 0.872521 0.617561 0.87441 0.617561 0.875354 0.618537 0.876298 0.618537 0.877243 0.619512 0.878187 0.619512 0.879131 0.620488 0.880076 0.620488 0.88102 0.621463 0.881964 0.621463 0.886686 0.620488 0.88763 0.620488 0.889518 0.619512 0.890463 0.619512 0.891407 0.618537 0.892351 0.618537 0.893296 0.616585 0.895184 0.616585 0.896128 0.629268 0.896128 0.630244 0.895184 0.630244 0.89424 0.63122 0.893296 0.63122 0.846081 0.630244 0.845137 0.630244 0.844193 0.629268 0.843248 0.629268 0.842304 0.628293 0.84136 0.628293 0.840415 0.627317 0.839471 0.627317 0.838527 0.626341 0.837583 0.626341 0.836638 0.625366 0.835694 0.625366 0.833806 0.62439 0.832861 0.62439 0.831917 0.623415 0.830973 0.623415 0.830028 0.622439 0.829084 0.622439 0.826251 0.621463 0.825307 0.621463 0.822474 0.620488 0.82153 0.620488 0.819641 0.619512 0.818697 0.619512 0.817753 0.618537 0.816808 0.618537 0.81492 0.616585 0.813031 0.616585 0.812087 0.614634 0.810198 0.614634 0.80831 0.613659 0.807365 0.613659 0.806421 0.612683 0.805477 0.612683 0.804533 0.611707 0.803588 0.611707 0.802644 0.610732 0.8017 0.610732 0.800755 0.609756 0.799811 0.609756 0.797923 0.608781 0.796978 0.608781 0.796034 0.607805 0.79509 0.607805 0.793201 0.606829 0.792257 0.606829 0.789424 0.605854 0.78848 0.605854 0.786591 0.604878 0.785647 0.604878 0.782814 0.603902 0.78187 0.603902 0.779981 0.602927 0.779037 0.602927 0.778093 0.601951 0.777148 0.601951 0.776204 0.600976 0.77526 0.600976 0.774315 0.6 0.773371 0.6 0.772427 0.598049 0.770538 0.598049 0.769594 0.596098 0.767705
0 0.976585 0.206799 0.976585 0.209632 0.97561 0.210576 0.97561 0.212465 0.974634 0.213409 0.974634 0.217186 0.973659 0.21813 0.973659 0.221907 0.972683 0.222852 0.972683 0.22474 0.966829 0.230406 0.966829 0.240793 0.967805 0.239849 0.970732 0.239849 0.970732 0.238905 0.972683 0.237016 0.972683 0.236072 0.974634 0.234183 0.97561 0.234183 0.976585 0.233239 0.976585 0.232295 0.977561 0.23135 0.977561 0.230406 0.978537 0.229462 0.978537 0.226629 0.979512 0.225685 0.979512 0.221907 0.980488 0.220963 0.980488 0.215297 0.979512 0.214353 0.979512 0.210576 0.978537 0.209632 0.978537 0.208687 0.977561 0.207743 0.977561 0.206799
0 0.398049 0.779037 0.398049 0.786591 0.402927 0.786591 0.403902 0.787535 0.407805 0.787535 0.40878 0.78848 0.410732 0.78848 0.411707 0.789424 0.413659 0.789424 0.414634 0.790368 0.416585 0.790368 0.417561 0.791313 0.420488 0.791313 0.421463 0.792257 0.422439 0.792257 0.423415 0.793201 0.42439 0.793201 0.425366 0.794145 0.426341 0.794145 0.427317 0.79509 0.430244 0.79509 0.432195 0.793201 0.432195 0.789424 0.43122 0.78848 0.43122 0.787535 0.428293 0.784703 0.428293 0.783758 0.427317 0.783758 0.42439 0.780925 0.423415 0.780925 0.422439 0.779981 0.420488 0.779981 0.419512 0.779037
0 0.810732 0.783758 0.810732 0.840415 0.811707 0.840415 0.812683 0.84136 0.813659 0.84136 0.814634 0.842304 0.81561 0.842304 0.817561 0.840415 0.817561 0.839471 0.818537 0.838527 0.818537 0.835694 0.819512 0.83475 0.819512 0.832861 0.820488 0.831917 0.820488 0.829084 0.821463 0.82814 0.821463 0.818697 0.822439 0.817753 0.822439 0.813975 0.823415 0.813031 0.823415 0.812087 0.82439 0.811143 0.82439 0.809254 0.825366 0.80831 0.825366 0.805477 0.826341 0.804533 0.826341 0.803588 0.827317 0.802644 0.827317 0.8017 0.828293 0.800755 0.828293 0.799811 0.832195 0.796034 0.833171 0.796034 0.833171 0.790368 0.831219 0.78848 0.831219 0.787535 0.829268 0.785647 0.828293 0.785647 0.827317 0.786591 0.826341 0.786591 0.82439 0.78848 0.823415 0.78848 0.822439 0.789424 0.81561 0.789424 0.813659 0.787535 0.813659 0.786591
0 0.522927 0.663834 0.521951 0.664778 0.519024 0.664778 0.518049 0.665722 0.518049 0.667611 0.517073 0.668555 0.517073 0.671388 0.515122 0.673277 0.515122 0.674221 0.508293 0.680831 0.507317 0.680831 0.505366 0.68272 0.505366 0.684608 0.50439 0.685552 0.50439 0.688385 0.503415 0.68933 0.503415 0.691218 0.50439 0.692162 0.50439 0.694995 0.505366 0.69594 0.505366 0.696884 0.508293 0.699717 0.522927 0.699717 0.520976 0.697828 0.520976 0.696884 0.52 0.69594 0.52 0.694995 0.518049 0.693107 0.518049 0.692162 0.517073 0.691218 0.517073 0.687441 0.518049 0.686497 0.518049 0.683664 0.523902 0.677998 0.525854 0.677998 0.52878 0.680831 0.52878 0.683664 0.531707 0.686497 0.532683 0.685552 0.53561 0.685552 0.537561 0.683664 0.536585 0.683664 0.53561 0.68272 0.53561 0.681775 0.533659 0.679887 0.533659 0.677998 0.532683 0.677054 0.532683 0.671388 0.531707 0.670444 0.531707 0.667611 0.530732 0.666667 0.530732 0.665722 0.529756 0.664778 0.527805 0.664778 0.526829 0.663834
0 0.657561 0.288952 0.656585 0.289896 0.651707 0.289896 0.650732 0.29084 0.649756 0.29084 0.64878 0.291785 0.647805 0.291785 0.646829 0.292729 0.645854 0.292729 0.64 0.298395 0.64 0.299339 0.639024 0.300283 0.639024 0.301228 0.638049 0.302172 0.638049 0.308782 0.64 0.31067 0.644878 0.31067 0.646829 0.308782 0.647805 0.308782 0.647805 0.307838 0.650732 0.305005 0.650732 0.30406 0.653659 0.301228 0.65561 0.301228 0.656585 0.300283 0.658537 0.300283 0.659512 0.299339 0.662439 0.299339 0.663415 0.298395 0.665366 0.298395 0.667317 0.296506 0.672195 0.296506 0.673171 0.295562 0.674146 0.296506 0.676098 0.296506 0.678049 0.298395 0.678049 0.299339 0.679024 0.300283 0.679024 0.302172 0.68 0.303116 0.685854 0.303116 0.685854 0.295562 0.683902 0.293673 0.683902 0.291785 0.682927 0.29084 0.682927 0.289896 0.683902 0.288952 0.684878 0.288952 0.677073 0.288952 0.676098 0.289896 0.67122 0.289896 0.670244 0.288952
0 0.395122 0.271955 0.395122 0.275732 0.396098 0.276676 0.396098 0.27762 0.395122 0.278565 0.395122 0.279509 0.393171 0.281398 0.393171 0.282342 0.392195 0.283286 0.392195 0.286119 0.393171 0.287063 0.393171 0.288008 0.395122 0.289896 0.392195 0.292729 0.389268 0.292729 0.388293 0.291785 0.387317 0.291785 0.386341 0.29084 0.38439 0.29084 0.383415 0.289896 0.383415 0.305005 0.403902 0.305005 0.404878 0.30406 0.405854 0.30406 0.409756 0.300283 0.410732 0.300283 0.411707 0.299339 0.411707 0.295562 0.410732 0.294618 0.410732 0.288008 0.409756 0.287063 0.409756 0.276676 0.410732 0.275732 0.410732 0.272899 0.411707 0.271955
0 0.307317 0.892351 0.307317 0.908404 0.313171 0.91407 0.313171 0.915014 0.314146 0.915958 0.314146 0.916903 0.315122 0.917847 0.315122 0.919736 0.316098 0.92068 0.316098 0.921624 0.317073 0.922568 0.317073 0.925401 0.318049 0.926346 0.318049 0.931067 0.315122 0.9339 0.316098 0.934844 0.316098 0.935788 0.317073 0.936733 0.317073 0.937677 0.318049 0.938621 0.318049 0.94051 0.316098 0.942398 0.316098 0.943343 0.315122 0.944287 0.315122 0.946176 0.31122 0.949953 0.310244 0.949953 0.308293 0.951841 0.307317 0.951841 0.307317 0.958451 0.323902 0.958451 0.326829 0.955619 0.326829 0.906516 0.325854 0.905571 0.325854 0.903683 0.324878 0.902738 0.324878 0.901794 0.323902 0.90085 0.323902 0.899906 0.322927 0.898961 0.322927 0.898017 0.321951 0.897073 0.321951 0.895184 0.320976 0.89424 0.320976 0.892351
1 0.845854 0.765817 0.844878 0.766761 0.844878 0.767705 0.843902 0.76865 0.843902 0.770538 0.842927 0.771483 0.842927 0.774315 0.841951 0.77526 0.841951 0.777148 0.842927 0.778093 0.843902 0.778093 0.844878 0.779037 0.846829 0.779037 0.847805 0.779981 0.848781 0.779981 0.850732 0.778093 0.851707 0.778093 0.854634 0.77526 0.857561 0.77526 0.858537 0.774315 0.861463 0.774315 0.863415 0.772427 0.86439 0.772427 0.86439 0.770538 0.860488 0.766761 0.860488 0.765817
0 0.739512 0.0840416 0.739512 0.0972616 0.740488 0.0972616 0.741463 0.0982059 0.745366 0.0982059 0.746341 0.0991501 0.748293 0.0991501 0.749268 0.100094 0.75122 0.100094 0.752195 0.101039 0.753171 0.101039 0.756098 0.103872 0.756098 0.104816 0.757073 0.10576 0.757073 0.106704 0.758049 0.106704 0.759024 0.10576 0.759024 0.104816 0.760976 0.102927 0.760976 0.0934844 0.756098 0.088763 0.754146 0.088763 0.753171 0.0878187 0.750244 0.0878187 0.749268 0.0868744 0.748293 0.0868744 0.747317 0.0859301 0.746341 0.0859301 0.74439 0.0840416
0 0.245854 0.414542 0.245854 0.416431 0.244878 0.417375 0.244878 0.420208 0.243902 0.421152 0.243902 0.423985 0.244878 0.424929 0.244878 0.428706 0.243902 0.429651 0.243902 0.433428 0.251707 0.433428 0.251707 0.431539 0.252683 0.430595 0.252683 0.429651 0.254634 0.427762 0.254634 0.415486 0.253659 0.414542
0 0.885854 0.493862 0.883902 0.495751 0.883902 0.496695 0.88 0.500472 0.879024 0.500472 0.877073 0.502361 0.877073 0.503305 0.875122 0.505194 0.875122 0.506138 0.872195 0.508971 0.872195 0.509915 0.869268 0.512748 0.868293 0.512748 0.866341 0.514636 0.865366 0.514636 0.86439 0.515581 0.863415 0.515581 0.862439 0.516525 0.861463 0.516525 0.860488 0.517469 0.857561 0.517469 0.856585 0.518414 0.850732 0.518414 0.849756 0.517469 0.847805 0.517469 0.847805 0.532578 0.860488 0.532578 0.860488 0.531634 0.862439 0.529745 0.862439 0.528801 0.863415 0.527856 0.86439 0.527856 0.865366 0.526912 0.867317 0.526912 0.869268 0.525024 0.870244 0.525024 0.87122 0.524079 0.872195 0.524079 0.873171 0.523135 0.874146 0.523135 0.876098 0.521246 0.877073 0.521246 0.877073 0.520302 0.879024 0.518414 0.88 0.518414 0.88 0.517469 0.881951 0.515581 0.881951 0.513692 0.882927 0.512748 0.882927 0.511804 0.884878 0.509915 0.884878 0.508971 0.887805 0.506138 0.887805 0.505194 0.889756 0.503305 0.889756 0.493862
0 0.74439 0.0509915 0.74439 0.0538244 0.743415 0.0547686 0.743415 0.0679887 0.746341 0.0708215 0.747317 0.0708215 0.749268 0.0727101 0.75122 0.0727101 0.752195 0.0736544 0.759024 0.0736544 0.761951 0.0708215 0.761951 0.0566572 0.760976 0.0557129 0.760976 0.0547686 0.76 0.0538244 0.76 0.0528801 0.759024 0.0519358 0.759024 0.0509915
1 0.670244 0.427762 0.670244 0.430595 0.67122 0.431539 0.67122 0.440038 0.674146 0.442871 0.675122 0.442871 0.676098 0.443815 0.678049 0.443815 0.679024 0.444759 0.680976 0.444759 0.682927 0.442871 0.682927 0.429651 0.681951 0.428706 0.681951 0.427762
1 0.795122 0.71577 0.794146 0.716714 0.793171 0.716714 0.786341 0.723324 0.786341 0.724268 0.785366 0.725212 0.785366 0.739377 0.787317 0.741265 0.793171 0.741265 0.794146 0.74221 0.796098 0.74221 0.797073 0.741265 0.798049 0.741265 0.8 0.739377 0.800976 0.739377 0.801951 0.738432 0.802927 0.738432 0.805854 0.7356 0.805854 0.71577
1 0.379512 0.0812087 0.379512 0.0859301 0.380488 0.0868744 0.381463 0.0868744 0.382439 0.0878187 0.38439 0.0878187 0.386341 0.0859301 0.386341 0.0812087
0 0.164878 0.00566572 0.164878 0.0283286 0.165854 0.0273843 0.166829 0.0273843 0.16878 0.0254958 0.169756 0.0254958 0.170732 0.0245515 0.171707 0.0254958 0.173659 0.0254958 0.174634 0.02644 0.17561 0.02644 0.176585 0.0273843 0.176585 0.0283286 0.17561 0.0292729 0.17561 0.03305 0.179512 0.03305 0.179512 0.00661001 0.178537 0.00566572
0 0.146341 0.30406 0.146341 0.314448 0.148293 0.316336 0.149268 0.316336 0.150244 0.31728 0.15122 0.31728 0.152195 0.318225 0.153171 0.318225 0.154146 0.319169 0.155122 0.319169 0.156098 0.320113 0.159024 0.320113 0.16 0.319169 0.160976 0.319169 0.161951 0.318225 0.162927 0.318225 0.163902 0.31728 0.163902 0.308782 0.162927 0.308782 0.161951 0.307838 0.160976 0.307838 0.16 0.306893 0.159024 0.306893 0.158049 0.305949 0.156098 0.305949 0.155122 0.305005 0.154146 0.305005 0.153171 0.30406
1 0.787317 0.596789 0.787317 0.609065 0.788293 0.610009 0.789268 0.610009 0.79122 0.611898 0.79122 0.612842 0.792195 0.613787 0.792195 0.614731 0.793171 0.615675 0.793171 0.616619 0.794146 0.617564 0.794146 0.618508 0.795122 0.619452 0.803902 0.619452 0.804878 0.618508 0.804878 0.601511 0.802927 0.599622 0.8 0.599622 0.799024 0.598678 0.798049 0.598678 0.796098 0.596789
0 0.161951 0.00849858 0.161951 0.0321058 0.163902 0.0302172 0.164878 0.0302172 0.165854 0.0292729 0.166829 0.0292729 0.16878 0.0273843 0.16878 0.02644 0.170732 0.0245515 0.17561 0.0245515 0.176585 0.0236072 0.179512 0.02644 0.179512 0.0321058 0.178537 0.03305 0.177561 0.03305 0.177561 0.0349386 0.178537 0.0339943 0.179512 0.0339943 0.179512 0.00849858
0 0.736585 0.612842 0.733659 0.615675 0.733659 0.616619 0.730732 0.619452 0.730732 0.620397 0.725854 0.625118 0.725854 0.626062 0.724878 0.627007 0.724878 0.627951 0.715122 0.637394 0.715122 0.638338 0.714146 0.639282 0.714146 0.651558 0.715122 0.652502 0.715122 0.653447 0.724878 0.653447 0.727805 0.650614 0.727805 0.64967 0.728781 0.648725 0.728781 0.647781 0.733659 0.643059 0.733659 0.642115 0.736585 0.639282
0 0.201951 0.374882 0.201951 0.381492 0.209756 0.381492 0.212683 0.384325 0.211707 0.385269 0.211707 0.390935 0.210732 0.391879 0.210732 0.392823 0.207805 0.395656 0.207805 0.396601 0.206829 0.397545 0.206829 0.399433 0.205854 0.400378 0.205854 0.409821 0.206829 0.410765 0.206829 0.411709 0.207805 0.412653 0.207805 0.414542 0.20878 0.415486 0.20878 0.416431 0.209756 0.417375 0.209756 0.418319 0.210732 0.419263 0.210732 0.421152 0.211707 0.422096 0.211707 0.423041 0.212683 0.423985 0.212683 0.425873 0.213659 0.426818 0.213659 0.430595 0.214634 0.431539 0.214634 0.434372 0.21561 0.435316 0.21561 0.438149 0.216585 0.439093 0.216585 0.442871 0.217561 0.443815 0.217561 0.445704 0.219512 0.447592 0.219512 0.448536 0.221463 0.450425 0.223415 0.450425 0.22439 0.451369 0.226341 0.451369 0.226341 0.426818 0.225366 0.425873 0.225366 0.424929 0.22439 0.423985 0.22439 0.422096 0.223415 0.421152 0.223415 0.420208 0.222439 0.419263 0.222439 0.417375 0.221463 0.416431 0.221463 0.415486 0.220488 0.414542 0.220488 0.410765 0.219512 0.409821 0.219512 0.406988 0.220488 0.406043 0.220488 0.402266 0.221463 0.401322 0.221463 0.399433 0.222439 0.398489 0.222439 0.395656 0.223415 0.394712 0.223415 0.386213 0.222439 0.385269 0.222439 0.382436 0.221463 0.381492 0.221463 0.380548 0.219512 0.378659 0.219512 0.376771 0.218537 0.375826 0.218537 0.374882
1 0.537561 0.100094 0.537561 0.110482 0.540488 0.110482 0.540488 0.109537 0.542439 0.107649 0.545366 0.107649 0.546341 0.106704 0.547317 0.106704 0.547317 0.100094
0 0.12878 0.196412 0.126829 0.1983 0.124878 0.1983 0.122927 0.200189 0.122927 0.202077 0.121951 0.203022 0.121951 0.203966 0.120976 0.20491 0.120976 0.207743 0.12 0.208687 0.12 0.210576 0.118049 0.212465 0.118049 0.220019 0.119024 0.220963 0.119024 0.22474 0.12 0.225685 0.12 0.229462 0.120976 0.230406 0.120976 0.234183 0.121951 0.235127 0.12878 0.235127
0 0.838049 0.0604344 0.837073 0.0613787 0.837073 0.0623229 0.836098 0.0632672 0.835122 0.0632672 0.834146 0.0642115 0.833171 0.0642115 0.832195 0.0651558 0.831219 0.0651558 0.830244 0.0661001 0.827317 0.0661001 0.826341 0.0670444 0.823415 0.0670444 0.822439 0.0679887 0.821463 0.0679887 0.819512 0.0698772 0.819512 0.0764873 0.825366 0.0764873 0.826341 0.075543 0.835122 0.075543 0.836098 0.0745987 0.837073 0.0745987 0.838049 0.0736544 0.839024 0.0736544 0.84 0.0727101 0.840976 0.0727101 0.840976 0.0604344
0 0.16 0.256846 0.159024 0.25779 0.157073 0.25779 0.156098 0.258735 0.155122 0.258735 0.156098 0.259679 0.156098 0.261568 0.157073 0.262512 0.157073 0.265345 0.16 0.268178 0.16 0.269122 0.160976 0.270066 0.160976 0.271955 0.162927 0.273843 0.162927 0.274788 0.165854 0.27762 0.165854 0.278565 0.169756 0.282342 0.169756 0.283286 0.170732 0.28423 0.172683 0.282342 0.172683 0.269122 0.170732 0.267233 0.170732 0.266289 0.169756 0.265345 0.169756 0.2644 0.16878 0.263456 0.16878 0.261568 0.167805 0.260623 0.167805 0.259679 0.166829 0.258735 0.166829 0.25779 0.165854 0.25779 0.164878 0.256846
0 0.289756 0.341832 0.28878 0.342776 0.287805 0.342776 0.286829 0.34372 0.285854 0.34372 0.284878 0.344665 0.284878 0.349386 0.285854 0.349386 0.293659 0.356941 0.293659 0.357885 0.29561 0.359773 0.296585 0.359773 0.298537 0.361662 0.301463 0.361662 0.302439 0.360718 0.302439 0.348442 0.301463 0.347498 0.301463 0.346553 0.299512 0.344665 0.298537 0.344665 0.297561 0.34372 0.296585 0.34372 0.29561 0.342776 0.294634 0.342776 0.293659 0.341832
1 0.932683 0.918791 0.932683 0.926346 0.934634 0.928234 0.93561 0.928234 0.936585 0.929178 0.938537 0.929178 0.939512 0.930123 0.945366 0.930123 0.946341 0.929178 0.946341 0.918791
0 0.313171 0.392823 0.313171 0.407932 0.314146 0.408876 0.314146 0.410765 0.315122 0.411709 0.315122 0.417375 0.314146 0.418319 0.314146 0.420208 0.313171 0.421152 0.313171 0.433428 0.323902 0.433428 0.322927 0.432483 0.322927 0.429651 0.321951 0.428706 0.321951 0.427762 0.322927 0.426818 0.322927 0.423985 0.323902 0.423041 0.323902 0.420208 0.324878 0.419263 0.324878 0.417375 0.325854 0.416431 0.325854 0.414542 0.326829 0.413598 0.326829 0.412653 0.328781 0.410765 0.328781 0.402266 0.325854 0.399433 0.323902 0.399433 0.322927 0.400378 0.321951 0.400378 0.319024 0.403211 0.318049 0.402266 0.318049 0.401322 0.317073 0.400378 0.317073 0.397545 0.316098 0.396601 0.319024 0.393768 0.324878 0.393768 0.324878 0.392823
0 0.945366 0.182247 0.945366 0.183192 0.946341 0.184136 0.946341 0.18508 0.947317 0.186025 0.947317 0.186969 0.948293 0.187913 0.948293 0.188857 0.949268 0.189802 0.949268 0.190746 0.950244 0.19169 0.950244 0.192635 0.951219 0.193579 0.951219 0.194523 0.952195 0.195467 0.952195 0.196412 0.953171 0.197356 0.953171 0.199245 0.954146 0.200189 0.954146 0.201133 0.955122 0.202077 0.955122 0.203966 0.954146 0.20491 0.954146 0.207743 0.953171 0.208687 0.953171 0.209632 0.951219 0.21152 0.950244 0.21152 0.949268 0.210576 0.948293 0.210576 0.946341 0.208687 0.945366 0.208687 0.94439 0.207743 0.94439 0.214353 0.943415 0.215297 0.943415 0.217186 0.942439 0.21813 0.942439 0.219075 0.941463 0.220019 0.941463 0.243626 0.94439 0.246459 0.94439 0.250236 0.945366 0.25118 0.945366 0.253069 0.953171 0.253069 0.953171 0.252125 0.959024 0.246459 0.96 0.246459 0.96 0.245515 0.962927 0.242682 0.962927 0.235127 0.958049 0.235127 0.957073 0.236072 0.956098 0.236072 0.955122 0.237016 0.950244 0.237016 0.946341 0.233239 0.946341 0.229462 0.945366 0.228517 0.945366 0.227573 0.950244 0.222852 0.951219 0.222852 0.956098 0.227573 0.956098 0.229462 0.957073 0.230406 0.957073 0.23135 0.958049 0.232295 0.96 0.230406 0.96 0.227573 0.960976 0.226629 0.960976 0.215297 0.96 0.214353 0.96 0.207743 0.960976 0.206799 0.960976 0.20491 0.961951 0.203966 0.961951 0.202077 0.962927 0.201133 0.962927 0.189802 0.961951 0.188857 0.961951 0.186025 0.960976 0.18508 0.960976 0.183192 0.96 0.182247
1 0.0370732 0.0925401 0.0370732 0.0944287 0.0360976 0.095373 0.0360976 0.0991501 0.0341463 0.101039 0.0341463 0.102927 0.035122 0.103872 0.0360976 0.103872 0.0370732 0.104816 0.0419512 0.104816 0.0429268 0.103872 0.0439024 0.103872 0.044878 0.102927 0.044878 0.101983 0.0458537 0.101039 0.0458537 0.0991501 0.0468293 0.0982059 0.0468293 0.0925401
0 0.577561 0.645892 0.576585 0.646837 0.57561 0.646837 0.57561 0.647781 0.573659 0.64967 0.572683 0.64967 0.571707 0.650614 0.570732 0.650614 0.56878 0.652502 0.567805 0.652502 0.566829 0.653447 0.565854 0.653447 0.564878 0.654391 0.561951 0.654391 0.560976 0.655335 0.557073 0.655335 0.556098 0.65628 0.554146 0.65628 0.553171 0.657224 0.552195 0.657224 0.55122 0.658168 0.550244 0.658168 0.548293 0.660057 0.548293 0.661001 0.547317 0.661945 0.547317 0.66289 0.546341 0.663834 0.546341 0.666667 0.548293 0.668555 0.548293 0.6695 0.549268 0.670444 0.550244 0.670444 0.55122 0.671388 0.56 0.671388 0.560976 0.672332 0.569756 0.672332 0.570732 0.671388 0.572683 0.671388 0.573659 0.670444 0.574634 0.670444 0.576585 0.668555 0.577561 0.668555 0.580488 0.665722 0.581463 0.665722 0.581463 0.664778 0.582439 0.663834 0.582439 0.66289 0.583415 0.661945 0.583415 0.661001 0.58439 0.660057 0.58439 0.658168 0.585366 0.657224 0.585366 0.654391 0.586341 0.653447 0.586341 0.652502 0.585366 0.651558 0.585366 0.648725 0.58439 0.647781 0.58439 0.646837 0.583415 0.645892
1 0.29561 0.308782 0.29561 0.318225 0.307317 0.318225 0.307317 0.308782
0 0.590244 0.779981 0.590244 0.807365 0.591219 0.80831 0.591219 0.813031 0.592195 0.813975 0.592195 0.815864 0.594146 0.817753 0.594146 0.818697 0.595122 0.819641 0.595122 0.820585 0.597073 0.822474 0.597073 0.824363 0.598049 0.825307 0.598049 0.826251 0.599024 0.827195 0.599024 0.829084 0.6 0.830028 0.6 0.830973 0.600976 0.831917 0.600976 0.833806 0.601951 0.83475 0.601951 0.835694 0.602927 0.836638 0.602927 0.837583 0.604878 0.839471 0.604878 0.842304 0.605854 0.843248 0.605854 0.851747 0.604878 0.852691 0.608781 0.856468 0.608781 0.857413 0.609756 0.858357 0.609756 0.859301 0.610732 0.860246 0.610732 0.86119 0.630244 0.86119 0.630244 0.842304 0.629268 0.84136 0.629268 0.840415 0.628293 0.839471 0.628293 0.838527 0.626341 0.836638 0.626341 0.835694 0.625366 0.83475 0.625366 0.833806 0.623415 0.831917 0.623415 0.830973 0.622439 0.830028 0.622439 0.829084 0.621463 0.82814 0.621463 0.827195 0.620488 0.826251 0.620488 0.824363 0.619512 0.823418 0.619512 0.82153 0.618537 0.820585 0.618537 0.818697 0.617561 0.817753 0.617561 0.816808 0.616585 0.815864 0.616585 0.813975 0.61561 0.813031 0.61561 0.812087 0.614634 0.811143 0.614634 0.809254 0.613659 0.80831 0.613659 0.806421 0.612683 0.805477 0.612683 0.803588 0.611707 0.802644 0.611707 0.8017 0.610732 0.800755 0.610732 0.799811 0.609756 0.798867 0.609756 0.796978 0.608781 0.796034 0.608781 0.79509 0.607805 0.794145 0.607805 0.792257 0.606829 0.791313 0.606829 0.789424 0.605854 0.78848 0.605854 0.786591 0.604878 0.785647 0.604878 0.783758 0.603902 0.782814 0.603902 0.780925 0.602927 0.779981
1 0.732683 0.143532 0.732683 0.15864 0.737561 0.15864 0.739512 0.156752 0.740488 0.156752 0.741463 0.155807 0.742439 0.155807 0.743415 0.154863 0.74439 0.154863 0.746341 0.152975 0.746341 0.143532
0 0.561951 0.135033 0.56 0.136922 0.558049 0.136922 0.556098 0.13881 0.555122 0.13881 0.552195 0.141643 0.55122 0.141643 0.547317 0.14542 0.547317 0.148253 0.546341 0.149197 0.546341 0.157696 0.545366 0.15864 0.545366 0.166195 0.546341 0.167139 0.546341 0.168083 0.549268 0.170916 0.549268 0.17186 0.553171 0.17186 0.554146 0.170916 0.554146 0.169972 0.555122 0.169027 0.555122 0.16525 0.556098 0.164306 0.556098 0.156752 0.555122 0.155807 0.555122 0.15203 0.559024 0.148253 0.56 0.148253 0.562927 0.14542 0.562927 0.135033
0 0.266341 0.869688 0.266341 0.87441 0.267317 0.875354 0.267317 0.876298 0.268293 0.877243 0.268293 0.878187 0.269268 0.879131 0.270244 0.879131 0.272195 0.88102 0.275122 0.88102 0.276098 0.881964 0.292683 0.881964 0.293659 0.88102 0.296585 0.88102 0.297561 0.880076 0.298537 0.880076 0.298537 0.870633 0.297561 0.871577 0.290732 0.871577 0.289756 0.870633 0.285854 0.870633 0.284878 0.869688
1 0.242927 0.889518 0.242927 0.909348 0.243902 0.910293 0.243902 0.911237 0.249756 0.916903 0.250732 0.916903 0.253659 0.919736 0.254634 0.919736 0.25561 0.92068 0.257561 0.92068 0.258537 0.921624 0.262439 0.921624 0.26439 0.919736 0.26439 0.918791 0.267317 0.915958 0.267317 0.91407 0.263415 0.910293 0.263415 0.909348 0.260488 0.906516 0.260488 0.905571 0.259512 0.904627 0.259512 0.889518
1 0.70439 0.242682 0.70439 0.254013 0.705366 0.254013 0.708293 0.256846 0.708293 0.25779 0.710244 0.259679 0.714146 0.259679 0.717073 0.256846 0.717073 0.24457 0.715122 0.242682
1 0.318049 0.500472 0.318049 0.516525 0.332683 0.516525 0.332683 0.500472
1 0.728781 0.203022 0.728781 0.20491 0.727805 0.205855 0.727805 0.210576 0.728781 0.21152 0.728781 0.21813 0.729756 0.219075 0.729756 0.220963 0.730732 0.221907 0.730732 0.222852 0.73561 0.222852 0.736585 0.221907 0.737561 0.221907 0.737561 0.203022
1 0.973659 0.484419 0.972683 0.485364 0.971707 0.485364 0.970732 0.486308 0.969756 0.486308 0.967805 0.488196 0.966829 0.488196 0.965854 0.489141 0.965854 0.499528 0.966829 0.500472 0.967805 0.500472 0.968781 0.501416 0.977561 0.501416 0.978537 0.500472 0.980488 0.500472 0.981463 0.499528 0.982439 0.499528 0.98439 0.497639 0.985366 0.497639 0.986341 0.496695 0.986341 0.492918 0.985366 0.491974 0.985366 0.486308 0.98439 0.485364 0.98439 0.484419
1 0.453659 0.389991 0.453659 0.392823 0.454634 0.393768 0.454634 0.394712 0.45561 0.395656 0.45561 0.397545 0.456585 0.398489 0.456585 0.399433 0.460488 0.403211 0.46439 0.403211 0.465366 0.404155 0.467317 0.404155 0.468293 0.403211 0.468293 0.389991
0 0.427317 0.149197 0.426341 0.150142 0.426341 0.151086 0.425366 0.15203 0.425366 0.152975 0.420488 0.157696 0.419512 0.157696 0.419512 0.15864 0.41561 0.162417 0.414634 0.162417 0.410732 0.166195 0.410732 0.177526 0.418537 0.177526 0.418537 0.174693 0.417561 0.173749 0.417561 0.170916 0.418537 0.169972 0.419512 0.169972 0.420488 0.169027 0.421463 0.169027 0.425366 0.16525 0.425366 0.164306 0.43122 0.15864 0.43122 0.157696 0.432195 0.156752 0.432195 0.155807 0.435122 0.152975 0.435122 0.149197
1 0.223415 0.658168 0.223415 0.665722 0.233171 0.665722 0.233171 0.658168
1 0.472195 0.252125 0.472195 0.261568 0.473171 0.261568 0.477073 0.265345 0.478049 0.265345 0.48 0.267233 0.487805 0.267233 0.48878 0.266289 0.489756 0.266289 0.490732 0.265345 0.490732 0.254013 0.489756 0.253069 0.48878 0.253069 0.487805 0.252125
0 0.372683 0.228517 0.373659 0.229462 0.373659 0.234183 0.37561 0.236072 0.37561 0.237016 0.376585 0.237016 0.378537 0.238905 0.379512 0.238905 0.382439 0.241737 0.38439 0.241737 0.385366 0.242682 0.387317 0.242682 0.388293 0.243626 0.406829 0.243626 0.406829 0.242682 0.405854 0.241737 0.405854 0.239849 0.407805 0.23796 0.40878 0.23796 0.409756 0.237016 0.411707 0.237016 0.412683 0.236072 0.418537 0.236072 0.419512 0.237016 0.422439 0.237016 0.423415 0.236072 0.42439 0.236072 0.425366 0.235127 0.425366 0.230406 0.423415 0.228517
0 0.91122 0.500472 0.913171 0.502361 0.912195 0.503305 0.912195 0.504249 0.91122 0.505194 0.91122 0.508026 0.910244 0.508971 0.910244 0.510859 0.909268 0.511804 0.909268 0.524079 0.915122 0.524079 0.916098 0.525024 0.920976 0.525024 0.921951 0.524079 0.922927 0.524079 0.922927 0.502361 0.921951 0.501416 0.921951 0.500472
0 0.158049 0.226629 0.152195 0.232295 0.142439 0.232295 0.142439 0.242682 0.14439 0.24457 0.14439 0.246459 0.148293 0.246459 0.149268 0.245515 0.15122 0.245515 0.154146 0.242682 0.155122 0.242682 0.156098 0.241737 0.157073 0.241737 0.159024 0.239849 0.16 0.239849 0.16 0.238905 0.161951 0.237016 0.161951 0.236072 0.162927 0.235127 0.163902 0.235127 0.163902 0.234183 0.166829 0.23135 0.166829 0.230406 0.167805 0.229462 0.167805 0.227573 0.16878 0.226629
1 0.766829 0.646837 0.765854 0.647781 0.765854 0.648725 0.763902 0.650614 0.763902 0.659112 0.764878 0.660057 0.764878 0.661001 0.765854 0.661945 0.765854 0.663834 0.766829 0.664778 0.766829 0.671388 0.767805 0.672332 0.76878 0.672332 0.769756 0.673277 0.770732 0.673277 0.772683 0.675165 0.773659 0.675165 0.774634 0.67611 0.77561 0.67611 0.776585 0.677054 0.779512 0.677054 0.780488 0.67611 0.783415 0.67611 0.78439 0.675165 0.78439 0.655335 0.783415 0.654391 0.783415 0.653447 0.782439 0.652502 0.782439 0.651558 0.779512 0.648725 0.779512 0.647781 0.778537 0.646837
1 0.0214634 0.382436 0.0214634 0.387158 0.022439 0.388102 0.022439 0.389046 0.0243902 0.390935 0.0243902 0.391879 0.0253659 0.392823 0.0253659 0.393768 0.0263415 0.394712 0.0263415 0.397545 0.0302439 0.397545 0.0302439 0.383381 0.0292683 0.382436
0 0.435122 0.289896 0.435122 0.29084 0.434146 0.291785 0.434146 0.292729 0.433171 0.293673 0.432195 0.293673 0.43122 0.294618 0.430244 0.294618 0.429268 0.295562 0.428293 0.295562 0.428293 0.296506 0.427317 0.29745 0.427317 0.298395 0.426341 0.299339 0.426341 0.300283 0.425366 0.301228 0.425366 0.308782 0.42439 0.309726 0.42439 0.311615 0.423415 0.312559 0.423415 0.313503 0.422439 0.314448 0.422439 0.315392 0.423415 0.315392 0.42439 0.316336 0.425366 0.316336 0.426341 0.31728 0.429268 0.31728 0.430244 0.316336 0.430244 0.315392 0.43122 0.314448 0.43122 0.308782 0.432195 0.307838 0.432195 0.305949 0.433171 0.305005 0.433171 0.303116 0.434146 0.302172 0.434146 0.301228 0.435122 0.300283 0.437073 0.302172 0.438049 0.302172 0.439024 0.303116 0.441951 0.303116 0.442927 0.302172 0.441951 0.301228 0.441951 0.300283 0.440976 0.299339 0.440976 0.298395 0.437073 0.294618 0.437073 0.293673 0.435122 0.291785
0 0.780488 0.388102 0.780488 0.392823 0.776585 0.396601 0.773659 0.396601 0.772683 0.397545 0.769756 0.397545 0.76878 0.396601 0.767805 0.396601 0.766829 0.395656 0.760976 0.395656 0.76 0.396601 0.757073 0.396601 0.756098 0.397545 0.756098 0.411709 0.763902 0.419263 0.763902 0.420208 0.767805 0.423985 0.767805 0.424929 0.769756 0.426818 0.769756 0.427762 0.771707 0.429651 0.771707 0.430595 0.772683 0.431539 0.772683 0.433428 0.773659 0.434372 0.773659 0.436261 0.774634 0.437205 0.774634 0.439093 0.77561 0.440038 0.77561 0.441926 0.776585 0.442871 0.776585 0.444759 0.777561 0.445704 0.777561 0.446648 0.780488 0.449481 0.780488 0.450425 0.785366 0.455146 0.786341 0.455146 0.787317 0.456091 0.795122 0.456091 0.795122 0.445704 0.794146 0.444759 0.794146 0.442871 0.793171 0.441926 0.793171 0.440038 0.792195 0.439093 0.792195 0.433428 0.79122 0.432483 0.79122 0.425873 0.790244 0.424929 0.790244 0.417375 0.789268 0.416431 0.789268 0.414542 0.787317 0.412653 0.787317 0.411709 0.786341 0.410765 0.786341 0.409821 0.785366 0.408876 0.785366 0.407932 0.78439 0.406988 0.78439 0.404155 0.783415 0.403211 0.783415 0.392823 0.78439 0.391879 0.78439 0.388102
1 0.0917073 0.779981 0.0917073 0.78187 0.0907317 0.782814 0.0907317 0.787535 0.0917073 0.78848 0.0917073 0.790368 0.0936585 0.790368 0.0946341 0.791313 0.100488 0.791313 0.100488 0.779981
0 0.31122 0.391879 0.31122 0.393768 0.310244 0.394712 0.310244 0.397545 0.31122 0.398489 0.31122 0.403211 0.312195 0.404155 0.312195 0.405099 0.313171 0.406043 0.313171 0.406988 0.314146 0.407932 0.314146 0.408876 0.315122 0.409821 0.315122 0.417375 0.314146 0.418319 0.314146 0.420208 0.312195 0.422096 0.312195 0.423041 0.310244 0.424929 0.310244 0.425873 0.30439 0.431539 0.303415 0.431539 0.298537 0.436261 0.298537 0.456091 0.299512 0.456091 0.301463 0.454202 0.302439 0.454202 0.303415 0.453258 0.30439 0.453258 0.306341 0.451369 0.306341 0.450425 0.308293 0.448536 0.308293 0.447592 0.309268 0.446648 0.309268 0.445704 0.31122 0.443815 0.31122 0.442871 0.313171 0.440982 0.32 0.440982 0.322927 0.443815 0.323902 0.443815 0.324878 0.444759 0.325854 0.443815 0.325854 0.440982 0.326829 0.440038 0.325854 0.439093 0.325854 0.437205 0.324878 0.436261 0.324878 0.434372 0.323902 0.433428 0.323902 0.431539 0.322927 0.430595 0.322927 0.425873 0.323902 0.424929 0.323902 0.420208 0.324878 0.419263 0.324878 0.417375 0.325854 0.416431 0.325854 0.414542 0.326829 0.413598 0.326829 0.401322 0.325854 0.400378 0.324878 0.400378 0.322927 0.402266 0.321951 0.402266 0.32 0.404155 0.318049 0.404155 0.316098 0.402266 0.316098 0.401322 0.315122 0.400378 0.315122 0.398489 0.314146 0.397545 0.314146 0.395656 0.317073 0.392823 0.320976 0.392823 0.321951 0.391879 0.324878 0.391879
0 0.116098 0.0802644 0.116098 0.0925401 0.117073 0.0934844 0.117073 0.0944287 0.12 0.0972616 0.12 0.0982059 0.124878 0.102927 0.124878 0.104816 0.125854 0.10576 0.125854 0.109537 0.126829 0.110482 0.126829 0.117092 0.127805 0.118036 0.127805 0.120869 0.130732 0.120869 0.130732 0.0972616 0.129756 0.0963173 0.130732 0.095373 0.130732 0.0802644
1 0.828293 0.29084 0.828293 0.301228 0.837073 0.301228 0.837073 0.29084
0 0.916098 0.752597 0.916098 0.753541 0.913171 0.756374 0.912195 0.756374 0.910244 0.758263 0.910244 0.760151 0.909268 0.761095 0.909268 0.76865 0.912195 0.771483 0.913171 0.771483 0.915122 0.773371 0.915122 0.774315 0.916098 0.77526 0.916098 0.776204 0.917073 0.777148 0.917073 0.78848 0.915122 0.790368 0.916098 0.791313 0.918049 0.791313 0.922927 0.796034 0.922927 0.796978 0.923902 0.797923 0.925854 0.797923 0.925854 0.77526 0.924878 0.774315 0.923902 0.774315 0.922927 0.773371 0.922927 0.772427 0.921951 0.771483 0.921951 0.769594 0.920976 0.76865 0.920976 0.763928 0.921951 0.762984 0.921951 0.76204 0.924878 0.759207 0.924878 0.756374 0.923902 0.75543 0.923902 0.754485 0.922927 0.753541 0.922927 0.752597
0 0.0546341 0.607177 0.0536585 0.608121 0.0536585 0.610009 0.0526829 0.610954 0.0526829 0.611898 0.0517073 0.612842 0.0517073 0.624174 0.0526829 0.625118 0.0526829 0.627951 0.0536585 0.628895 0.0536585 0.632672 0.0546341 0.633617 0.0546341 0.638338 0.0556098 0.639282 0.0556098 0.646837 0.0565854 0.647781 0.0565854 0.650614 0.057561 0.651558 0.057561 0.653447 0.0585366 0.654391 0.0585366 0.65628 0.0595122 0.657224 0.0595122 0.658168 0.0712195 0.6695 0.0712195 0.670444 0.0721951 0.671388 0.0721951 0.674221 0.0731707 0.675165 0.0731707 0.679887 0.0721951 0.680831 0.0721951 0.681775 0.0702439 0.683664 0.0712195 0.684608 0.0721951 0.684608 0.0731707 0.685552 0.0760976 0.685552 0.0770732 0.686497 0.0790244 0.686497 0.08 0.687441 0.0819512 0.687441 0.0829268 0.686497 0.0839024 0.686497 0.084878 0.685552 0.0858537 0.685552 0.0868293 0.684608 0.0897561 0.687441 0.0897561 0.688385 0.0907317 0.68933 0.0907317 0.691218 0.0917073 0.692162 0.0917073 0.69594 0.0926829 0.696884 0.0926829 0.708215 0.0917073 0.70916 0.0917073 0.712937 0.0907317 0.713881 0.0907317 0.716714 0.0897561 0.717658 0.0897561 0.719547 0.0887805 0.720491 0.0887805 0.72238 0.0878049 0.723324 0.0878049 0.725212 0.0868293 0.726157 0.0868293 0.728045 0.0858537 0.72899 0.0858537 0.729934 0.0839024 0.731822 0.0839024 0.732767 0.0819512 0.734655 0.0809756 0.734655 0.08 0.7356 0.0790244 0.7356 0.0731707 0.741265 0.0868293 0.741265 0.0878049 0.740321 0.0887805 0.740321 0.0917073 0.737488 0.0926829 0.737488 0.0936585 0.736544 0.0956098 0.736544 0.0965854 0.7356 0.0995122 0.7356 0.0995122 0.734655 0.100488 0.733711 0.100488 0.732767 0.102439 0.730878 0.102439 0.729934 0.103415 0.72899 0.103415 0.728045 0.105366 0.726157 0.105366 0.725212 0.106341 0.724268 0.106341 0.72238 0.107317 0.721435 0.107317 0.717658 0.108293 0.716714 0.108293 0.694051 0.107317 0.693107 0.107317 0.691218 0.106341 0.690274 0.106341 0.688385 0.10439 0.686497 0.10439 0.685552 0.102439 0.683664 0.102439 0.68272 0.0995122 0.679887 0.0995122 0.678942 0.097561 0.678942 0.0965854 0.679887 0.0917073 0.679887 0.0897561 0.677998 0.0897561 0.671388 0.0917073 0.6695 0.0926829 0.6695 0.0946341 0.667611 0.0946341 0.665722 0.0956098 0.664778 0.0946341 0.663834 0.0946341 0.661945 0.0936585 0.661001 0.0936585 0.659112 0.0926829 0.658168 0.0917073 0.659112 0.0858537 0.659112 0.084878 0.658168 0.0839024 0.658168 0.0829268 0.657224 0.0819512 0.657224 0.0809756 0.65628 0.08 0.65628 0.0790244 0.655335 0.0790244 0.653447 0.0780488 0.652502 0.0780488 0.651558 0.0770732 0.650614 0.0770732 0.64967 0.0760976 0.648725 0.0760976 0.647781 0.075122 0.646837 0.075122 0.644948 0.0741463 0.644004 0.0741463 0.642115 0.0731707 0.641171 0.0731707 0.638338 0.0741463 0.637394 0.0741463 0.635505 0.075122 0.634561 0.075122 0.627951 0.0741463 0.627007 0.0741463 0.626062 0.0712195 0.623229 0.0712195 0.622285 0.0702439 0.621341 0.0692683 0.621341 0.0673171 0.619452 0.0663415 0.619452 0.062439 0.615675 0.062439 0.614731 0.0614634 0.613787 0.0614634 0.612842 0.0585366 0.610009 0.057561 0.610009
1 0.621463 0.737488 0.621463 0.738432 0.622439 0.738432 0.62439 0.740321 0.62439 0.741265 0.623415 0.74221 0.622439 0.74221 0.621463 0.743154 0.621463 0.757318 0.645854 0.757318 0.645854 0.756374 0.644878 0.75543 0.644878 0.753541 0.643902 0.752597 0.643902 0.751652 0.642927 0.750708 0.642927 0.74882 0.641951 0.747875 0.641951 0.737488
1 0.674146 0.852691 0.674146 0.864967 0.676098 0.866856 0.676098 0.8678 0.68 0.871577 0.681951 0.871577 0.682927 0.872521 0.683902 0.872521 0.684878 0.873466 0.691707 0.873466 0.692683 0.87441 0.693659 0.873466 0.701463 0.873466 0.702439 0.872521 0.708293 0.872521 0.709268 0.873466 0.712195 0.873466 0.713171 0.87441 0.716098 0.87441 0.717073 0.875354 0.720976 0.875354 0.720976 0.857413 0.719024 0.855524 0.713171 0.855524 0.712195 0.85458 0.70439 0.85458 0.703415 0.853635 0.701463 0.853635 0.700488 0.852691
0 0.813659 0.473088 0.813659 0.474032 0.812683 0.474976 0.812683 0.475921 0.811707 0.476865 0.811707 0.477809 0.807805 0.481586 0.807805 0.482531 0.806829 0.483475 0.806829 0.484419 0.805854 0.485364 0.805854 0.486308 0.802927 0.489141 0.801951 0.489141 0.800976 0.488196 0.8 0.488196 0.799024 0.487252 0.798049 0.487252 0.797073 0.486308 0.797073 0.507082 0.803902 0.507082 0.804878 0.506138 0.804878 0.505194 0.805854 0.504249 0.805854 0.503305 0.80878 0.500472 0.80878 0.499528 0.809756 0.498584 0.809756 0.496695 0.810732 0.495751 0.810732 0.492918 0.811707 0.491974 0.811707 0.490085 0.812683 0.489141 0.812683 0.487252 0.81561 0.484419 0.81561 0.483475 0.816585 0.482531 0.816585 0.481586 0.817561 0.480642 0.817561 0.479698 0.818537 0.478754 0.818537 0.473088
1 0.647805 0.692162 0.647805 0.70255 0.64878 0.703494 0.64878 0.704438 0.650732 0.706327 0.661463 0.706327 0.662439 0.705382 0.662439 0.696884 0.660488 0.694995 0.660488 0.694051 0.658537 0.692162
0 0.580488 0.642115 0.579512 0.643059 0.579512 0.644004 0.578537 0.644948 0.578537 0.645892 0.572683 0.651558 0.571707 0.651558 0.569756 0.653447 0.56878 0.653447 0.567805 0.654391 0.566829 0.654391 0.564878 0.65628 0.557073 0.65628 0.557073 0.671388 0.57561 0.671388 0.576585 0.670444 0.577561 0.670444 0.578537 0.6695 0.579512 0.6695 0.581463 0.667611 0.582439 0.667611 0.585366 0.664778 0.585366 0.663834 0.586341 0.66289 0.586341 0.661945 0.588293 0.660057 0.588293 0.659112 0.590244 0.657224 0.590244 0.65628 0.591219 0.655335 0.591219 0.654391 0.592195 0.653447 0.592195 0.642115
1 0.57561 0.241737 0.573659 0.243626 0.573659 0.24457 0.572683 0.245515 0.572683 0.247403 0.571707 0.248347 0.571707 0.249292 0.569756 0.25118 0.569756 0.255902 0.578537 0.255902 0.580488 0.254013 0.580488 0.241737
1 0.489756 0.872521 0.489756 0.88763 0.491707 0.88763 0.492683 0.888574 0.498537 0.888574 0.499512 0.889518 0.500488 0.888574 0.503415 0.888574 0.50439 0.88763 0.506341 0.88763 0.507317 0.886686 0.509268 0.886686 0.510244 0.885741 0.51122 0.885741 0.51122 0.878187 0.509268 0.876298 0.509268 0.875354 0.506341 0.872521
1 0.266341 0.718602 0.266341 0.719547 0.26439 0.721435 0.272195 0.72899 0.275122 0.72899 0.275122 0.718602
1 0.235122 0.285175 0.235122 0.286119 0.234146 0.287063 0.234146 0.292729 0.235122 0.292729 0.236098 0.293673 0.241951 0.293673 0.242927 0.292729 0.243902 0.292729 0.243902 0.285175
0 0.852683 0.108593 0.852683 0.12559 0.858537 0.12559 0.859512 0.124646 0.859512 0.123702 0.860488 0.122757 0.860488 0.108593
0 0.196098 0.00377715 0.196098 0.0207743 0.202927 0.0207743 0.203902 0.01983 0.204878 0.01983 0.205854 0.0188857 0.206829 0.0188857 0.207805 0.0179415 0.207805 0.00377715
0 0.516098 0.0160529 0.516098 0.0217186 0.521951 0.0273843 0.521951 0.0339943 0.517073 0.0387158 0.517073 0.0396601 0.516098 0.0406043 0.516098 0.0519358 0.52 0.0519358 0.522927 0.0491029 0.522927 0.0481586 0.524878 0.0462701 0.524878 0.0453258 0.525854 0.0443815 0.525854 0.0424929 0.526829 0.0415486 0.526829 0.0406043 0.527805 0.0396601 0.527805 0.0160529
1 0.950244 0.763928 0.950244 0.770538 0.952195 0.770538 0.954146 0.772427 0.954146 0.774315 0.955122 0.77526 0.955122 0.777148 0.954146 0.778093 0.954146 0.779037 0.950244 0.782814 0.950244 0.784703 0.951219 0.785647 0.951219 0.786591 0.952195 0.787535 0.952195 0.78848 0.953171 0.789424 0.953171 0.790368 0.954146 0.791313 0.954146 0.792257 0.955122 0.792257 0.956098 0.793201 0.960976 0.793201 0.961951 0.792257 0.963902 0.792257 0.964878 0.791313 0.965854 0.791313 0.967805 0.789424 0.967805 0.78848 0.968781 0.787535 0.968781 0.786591 0.969756 0.785647 0.969756 0.784703 0.970732 0.783758 0.970732 0.782814 0.974634 0.779037 0.974634 0.765817 0.972683 0.763928
1 0.270244 0.711992 0.267317 0.714825 0.266341 0.714825 0.262439 0.718602 0.262439 0.719547 0.260488 0.721435 0.261463 0.72238 0.261463 0.723324 0.262439 0.724268 0.263415 0.724268 0.26439 0.725212 0.265366 0.725212 0.266341 0.726157 0.267317 0.726157 0.269268 0.728045 0.270244 0.728045 0.27122 0.72899 0.280976 0.72899 0.280976 0.711992
1 0.245854 0.01983 0.244878 0.0207743 0.244878 0.0292729 0.245854 0.0292729 0.247805 0.0311615 0.250732 0.0311615 0.251707 0.0302172 0.253659 0.0302172 0.253659 0.01983
0 0.120976 0.229462 0.120976 0.232295 0.121951 0.233239 0.121951 0.23796 0.122927 0.238905 0.122927 0.242682 0.123902 0.243626 0.123902 0.247403 0.124878 0.248347 0.124878 0.25118 0.125854 0.252125 0.125854 0.254013 0.126829 0.254957 0.126829 0.25779 0.127805 0.258735 0.127805 0.259679 0.126829 0.260623 0.126829 0.263456 0.125854 0.2644 0.133659 0.2644 0.133659 0.232295 0.132683 0.23135 0.132683 0.229462
0 0.936585 0.534467 0.934634 0.536355 0.933659 0.536355 0.930732 0.539188 0.930732 0.540132 0.929756 0.541076 0.929756 0.542021 0.92878 0.542965 0.92878 0.543909 0.926829 0.545798 0.926829 0.546742 0.924878 0.548631 0.924878 0.549575 0.923902 0.550519 0.923902 0.551464 0.922927 0.552408 0.922927 0.554296 0.921951 0.555241 0.921951 0.557129 0.920976 0.558074 0.920976 0.560907 0.92 0.561851 0.92 0.573182 0.920976 0.573182 0.921951 0.574127 0.924878 0.574127 0.925854 0.575071 0.926829 0.575071 0.92878 0.576959 0.929756 0.576959 0.930732 0.577904 0.931707 0.577904 0.932683 0.578848 0.933659 0.578848 0.934634 0.579792 0.93561 0.579792 0.937561 0.581681 0.938537 0.581681 0.940488 0.583569 0.950244 0.583569 0.950244 0.572238 0.949268 0.571294 0.948293 0.571294 0.947317 0.570349 0.946341 0.570349 0.942439 0.566572 0.942439 0.565628 0.940488 0.563739 0.940488 0.562795 0.939512 0.561851 0.939512 0.559962 0.938537 0.559018 0.938537 0.556185 0.937561 0.555241 0.937561 0.552408 0.938537 0.551464 0.938537 0.550519 0.939512 0.549575 0.939512 0.548631 0.940488 0.547687 0.940488 0.546742 0.941463 0.545798 0.941463 0.544854 0.942439 0.543909 0.942439 0.542965 0.943415 0.542021 0.943415 0.541076 0.94439 0.540132 0.945366 0.540132 0.946341 0.541076 0.947317 0.541076 0.948293 0.542021 0.948293 0.542965 0.950244 0.544854 0.950244 0.545798 0.950244 0.534467
1 0.301463 0.365439 0.301463 0.367328 0.302439 0.368272 0.302439 0.369216 0.303415 0.370161 0.303415 0.371105 0.30439 0.371105 0.305366 0.372049 0.305366 0.365439
0 0.545366 0.164306 0.545366 0.166195 0.546341 0.167139 0.546341 0.169027 0.548293 0.170916 0.548293 0.17186 0.547317 0.172805 0.546341 0.172805 0.545366 0.173749 0.54439 0.173749 0.542439 0.175637 0.542439 0.176582 0.541463 0.177526 0.541463 0.18508 0.540488 0.186025 0.540488 0.190746 0.541463 0.19169 0.541463 0.194523 0.542439 0.195467 0.542439 0.197356 0.543415 0.1983 0.543415 0.199245 0.54439 0.200189 0.54439 0.201133 0.545366 0.202077 0.545366 0.203022 0.543415 0.20491 0.542439 0.20491 0.541463 0.205855 0.540488 0.205855 0.539512 0.206799 0.539512 0.209632 0.549268 0.209632 0.549268 0.208687 0.550244 0.207743 0.550244 0.164306
1 0.542439 0.352219 0.542439 0.362606 0.54439 0.364495 0.548293 0.364495 0.549268 0.365439 0.55122 0.365439 0.552195 0.364495 0.553171 0.364495 0.554146 0.363551 0.554146 0.362606 0.555122 0.361662 0.555122 0.359773 0.556098 0.358829 0.556098 0.352219
0 0.190244 0.267233 0.189268 0.268178 0.189268 0.269122 0.188293 0.270066 0.188293 0.280453 0.190244 0.280453 0.19122 0.281398 0.192195 0.281398 0.193171 0.282342 0.195122 0.282342 0.198049 0.285175 0.198049 0.286119 0.199024 0.287063 0.199024 0.288008 0.2 0.288952 0.2 0.292729 0.199024 0.293673 0.199024 0.294618 0.198049 0.295562 0.198049 0.29745 0.197073 0.298395 0.197073 0.300283 0.195122 0.302172 0.195122 0.303116 0.194146 0.30406 0.193171 0.30406 0.192195 0.305005 0.19122 0.305005 0.190244 0.305949 0.188293 0.305949 0.188293 0.314448 0.206829 0.314448 0.206829 0.311615 0.203902 0.308782 0.205854 0.306893 0.205854 0.305949 0.206829 0.305005 0.206829 0.267233
0 0.884878 0.830973 0.884878 0.850803 0.886829 0.850803 0.887805 0.851747 0.887805 0.859301 0.88878 0.860246 0.88878 0.864967 0.889756 0.865911 0.889756 0.868744 0.890732 0.869688 0.890732 0.871577 0.892683 0.873466 0.892683 0.87441 0.893659 0.87441 0.894634 0.875354 0.89561 0.875354 0.897561 0.877243 0.897561 0.85458 0.896585 0.853635 0.896585 0.843248 0.897561 0.842304 0.897561 0.833806 0.896585 0.832861 0.89561 0.832861 0.894634 0.831917 0.893659 0.831917 0.892683 0.830973
0 0.165854 0.379603 0.162927 0.382436 0.162927 0.400378 0.163902 0.399433 0.166829 0.399433 0.167805 0.398489 0.170732 0.398489 0.17561 0.403211 0.17561 0.406043 0.176585 0.406988 0.176585 0.407932 0.183415 0.407932 0.183415 0.388102 0.181463 0.386213 0.181463 0.385269 0.180488 0.384325 0.180488 0.383381 0.179512 0.382436 0.179512 0.381492 0.178537 0.380548 0.178537 0.379603
1 0.0097561 0.858357 0.0097561 0.879131 0.0204878 0.879131 0.0204878 0.878187 0.0214634 0.877243 0.0214634 0.876298 0.0234146 0.87441 0.0234146 0.873466 0.0243902 0.872521 0.0243902 0.871577 0.0253659 0.870633 0.0253659 0.869688 0.0263415 0.868744 0.0263415 0.8678 0.0273171 0.866856 0.0273171 0.865911 0.0282927 0.864967 0.0282927 0.862134 0.0292683 0.86119 0.0292683 0.858357
1 0.761951 0.258735 0.761951 0.27101 0.765854 0.27101 0.766829 0.270066 0.76878 0.270066 0.769756 0.269122 0.770732 0.269122 0.770732 0.258735
0 0.585366 0.00566572 0.585366 0.0169972 0.586341 0.0169972 0.587317 0.0179415 0.588293 0.0179415 0.589268 0.0188857 0.590244 0.0188857 0.591219 0.01983 0.591219 0.0217186 0.590244 0.0226629 0.589268 0.0226629 0.588293 0.0236072 0.587317 0.0236072 0.585366 0.0254958 0.585366 0.0387158 0.598049 0.0387158 0.598049 0.0368272 0.597073 0.0358829 0.597073 0.0254958 0.598049 0.0245515 0.598049 0.0179415 0.599024 0.0169972 0.599024 0.0160529 0.600976 0.0141643 0.602927 0.0141643 0.602927 0.00566572
1 0.869268 0.232295 0.869268 0.24457 0.870244 0.245515 0.88 0.245515 0.881951 0.243626 0.881951 0.242682 0.882927 0.241737 0.882927 0.233239 0.881951 0.232295
1 0.724878 0.0972616 0.724878 0.0982059 0.721951 0.101039 0.721951 0.101983 0.718049 0.10576 0.717073 0.10576 0.716098 0.106704 0.715122 0.106704 0.713171 0.108593 0.713171 0.11898 0.715122 0.11898 0.716098 0.119924 0.719024 0.119924 0.72 0.120869 0.722927 0.120869 0.723902 0.121813 0.724878 0.121813 0.726829 0.119924 0.727805 0.119924 0.729756 0.118036 0.730732 0.118036 0.732683 0.116147 0.732683 0.0972616
0 0.489756 0.873466 0.487805 0.875354 0.486829 0.875354 0.483902 0.878187 0.483902 0.879131 0.482927 0.880076 0.482927 0.88102 0.481951 0.881964 0.481951 0.882908 0.480976 0.883853 0.483902 0.886686 0.483902 0.88763 0.486829 0.890463 0.487805 0.890463 0.48878 0.891407 0.489756 0.891407 0.491707 0.893296 0.492683 0.893296 0.493659 0.89424 0.49561 0.89424 0.496585 0.895184 0.498537 0.895184 0.499512 0.896128 0.500488 0.896128 0.501463 0.897073 0.502439 0.897073 0.50439 0.898961 0.505366 0.898961 0.509268 0.902738 0.51122 0.902738 0.512195 0.903683 0.513171 0.903683 0.514146 0.904627 0.515122 0.904627 0.516098 0.905571 0.517073 0.905571 0.519024 0.90746 0.520976 0.90746 0.521951 0.908404 0.522927 0.908404 0.523902 0.909348 0.524878 0.909348 0.526829 0.911237 0.527805 0.911237 0.531707 0.915014 0.531707 0.915958 0.537561 0.921624 0.536585 0.922568 0.53561 0.922568 0.534634 0.923513 0.533659 0.923513 0.530732 0.926346 0.530732 0.92729 0.527805 0.930123 0.526829 0.930123 0.525854 0.931067 0.523902 0.931067 0.522927 0.930123 0.52 0.930123 0.519024 0.929178 0.515122 0.929178 0.514146 0.928234 0.509268 0.928234 0.508293 0.929178 0.505366 0.929178 0.50439 0.930123 0.502439 0.930123 0.501463 0.931067 0.500488 0.931067 0.499512 0.932011 0.497561 0.932011 0.496585 0.932956 0.49561 0.932956 0.494634 0.9339 0.498537 0.9339 0.499512 0.934844 0.501463 0.934844 0.502439 0.935788 0.50439 0.935788 0.505366 0.936733 0.506341 0.936733 0.507317 0.937677 0.508293 0.937677 0.509268 0.938621 0.510244 0.938621 0.51122 0.939566 0.512195 0.939566 0.513171 0.94051 0.519024 0.94051 0.52 0.941454 0.522927 0.941454 0.523902 0.942398 0.524878 0.942398 0.525854 0.943343 0.526829 0.943343 0.531707 0.948064 0.552195 0.948064 0.552195 0.906516 0.54439 0.898961 0.543415 0.898961 0.541463 0.897073 0.540488 0.897073 0.539512 0.896128 0.538537 0.896128 0.534634 0.892351 0.533659 0.892351 0.530732 0.889518 0.529756 0.889518 0.52878 0.888574 0.527805 0.888574 0.526829 0.88763 0.525854 0.88763 0.523902 0.885741 0.522927 0.885741 0.521951 0.884797 0.520976 0.884797 0.519024 0.882908 0.518049 0.882908 0.516098 0.88102 0.515122 0.88102 0.512195 0.878187 0.51122 0.878187 0.510244 0.877243 0.509268 0.877243 0.508293 0.876298 0.507317 0.876298 0.505366 0.87441 0.50439 0.87441 0.503415 0.873466
0 0.473171 0.25118 0.473171 0.260623 0.475122 0.262512 0.476098 0.262512 0.479024 0.265345 0.48 0.265345 0.480976 0.266289 0.486829 0.266289 0.48878 0.2644 0.48878 0.263456 0.489756 0.262512 0.489756 0.253069 0.48878 0.253069 0.487805 0.252125 0.486829 0.252125 0.485854 0.25118
1 0.0478049 0.929178 0.0468293 0.930123 0.0458537 0.930123 0.044878 0.931067 0.0439024 0.931067 0.0429268 0.932011 0.0419512 0.932011 0.0409756 0.932956 0.04 0.932956 0.0390244 0.9339 0.0390244 0.949009 0.04 0.949953 0.0409756 0.949953 0.0419512 0.950897 0.0429268 0.950897 0.0439024 0.951841 0.044878 0.951841 0.0458537 0.952786 0.0468293 0.952786 0.0478049 0.95373 0.0556098 0.95373 0.0585366 0.950897 0.0585366 0.949953 0.0595122 0.949009 0.0595122 0.94712 0.0604878 0.946176 0.0604878 0.945231 0.062439 0.943343 0.062439 0.942398 0.0643902 0.94051 0.0643902 0.936733 0.0653659 0.935788 0.0653659 0.9339 0.0663415 0.932956 0.0663415 0.931067 0.0673171 0.930123 0.0673171 0.929178
0 0.0439024 0.793201 0.0439024 0.800755 0.044878 0.800755 0.0458537 0.8017 0.0468293 0.8017 0.0487805 0.803588 0.0487805 0.804533 0.062439 0.804533 0.0634146 0.803588 0.0653659 0.803588 0.0663415 0.802644 0.0721951 0.802644 0.0731707 0.803588 0.0790244 0.803588 0.0790244 0.796034 0.0770732 0.794145 0.075122 0.794145 0.0741463 0.793201
1 0.625366 0.261568 0.625366 0.269122 0.626341 0.270066 0.626341 0.27101 0.627317 0.271955 0.627317 0.272899 0.628293 0.273843 0.628293 0.274788 0.629268 0.274788 0.630244 0.275732 0.636098 0.275732 0.636098 0.261568
1 0.657561 0.406043 0.657561 0.407932 0.656585 0.408876 0.656585 0.411709 0.65561 0.412653 0.65561 0.417375 0.657561 0.419263 0.658537 0.419263 0.659512 0.420208 0.661463 0.420208 0.662439 0.419263 0.66439 0.419263 0.665366 0.418319 0.667317 0.418319 0.667317 0.406043
0 0.777561 0.179415 0.77561 0.181303 0.774634 0.181303 0.772683 0.183192 0.770732 0.183192 0.769756 0.184136 0.76878 0.184136 0.76878 0.18508 0.767805 0.186025 0.767805 0.186969 0.766829 0.187913 0.766829 0.189802 0.765854 0.190746 0.765854 0.19169 0.764878 0.192635 0.763902 0.192635 0.763902 0.193579 0.761951 0.195467 0.761951 0.197356 0.760976 0.1983 0.760976 0.199245 0.759024 0.201133 0.759024 0.202077 0.757073 0.203966 0.755122 0.203966 0.754146 0.20491 0.753171 0.20491 0.75122 0.206799 0.75122 0.21152 0.76 0.21152 0.761951 0.209632 0.762927 0.209632 0.764878 0.207743 0.764878 0.206799 0.765854 0.205855 0.765854 0.20491 0.766829 0.203966 0.766829 0.203022 0.767805 0.202077 0.767805 0.201133 0.76878 0.200189 0.76878 0.199245 0.771707 0.196412 0.771707 0.194523 0.772683 0.193579 0.772683 0.192635 0.773659 0.19169 0.773659 0.190746 0.774634 0.189802 0.774634 0.188857 0.777561 0.186025 0.779512 0.186025 0.780488 0.18508 0.781463 0.18508 0.782439 0.184136 0.783415 0.184136 0.78439 0.183192 0.783415 0.182247 0.783415 0.179415
1 0.358049 0.425873 0.358049 0.427762 0.357073 0.428706 0.357073 0.430595 0.356098 0.431539 0.356098 0.435316 0.355122 0.436261 0.355122 0.438149 0.354146 0.439093 0.354146 0.440038 0.355122 0.440038 0.356098 0.440982 0.358049 0.440982 0.359024 0.441926 0.360976 0.441926 0.361951 0.442871 0.364878 0.442871 0.365854 0.441926 0.366829 0.441926 0.366829 0.425873
0 0.87122 0.456091 0.87122 0.457979 0.872195 0.458924 0.87122 0.459868 0.87122 0.461756 0.870244 0.462701 0.870244 0.464589 0.868293 0.466478 0.868293 0.467422 0.867317 0.468366 0.859512 0.468366 0.858537 0.467422 0.847805 0.467422 0.846829 0.466478 0.845854 0.466478 0.843902 0.464589 0.843902 0.463645 0.842927 0.462701 0.842927 0.478754 0.844878 0.478754 0.845854 0.479698 0.847805 0.479698 0.848781 0.480642 0.849756 0.480642 0.850732 0.481586 0.851707 0.481586 0.854634 0.484419 0.854634 0.485364 0.856585 0.485364 0.857561 0.484419 0.860488 0.484419 0.862439 0.482531 0.862439 0.481586 0.863415 0.480642 0.863415 0.479698 0.86439 0.478754 0.86439 0.477809 0.867317 0.474976 0.868293 0.475921 0.868293 0.476865 0.869268 0.477809 0.869268 0.483475 0.870244 0.484419 0.870244 0.488196 0.87122 0.489141 0.87122 0.491029 0.872195 0.491974 0.872195 0.492918 0.873171 0.493862 0.874146 0.492918 0.874146 0.456091
0 0.962927 0.00283286 0.962927 0.0169972 0.963902 0.0179415 0.963902 0.0188857 0.964878 0.01983 0.964878 0.0207743 0.968781 0.0245515 0.968781 0.0254958 0.970732 0.0273843 0.977561 0.0273843 0.977561 0.01983 0.976585 0.0188857 0.976585 0.0160529 0.97561 0.0151086 0.97561 0.0075543 0.974634 0.00661001 0.974634 0.00283286
0 0.356098 0.388102 0.353171 0.390935 0.352195 0.390935 0.35122 0.391879 0.350244 0.391879 0.349268 0.392823 0.347317 0.392823 0.346341 0.393768 0.343415 0.393768 0.342439 0.394712 0.338537 0.394712 0.337561 0.395656 0.336585 0.395656 0.33561 0.396601 0.33561 0.405099 0.355122 0.405099 0.356098 0.404155 0.357073 0.404155 0.360976 0.400378 0.360976 0.388102
0 0.74439 0.597734 0.74439 0.602455 0.743415 0.603399 0.743415 0.604344 0.741463 0.606232 0.741463 0.607177 0.73561 0.612842 0.734634 0.612842 0.732683 0.614731 0.722927 0.614731 0.721951 0.613787 0.718049 0.613787 0.717073 0.612842 0.716098 0.612842 0.715122 0.611898 0.713171 0.611898 0.712195 0.610954 0.710244 0.610954 0.709268 0.610009 0.707317 0.610009 0.706341 0.609065 0.698537 0.609065 0.692683 0.614731 0.692683 0.617564 0.693659 0.618508 0.69561 0.618508 0.696585 0.619452 0.72 0.619452 0.721951 0.621341 0.721951 0.622285 0.722927 0.623229 0.722927 0.624174 0.723902 0.625118 0.723902 0.627951 0.72 0.631728 0.72 0.632672 0.719024 0.633617 0.718049 0.633617 0.716098 0.635505 0.716098 0.636449 0.714146 0.638338 0.714146 0.639282 0.713171 0.640227 0.713171 0.642115 0.712195 0.643059 0.711219 0.642115 0.706341 0.642115 0.705366 0.641171 0.703415 0.641171 0.702439 0.640227 0.692683 0.640227 0.690732 0.638338 0.689756 0.638338 0.68878 0.637394 0.686829 0.637394 0.686829 0.646837 0.690732 0.646837 0.691707 0.647781 0.705366 0.647781 0.706341 0.646837 0.712195 0.646837 0.713171 0.647781 0.714146 0.647781 0.716098 0.64967 0.717073 0.64967 0.718049 0.650614 0.724878 0.650614 0.726829 0.648725 0.726829 0.647781 0.736585 0.638338 0.736585 0.637394 0.737561 0.636449 0.738537 0.636449 0.742439 0.632672 0.742439 0.631728 0.747317 0.627007 0.747317 0.626062 0.750244 0.623229 0.750244 0.622285 0.754146 0.618508 0.754146 0.597734
0 0.537561 0.0576015 0.537561 0.0604344 0.532683 0.0651558 0.531707 0.0651558 0.530732 0.0661001 0.530732 0.0745987 0.533659 0.0745987 0.534634 0.075543 0.536585 0.075543 0.537561 0.0764873 0.545366 0.0764873 0.546341 0.075543 0.549268 0.075543 0.550244 0.0745987 0.558049 0.0745987 0.559024 0.0736544 0.559024 0.0679887 0.556098 0.0651558 0.556098 0.0632672 0.552195 0.0594901 0.55122 0.0594901 0.549268 0.0576015
0 0.866341 0.548631 0.866341 0.568461 0.867317 0.569405 0.868293 0.569405 0.869268 0.570349 0.87122 0.570349 0.872195 0.571294 0.870244 0.573182 0.867317 0.573182 0.867317 0.575071 0.866341 0.576015 0.873171 0.576015 0.873171 0.574127 0.875122 0.572238 0.876098 0.572238 0.877073 0.571294 0.88 0.571294 0.887805 0.563739 0.887805 0.562795 0.88878 0.561851 0.88878 0.560907 0.890732 0.559018 0.890732 0.555241 0.889756 0.554296 0.889756 0.552408 0.88878 0.551464 0.886829 0.551464 0.879024 0.559018 0.878049 0.559018 0.874146 0.562795 0.872195 0.562795 0.87122 0.561851 0.87122 0.560907 0.870244 0.559962 0.870244 0.559018 0.869268 0.558074 0.869268 0.557129 0.868293 0.556185 0.868293 0.554296 0.867317 0.553352 0.867317 0.552408 0.866341 0.551464
1 0.262439 0.0188857 0.262439 0.0311615 0.273171 0.0311615 0.273171 0.0188857
0 0.703415 0.424929 0.702439 0.425873 0.702439 0.426818 0.69561 0.433428 0.69561 0.434372 0.694634 0.435316 0.694634 0.436261 0.693659 0.437205 0.693659 0.439093 0.690732 0.441926 0.690732 0.442871 0.689756 0.443815 0.689756 0.445704 0.68878 0.446648 0.68878 0.448536 0.685854 0.451369 0.685854 0.452314 0.684878 0.453258 0.684878 0.460812 0.686829 0.462701 0.687805 0.462701 0.68878 0.463645 0.689756 0.463645 0.690732 0.464589 0.691707 0.464589 0.692683 0.465534 0.69561 0.465534 0.696585 0.464589 0.699512 0.464589 0.705366 0.458924 0.705366 0.454202 0.706341 0.453258 0.706341 0.452314 0.705366 0.451369 0.705366 0.445704 0.706341 0.444759 0.706341 0.442871 0.707317 0.441926 0.707317 0.440982 0.708293 0.440038 0.708293 0.438149 0.710244 0.436261 0.710244 0.435316 0.713171 0.432483 0.713171 0.424929
0 0.084878 0.254013 0.0819512 0.256846 0.0819512 0.25779 0.0809756 0.258735 0.0809756 0.259679 0.08 0.260623 0.08 0.27101 0.0809756 0.271955 0.0819512 0.271955 0.0839024 0.273843 0.0839024 0.274788 0.0858537 0.276676 0.0858537 0.27762 0.0868293 0.278565 0.0887805 0.278565 0.0907317 0.280453 0.0907317 0.283286 0.0926829 0.285175 0.097561 0.285175 0.097561 0.281398 0.0965854 0.280453 0.0956098 0.280453 0.0926829 0.27762 0.0936585 0.276676 0.0936585 0.275732 0.0946341 0.274788 0.0946341 0.272899 0.0956098 0.271955 0.0956098 0.27101 0.0946341 0.270066 0.0946341 0.269122 0.0926829 0.267233 0.0926829 0.2644 0.0946341 0.262512 0.0946341 0.261568 0.0956098 0.260623 0.0956098 0.25779 0.0965854 0.256846 0.0965854 0.254013
0 0.022439 0.260623 0.022439 0.261568 0.0234146 0.262512 0.0234146 0.2644 0.0243902 0.265345 0.0243902 0.266289 0.0263415 0.268178 0.0263415 0.269122 0.0273171 0.270066 0.0273171 0.27101 0.0282927 0.271955 0.0282927 0.274788 0.0292683 0.273843 0.0292683 0.272899 0.0312195 0.27101 0.0312195 0.260623
0 0.00097561 0.783758 0.00097561 0.819641 0.0185366 0.819641 0.0185366 0.803588 0.017561 0.802644 0.017561 0.800755 0.0165854 0.799811 0.0165854 0.797923 0.0156098 0.796978 0.0156098 0.796034 0.0146341 0.79509 0.0146341 0.789424 0.0136585 0.78848 0.0136585 0.786591 0.0126829 0.785647 0.0126829 0.783758
0 0.532683 0.0207743 0.532683 0.0368272 0.53561 0.0396601 0.53561 0.0406043 0.542439 0.0406043 0.543415 0.0396601 0.54439 0.0396601 0.547317 0.0368272 0.548293 0.0368272 0.549268 0.0358829 0.55122 0.0358829 0.55122 0.03305 0.552195 0.0321058 0.552195 0.0273843 0.553171 0.02644 0.553171 0.0207743
1 0.199024 0.652502 0.199024 0.661945 0.210732 0.661945 0.210732 0.652502
0 0.694634 0.436261 0.693659 0.437205 0.693659 0.440038 0.691707 0.441926 0.691707 0.442871 0.690732 0.443815 0.690732 0.446648 0.689756 0.447592 0.689756 0.449481 0.68878 0.450425 0.68878 0.451369 0.686829 0.453258 0.686829 0.463645 0.687805 0.464589 0.689756 0.464589 0.690732 0.465534 0.696585 0.465534 0.697561 0.464589 0.699512 0.464589 0.705366 0.458924 0.705366 0.457979 0.706341 0.457035 0.706341 0.452314 0.705366 0.451369 0.705366 0.444759 0.706341 0.443815 0.706341 0.441926 0.707317 0.440982 0.707317 0.436261
0 0.852683 0.0793201 0.851707 0.0802644 0.851707 0.088763 0.852683 0.0897073 0.852683 0.0906516 0.854634 0.0925401 0.854634 0.0934844 0.85561 0.0944287 0.85561 0.095373 0.856585 0.0963173 0.856585 0.0982059 0.857561 0.0991501 0.857561 0.104816 0.854634 0.107649 0.853659 0.107649 0.851707 0.109537 0.851707 0.119924 0.852683 0.120869 0.852683 0.122757 0.862439 0.122757 0.863415 0.121813 0.863415 0.107649 0.86439 0.106704 0.86439 0.10576 0.865366 0.104816 0.865366 0.103872 0.866341 0.102927 0.866341 0.101983 0.867317 0.101039 0.867317 0.0982059 0.868293 0.0972616 0.868293 0.0925401 0.869268 0.0915958 0.869268 0.0906516 0.87122 0.088763 0.872195 0.088763 0.873171 0.0878187 0.875122 0.0878187 0.878049 0.0906516 0.88 0.0906516 0.880976 0.0915958 0.885854 0.0915958 0.886829 0.0906516 0.885854 0.0897073 0.883902 0.0897073 0.880976 0.0868744 0.880976 0.0849858 0.88 0.0840416 0.879024 0.0840416 0.878049 0.0830973 0.877073 0.0830973 0.876098 0.082153 0.875122 0.082153 0.874146 0.0812087 0.872195 0.0812087 0.87122 0.0802644 0.867317 0.0802644 0.866341 0.0793201
1 0.660488 0.18508 0.660488 0.187913 0.662439 0.187913 0.66439 0.189802 0.66439 0.190746 0.663415 0.19169 0.662439 0.19169 0.660488 0.193579 0.660488 0.197356 0.670244 0.197356 0.67122 0.196412 0.67122 0.195467 0.670244 0.194523 0.670244 0.193579 0.669268 0.192635 0.669268 0.19169 0.668293 0.190746 0.668293 0.189802 0.667317 0.188857 0.667317 0.187913 0.666341 0.186969 0.666341 0.186025 0.665366 0.18508
1 0.193171 0.0859301 0.193171 0.0934844 0.194146 0.0934844 0.195122 0.0944287 0.197073 0.0944287 0.198049 0.0934844 0.199024 0.0934844 0.2 0.0925401 0.2 0.0859301
1 0.811707 0.422096 0.811707 0.434372 0.813659 0.436261 0.814634 0.436261 0.81561 0.437205 0.821463 0.437205 0.822439 0.436261 0.823415 0.436261 0.82439 0.435316 0.82439 0.422096
1 0.554146 0.342776 0.554146 0.353163 0.56878 0.353163 0.570732 0.351275 0.570732 0.342776
0 0.209756 0.787535 0.209756 0.79509 0.210732 0.79509 0.211707 0.796034 0.212683 0.796034 0.213659 0.796978 0.21561 0.796978 0.216585 0.797923 0.217561 0.797923 0.218537 0.798867 0.220488 0.798867 0.221463 0.799811 0.223415 0.799811 0.22439 0.800755 0.225366 0.800755 0.228293 0.803588 0.228293 0.804533 0.23122 0.807365 0.23122 0.80831 0.232195 0.809254 0.232195 0.810198 0.234146 0.812087 0.234146 0.796034 0.23122 0.793201 0.230244 0.793201 0.228293 0.791313 0.227317 0.791313 0.223415 0.787535
1 0.866341 0.86119 0.866341 0.864967 0.866341 0.863078 0.867317 0.862134 0.869268 0.862134 0.870244 0.863078 0.870244 0.865911 0.87122 0.866856 0.87122 0.8678 0.872195 0.868744 0.872195 0.871577 0.87122 0.872521 0.868293 0.872521 0.867317 0.873466 0.866341 0.873466 0.866341 0.88102 0.890732 0.88102 0.890732 0.86119 0.887805 0.86119 0.887805 0.862134 0.886829 0.863078 0.885854 0.863078 0.884878 0.862134 0.883902 0.862134 0.882927 0.86119 0.879024 0.86119 0.878049 0.862134 0.876098 0.862134 0.875122 0.863078 0.870244 0.863078 0.869268 0.862134 0.869268 0.86119
1 0.0517073 0.560907 0.0517073 0.574127 0.0526829 0.574127 0.0536585 0.575071 0.0546341 0.575071 0.0556098 0.576015 0.0643902 0.576015 0.0653659 0.575071 0.0673171 0.575071 0.0682927 0.574127 0.0682927 0.560907
0 0.353171 0.394712 0.353171 0.407932 0.354146 0.406988 0.355122 0.406988 0.356098 0.406043 0.357073 0.406043 0.358049 0.405099 0.359024 0.406043 0.36 0.406043 0.360976 0.406988 0.360976 0.407932 0.361951 0.408876 0.360976 0.409821 0.360976 0.413598 0.36 0.414542 0.36 0.419263 0.359024 0.420208 0.359024 0.423985 0.358049 0.424929 0.358049 0.425873 0.357073 0.426818 0.357073 0.428706 0.356098 0.429651 0.356098 0.440038 0.357073 0.440038 0.359024 0.441926 0.36 0.441926 0.360976 0.442871 0.362927 0.442871 0.363902 0.443815 0.364878 0.442871 0.365854 0.442871 0.36878 0.440038 0.36878 0.406988 0.367805 0.406988 0.366829 0.406043 0.365854 0.406043 0.362927 0.403211 0.362927 0.400378 0.363902 0.399433 0.363902 0.394712
1 0.603902 0.724268 0.603902 0.734655 0.605854 0.734655 0.606829 0.733711 0.607805 0.733711 0.608781 0.732767 0.613659 0.732767 0.614634 0.733711 0.616585 0.733711 0.618537 0.7356 0.619512 0.7356 0.620488 0.736544 0.622439 0.736544 0.623415 0.737488 0.626341 0.737488 0.627317 0.738432 0.63122 0.738432 0.63122 0.724268 0.617561 0.724268 0.616585 0.725212 0.614634 0.725212 0.613659 0.724268
1 0.00195122 0.785647 0.00195122 0.813031 0.00292683 0.813031 0.00390244 0.813975 0.00390244 0.81492 0.00487805 0.815864 0.00487805 0.817753 0.00585366 0.818697 0.00780488 0.818697 0.00878049 0.819641 0.0097561 0.819641 0.0117073 0.82153 0.0117073 0.822474 0.0126829 0.823418 0.0204878 0.823418 0.0204878 0.805477 0.0195122 0.804533 0.0195122 0.8017 0.0185366 0.800755 0.0185366 0.796978 0.017561 0.796034 0.017561 0.792257 0.0165854 0.791313 0.0165854 0.787535 0.0156098 0.786591 0.0156098 0.785647
1 0.320976 0.294618 0.320976 0.303116 0.321951 0.30406 0.321951 0.305005 0.322927 0.305005 0.323902 0.305949 0.330732 0.305949 0.331707 0.305005 0.332683 0.305005 0.333659 0.30406 0.334634 0.30406 0.336585 0.302172 0.336585 0.294618
0 0.583415 0.0349386 0.583415 0.0491029 0.591219 0.0491029 0.593171 0.0472144 0.593171 0.0349386
1 0.726829 0.229462 0.724878 0.23135 0.724878 0.236072 0.725854 0.237016 0.725854 0.23796 0.726829 0.238905 0.726829 0.239849 0.728781 0.241737 0.740488 0.241737 0.741463 0.240793 0.741463 0.234183 0.739512 0.232295 0.738537 0.232295 0.736585 0.230406 0.734634 0.230406 0.733659 0.229462
1 0.957073 0.708215 0.957073 0.717658 0.962927 0.723324 0.971707 0.723324 0.972683 0.72238 0.972683 0.708215
0 0.922927 0.772427 0.921951 0.773371 0.92 0.773371 0.92 0.774315 0.919024 0.77526 0.919024 0.779037 0.92 0.779981 0.92 0.783758 0.920976 0.784703 0.920976 0.786591 0.921951 0.787535 0.921951 0.789424 0.922927 0.790368 0.922927 0.792257 0.923902 0.793201 0.923902 0.794145 0.92878 0.798867 0.92878 0.799811 0.929756 0.800755 0.929756 0.802644 0.930732 0.803588 0.930732 0.809254 0.929756 0.810198 0.929756 0.811143 0.927805 0.813031 0.927805 0.813975 0.918049 0.823418 0.917073 0.823418 0.916098 0.824363 0.915122 0.824363 0.913171 0.826251 0.912195 0.826251 0.91122 0.827195 0.910244 0.827195 0.909268 0.82814 0.907317 0.82814 0.906341 0.829084 0.905366 0.829084 0.903415 0.830973 0.902439 0.830973 0.901463 0.831917 0.900488 0.831917 0.899512 0.832861 0.898537 0.832861 0.897561 0.831917 0.89561 0.831917 0.894634 0.830973 0.889756 0.830973 0.88878 0.831917 0.88878 0.833806 0.886829 0.835694 0.885854 0.835694 0.883902 0.833806 0.883902 0.831917 0.882927 0.830973 0.881951 0.830973 0.881951 0.836638 0.883902 0.838527 0.883902 0.840415 0.881951 0.842304 0.881951 0.848914 0.882927 0.848914 0.883902 0.84797 0.884878 0.84797 0.885854 0.847026 0.886829 0.847026 0.88878 0.848914 0.88878 0.849858 0.889756 0.850803 0.889756 0.852691 0.890732 0.853635 0.890732 0.860246 0.891707 0.86119 0.891707 0.864023 0.892683 0.864967 0.892683 0.865911 0.89561 0.865911 0.89561 0.862134 0.896585 0.86119 0.896585 0.859301 0.89561 0.858357 0.89561 0.853635 0.894634 0.852691 0.894634 0.847026 0.89561 0.846081 0.89561 0.845137 0.899512 0.84136 0.902439 0.84136 0.903415 0.840415 0.906341 0.840415 0.908293 0.842304 0.908293 0.843248 0.91122 0.846081 0.91122 0.847026 0.912195 0.84797 0.912195 0.848914 0.913171 0.849858 0.913171 0.850803 0.914146 0.851747 0.914146 0.85458 0.915122 0.855524 0.915122 0.857413 0.916098 0.858357 0.916098 0.860246 0.917073 0.86119 0.917073 0.862134 0.918049 0.863078 0.918049 0.864023 0.919024 0.864967 0.920976 0.864967 0.924878 0.868744 0.924878 0.870633 0.925854 0.871577 0.92878 0.871577 0.929756 0.872521 0.930732 0.872521 0.931707 0.873466 0.932683 0.873466 0.934634 0.871577 0.933659 0.870633 0.932683 0.870633 0.931707 0.869688 0.929756 0.869688 0.926829 0.866856 0.926829 0.864023 0.925854 0.863078 0.925854 0.852691 0.924878 0.851747 0.924878 0.849858 0.923902 0.848914 0.923902 0.847026 0.922927 0.846081 0.922927 0.843248 0.921951 0.842304 0.921951 0.838527 0.922927 0.837583 0.922927 0.836638 0.924878 0.83475 0.924878 0.833806 0.931707 0.827195 0.931707 0.826251 0.936585 0.82153 0.936585 0.819641 0.937561 0.818697 0.937561 0.817753 0.938537 0.816808 0.938537 0.802644 0.936585 0.800755 0.936585 0.798867 0.93561 0.797923 0.93561 0.796034 0.936585 0.79509 0.936585 0.794145 0.938537 0.792257 0.938537 0.78848 0.932683 0.782814 0.931707 0.782814 0.930732 0.78187 0.930732 0.780925 0.92878 0.779037 0.92878 0.778093 0.927805 0.777148 0.927805 0.776204 0.926829 0.77526 0.926829 0.774315 0.924878 0.772427
1 0.229268 0.678942 0.229268 0.688385 0.236098 0.688385 0.238049 0.686497 0.238049 0.685552 0.239024 0.684608 0.239024 0.679887 0.238049 0.678942
0 0.817561 0.850803 0.818537 0.851747 0.818537 0.852691 0.823415 0.857413 0.823415 0.858357 0.82439 0.859301 0.82439 0.860246 0.825366 0.86119 0.825366 0.862134 0.826341 0.863078 0.826341 0.864023 0.830244 0.8678 0.830244 0.868744 0.831219 0.869688 0.831219 0.872521 0.832195 0.873466 0.832195 0.875354 0.833171 0.876298 0.833171 0.880076 0.834146 0.88102 0.834146 0.885741 0.833171 0.886686 0.833171 0.891407 0.832195 0.892351 0.832195 0.895184 0.831219 0.896128 0.831219 0.899906 0.830244 0.90085 0.830244 0.903683 0.834146 0.90746 0.836098 0.90746 0.837073 0.906516 0.838049 0.906516 0.84 0.904627 0.84 0.864023 0.839024 0.863078 0.839024 0.862134 0.838049 0.86119 0.838049 0.859301 0.834146 0.855524 0.833171 0.855524 0.832195 0.85458 0.831219 0.85458 0.830244 0.853635 0.830244 0.852691 0.829268 0.852691 0.828293 0.851747 0.827317 0.851747 0.826341 0.850803
0 0.292683 0.254013 0.292683 0.268178 0.293659 0.269122 0.293659 0.270066 0.294634 0.27101 0.294634 0.271955 0.296585 0.273843 0.296585 0.274788 0.297561 0.275732 0.297561 0.276676 0.302439 0.281398 0.302439 0.282342 0.305366 0.285175 0.305366 0.286119 0.309268 0.289896 0.310244 0.289896 0.312195 0.291785 0.313171 0.291785 0.314146 0.292729 0.315122 0.292729 0.316098 0.293673 0.317073 0.293673 0.318049 0.294618 0.319024 0.294618 0.32 0.295562 0.322927 0.295562 0.323902 0.296506 0.326829 0.296506 0.327805 0.295562 0.328781 0.295562 0.329756 0.294618 0.330732 0.294618 0.331707 0.293673 0.332683 0.293673 0.338537 0.288008 0.339512 0.288008 0.340488 0.287063 0.341463 0.287063 0.342439 0.286119 0.34439 0.286119 0.345366 0.285175 0.347317 0.285175 0.348293 0.28423 0.350244 0.28423 0.35122 0.283286 0.353171 0.283286 0.354146 0.282342 0.356098 0.282342 0.357073 0.281398 0.36 0.281398 0.360976 0.280453 0.363902 0.280453 0.364878 0.279509 0.366829 0.279509 0.367805 0.278565 0.36878 0.278565 0.369756 0.27762 0.370732 0.27762 0.371707 0.276676 0.372683 0.276676 0.373659 0.275732 0.374634 0.275732 0.376585 0.273843 0.377561 0.273843 0.378537 0.272899 0.379512 0.272899 0.381463 0.27101 0.381463 0.270066 0.380488 0.269122 0.380488 0.268178 0.379512 0.267233 0.379512 0.266289 0.378537 0.265345 0.370732 0.265345 0.369756 0.266289 0.36878 0.266289 0.367805 0.267233 0.364878 0.267233 0.363902 0.268178 0.361951 0.268178 0.360976 0.269122 0.36 0.269122 0.359024 0.270066 0.357073 0.270066 0.356098 0.27101 0.355122 0.27101 0.353171 0.272899 0.350244 0.272899 0.349268 0.273843 0.34439 0.273843 0.343415 0.274788 0.341463 0.274788 0.340488 0.275732 0.338537 0.275732 0.337561 0.276676 0.336585 0.276676 0.33561 0.27762 0.334634 0.27762 0.333659 0.278565 0.332683 0.278565 0.331707 0.279509 0.329756 0.279509 0.328781 0.280453 0.326829 0.280453 0.325854 0.281398 0.324878 0.281398 0.323902 0.280453 0.321951 0.280453 0.320976 0.279509 0.32 0.279509 0.318049 0.27762 0.317073 0.27762 0.315122 0.275732 0.314146 0.275732 0.313171 0.274788 0.312195 0.274788 0.310244 0.272899 0.309268 0.272899 0.302439 0.266289 0.302439 0.265345 0.301463 0.2644 0.301463 0.263456 0.300488 0.262512 0.300488 0.261568 0.298537 0.259679 0.298537 0.258735 0.297561 0.25779 0.297561 0.256846 0.296585 0.255902 0.296585 0.254957 0.29561 0.254013
1 0.207805 0.116147 0.205854 0.118036 0.205854 0.11898 0.204878 0.119924 0.204878 0.12559 0.205854 0.126534 0.205854 0.127479 0.207805 0.129367 0.210732 0.129367 0.214634 0.12559 0.217561 0.12559 0.217561 0.116147
0 0.30439 0.389046 0.301463 0.391879 0.300488 0.391879 0.299512 0.392823 0.298537 0.392823 0.296585 0.394712 0.29561 0.394712 0.290732 0.399433 0.290732 0.400378 0.289756 0.401322 0.289756 0.402266 0.28878 0.403211 0.28878 0.404155 0.284878 0.407932 0.284878 0.408876 0.283902 0.409821 0.283902 0.418319 0.284878 0.418319 0.285854 0.419263 0.286829 0.419263 0.294634 0.411709 0.294634 0.410765 0.29561 0.409821 0.29561 0.408876 0.301463 0.403211 0.301463 0.402266 0.306341 0.397545 0.310244 0.401322 0.310244 0.403211 0.31122 0.404155 0.31122 0.405099 0.312195 0.406043 0.312195 0.408876 0.313171 0.409821 0.314146 0.409821 0.315122 0.410765 0.315122 0.389046
1 0.275122 0.383381 0.275122 0.389046 0.277073 0.390935 0.277073 0.391879 0.278049 0.392823 0.28 0.392823 0.282927 0.389991 0.282927 0.389046 0.281951 0.388102 0.281951 0.385269 0.280976 0.384325 0.280976 0.383381
0 0.0419512 0.142587 0.0409756 0.143532 0.0409756 0.152975 0.0517073 0.152975 0.0526829 0.15203 0.0614634 0.15203 0.062439 0.151086 0.0634146 0.151086 0.0643902 0.150142 0.0653659 0.150142 0.0663415 0.149197 0.0663415 0.142587
0 0.985366 0.000944287 0.985366 0.00283286 0.986341 0.00377715 0.986341 0.00472144 0.987317 0.00566572 0.987317 0.0075543 0.988293 0.00849858 0.988293 0.00944287 0.99122 0.0122757 0.99122 0.01322 0.992195 0.0141643 0.992195 0.0169972 0.993171 0.0179415 0.993171 0.0236072 0.994146 0.0245515 0.994146 0.0283286 0.995122 0.0292729 0.999024 0.0292729 0.999024 0.000944287
0 0.0546341 0.642115 0.0546341 0.646837 0.0556098 0.647781 0.0556098 0.648725 0.0565854 0.64967 0.0565854 0.651558 0.057561 0.652502 0.057561 0.654391 0.0585366 0.655335 0.0585366 0.65628 0.0595122 0.657224 0.0595122 0.658168 0.0643902 0.66289 0.0653659 0.66289 0.0692683 0.666667 0.0692683 0.667611 0.0712195 0.6695 0.0712195 0.670444 0.0721951 0.671388 0.0721951 0.678942 0.0682927 0.68272 0.0673171 0.68272 0.0663415 0.683664 0.0663415 0.684608 0.0673171 0.685552 0.0682927 0.685552 0.0692683 0.686497 0.075122 0.686497 0.0760976 0.687441 0.0790244 0.687441 0.08 0.688385 0.0819512 0.688385 0.0829268 0.687441 0.0868293 0.687441 0.0887805 0.68933 0.0887805 0.690274 0.0897561 0.691218 0.0897561 0.692162 0.0907317 0.693107 0.0907317 0.698772 0.0917073 0.699717 0.0917073 0.70255 0.0907317 0.703494 0.0907317 0.710104 0.0897561 0.711048 0.0897561 0.71577 0.0887805 0.716714 0.0887805 0.718602 0.0878049 0.719547 0.0878049 0.720491 0.0868293 0.721435 0.0868293 0.723324 0.0858537 0.724268 0.0858537 0.726157 0.084878 0.727101 0.084878 0.72899 0.0829268 0.730878 0.0829268 0.731822 0.0760976 0.738432 0.0760976 0.739377 0.0731707 0.74221 0.0721951 0.74221 0.0702439 0.744098 0.0692683 0.744098 0.0682927 0.745043 0.0673171 0.745043 0.0663415 0.745987 0.0653659 0.745987 0.0643902 0.746931 0.0634146 0.746931 0.0614634 0.74882 0.0614634 0.749764 0.0604878 0.750708 0.0604878 0.751652 0.0595122 0.752597 0.0595122 0.756374 0.0585366 0.757318 0.0585366 0.763928 0.057561 0.764873 0.057561 0.76865 0.0712195 0.76865 0.0712195 0.764873 0.0721951 0.763928 0.0721951 0.762984 0.0731707 0.76204 0.0731707 0.761095 0.0741463 0.760151 0.0741463 0.759207 0.075122 0.758263 0.075122 0.757318 0.0809756 0.751652 0.0809756 0.750708 0.084878 0.746931 0.084878 0.745987 0.0907317 0.740321 0.0917073 0.740321 0.0956098 0.736544 0.0965854 0.736544 0.097561 0.7356 0.0985366 0.7356 0.101463 0.732767 0.101463 0.731822 0.103415 0.729934 0.103415 0.72899 0.105366 0.727101 0.105366 0.726157 0.106341 0.725212 0.106341 0.723324 0.107317 0.72238 0.107317 0.721435 0.108293 0.720491 0.108293 0.71577 0.109268 0.714825 0.109268 0.710104 0.110244 0.70916 0.110244 0.70255 0.109268 0.701605 0.109268 0.696884 0.108293 0.69594 0.108293 0.694051 0.107317 0.693107 0.107317 0.691218 0.106341 0.690274 0.106341 0.68933 0.10439 0.687441 0.10439 0.686497 0.103415 0.685552 0.103415 0.684608 0.102439 0.683664 0.102439 0.68272 0.100488 0.680831 0.100488 0.679887 0.0995122 0.678942 0.097561 0.678942 0.0965854 0.679887 0.0946341 0.679887 0.0936585 0.680831 0.0917073 0.680831 0.0907317 0.679887 0.0897561 0.679887 0.0878049 0.677998 0.0878049 0.677054 0.0858537 0.675165 0.0858537 0.674221 0.084878 0.673277 0.084878 0.672332 0.0839024 0.671388 0.0839024 0.6695 0.0829268 0.668555 0.0829268 0.665722 0.0819512 0.664778 0.0819512 0.66289 0.0809756 0.661945 0.0809756 0.659112 0.0790244 0.657224 0.0790244 0.65628 0.0780488 0.655335 0.0780488 0.654391 0.0770732 0.653447 0.0770732 0.651558 0.0760976 0.650614 0.0760976 0.64967 0.075122 0.648725 0.075122 0.647781 0.0741463 0.646837 0.0741463 0.644948 0.0731707 0.644004 0.0731707 0.642115
1 0.136585 0.939566 0.136585 0.94051 0.134634 0.942398 0.133659 0.942398 0.131707 0.944287 0.130732 0.944287 0.129756 0.945231 0.129756 0.956563 0.13561 0.956563 0.136585 0.957507 0.138537 0.957507 0.139512 0.956563 0.146341 0.956563 0.147317 0.955619 0.150244 0.955619 0.15122 0.954674 0.152195 0.954674 0.154146 0.952786 0.155122 0.952786 0.155122 0.950897 0.156098 0.949953 0.156098 0.949009 0.157073 0.948064 0.157073 0.939566
