1 0.163086 0.210576 0.161133 0.212465 0.161133 0.228517 0.162109 0.228517 0.163086 0.227573 0.164062 0.227573 0.165039 0.228517 0.177734 0.228517 0.179688 0.226629 0.179688 0.210576
1 0.69043 0.723324 0.69043 0.743154 0.694336 0.743154 0.695312 0.744098 0.710938 0.744098 0.711914 0.743154 0.712891 0.743154 0.71582 0.740321 0.716797 0.740321 0.716797 0.724268 0.71582 0.723324
1 0.648438 0.677054 0.645508 0.679887 0.644531 0.679887 0.636719 0.687441 0.635742 0.687441 0.634766 0.688385 0.634766 0.711048 0.640625 0.716714 0.641602 0.716714 0.642578 0.717658 0.644531 0.717658 0.645508 0.718602 0.648438 0.718602 0.649414 0.719547 0.650391 0.719547 0.651367 0.720491 0.678711 0.720491 0.679688 0.719547 0.680664 0.719547 0.685547 0.714825 0.686523 0.714825 0.686523 0.713881 0.69043 0.710104 0.69043 0.70916 0.691406 0.708215 0.691406 0.68272 0.689453 0.680831 0.689453 0.679887 0.686523 0.677054
1 0.0957031 0.434372 0.09375 0.436261 0.0927734 0.436261 0.0927734 0.449481 0.09375 0.450425 0.0957031 0.450425 0.0966797 0.451369 0.0996094 0.451369 0.101562 0.453258 0.102539 0.453258 0.105469 0.456091 0.107422 0.456091 0.108398 0.457035 0.113281 0.457035 0.113281 0.456091 0.116211 0.453258 0.116211 0.435316 0.115234 0.434372
1 0.489258 0.149197 0.489258 0.170916 0.508789 0.170916 0.510742 0.169027 0.511719 0.169027 0.514648 0.166195 0.514648 0.152975 0.513672 0.15203 0.513672 0.151086 0.511719 0.149197
0 0.892578 0.0566572 0.891602 0.0576015 0.891602 0.0585458 0.888672 0.0613787 0.887695 0.0613787 0.885742 0.0632672 0.884766 0.0632672 0.883789 0.0642115 0.883789 0.0651558 0.881836 0.0670444 0.880859 0.0670444 0.876953 0.0708215 0.876953 0.0717658 0.871094 0.0774315 0.871094 0.0793201 0.870117 0.0802644 0.870117 0.082153 0.869141 0.0830973 0.869141 0.0915958 0.868164 0.0925401 0.868164 0.0963173 0.866211 0.0982059 0.866211 0.0991501 0.865234 0.100094 0.865234 0.101983 0.864258 0.102927 0.864258 0.119924 0.865234 0.120869 0.865234 0.121813 0.866211 0.121813 0.867188 0.122757 0.868164 0.122757 0.869141 0.121813 0.870117 0.121813 0.87207 0.119924 0.87207 0.114259 0.873047 0.113314 0.873047 0.110482 0.874023 0.109537 0.874023 0.108593 0.875 0.107649 0.875 0.10576 0.875977 0.104816 0.875977 0.102927 0.876953 0.101983 0.876953 0.0982059 0.87793 0.0972616 0.87793 0.0915958 0.878906 0.0906516 0.878906 0.0897073 0.879883 0.088763 0.879883 0.0868744 0.880859 0.0859301 0.880859 0.0840416 0.881836 0.0830973 0.881836 0.082153 0.882812 0.0812087 0.882812 0.0802644 0.883789 0.0793201 0.883789 0.0783758 0.893555 0.068933 0.894531 0.068933 0.897461 0.0661001 0.897461 0.0651558 0.898438 0.0642115 0.898438 0.0566572
1 0.476562 0.600567 0.476562 0.609065 0.477539 0.610009 0.477539 0.610954 0.486328 0.610954 0.486328 0.600567
1 0.0800781 0.712937 0.0800781 0.731822 0.0810547 0.731822 0.0820312 0.730878 0.0888672 0.730878 0.0898438 0.731822 0.0957031 0.731822 0.0966797 0.730878 0.0976562 0.730878 0.0986328 0.729934 0.0996094 0.729934 0.101562 0.728045 0.101562 0.712937
1 0.182617 0.505194 0.182617 0.522191 0.183594 0.523135 0.18457 0.523135 0.186523 0.525024 0.1875 0.525024 0.189453 0.526912 0.19043 0.526912 0.192383 0.528801 0.193359 0.528801 0.194336 0.529745 0.197266 0.529745 0.198242 0.528801 0.200195 0.528801 0.201172 0.527856 0.202148 0.527856 0.204102 0.525968 0.204102 0.510859 0.203125 0.509915 0.203125 0.508971 0.199219 0.505194
1 0.422852 0.272899 0.422852 0.273843 0.421875 0.274788 0.421875 0.28423 0.431641 0.28423 0.432617 0.283286 0.432617 0.272899
1 0.498047 0.725212 0.498047 0.736544 0.499023 0.736544 0.5 0.737488 0.511719 0.737488 0.512695 0.736544 0.513672 0.736544 0.513672 0.725212
1 0.688477 0.463645 0.6875 0.464589 0.683594 0.464589 0.683594 0.465534 0.681641 0.467422 0.681641 0.468366 0.680664 0.469311 0.680664 0.472144 0.682617 0.474032 0.683594 0.474032 0.68457 0.474976 0.69043 0.474976 0.691406 0.474032 0.692383 0.474032 0.692383 0.463645
0 0.836914 0.241737 0.838867 0.241737 0.841797 0.24457 0.841797 0.245515 0.842773 0.246459 0.841797 0.247403 0.84082 0.247403 0.84082 0.248347 0.837891 0.25118 0.837891 0.252125 0.834961 0.254957 0.833984 0.254957 0.828125 0.260623 0.827148 0.260623 0.825195 0.262512 0.824219 0.262512 0.823242 0.263456 0.821289 0.263456 0.820312 0.2644 0.819336 0.2644 0.819336 0.272899 0.823242 0.272899 0.826172 0.270066 0.827148 0.270066 0.828125 0.269122 0.829102 0.269122 0.832031 0.266289 0.833008 0.266289 0.833984 0.265345 0.834961 0.265345 0.834961 0.2644 0.842773 0.256846 0.842773 0.255902 0.84668 0.252125 0.84668 0.25118 0.847656 0.250236 0.847656 0.249292 0.848633 0.248347 0.848633 0.247403 0.849609 0.246459 0.849609 0.245515 0.848633 0.24457 0.848633 0.241737
1 0.192383 0.389991 0.192383 0.400378 0.206055 0.400378 0.207031 0.399433 0.207031 0.389991
1 0.486328 0.637394 0.485352 0.638338 0.485352 0.650614 0.495117 0.650614 0.496094 0.64967 0.49707 0.64967 0.498047 0.648725 0.498047 0.637394
1 0.374023 0.416431 0.373047 0.417375 0.373047 0.424929 0.382812 0.424929 0.382812 0.416431
0 0.408203 0.569405 0.40918 0.570349 0.40918 0.571294 0.408203 0.572238 0.408203 0.574127 0.407227 0.575071 0.407227 0.576959 0.40625 0.577904 0.40625 0.578848 0.405273 0.579792 0.405273 0.580737 0.404297 0.581681 0.404297 0.582625 0.40332 0.583569 0.40332 0.584514 0.402344 0.585458 0.402344 0.586402 0.400391 0.588291 0.400391 0.607177 0.40918 0.607177 0.411133 0.605288 0.411133 0.604344 0.412109 0.603399 0.412109 0.590179 0.413086 0.589235 0.413086 0.585458 0.414062 0.584514 0.414062 0.581681 0.416016 0.579792 0.416016 0.569405
1 0.369141 0.240793 0.369141 0.254013 0.370117 0.254957 0.383789 0.254957 0.384766 0.254013 0.385742 0.254013 0.386719 0.253069 0.386719 0.240793
1 0.0458984 0.311615 0.0439453 0.313503 0.0439453 0.325779 0.0449219 0.325779 0.0458984 0.326723 0.0488281 0.326723 0.0498047 0.327668 0.0566406 0.327668 0.0576172 0.326723 0.0585938 0.326723 0.0595703 0.325779 0.0605469 0.325779 0.0615234 0.324835 0.0615234 0.311615
1 0.436523 0.449481 0.436523 0.452314 0.435547 0.453258 0.435547 0.454202 0.43457 0.455146 0.433594 0.455146 0.433594 0.464589 0.443359 0.464589 0.444336 0.463645 0.447266 0.463645 0.448242 0.462701 0.449219 0.462701 0.451172 0.460812 0.451172 0.449481
1 0.206055 0.602455 0.206055 0.611898 0.214844 0.611898 0.214844 0.602455
1 0.327148 0.095373 0.327148 0.108593 0.329102 0.110482 0.341797 0.110482 0.342773 0.109537 0.342773 0.095373
1 0.629883 0.269122 0.629883 0.28423 0.630859 0.285175 0.642578 0.285175 0.643555 0.28423 0.643555 0.269122
1 0.216797 0.537299 0.216797 0.549575 0.225586 0.549575 0.226562 0.548631 0.226562 0.537299
1 0.385742 0.263456 0.385742 0.274788 0.386719 0.275732 0.395508 0.275732 0.396484 0.274788 0.397461 0.274788 0.399414 0.272899 0.399414 0.263456
1 0.203125 0.0859301 0.203125 0.101983 0.204102 0.102927 0.205078 0.102927 0.206055 0.103872 0.208984 0.103872 0.209961 0.104816 0.219727 0.104816 0.220703 0.103872 0.22168 0.103872 0.222656 0.102927 0.222656 0.0859301
1 0.204102 0.371105 0.204102 0.384325 0.216797 0.384325 0.217773 0.383381 0.217773 0.371105
1 0.240234 0.797923 0.240234 0.80831 0.241211 0.809254 0.241211 0.810198 0.242188 0.811143 0.243164 0.811143 0.244141 0.812087 0.250977 0.812087 0.251953 0.811143 0.25293 0.811143 0.25293 0.797923
1 0.137695 0.644948 0.137695 0.658168 0.138672 0.659112 0.141602 0.659112 0.142578 0.660057 0.150391 0.660057 0.152344 0.658168 0.152344 0.644948
0 0.739258 0.491029 0.740234 0.491974 0.740234 0.496695 0.739258 0.497639 0.739258 0.499528 0.738281 0.500472 0.738281 0.501416 0.732422 0.507082 0.731445 0.507082 0.729492 0.508971 0.729492 0.509915 0.726562 0.512748 0.726562 0.513692 0.722656 0.517469 0.722656 0.518414 0.72168 0.519358 0.72168 0.520302 0.720703 0.521246 0.720703 0.522191 0.716797 0.525968 0.716797 0.526912 0.71582 0.527856 0.71582 0.528801 0.714844 0.529745 0.714844 0.543909 0.72168 0.543909 0.72168 0.542965 0.722656 0.542021 0.722656 0.541076 0.723633 0.540132 0.723633 0.539188 0.724609 0.538244 0.724609 0.536355 0.725586 0.535411 0.725586 0.533522 0.726562 0.532578 0.726562 0.531634 0.727539 0.530689 0.727539 0.528801 0.728516 0.527856 0.728516 0.525968 0.729492 0.525024 0.729492 0.524079 0.736328 0.517469 0.737305 0.517469 0.741211 0.513692 0.742188 0.513692 0.748047 0.508026 0.748047 0.507082 0.749023 0.506138 0.749023 0.491029
1 0.43457 0.925401 0.433594 0.926346 0.433594 0.944287 0.444336 0.944287 0.445312 0.943343 0.446289 0.943343 0.447266 0.942398 0.448242 0.942398 0.448242 0.941454 0.450195 0.939566 0.450195 0.937677 0.451172 0.936733 0.451172 0.92729 0.450195 0.926346 0.450195 0.925401
1 0.605469 0.133144 0.605469 0.147309 0.613281 0.147309 0.614258 0.146364 0.616211 0.146364 0.619141 0.143532 0.619141 0.133144
1 0.288086 0.212465 0.288086 0.226629 0.300781 0.226629 0.301758 0.225685 0.302734 0.225685 0.303711 0.22474 0.303711 0.212465
0 0.579102 0.846081 0.579102 0.850803 0.580078 0.851747 0.580078 0.853635 0.579102 0.85458 0.579102 0.858357 0.578125 0.859301 0.578125 0.869688 0.579102 0.870633 0.579102 0.876298 0.580078 0.877243 0.580078 0.885741 0.581055 0.886686 0.581055 0.88763 0.583008 0.88763 0.583984 0.888574 0.584961 0.888574 0.586914 0.890463 0.591797 0.890463 0.591797 0.856468 0.59082 0.855524 0.59082 0.847026 0.589844 0.846081
1 0.541016 0.23135 0.541016 0.245515 0.550781 0.245515 0.551758 0.24457 0.552734 0.24457 0.552734 0.23135
1 0.322266 0.162417 0.321289 0.163362 0.321289 0.166195 0.320312 0.167139 0.320312 0.172805 0.321289 0.173749 0.321289 0.174693 0.324219 0.177526 0.332031 0.177526 0.332031 0.176582 0.333984 0.174693 0.333984 0.162417
1 0.34668 0.282342 0.34668 0.292729 0.347656 0.293673 0.347656 0.294618 0.349609 0.296506 0.358398 0.296506 0.359375 0.295562 0.359375 0.282342
1 0.0673828 0.898017 0.0673828 0.911237 0.0703125 0.911237 0.0712891 0.912181 0.0742188 0.912181 0.0751953 0.913126 0.0761719 0.913126 0.0771484 0.91407 0.0849609 0.91407 0.0859375 0.913126 0.0869141 0.913126 0.0898438 0.910293 0.0898438 0.901794 0.0859375 0.898017
1 0.387695 0.420208 0.387695 0.430595 0.388672 0.431539 0.388672 0.434372 0.390625 0.436261 0.391602 0.436261 0.392578 0.437205 0.400391 0.437205 0.401367 0.436261 0.402344 0.436261 0.404297 0.434372 0.404297 0.420208 0.392578 0.420208 0.390625 0.422096 0.390625 0.423041 0.389648 0.423985 0.387695 0.422096
1 0.538086 0.0160529 0.537109 0.0169972 0.536133 0.0169972 0.535156 0.0179415 0.533203 0.0179415 0.532227 0.0188857 0.530273 0.0188857 0.530273 0.0245515 0.539062 0.0245515 0.540039 0.0236072 0.541016 0.0236072 0.541016 0.0179415 0.540039 0.0169972 0.539062 0.0169972
1 0.449219 0.322946 0.449219 0.335222 0.450195 0.335222 0.451172 0.336166 0.458008 0.336166 0.458984 0.335222 0.460938 0.335222 0.460938 0.322946
0 0.155273 0.765817 0.155273 0.767705 0.154297 0.76865 0.154297 0.772427 0.155273 0.773371 0.155273 0.77526 0.15625 0.776204 0.15625 0.778093 0.157227 0.779037 0.157227 0.780925 0.158203 0.78187 0.158203 0.782814 0.15918 0.783758 0.15918 0.786591 0.160156 0.787535 0.160156 0.790368 0.161133 0.791313 0.161133 0.792257 0.164062 0.79509 0.165039 0.79509 0.166016 0.794145 0.167969 0.794145 0.167969 0.783758 0.166992 0.782814 0.166992 0.779981 0.166016 0.779037 0.166016 0.776204 0.165039 0.77526 0.165039 0.772427 0.164062 0.771483 0.164062 0.766761 0.163086 0.765817
1 0.541016 0.424929 0.541016 0.435316 0.541992 0.436261 0.541992 0.437205 0.543945 0.439093 0.545898 0.439093 0.546875 0.440038 0.548828 0.440038 0.549805 0.440982 0.550781 0.440982 0.551758 0.440038 0.552734 0.440038 0.556641 0.436261 0.556641 0.424929
1 0.413086 0.402266 0.413086 0.413598 0.414062 0.414542 0.421875 0.414542 0.423828 0.412653 0.423828 0.402266
1 0.591797 0.202077 0.591797 0.21152 0.59375 0.213409 0.601562 0.213409 0.602539 0.212465 0.603516 0.212465 0.604492 0.21152 0.604492 0.202077
1 0.360352 0.554296 0.360352 0.562795 0.361328 0.563739 0.361328 0.565628 0.363281 0.567517 0.368164 0.567517 0.369141 0.566572 0.371094 0.566572 0.37207 0.565628 0.37207 0.564684 0.373047 0.563739 0.373047 0.554296
1 0.253906 0.632672 0.253906 0.646837 0.264648 0.646837 0.266602 0.644948 0.266602 0.632672
1 0.582031 0.671388 0.582031 0.683664 0.583008 0.684608 0.59082 0.684608 0.591797 0.683664 0.591797 0.68272 0.592773 0.681775 0.592773 0.671388
1 0.579102 0.777148 0.578125 0.778093 0.578125 0.789424 0.580078 0.791313 0.582031 0.791313 0.583008 0.792257 0.583984 0.792257 0.584961 0.791313 0.586914 0.791313 0.587891 0.790368 0.588867 0.790368 0.59082 0.78848 0.59082 0.777148
1 0.269531 0.303116 0.269531 0.30406 0.268555 0.305005 0.268555 0.316336 0.280273 0.316336 0.282227 0.314448 0.282227 0.303116
1 0.244141 0.585458 0.244141 0.595845 0.245117 0.596789 0.245117 0.597734 0.246094 0.598678 0.248047 0.598678 0.249023 0.599622 0.255859 0.599622 0.256836 0.598678 0.256836 0.585458
1 0.179688 0.668555 0.175781 0.672332 0.175781 0.673277 0.174805 0.674221 0.174805 0.679887 0.176758 0.681775 0.177734 0.681775 0.178711 0.68272 0.179688 0.68272 0.180664 0.683664 0.189453 0.683664 0.19043 0.68272 0.191406 0.68272 0.194336 0.679887 0.194336 0.668555
1 0.849609 0.832861 0.849609 0.848914 0.850586 0.849858 0.851562 0.849858 0.852539 0.850803 0.853516 0.850803 0.854492 0.851747 0.857422 0.851747 0.858398 0.852691 0.867188 0.852691 0.868164 0.851747 0.869141 0.851747 0.87207 0.848914 0.873047 0.848914 0.874023 0.84797 0.874023 0.832861
1 0.154297 0.423041 0.152344 0.424929 0.152344 0.425873 0.151367 0.426818 0.151367 0.436261 0.152344 0.437205 0.15918 0.437205 0.160156 0.436261 0.161133 0.436261 0.163086 0.434372 0.163086 0.423985 0.162109 0.423041
0 0.705078 0.0538244 0.705078 0.0557129 0.706055 0.0557129 0.707031 0.0566572 0.707031 0.0585458 0.708984 0.0604344 0.708984 0.0613787 0.712891 0.0651558 0.712891 0.0717658 0.709961 0.0745987 0.709961 0.075543 0.708984 0.0764873 0.708984 0.0774315 0.708008 0.0783758 0.708008 0.0849858 0.708984 0.0859301 0.714844 0.0859301 0.716797 0.0840416 0.716797 0.0830973 0.71875 0.0812087 0.71875 0.0802644 0.719727 0.0793201 0.719727 0.0585458 0.714844 0.0538244
1 0.0371094 0.117092 0.0371094 0.121813 0.0361328 0.122757 0.0361328 0.129367 0.046875 0.129367 0.0478516 0.128423 0.0478516 0.117092
1 0.53418 0.0453258 0.532227 0.0472144 0.532227 0.0632672 0.533203 0.0632672 0.53418 0.0642115 0.536133 0.0642115 0.537109 0.0651558 0.544922 0.0651558 0.549805 0.0604344 0.549805 0.0453258
1 0.44043 0.589235 0.439453 0.590179 0.438477 0.590179 0.438477 0.599622 0.449219 0.599622 0.449219 0.589235
1 0.394531 0.70255 0.394531 0.71577 0.40625 0.71577 0.40918 0.712937 0.40918 0.70255
1 0.120117 0.603399 0.120117 0.604344 0.119141 0.605288 0.118164 0.605288 0.118164 0.611898 0.121094 0.614731 0.12207 0.614731 0.123047 0.615675 0.131836 0.615675 0.131836 0.603399
1 0.0888672 0.740321 0.0878906 0.741265 0.0859375 0.741265 0.0849609 0.74221 0.0839844 0.74221 0.0820312 0.744098 0.0820312 0.745043 0.0810547 0.745987 0.0810547 0.74882 0.0800781 0.749764 0.0800781 0.75543 0.0810547 0.756374 0.0810547 0.758263 0.0830078 0.760151 0.0849609 0.760151 0.0859375 0.761095 0.0947266 0.761095 0.0966797 0.759207 0.0966797 0.740321
1 0.305664 0.404155 0.305664 0.412653 0.316406 0.412653 0.317383 0.411709 0.317383 0.404155
1 0.244141 0.566572 0.244141 0.574127 0.245117 0.575071 0.245117 0.576015 0.24707 0.577904 0.254883 0.577904 0.254883 0.566572
1 0.614258 0.791313 0.614258 0.803588 0.624023 0.803588 0.626953 0.800755 0.626953 0.791313
1 0.59375 0.389046 0.592773 0.389991 0.592773 0.402266 0.602539 0.402266 0.605469 0.399433 0.605469 0.389046
1 0.518555 0.499528 0.518555 0.508971 0.520508 0.508971 0.521484 0.509915 0.526367 0.509915 0.527344 0.508971 0.52832 0.508971 0.52832 0.499528
1 0.630859 0.571294 0.630859 0.583569 0.637695 0.583569 0.638672 0.582625 0.640625 0.582625 0.641602 0.581681 0.641602 0.571294
1 0.333008 0.923513 0.330078 0.926346 0.330078 0.92729 0.329102 0.928234 0.329102 0.941454 0.330078 0.942398 0.339844 0.942398 0.34082 0.941454 0.342773 0.941454 0.34375 0.94051 0.344727 0.94051 0.34668 0.938621 0.34668 0.937677 0.347656 0.936733 0.347656 0.930123 0.34668 0.929178 0.34668 0.928234 0.345703 0.92729 0.345703 0.926346 0.342773 0.923513
0 0.676758 0.84797 0.672852 0.851747 0.672852 0.863078 0.675781 0.863078 0.676758 0.862134 0.679688 0.862134 0.680664 0.86119 0.682617 0.86119 0.683594 0.860246 0.685547 0.860246 0.686523 0.859301 0.694336 0.859301 0.695312 0.860246 0.696289 0.860246 0.697266 0.86119 0.698242 0.86119 0.699219 0.862134 0.700195 0.862134 0.702148 0.864023 0.702148 0.864967 0.703125 0.865911 0.703125 0.8678 0.704102 0.868744 0.704102 0.869688 0.706055 0.871577 0.705078 0.872521 0.705078 0.877243 0.708008 0.877243 0.708008 0.856468 0.701172 0.849858 0.700195 0.849858 0.699219 0.848914 0.698242 0.848914 0.697266 0.84797
1 0.09375 0.806421 0.09375 0.816808 0.0966797 0.816808 0.0976562 0.817753 0.0996094 0.817753 0.100586 0.816808 0.102539 0.816808 0.103516 0.815864 0.104492 0.815864 0.105469 0.81492 0.105469 0.806421
1 0.233398 0.627007 0.233398 0.634561 0.241211 0.634561 0.241211 0.627007
1 0.5 0.12559 0.5 0.135033 0.500977 0.135977 0.511719 0.135977 0.511719 0.12559
1 0.413086 0.663834 0.413086 0.674221 0.422852 0.674221 0.423828 0.673277 0.423828 0.663834
1 0.174805 0.80831 0.174805 0.819641 0.175781 0.820585 0.18457 0.820585 0.185547 0.819641 0.186523 0.819641 0.1875 0.818697 0.1875 0.80831
1 0.394531 0.127479 0.394531 0.13881 0.408203 0.13881 0.40918 0.137866 0.40918 0.127479
1 0.473633 0.761095 0.472656 0.76204 0.472656 0.76865 0.473633 0.769594 0.473633 0.770538 0.474609 0.771483 0.475586 0.771483 0.476562 0.772427 0.484375 0.772427 0.486328 0.770538 0.486328 0.761095
1 0.605469 0.0368272 0.604492 0.0377715 0.602539 0.0377715 0.602539 0.0519358 0.604492 0.0538244 0.614258 0.0538244 0.616211 0.0519358 0.616211 0.0368272
1 0.0898438 0.489141 0.0898438 0.499528 0.0908203 0.500472 0.0996094 0.500472 0.100586 0.499528 0.101562 0.499528 0.101562 0.489141
0 0.348633 0.366383 0.348633 0.368272 0.349609 0.369216 0.349609 0.371105 0.350586 0.372049 0.351562 0.372049 0.352539 0.371105 0.352539 0.370161 0.353516 0.369216 0.354492 0.369216 0.355469 0.368272 0.361328 0.368272 0.362305 0.369216 0.363281 0.369216 0.366211 0.372049 0.366211 0.372993 0.368164 0.374882 0.368164 0.377715 0.369141 0.378659 0.369141 0.387158 0.368164 0.388102 0.368164 0.389991 0.365234 0.392823 0.364258 0.392823 0.363281 0.393768 0.363281 0.394712 0.358398 0.399433 0.357422 0.399433 0.356445 0.400378 0.353516 0.400378 0.352539 0.401322 0.349609 0.401322 0.348633 0.402266 0.34668 0.402266 0.345703 0.403211 0.344727 0.403211 0.344727 0.404155 0.34375 0.405099 0.34375 0.406043 0.34082 0.408876 0.34082 0.410765 0.362305 0.410765 0.363281 0.409821 0.364258 0.409821 0.367188 0.406988 0.367188 0.406043 0.371094 0.402266 0.371094 0.398489 0.37207 0.397545 0.37207 0.389046 0.373047 0.388102 0.373047 0.367328 0.37207 0.366383
1 0.27832 0.644948 0.27832 0.658168 0.280273 0.660057 0.28125 0.660057 0.282227 0.661001 0.292969 0.661001 0.293945 0.660057 0.294922 0.660057 0.296875 0.658168 0.296875 0.657224 0.297852 0.65628 0.297852 0.644948
1 0.803711 0.351275 0.803711 0.367328 0.804688 0.368272 0.805664 0.368272 0.806641 0.369216 0.807617 0.369216 0.808594 0.370161 0.80957 0.370161 0.810547 0.371105 0.811523 0.371105 0.8125 0.372049 0.825195 0.372049 0.826172 0.371105 0.827148 0.371105 0.830078 0.368272 0.830078 0.367328 0.832031 0.365439 0.832031 0.351275
1 0.780273 0.810198 0.775391 0.81492 0.775391 0.815864 0.774414 0.816808 0.774414 0.817753 0.773438 0.818697 0.773438 0.827195 0.783203 0.827195 0.785156 0.825307 0.786133 0.825307 0.790039 0.82153 0.790039 0.820585 0.791016 0.819641 0.791016 0.810198
1 0.213867 0.457979 0.213867 0.470255 0.21582 0.472144 0.21582 0.473088 0.231445 0.473088 0.232422 0.472144 0.233398 0.472144 0.236328 0.469311 0.236328 0.457979
1 0.348633 0.31728 0.347656 0.318225 0.347656 0.322002 0.349609 0.32389 0.353516 0.32389 0.354492 0.322946 0.355469 0.322946 0.355469 0.31728
1 0.749023 0.285175 0.749023 0.29745 0.75 0.298395 0.759766 0.298395 0.760742 0.29745 0.761719 0.29745 0.762695 0.296506 0.762695 0.285175
1 0.433594 0.208687 0.432617 0.209632 0.431641 0.209632 0.430664 0.210576 0.429688 0.210576 0.428711 0.21152 0.427734 0.21152 0.427734 0.223796 0.438477 0.223796 0.439453 0.222852 0.441406 0.222852 0.441406 0.210576 0.44043 0.209632 0.439453 0.209632 0.438477 0.208687
1 0.376953 0.692162 0.375977 0.693107 0.375977 0.70255 0.376953 0.703494 0.376953 0.704438 0.37793 0.704438 0.378906 0.705382 0.386719 0.705382 0.387695 0.704438 0.389648 0.704438 0.389648 0.692162
1 0.478516 0.0491029 0.478516 0.0604344 0.479492 0.0613787 0.480469 0.0613787 0.481445 0.0623229 0.482422 0.0623229 0.483398 0.0632672 0.484375 0.0632672 0.485352 0.0642115 0.487305 0.0642115 0.488281 0.0632672 0.490234 0.0632672 0.491211 0.0623229 0.492188 0.0623229 0.492188 0.0491029
1 0.466797 0.646837 0.466797 0.658168 0.475586 0.658168 0.476562 0.657224 0.477539 0.657224 0.477539 0.646837
1 0.180664 0.000944287 0.180664 0.0113314 0.181641 0.0122757 0.181641 0.01322 0.182617 0.0141643 0.183594 0.0141643 0.18457 0.0151086 0.19043 0.0151086 0.192383 0.01322 0.192383 0.000944287
1 0.228516 0.153919 0.227539 0.154863 0.226562 0.154863 0.226562 0.164306 0.230469 0.164306 0.231445 0.16525 0.238281 0.16525 0.239258 0.164306 0.240234 0.164306 0.240234 0.153919
1 0.720703 0.435316 0.720703 0.445704 0.725586 0.445704 0.726562 0.444759 0.730469 0.444759 0.731445 0.443815 0.732422 0.443815 0.733398 0.442871 0.733398 0.435316
1 0.257812 0.245515 0.257812 0.260623 0.260742 0.263456 0.270508 0.263456 0.271484 0.262512 0.272461 0.262512 0.273438 0.261568 0.273438 0.245515
1 0.319336 0.605288 0.318359 0.606232 0.318359 0.607177 0.317383 0.608121 0.317383 0.618508 0.318359 0.619452 0.319336 0.619452 0.320312 0.620397 0.321289 0.620397 0.322266 0.621341 0.333008 0.621341 0.333984 0.620397 0.333984 0.609065 0.333008 0.608121 0.333008 0.607177 0.332031 0.606232 0.332031 0.605288
1 0.529297 0.285175 0.529297 0.29745 0.539062 0.29745 0.540039 0.296506 0.540039 0.285175
1 0.475586 0.495751 0.473633 0.497639 0.472656 0.497639 0.47168 0.498584 0.47168 0.499528 0.470703 0.500472 0.470703 0.510859 0.47168 0.510859 0.472656 0.511804 0.473633 0.511804 0.474609 0.512748 0.481445 0.512748 0.484375 0.509915 0.484375 0.495751
0 0.112305 0.539188 0.112305 0.541076 0.111328 0.542021 0.111328 0.543909 0.110352 0.544854 0.110352 0.545798 0.109375 0.546742 0.109375 0.547687 0.108398 0.548631 0.108398 0.549575 0.104492 0.553352 0.103516 0.553352 0.102539 0.554296 0.101562 0.554296 0.100586 0.555241 0.0917969 0.555241 0.0908203 0.554296 0.0888672 0.554296 0.0878906 0.553352 0.0849609 0.553352 0.0830078 0.555241 0.0820312 0.555241 0.0820312 0.566572 0.0898438 0.574127 0.103516 0.574127 0.105469 0.572238 0.106445 0.572238 0.114258 0.564684 0.114258 0.563739 0.119141 0.559018 0.119141 0.541076 0.118164 0.540132 0.114258 0.540132 0.113281 0.539188
0 0.96582 0.172805 0.964844 0.173749 0.964844 0.174693 0.963867 0.175637 0.963867 0.176582 0.955078 0.18508 0.955078 0.186025 0.954102 0.186969 0.954102 0.1983 0.953125 0.199245 0.953125 0.205855 0.952148 0.206799 0.952148 0.210576 0.951172 0.21152 0.951172 0.212465 0.950195 0.213409 0.950195 0.23135 0.952148 0.23135 0.953125 0.232295 0.954102 0.232295 0.955078 0.233239 0.962891 0.233239 0.961914 0.233239 0.958984 0.230406 0.958984 0.229462 0.958008 0.228517 0.958008 0.222852 0.957031 0.221907 0.958008 0.220963 0.958008 0.219075 0.958984 0.21813 0.958984 0.214353 0.959961 0.213409 0.959961 0.21152 0.960938 0.210576 0.960938 0.207743 0.961914 0.206799 0.961914 0.20491 0.962891 0.203966 0.962891 0.203022 0.963867 0.202077 0.963867 0.200189 0.964844 0.199245 0.964844 0.197356 0.96582 0.196412 0.96582 0.193579 0.966797 0.192635 0.966797 0.190746 0.967773 0.189802 0.967773 0.188857 0.970703 0.186025 0.970703 0.18508 0.97168 0.184136 0.97168 0.182247 0.972656 0.181303 0.972656 0.173749 0.97168 0.172805
1 0.547852 0.02644 0.546875 0.0273843 0.546875 0.0283286 0.545898 0.0292729 0.544922 0.0292729 0.543945 0.0302172 0.542969 0.0302172 0.542969 0.0368272 0.544922 0.0387158 0.545898 0.0377715 0.549805 0.0377715 0.550781 0.0368272 0.551758 0.0368272 0.552734 0.0358829 0.553711 0.0358829 0.554688 0.0349386 0.555664 0.0349386 0.557617 0.03305 0.557617 0.0321058 0.558594 0.0311615 0.558594 0.02644
1 0.678711 0.382436 0.678711 0.395656 0.679688 0.396601 0.679688 0.397545 0.688477 0.397545 0.69043 0.395656 0.69043 0.382436
1 0.15332 0.912181 0.15332 0.926346 0.161133 0.926346 0.162109 0.925401 0.163086 0.925401 0.163086 0.912181
1 0.707031 0.555241 0.707031 0.556185 0.706055 0.557129 0.706055 0.565628 0.712891 0.565628 0.713867 0.564684 0.714844 0.564684 0.716797 0.562795 0.716797 0.555241
0 0.716797 0.295562 0.71582 0.296506 0.71582 0.29745 0.713867 0.299339 0.712891 0.299339 0.711914 0.300283 0.710938 0.300283 0.709961 0.301228 0.708984 0.301228 0.708008 0.302172 0.707031 0.302172 0.706055 0.303116 0.705078 0.303116 0.703125 0.305005 0.702148 0.305005 0.701172 0.305949 0.700195 0.305949 0.699219 0.306893 0.693359 0.306893 0.693359 0.319169 0.699219 0.319169 0.701172 0.31728 0.702148 0.31728 0.705078 0.314448 0.706055 0.314448 0.706055 0.313503 0.708008 0.311615 0.708984 0.311615 0.710938 0.309726 0.711914 0.309726 0.71582 0.305949 0.716797 0.305949 0.717773 0.305005 0.71875 0.305005 0.719727 0.30406 0.720703 0.30406 0.72168 0.303116 0.722656 0.303116 0.723633 0.302172 0.724609 0.302172 0.725586 0.301228 0.728516 0.301228 0.729492 0.300283 0.731445 0.300283 0.731445 0.295562
1 0.21875 0.68272 0.21875 0.691218 0.220703 0.693107 0.222656 0.693107 0.223633 0.694051 0.226562 0.694051 0.227539 0.694995 0.228516 0.694995 0.229492 0.694051 0.230469 0.694051 0.233398 0.691218 0.233398 0.68272
1 0.645508 0.174693 0.644531 0.175637 0.644531 0.186025 0.645508 0.186969 0.655273 0.186969 0.65625 0.186025 0.657227 0.186025 0.658203 0.18508 0.658203 0.174693
1 0.167969 0.733711 0.166992 0.734655 0.166992 0.7356 0.166016 0.736544 0.166016 0.74221 0.166992 0.743154 0.166992 0.744098 0.169922 0.746931 0.170898 0.746931 0.171875 0.747875 0.175781 0.747875 0.176758 0.74882 0.178711 0.746931 0.179688 0.746931 0.181641 0.745043 0.181641 0.744098 0.182617 0.743154 0.182617 0.733711
1 0.537109 0.490085 0.537109 0.500472 0.547852 0.500472 0.548828 0.499528 0.548828 0.490085
1 0.350586 0.482531 0.350586 0.493862 0.359375 0.493862 0.361328 0.491974 0.362305 0.491974 0.362305 0.482531
1 0.646484 0.604344 0.645508 0.605288 0.645508 0.617564 0.654297 0.617564 0.655273 0.616619 0.655273 0.615675 0.65625 0.614731 0.65625 0.604344
1 0.725586 0.252125 0.725586 0.262512 0.726562 0.263456 0.727539 0.263456 0.729492 0.265345 0.738281 0.265345 0.738281 0.2644 0.740234 0.262512 0.740234 0.252125
0 0.648438 0.853635 0.648438 0.859301 0.649414 0.860246 0.649414 0.86119 0.650391 0.862134 0.650391 0.863078 0.651367 0.864023 0.651367 0.865911 0.652344 0.866856 0.652344 0.8678 0.65332 0.868744 0.65332 0.869688 0.654297 0.870633 0.654297 0.871577 0.655273 0.872521 0.655273 0.873466 0.65625 0.87441 0.65625 0.875354 0.657227 0.876298 0.657227 0.877243 0.658203 0.878187 0.658203 0.879131 0.65918 0.880076 0.663086 0.880076 0.664062 0.879131 0.664062 0.869688 0.663086 0.868744 0.663086 0.865911 0.662109 0.864967 0.662109 0.86119 0.661133 0.860246 0.661133 0.859301 0.660156 0.858357 0.660156 0.857413 0.65918 0.856468 0.65918 0.855524 0.658203 0.85458 0.658203 0.853635
1 0.59082 0.574127 0.589844 0.575071 0.589844 0.588291 0.599609 0.588291 0.600586 0.587347 0.602539 0.587347 0.602539 0.574127
1 0.224609 0.485364 0.224609 0.499528 0.235352 0.499528 0.236328 0.498584 0.236328 0.485364
1 0.21582 0.513692 0.21582 0.528801 0.226562 0.528801 0.227539 0.529745 0.228516 0.529745 0.230469 0.527856 0.230469 0.513692
1 0.595703 0.701605 0.595703 0.70916 0.597656 0.711048 0.599609 0.711048 0.600586 0.711992 0.602539 0.711992 0.603516 0.711048 0.604492 0.711048 0.604492 0.701605
1 0.27832 0.929178 0.277344 0.930123 0.277344 0.931067 0.276367 0.932011 0.276367 0.9339 0.275391 0.934844 0.275391 0.942398 0.277344 0.944287 0.27832 0.944287 0.280273 0.946176 0.282227 0.946176 0.283203 0.94712 0.288086 0.94712 0.289062 0.946176 0.290039 0.946176 0.292969 0.943343 0.292969 0.931067 0.291016 0.929178
1 0.581055 0.8017 0.577148 0.805477 0.577148 0.815864 0.583008 0.815864 0.583984 0.81492 0.584961 0.81492 0.586914 0.813031 0.587891 0.813031 0.589844 0.811143 0.59082 0.811143 0.591797 0.810198 0.591797 0.8017
1 0.78418 0.236072 0.78418 0.237016 0.783203 0.23796 0.783203 0.241737 0.78418 0.242682 0.78418 0.243626 0.785156 0.24457 0.785156 0.246459 0.789062 0.250236 0.790039 0.250236 0.791016 0.249292 0.791992 0.249292 0.793945 0.247403 0.794922 0.247403 0.794922 0.236072
1 0.485352 0.78187 0.485352 0.791313 0.494141 0.791313 0.494141 0.78187
1 0.646484 0.160529 0.644531 0.162417 0.644531 0.168083 0.646484 0.169972 0.654297 0.169972 0.654297 0.160529
1 0.459961 0.598678 0.458008 0.600567 0.458008 0.605288 0.458984 0.606232 0.458984 0.607177 0.459961 0.608121 0.46875 0.608121 0.46875 0.598678
1 0.499023 0.28423 0.499023 0.296506 0.508789 0.296506 0.510742 0.294618 0.510742 0.28423
1 0.516602 0.913126 0.516602 0.922568 0.517578 0.923513 0.517578 0.924457 0.518555 0.925401 0.52832 0.925401 0.529297 0.924457 0.530273 0.924457 0.53125 0.923513 0.53125 0.913126
1 0.500977 0.501416 0.500977 0.513692 0.501953 0.513692 0.503906 0.515581 0.506836 0.515581 0.510742 0.511804 0.510742 0.501416
1 0.645508 0.80831 0.645508 0.822474 0.65625 0.822474 0.65625 0.80831
0 0.500977 0.0273843 0.5 0.0283286 0.498047 0.0283286 0.496094 0.0302172 0.496094 0.0311615 0.495117 0.0321058 0.495117 0.0339943 0.496094 0.0339943 0.498047 0.0358829 0.499023 0.0358829 0.503906 0.0406043 0.503906 0.0415486 0.504883 0.0424929 0.504883 0.0434372 0.505859 0.0443815 0.505859 0.0453258 0.506836 0.0462701 0.506836 0.0528801 0.505859 0.0538244 0.505859 0.0604344 0.509766 0.0604344 0.510742 0.0613787 0.511719 0.0613787 0.514648 0.0585458 0.514648 0.0368272 0.511719 0.0339943 0.511719 0.0321058 0.510742 0.0311615 0.510742 0.0302172 0.508789 0.0283286 0.506836 0.0283286 0.505859 0.0273843
0 0.171875 0.89424 0.169922 0.896128 0.169922 0.898017 0.170898 0.898961 0.170898 0.902738 0.171875 0.903683 0.172852 0.903683 0.174805 0.905571 0.176758 0.905571 0.178711 0.90746 0.179688 0.90746 0.181641 0.909348 0.182617 0.909348 0.18457 0.911237 0.185547 0.911237 0.191406 0.916903 0.192383 0.916903 0.195312 0.919736 0.196289 0.919736 0.198242 0.921624 0.199219 0.921624 0.200195 0.922568 0.201172 0.922568 0.202148 0.923513 0.206055 0.923513 0.206055 0.915958 0.204102 0.91407 0.203125 0.91407 0.198242 0.909348 0.198242 0.908404 0.196289 0.906516 0.195312 0.906516 0.191406 0.902738 0.191406 0.901794 0.19043 0.90085 0.19043 0.899906 0.189453 0.898961 0.189453 0.898017 0.186523 0.895184 0.185547 0.895184 0.18457 0.89424
1 0.314453 0.782814 0.313477 0.783758 0.313477 0.790368 0.314453 0.791313 0.314453 0.792257 0.31543 0.793201 0.316406 0.793201 0.319336 0.796034 0.321289 0.796034 0.322266 0.796978 0.325195 0.796978 0.326172 0.797923 0.332031 0.797923 0.332031 0.785647 0.331055 0.784703 0.331055 0.783758 0.330078 0.782814
1 0.120117 0.565628 0.120117 0.567517 0.119141 0.568461 0.119141 0.575071 0.120117 0.576015 0.130859 0.576015 0.131836 0.575071 0.131836 0.565628
1 0.539062 0.648725 0.538086 0.64967 0.538086 0.660057 0.548828 0.660057 0.547852 0.659112 0.548828 0.658168 0.548828 0.648725
0 0.742188 0.313503 0.740234 0.315392 0.740234 0.316336 0.739258 0.31728 0.738281 0.31728 0.735352 0.320113 0.734375 0.320113 0.733398 0.321058 0.731445 0.321058 0.727539 0.324835 0.725586 0.324835 0.724609 0.325779 0.723633 0.325779 0.722656 0.326723 0.72168 0.326723 0.720703 0.327668 0.719727 0.327668 0.71875 0.328612 0.717773 0.328612 0.71582 0.3305 0.71582 0.336166 0.722656 0.336166 0.726562 0.332389 0.727539 0.332389 0.728516 0.331445 0.729492 0.331445 0.730469 0.3305 0.732422 0.3305 0.733398 0.329556 0.734375 0.329556 0.735352 0.328612 0.736328 0.328612 0.739258 0.325779 0.740234 0.325779 0.743164 0.322946 0.744141 0.322946 0.746094 0.321058 0.746094 0.320113 0.75 0.316336 0.75 0.313503
1 0.09375 0.110482 0.09375 0.123702 0.110352 0.123702 0.111328 0.122757 0.111328 0.11237 0.110352 0.111426 0.109375 0.111426 0.108398 0.110482
1 0.631836 0.450425 0.631836 0.457979 0.634766 0.460812 0.637695 0.460812 0.638672 0.459868 0.641602 0.459868 0.642578 0.458924 0.642578 0.450425
1 0.416016 0.100094 0.416016 0.104816 0.416992 0.10576 0.416992 0.108593 0.418945 0.110482 0.419922 0.110482 0.420898 0.111426 0.422852 0.111426 0.423828 0.110482 0.424805 0.110482 0.425781 0.109537 0.426758 0.109537 0.426758 0.100094
1 0.428711 0.805477 0.426758 0.807365 0.426758 0.823418 0.428711 0.825307 0.431641 0.825307 0.432617 0.826251 0.435547 0.826251 0.436523 0.825307 0.4375 0.825307 0.438477 0.824363 0.439453 0.824363 0.44043 0.823418 0.441406 0.823418 0.446289 0.818697 0.446289 0.805477
0 0.382812 0.792257 0.382812 0.796978 0.378906 0.800755 0.378906 0.8017 0.376953 0.803588 0.375977 0.803588 0.375 0.804533 0.374023 0.804533 0.37207 0.806421 0.371094 0.806421 0.369141 0.80831 0.368164 0.80831 0.368164 0.810198 0.367188 0.811143 0.367188 0.815864 0.366211 0.816808 0.366211 0.818697 0.364258 0.820585 0.363281 0.820585 0.362305 0.819641 0.360352 0.819641 0.359375 0.818697 0.356445 0.818697 0.355469 0.817753 0.352539 0.817753 0.351562 0.816808 0.350586 0.816808 0.348633 0.818697 0.348633 0.82153 0.351562 0.824363 0.358398 0.824363 0.359375 0.823418 0.360352 0.823418 0.361328 0.822474 0.362305 0.822474 0.363281 0.82153 0.365234 0.82153 0.366211 0.822474 0.368164 0.822474 0.369141 0.823418 0.371094 0.823418 0.37207 0.822474 0.375 0.822474 0.375977 0.82153 0.37793 0.82153 0.378906 0.820585 0.378906 0.819641 0.382812 0.815864
1 0.269531 0.0396601 0.269531 0.0528801 0.28125 0.0528801 0.282227 0.0519358 0.283203 0.0519358 0.28418 0.0509915 0.285156 0.0509915 0.286133 0.0500472 0.286133 0.0424929 0.28418 0.0406043 0.28418 0.0396601
1 0.19043 0.474032 0.19043 0.479698 0.191406 0.480642 0.192383 0.480642 0.193359 0.481586 0.194336 0.481586 0.195312 0.482531 0.197266 0.482531 0.198242 0.481586 0.200195 0.481586 0.200195 0.474032
1 0.500977 0.558074 0.500977 0.567517 0.50293 0.569405 0.509766 0.569405 0.510742 0.568461 0.511719 0.568461 0.512695 0.567517 0.512695 0.558074
1 0.362305 0.94051 0.362305 0.950897 0.363281 0.950897 0.364258 0.949953 0.365234 0.950897 0.374023 0.950897 0.375977 0.949009 0.375977 0.94051
1 0.392578 0.665722 0.392578 0.666667 0.391602 0.667611 0.391602 0.672332 0.392578 0.673277 0.392578 0.674221 0.393555 0.675165 0.399414 0.675165 0.400391 0.674221 0.400391 0.665722
0 0.27832 0.72899 0.27832 0.731822 0.277344 0.732767 0.277344 0.7356 0.276367 0.736544 0.276367 0.737488 0.275391 0.738432 0.275391 0.740321 0.274414 0.741265 0.274414 0.74221 0.273438 0.743154 0.272461 0.743154 0.272461 0.744098 0.270508 0.745987 0.270508 0.75543 0.271484 0.756374 0.272461 0.756374 0.273438 0.757318 0.274414 0.756374 0.276367 0.756374 0.277344 0.75543 0.279297 0.75543 0.28125 0.753541 0.28125 0.751652 0.282227 0.750708 0.282227 0.749764 0.283203 0.74882 0.283203 0.746931 0.28418 0.745987 0.28418 0.744098 0.285156 0.743154 0.285156 0.74221 0.286133 0.741265 0.286133 0.72899
1 0.560547 0.230406 0.560547 0.242682 0.561523 0.243626 0.570312 0.243626 0.572266 0.241737 0.572266 0.230406
0 0.255859 0.653447 0.255859 0.664778 0.256836 0.665722 0.256836 0.667611 0.257812 0.668555 0.257812 0.670444 0.258789 0.671388 0.258789 0.678942 0.257812 0.679887 0.257812 0.680831 0.256836 0.681775 0.255859 0.681775 0.255859 0.68933 0.262695 0.68933 0.263672 0.688385 0.265625 0.688385 0.266602 0.687441 0.267578 0.687441 0.269531 0.685552 0.269531 0.668555 0.268555 0.667611 0.268555 0.666667 0.267578 0.665722 0.267578 0.661001 0.266602 0.660057 0.266602 0.657224 0.264648 0.655335 0.264648 0.654391 0.263672 0.654391 0.262695 0.653447
1 0.214844 0.432483 0.214844 0.443815 0.21582 0.443815 0.216797 0.444759 0.21875 0.444759 0.219727 0.445704 0.224609 0.445704 0.225586 0.444759 0.228516 0.444759 0.229492 0.443815 0.229492 0.432483
1 0.646484 0.829084 0.646484 0.837583 0.65332 0.837583 0.654297 0.836638 0.654297 0.829084
1 0.642578 0.295562 0.642578 0.307838 0.650391 0.307838 0.651367 0.306893 0.652344 0.306893 0.65332 0.305949 0.654297 0.305949 0.654297 0.295562
1 0.0625 0.437205 0.0615234 0.438149 0.0605469 0.438149 0.0585938 0.440038 0.0585938 0.440982 0.0576172 0.441926 0.0576172 0.453258 0.0595703 0.455146 0.0605469 0.455146 0.0615234 0.456091 0.0732422 0.456091 0.078125 0.451369 0.078125 0.438149 0.0771484 0.438149 0.0761719 0.437205
1 0.25 0.406988 0.25 0.415486 0.250977 0.416431 0.251953 0.416431 0.25293 0.417375 0.255859 0.417375 0.256836 0.416431 0.258789 0.416431 0.259766 0.415486 0.260742 0.415486 0.260742 0.406988
1 0.317383 0.687441 0.317383 0.699717 0.318359 0.700661 0.319336 0.700661 0.320312 0.701605 0.328125 0.701605 0.329102 0.700661 0.329102 0.687441
1 0.292969 0.789424 0.291016 0.791313 0.291016 0.8017 0.300781 0.8017 0.302734 0.799811 0.302734 0.789424
1 0.0722656 0.864023 0.0722656 0.877243 0.0742188 0.879131 0.0839844 0.879131 0.0849609 0.878187 0.0869141 0.878187 0.0878906 0.877243 0.0878906 0.876298 0.0888672 0.875354 0.0888672 0.87441 0.0898438 0.873466 0.0898438 0.868744 0.0888672 0.8678 0.0888672 0.866856 0.0878906 0.865911 0.0878906 0.864967 0.0869141 0.864023
0 0.0253906 0.819641 0.0244141 0.820585 0.0244141 0.824363 0.0253906 0.825307 0.0253906 0.826251 0.03125 0.831917 0.03125 0.832861 0.0322266 0.833806 0.0322266 0.83475 0.0332031 0.835694 0.0332031 0.836638 0.0341797 0.837583 0.0351562 0.837583 0.0371094 0.839471 0.0371094 0.840415 0.0380859 0.84136 0.0380859 0.843248 0.0390625 0.844193 0.0390625 0.846081 0.0429688 0.849858 0.0449219 0.849858 0.0458984 0.850803 0.0644531 0.850803 0.0654297 0.849858 0.0673828 0.849858 0.0712891 0.846081 0.0712891 0.844193 0.0722656 0.843248 0.0722656 0.833806 0.0712891 0.833806 0.0693359 0.835694 0.0654297 0.835694 0.0644531 0.836638 0.0595703 0.836638 0.0585938 0.835694 0.0576172 0.835694 0.0556641 0.833806 0.0556641 0.82814 0.0546875 0.827195 0.0537109 0.827195 0.0537109 0.829084 0.0527344 0.830028 0.0527344 0.831917 0.0517578 0.832861 0.0517578 0.833806 0.0507812 0.83475 0.046875 0.83475 0.0458984 0.833806 0.0458984 0.832861 0.0449219 0.831917 0.0439453 0.831917 0.0429688 0.830973 0.0419922 0.830973 0.0400391 0.829084 0.0400391 0.82153 0.0390625 0.820585 0.0380859 0.820585 0.0371094 0.819641
0 0.959961 0.255902 0.958984 0.256846 0.958984 0.265345 0.958008 0.266289 0.958008 0.270066 0.957031 0.27101 0.957031 0.271955 0.956055 0.272899 0.956055 0.273843 0.955078 0.274788 0.955078 0.275732 0.954102 0.276676 0.954102 0.278565 0.953125 0.279509 0.953125 0.282342 0.952148 0.283286 0.952148 0.289896 0.951172 0.29084 0.951172 0.292729 0.950195 0.293673 0.950195 0.295562 0.946289 0.299339 0.946289 0.353163 0.953125 0.353163 0.953125 0.352219 0.954102 0.351275 0.954102 0.349386 0.955078 0.348442 0.955078 0.347498 0.957031 0.345609 0.957031 0.344665 0.958008 0.34372 0.958008 0.341832 0.958984 0.340888 0.958984 0.338999 0.958008 0.338055 0.958008 0.321058 0.958984 0.320113 0.958984 0.315392 0.959961 0.314448 0.959961 0.311615 0.960938 0.31067 0.960938 0.307838 0.961914 0.306893 0.961914 0.30406 0.962891 0.303116 0.962891 0.301228 0.963867 0.300283 0.963867 0.298395 0.964844 0.29745 0.964844 0.295562 0.96582 0.294618 0.96582 0.291785 0.966797 0.29084 0.966797 0.288008 0.967773 0.287063 0.967773 0.285175 0.96875 0.28423 0.96875 0.280453 0.969727 0.279509 0.969727 0.276676 0.970703 0.275732 0.970703 0.255902
1 0.546875 0.853635 0.546875 0.856468 0.545898 0.857413 0.545898 0.86119 0.546875 0.862134 0.546875 0.864023 0.547852 0.864967 0.547852 0.865911 0.552734 0.865911 0.553711 0.864967 0.553711 0.853635
0 0.605469 0.000944287 0.605469 0.0141643 0.607422 0.0160529 0.607422 0.0169972 0.608398 0.0179415 0.608398 0.0207743 0.609375 0.0217186 0.609375 0.0226629 0.610352 0.0236072 0.610352 0.0245515 0.611328 0.0254958 0.611328 0.02644 0.613281 0.0283286 0.613281 0.0292729 0.614258 0.0302172 0.617188 0.0302172 0.617188 0.0292729 0.619141 0.0273843 0.619141 0.02644 0.621094 0.0245515 0.621094 0.000944287
0 0.723633 0.489141 0.719727 0.492918 0.71875 0.492918 0.717773 0.493862 0.716797 0.493862 0.71582 0.494806 0.714844 0.494806 0.713867 0.495751 0.712891 0.495751 0.709961 0.498584 0.708984 0.498584 0.708008 0.499528 0.708008 0.509915 0.713867 0.509915 0.714844 0.508971 0.714844 0.508026 0.723633 0.499528 0.724609 0.499528 0.728516 0.495751 0.728516 0.494806 0.731445 0.491974 0.731445 0.489141
1 0.384766 0.338999 0.384766 0.339943 0.383789 0.340888 0.381836 0.340888 0.381836 0.354108 0.392578 0.354108 0.394531 0.352219 0.394531 0.338999
1 0.402344 0.524079 0.402344 0.536355 0.411133 0.536355 0.413086 0.534467 0.413086 0.524079
1 0.240234 0.175637 0.238281 0.177526 0.238281 0.186969 0.240234 0.188857 0.241211 0.188857 0.242188 0.189802 0.246094 0.189802 0.24707 0.190746 0.248047 0.190746 0.249023 0.189802 0.25 0.189802 0.250977 0.188857 0.25293 0.188857 0.253906 0.187913 0.254883 0.187913 0.255859 0.186969 0.255859 0.175637
1 0.591797 0.607177 0.591797 0.621341 0.595703 0.625118 0.59668 0.625118 0.597656 0.626062 0.598633 0.626062 0.599609 0.627007 0.600586 0.627007 0.601562 0.627951 0.602539 0.627951 0.603516 0.628895 0.608398 0.628895 0.609375 0.627951 0.610352 0.627951 0.612305 0.626062 0.613281 0.626062 0.615234 0.624174 0.616211 0.624174 0.619141 0.621341 0.619141 0.608121 0.618164 0.607177
0 0.685547 0.0972616 0.675781 0.106704 0.675781 0.107649 0.671875 0.111426 0.670898 0.111426 0.666992 0.115203 0.666992 0.123702 0.672852 0.123702 0.676758 0.119924 0.676758 0.11898 0.681641 0.114259 0.681641 0.113314 0.68457 0.110482 0.68457 0.109537 0.691406 0.102927 0.691406 0.101983 0.692383 0.101039 0.692383 0.0972616
1 0.0400391 0.706327 0.0400391 0.72238 0.0507812 0.72238 0.0507812 0.706327
1 0.618164 0.114259 0.618164 0.129367 0.628906 0.129367 0.630859 0.127479 0.630859 0.126534 0.631836 0.12559 0.631836 0.114259
1 0.302734 0.501416 0.302734 0.514636 0.305664 0.514636 0.307617 0.516525 0.313477 0.516525 0.316406 0.513692 0.316406 0.501416
1 0.245117 0.0509915 0.245117 0.0670444 0.257812 0.0670444 0.258789 0.0661001 0.259766 0.0661001 0.261719 0.0642115 0.261719 0.0632672 0.262695 0.0623229 0.262695 0.0509915
1 0.417969 0.23796 0.417969 0.249292 0.429688 0.249292 0.431641 0.247403 0.431641 0.23796
0 0.580078 0.110482 0.579102 0.111426 0.578125 0.111426 0.577148 0.11237 0.576172 0.11237 0.575195 0.113314 0.574219 0.113314 0.572266 0.115203 0.572266 0.116147 0.570312 0.118036 0.569336 0.118036 0.567383 0.119924 0.566406 0.119924 0.564453 0.121813 0.563477 0.121813 0.561523 0.123702 0.560547 0.123702 0.554688 0.129367 0.553711 0.129367 0.551758 0.131256 0.550781 0.131256 0.549805 0.1322 0.548828 0.1322 0.548828 0.133144 0.545898 0.135977 0.544922 0.135977 0.542969 0.137866 0.542969 0.139754 0.553711 0.139754 0.555664 0.137866 0.556641 0.137866 0.557617 0.136922 0.558594 0.136922 0.560547 0.135033 0.561523 0.135033 0.56543 0.131256 0.566406 0.131256 0.568359 0.129367 0.569336 0.129367 0.570312 0.128423 0.571289 0.128423 0.577148 0.122757 0.578125 0.122757 0.582031 0.11898 0.583008 0.11898 0.587891 0.114259 0.587891 0.113314 0.588867 0.11237 0.589844 0.11237 0.59082 0.111426 0.59082 0.110482
1 0.269531 0.609065 0.269531 0.629839 0.269531 0.627951 0.270508 0.627007 0.273438 0.627007 0.274414 0.627951 0.275391 0.627951 0.276367 0.628895 0.27832 0.628895 0.279297 0.629839 0.28125 0.629839 0.282227 0.628895 0.28418 0.628895 0.285156 0.627951 0.287109 0.627951 0.287109 0.614731 0.286133 0.613787 0.286133 0.612842 0.285156 0.611898 0.285156 0.610954 0.28418 0.610009 0.28418 0.609065
1 0.30957 0.329556 0.306641 0.332389 0.306641 0.333333 0.305664 0.334278 0.305664 0.345609 0.314453 0.345609 0.31543 0.344665 0.316406 0.344665 0.318359 0.342776 0.318359 0.329556
1 0.606445 0.410765 0.606445 0.421152 0.614258 0.421152 0.615234 0.420208 0.616211 0.420208 0.619141 0.417375 0.619141 0.410765
1 0.422852 0.690274 0.422852 0.698772 0.423828 0.699717 0.423828 0.700661 0.429688 0.700661 0.430664 0.699717 0.431641 0.699717 0.431641 0.690274
1 0.458008 0.400378 0.458008 0.413598 0.458984 0.413598 0.459961 0.414542 0.46582 0.414542 0.466797 0.413598 0.467773 0.413598 0.467773 0.400378
1 0.320312 0.644948 0.320312 0.65628 0.321289 0.657224 0.323242 0.657224 0.324219 0.658168 0.331055 0.658168 0.332031 0.657224 0.332031 0.644948
1 0.601562 0.365439 0.601562 0.373938 0.602539 0.374882 0.611328 0.374882 0.613281 0.372993 0.614258 0.372993 0.615234 0.372049 0.615234 0.365439
1 0.536133 0.356941 0.536133 0.364495 0.545898 0.364495 0.545898 0.356941
1 0.412109 0.02644 0.412109 0.0377715 0.413086 0.0387158 0.413086 0.0396601 0.414062 0.0406043 0.414062 0.0415486 0.415039 0.0415486 0.416016 0.0424929 0.416992 0.0424929 0.418945 0.0443815 0.419922 0.0443815 0.420898 0.0453258 0.420898 0.0462701 0.428711 0.0462701 0.428711 0.0349386 0.426758 0.03305 0.426758 0.0321058 0.425781 0.0311615 0.425781 0.0292729 0.424805 0.0283286 0.424805 0.02644
1 0.438477 0.651558 0.438477 0.661001 0.439453 0.661945 0.448242 0.661945 0.448242 0.651558
1 0.379883 0.0075543 0.379883 0.0188857 0.380859 0.0188857 0.381836 0.01983 0.389648 0.01983 0.390625 0.0188857 0.391602 0.0188857 0.392578 0.0179415 0.392578 0.0075543
0 0.616211 0.766761 0.616211 0.767705 0.617188 0.76865 0.617188 0.770538 0.618164 0.771483 0.618164 0.772427 0.626953 0.780925 0.62793 0.780925 0.633789 0.786591 0.633789 0.787535 0.637695 0.787535 0.637695 0.777148 0.636719 0.776204 0.636719 0.77526 0.635742 0.77526 0.632812 0.772427 0.632812 0.771483 0.631836 0.770538 0.631836 0.769594 0.629883 0.767705 0.629883 0.766761
1 0.0263672 0.880076 0.0253906 0.88102 0.0253906 0.885741 0.0263672 0.886686 0.0263672 0.88763 0.0283203 0.88763 0.0292969 0.888574 0.0361328 0.888574 0.0371094 0.88763 0.0371094 0.880076
1 0.69043 0.422096 0.688477 0.423985 0.688477 0.425873 0.6875 0.426818 0.6875 0.430595 0.688477 0.431539 0.688477 0.432483 0.689453 0.433428 0.689453 0.434372 0.693359 0.434372 0.697266 0.430595 0.697266 0.429651 0.698242 0.428706 0.698242 0.422096
1 0.450195 0.674221 0.449219 0.675165 0.448242 0.675165 0.446289 0.677054 0.446289 0.677998 0.445312 0.678942 0.445312 0.688385 0.446289 0.68933 0.454102 0.68933 0.458008 0.685552 0.458008 0.684608 0.458984 0.683664 0.458984 0.675165 0.458008 0.674221
1 0.527344 0.68272 0.527344 0.692162 0.52832 0.693107 0.530273 0.693107 0.53125 0.694051 0.536133 0.694051 0.537109 0.694995 0.539062 0.694995 0.540039 0.694051 0.541992 0.694051 0.542969 0.693107 0.543945 0.693107 0.543945 0.68272
1 0.329102 0.866856 0.329102 0.875354 0.330078 0.876298 0.331055 0.876298 0.332031 0.877243 0.339844 0.877243 0.34082 0.876298 0.341797 0.876298 0.341797 0.866856
1 0.355469 0.856468 0.354492 0.857413 0.354492 0.86119 0.355469 0.862134 0.355469 0.863078 0.357422 0.864967 0.358398 0.864967 0.359375 0.864023 0.361328 0.864023 0.362305 0.863078 0.363281 0.863078 0.363281 0.856468
1 0.40625 0.837583 0.40625 0.848914 0.40918 0.848914 0.410156 0.849858 0.411133 0.849858 0.414062 0.852691 0.421875 0.852691 0.421875 0.851747 0.422852 0.850803 0.422852 0.849858 0.423828 0.848914 0.423828 0.844193 0.420898 0.84136 0.419922 0.84136 0.418945 0.840415 0.417969 0.840415 0.416992 0.839471 0.416016 0.839471 0.415039 0.838527 0.413086 0.838527 0.412109 0.837583
1 0.22168 0.892351 0.22168 0.906516 0.223633 0.908404 0.224609 0.908404 0.225586 0.909348 0.226562 0.909348 0.227539 0.910293 0.229492 0.910293 0.230469 0.911237 0.231445 0.911237 0.232422 0.912181 0.236328 0.912181 0.237305 0.913126 0.242188 0.913126 0.243164 0.912181 0.244141 0.912181 0.245117 0.911237 0.246094 0.911237 0.246094 0.898961 0.244141 0.897073 0.242188 0.897073 0.240234 0.895184 0.239258 0.895184 0.237305 0.893296 0.237305 0.892351
1 0.306641 0.759207 0.302734 0.762984 0.302734 0.763928 0.301758 0.764873 0.301758 0.766761 0.300781 0.767705 0.300781 0.774315 0.301758 0.77526 0.3125 0.77526 0.31543 0.772427 0.31543 0.759207
1 0.220703 0.306893 0.219727 0.307838 0.219727 0.308782 0.21875 0.309726 0.21875 0.32389 0.228516 0.32389 0.229492 0.322946 0.229492 0.306893
1 0.770508 0.791313 0.769531 0.792257 0.769531 0.8017 0.771484 0.803588 0.777344 0.803588 0.779297 0.8017 0.779297 0.800755 0.78125 0.798867 0.78125 0.791313
1 0.285156 0.000944287 0.285156 0.0188857 0.289062 0.0188857 0.290039 0.01983 0.293945 0.01983 0.294922 0.0188857 0.295898 0.0188857 0.296875 0.0179415 0.297852 0.0179415 0.299805 0.0160529 0.299805 0.000944287
1 0.217773 0.576015 0.217773 0.583569 0.220703 0.586402 0.22168 0.586402 0.226562 0.591124 0.227539 0.591124 0.228516 0.592068 0.229492 0.592068 0.231445 0.590179 0.232422 0.590179 0.232422 0.576959 0.231445 0.576959 0.230469 0.576015
0 0.000976562 0.338999 0.000976562 0.373938 0.00292969 0.373938 0.00585938 0.376771 0.0126953 0.376771 0.0126953 0.375826 0.0136719 0.374882 0.0136719 0.371105 0.0126953 0.370161 0.0126953 0.367328 0.0117188 0.366383 0.0117188 0.359773 0.0126953 0.358829 0.0126953 0.357885 0.015625 0.355052 0.015625 0.338999
1 0.353516 0.756374 0.352539 0.757318 0.352539 0.758263 0.351562 0.759207 0.352539 0.760151 0.352539 0.764873 0.353516 0.765817 0.353516 0.767705 0.354492 0.76865 0.354492 0.769594 0.361328 0.769594 0.362305 0.76865 0.363281 0.76865 0.365234 0.766761 0.365234 0.756374
1 0.46582 0.305005 0.464844 0.305949 0.464844 0.306893 0.463867 0.307838 0.463867 0.315392 0.473633 0.315392 0.473633 0.305005
1 0.569336 0.700661 0.568359 0.701605 0.568359 0.704438 0.567383 0.705382 0.567383 0.707271 0.566406 0.708215 0.566406 0.70916 0.567383 0.70916 0.568359 0.710104 0.571289 0.710104 0.572266 0.70916 0.573242 0.70916 0.575195 0.707271 0.575195 0.700661
1 0.146484 0.341832 0.142578 0.345609 0.142578 0.346553 0.144531 0.348442 0.147461 0.348442 0.148438 0.349386 0.150391 0.349386 0.150391 0.341832
0 0.745117 0.0122757 0.744141 0.01322 0.744141 0.0141643 0.742188 0.0160529 0.742188 0.0245515 0.75 0.0245515 0.750977 0.0236072 0.751953 0.0236072 0.753906 0.0217186 0.754883 0.0217186 0.755859 0.0207743 0.756836 0.0207743 0.757812 0.01983 0.759766 0.01983 0.760742 0.0188857 0.763672 0.0188857 0.764648 0.0179415 0.765625 0.0179415 0.766602 0.0169972 0.767578 0.0169972 0.768555 0.0160529 0.768555 0.0122757
0 0.589844 0.0519358 0.589844 0.0528801 0.588867 0.0538244 0.588867 0.0547686 0.587891 0.0557129 0.587891 0.0566572 0.586914 0.0576015 0.586914 0.0585458 0.585938 0.0594901 0.585938 0.0727101 0.584961 0.0736544 0.584961 0.0840416 0.585938 0.0849858 0.585938 0.0868744 0.586914 0.0878187 0.586914 0.088763 0.587891 0.0897073 0.587891 0.0906516 0.588867 0.0915958 0.588867 0.0925401 0.589844 0.0934844 0.589844 0.0944287 0.595703 0.100094 0.59668 0.100094 0.598633 0.101983 0.598633 0.102927 0.600586 0.104816 0.601562 0.104816 0.602539 0.10576 0.605469 0.10576 0.606445 0.106704 0.610352 0.106704 0.611328 0.107649 0.625 0.107649 0.625977 0.106704 0.62793 0.106704 0.639648 0.095373 0.639648 0.0745987 0.638672 0.0736544 0.638672 0.0727101 0.637695 0.0717658 0.637695 0.0708215 0.633789 0.0670444 0.631836 0.0670444 0.629883 0.0651558 0.62207 0.0651558 0.62207 0.0670444 0.621094 0.0679887 0.621094 0.068933 0.620117 0.0698772 0.620117 0.0708215 0.619141 0.0717658 0.621094 0.0736544 0.623047 0.0736544 0.625 0.075543 0.625977 0.075543 0.626953 0.0764873 0.626953 0.0774315 0.62793 0.0783758 0.62793 0.0859301 0.626953 0.0868744 0.626953 0.088763 0.625977 0.0897073 0.625977 0.0906516 0.62207 0.0944287 0.614258 0.0944287 0.613281 0.0934844 0.612305 0.0934844 0.611328 0.0925401 0.610352 0.0925401 0.609375 0.0915958 0.608398 0.0915958 0.604492 0.0878187 0.604492 0.0868744 0.601562 0.0840416 0.601562 0.0812087 0.600586 0.0802644 0.600586 0.075543 0.599609 0.0745987 0.599609 0.0557129 0.598633 0.0547686 0.598633 0.0538244 0.597656 0.0528801 0.59375 0.0528801 0.592773 0.0519358
1 0.713867 0.409821 0.713867 0.410765 0.712891 0.411709 0.709961 0.411709 0.709961 0.420208 0.710938 0.421152 0.710938 0.422096 0.720703 0.422096 0.72168 0.421152 0.722656 0.421152 0.722656 0.409821
1 0.608398 0.408876 0.608398 0.420208 0.615234 0.420208 0.620117 0.415486 0.621094 0.415486 0.621094 0.414542 0.62207 0.413598 0.62207 0.408876
1 0.476562 0.286119 0.476562 0.294618 0.482422 0.294618 0.483398 0.293673 0.484375 0.293673 0.485352 0.292729 0.485352 0.286119
0 0.046875 0.474032 0.0439453 0.476865 0.0439453 0.478754 0.0449219 0.479698 0.0449219 0.481586 0.0458984 0.482531 0.0458984 0.483475 0.0527344 0.490085 0.0527344 0.491029 0.0537109 0.491974 0.0537109 0.492918 0.0556641 0.494806 0.0556641 0.497639 0.0566406 0.498584 0.0566406 0.506138 0.0576172 0.507082 0.0576172 0.508026 0.0585938 0.508026 0.0595703 0.508971 0.0605469 0.508971 0.0605469 0.479698 0.0546875 0.474032
1 0.219727 0.351275 0.219727 0.352219 0.21875 0.353163 0.21875 0.355052 0.217773 0.355996 0.217773 0.363551 0.222656 0.363551 0.223633 0.362606 0.224609 0.362606 0.225586 0.361662 0.226562 0.361662 0.228516 0.359773 0.228516 0.351275
1 0.373047 0.786591 0.373047 0.79509 0.375 0.79509 0.375977 0.796034 0.37793 0.796034 0.378906 0.79509 0.380859 0.79509 0.381836 0.794145 0.382812 0.794145 0.382812 0.786591
1 0.567383 0.583569 0.567383 0.584514 0.563477 0.588291 0.563477 0.589235 0.5625 0.590179 0.563477 0.591124 0.563477 0.594901 0.564453 0.595845 0.564453 0.598678 0.572266 0.598678 0.572266 0.597734 0.574219 0.595845 0.574219 0.594901 0.575195 0.593957 0.575195 0.583569
1 0.0703125 0.791313 0.0693359 0.792257 0.0683594 0.792257 0.0664062 0.794145 0.0654297 0.794145 0.0654297 0.797923 0.0683594 0.800755 0.0761719 0.800755 0.078125 0.798867 0.078125 0.791313
1 0.349609 0.603399 0.349609 0.613787 0.356445 0.613787 0.357422 0.614731 0.358398 0.613787 0.361328 0.613787 0.362305 0.612842 0.363281 0.612842 0.364258 0.611898 0.365234 0.611898 0.365234 0.603399
1 0.420898 0.787535 0.420898 0.796978 0.421875 0.796978 0.425781 0.800755 0.430664 0.800755 0.431641 0.799811 0.431641 0.787535
1 0.162109 0.082153 0.162109 0.101039 0.163086 0.101039 0.164062 0.100094 0.170898 0.100094 0.175781 0.095373 0.175781 0.082153
1 0.730469 0.272899 0.729492 0.273843 0.728516 0.273843 0.727539 0.274788 0.727539 0.275732 0.726562 0.276676 0.726562 0.278565 0.727539 0.279509 0.727539 0.280453 0.728516 0.281398 0.728516 0.282342 0.730469 0.28423 0.733398 0.28423 0.738281 0.279509 0.738281 0.273843 0.737305 0.272899
0 0.40332 0.189802 0.402344 0.190746 0.402344 0.193579 0.401367 0.194523 0.401367 0.196412 0.400391 0.197356 0.400391 0.199245 0.399414 0.200189 0.399414 0.20491 0.398438 0.205855 0.398438 0.217186 0.399414 0.21813 0.399414 0.220019 0.400391 0.220963 0.400391 0.222852 0.401367 0.223796 0.401367 0.22474 0.404297 0.227573 0.404297 0.229462 0.405273 0.230406 0.405273 0.232295 0.40625 0.233239 0.40625 0.234183 0.407227 0.235127 0.411133 0.235127 0.412109 0.234183 0.413086 0.234183 0.413086 0.206799 0.412109 0.205855 0.412109 0.201133 0.411133 0.200189 0.411133 0.196412 0.410156 0.195467 0.410156 0.194523 0.40918 0.193579 0.40918 0.192635 0.408203 0.19169 0.407227 0.19169 0.40625 0.190746 0.405273 0.190746 0.404297 0.189802
0 0.740234 0.315392 0.737305 0.318225 0.736328 0.318225 0.734375 0.320113 0.733398 0.320113 0.732422 0.321058 0.731445 0.321058 0.728516 0.32389 0.727539 0.32389 0.726562 0.324835 0.724609 0.324835 0.723633 0.325779 0.722656 0.325779 0.720703 0.327668 0.719727 0.327668 0.71875 0.328612 0.717773 0.328612 0.716797 0.329556 0.71582 0.329556 0.713867 0.331445 0.712891 0.331445 0.712891 0.33711 0.72168 0.33711 0.725586 0.333333 0.726562 0.333333 0.727539 0.332389 0.728516 0.332389 0.729492 0.331445 0.730469 0.331445 0.731445 0.3305 0.733398 0.3305 0.734375 0.329556 0.735352 0.329556 0.737305 0.327668 0.738281 0.327668 0.742188 0.32389 0.743164 0.32389 0.744141 0.322946 0.744141 0.315392
1 0.5 0.438149 0.496094 0.441926 0.496094 0.451369 0.506836 0.451369 0.509766 0.448536 0.509766 0.438149
1 0.734375 0.172805 0.731445 0.175637 0.731445 0.183192 0.740234 0.183192 0.743164 0.180359 0.743164 0.172805
1 0.582031 0.489141 0.582031 0.500472 0.583984 0.500472 0.584961 0.501416 0.585938 0.501416 0.586914 0.502361 0.587891 0.502361 0.588867 0.503305 0.589844 0.503305 0.592773 0.500472 0.592773 0.499528 0.59375 0.498584 0.59375 0.491029 0.591797 0.489141
1 0.224609 0.725212 0.223633 0.726157 0.223633 0.727101 0.222656 0.728045 0.223633 0.72899 0.223633 0.732767 0.224609 0.733711 0.224609 0.734655 0.226562 0.736544 0.229492 0.736544 0.230469 0.7356 0.231445 0.7356 0.232422 0.734655 0.232422 0.725212
1 0.704102 0.326723 0.703125 0.327668 0.703125 0.328612 0.702148 0.329556 0.701172 0.329556 0.698242 0.332389 0.698242 0.336166 0.699219 0.33711 0.705078 0.33711 0.706055 0.336166 0.706055 0.326723
1 0.424805 0.505194 0.423828 0.506138 0.423828 0.514636 0.431641 0.514636 0.432617 0.513692 0.433594 0.513692 0.43457 0.512748 0.435547 0.512748 0.436523 0.511804 0.436523 0.505194
1 0.661133 0.353163 0.662109 0.354108 0.662109 0.355052 0.663086 0.355996 0.663086 0.357885 0.664062 0.358829 0.664062 0.359773 0.665039 0.360718 0.667969 0.360718 0.667969 0.353163
1 0.438477 0.101983 0.438477 0.10576 0.441406 0.10576 0.444336 0.108593 0.444336 0.109537 0.445312 0.110482 0.445312 0.111426 0.447266 0.113314 0.448242 0.113314 0.449219 0.11237 0.449219 0.111426 0.450195 0.110482 0.450195 0.101983
0 0.00195312 0.897073 0.00195312 0.911237 0.00292969 0.910293 0.0146484 0.910293 0.015625 0.911237 0.0185547 0.911237 0.0195312 0.910293 0.0224609 0.910293 0.0234375 0.911237 0.0302734 0.911237 0.03125 0.912181 0.0341797 0.912181 0.0351562 0.913126 0.0361328 0.912181 0.0371094 0.912181 0.0380859 0.911237 0.0400391 0.911237 0.0410156 0.910293 0.0410156 0.902738 0.0371094 0.898961 0.0361328 0.898961 0.0351562 0.898017 0.0283203 0.898017 0.0273438 0.897073
1 0.439453 0.355052 0.439453 0.358829 0.441406 0.360718 0.443359 0.360718 0.444336 0.361662 0.447266 0.361662 0.447266 0.355052
0 0.566406 0.419263 0.566406 0.424929 0.567383 0.425873 0.567383 0.428706 0.568359 0.429651 0.568359 0.431539 0.569336 0.432483 0.569336 0.434372 0.570312 0.435316 0.570312 0.439093 0.571289 0.440038 0.571289 0.444759 0.572266 0.445704 0.572266 0.452314 0.574219 0.454202 0.577148 0.454202 0.578125 0.453258 0.578125 0.452314 0.579102 0.451369 0.579102 0.450425 0.580078 0.449481 0.580078 0.424929 0.579102 0.423985 0.579102 0.423041 0.578125 0.422096 0.578125 0.419263
1 0.553711 0.688385 0.553711 0.696884 0.561523 0.696884 0.561523 0.688385
0 0.767578 0.561851 0.766602 0.562795 0.766602 0.564684 0.764648 0.566572 0.763672 0.566572 0.758789 0.571294 0.758789 0.575071 0.759766 0.576015 0.759766 0.576959 0.764648 0.576959 0.770508 0.571294 0.770508 0.570349 0.771484 0.569405 0.771484 0.561851
0 0.344727 0.397545 0.34375 0.398489 0.342773 0.398489 0.341797 0.399433 0.341797 0.400378 0.34082 0.401322 0.34082 0.402266 0.339844 0.403211 0.339844 0.406988 0.338867 0.407932 0.338867 0.409821 0.337891 0.410765 0.337891 0.426818 0.338867 0.427762 0.338867 0.429651 0.339844 0.430595 0.339844 0.431539 0.34082 0.432483 0.34082 0.434372 0.341797 0.435316 0.341797 0.436261 0.342773 0.437205 0.342773 0.438149 0.34375 0.439093 0.34375 0.440982 0.344727 0.441926 0.344727 0.442871 0.345703 0.443815 0.345703 0.444759 0.34668 0.445704 0.34668 0.446648 0.348633 0.448536 0.348633 0.449481 0.349609 0.450425 0.349609 0.452314 0.350586 0.453258 0.350586 0.454202 0.351562 0.455146 0.355469 0.455146 0.355469 0.444759 0.354492 0.443815 0.354492 0.439093 0.353516 0.438149 0.353516 0.435316 0.352539 0.434372 0.352539 0.433428 0.351562 0.432483 0.351562 0.431539 0.349609 0.429651 0.349609 0.427762 0.348633 0.426818 0.348633 0.423985 0.347656 0.423041 0.347656 0.417375 0.34668 0.416431 0.34668 0.412653 0.347656 0.411709 0.347656 0.406988 0.348633 0.406043 0.348633 0.405099 0.349609 0.404155 0.349609 0.401322 0.34668 0.398489 0.345703 0.398489
1 0.547852 0.000944287 0.547852 0.0141643 0.558594 0.0141643 0.55957 0.01322 0.55957 0.0122757 0.561523 0.0103872 0.561523 0.000944287
1 0.266602 0.566572 0.266602 0.575071 0.267578 0.576015 0.274414 0.576015 0.275391 0.575071 0.276367 0.575071 0.276367 0.566572
1 0.317383 0.897073 0.317383 0.904627 0.317383 0.901794 0.318359 0.90085 0.319336 0.90085 0.320312 0.901794 0.320312 0.908404 0.321289 0.909348 0.321289 0.910293 0.322266 0.911237 0.323242 0.911237 0.324219 0.912181 0.327148 0.912181 0.328125 0.911237 0.329102 0.911237 0.330078 0.910293 0.330078 0.897073
1 0.463867 0.812087 0.463867 0.82153 0.46582 0.823418 0.46875 0.823418 0.469727 0.822474 0.470703 0.822474 0.473633 0.819641 0.473633 0.812087
1 0.630859 0.21813 0.628906 0.220019 0.628906 0.23135 0.630859 0.233239 0.631836 0.233239 0.632812 0.234183 0.633789 0.234183 0.634766 0.235127 0.642578 0.235127 0.643555 0.234183 0.645508 0.234183 0.647461 0.232295 0.647461 0.23135 0.648438 0.230406 0.648438 0.228517 0.649414 0.227573 0.649414 0.226629 0.650391 0.225685 0.650391 0.21813
1 0.375 0.663834 0.375 0.675165 0.382812 0.675165 0.383789 0.674221 0.383789 0.663834
1 0.392578 0.949953 0.392578 0.959396 0.394531 0.961284 0.40625 0.961284 0.407227 0.96034 0.408203 0.96034 0.40918 0.959396 0.410156 0.959396 0.411133 0.958451 0.411133 0.957507 0.410156 0.956563 0.410156 0.952786 0.408203 0.950897 0.407227 0.950897 0.40625 0.949953
1 0.676758 0.779037 0.676758 0.779981 0.675781 0.780925 0.675781 0.782814 0.669922 0.78848 0.669922 0.8017 0.670898 0.8017 0.672852 0.803588 0.675781 0.803588 0.676758 0.804533 0.680664 0.804533 0.682617 0.802644 0.683594 0.802644 0.683594 0.8017 0.68457 0.800755 0.68457 0.779037
1 0.217773 0.798867 0.217773 0.805477 0.21875 0.806421 0.21875 0.809254 0.217773 0.810198 0.217773 0.811143 0.226562 0.811143 0.227539 0.810198 0.228516 0.810198 0.228516 0.798867
1 0.37207 0.866856 0.37207 0.876298 0.373047 0.877243 0.373047 0.878187 0.374023 0.878187 0.375977 0.880076 0.379883 0.880076 0.380859 0.879131 0.382812 0.879131 0.383789 0.878187 0.383789 0.866856
1 0.477539 0.0783758 0.475586 0.0802644 0.475586 0.0906516 0.476562 0.0915958 0.482422 0.0915958 0.484375 0.0897073 0.485352 0.0897073 0.487305 0.0878187 0.487305 0.0783758
1 0.438477 0.74221 0.436523 0.744098 0.436523 0.745043 0.435547 0.745987 0.435547 0.747875 0.436523 0.74882 0.436523 0.749764 0.4375 0.750708 0.438477 0.750708 0.44043 0.752597 0.448242 0.752597 0.448242 0.744098 0.446289 0.74221
1 0.672852 0.414542 0.672852 0.423041 0.675781 0.423041 0.676758 0.423985 0.680664 0.423985 0.681641 0.423041 0.681641 0.414542
1 0.344727 0.639282 0.344727 0.655335 0.345703 0.655335 0.34668 0.65628 0.352539 0.65628 0.353516 0.655335 0.354492 0.655335 0.355469 0.654391 0.356445 0.654391 0.357422 0.653447 0.357422 0.639282
1 0.541992 0.890463 0.541992 0.898961 0.548828 0.898961 0.549805 0.898017 0.550781 0.898017 0.550781 0.890463
1 0.100586 0.94712 0.100586 0.952786 0.101562 0.95373 0.101562 0.954674 0.102539 0.955619 0.102539 0.957507 0.103516 0.958451 0.103516 0.959396 0.104492 0.96034 0.104492 0.961284 0.105469 0.962229 0.112305 0.962229 0.114258 0.96034 0.114258 0.949953 0.113281 0.949009 0.113281 0.948064 0.112305 0.94712
1 0.421875 0.0632672 0.421875 0.0727101 0.424805 0.075543 0.431641 0.075543 0.432617 0.0745987 0.432617 0.0632672
0 0.0722656 0.120869 0.0722656 0.156752 0.0732422 0.157696 0.0732422 0.159585 0.0800781 0.166195 0.0820312 0.166195 0.0830078 0.16525 0.0859375 0.16525 0.0859375 0.120869
1 0.297852 0.683664 0.297852 0.693107 0.299805 0.694995 0.300781 0.694995 0.301758 0.69594 0.303711 0.69594 0.304688 0.696884 0.307617 0.696884 0.308594 0.69594 0.311523 0.69594 0.313477 0.694051 0.313477 0.683664
1 0.621094 0.376771 0.621094 0.386213 0.628906 0.386213 0.629883 0.385269 0.630859 0.385269 0.631836 0.384325 0.631836 0.376771
1 0.450195 0.838527 0.450195 0.839471 0.449219 0.840415 0.449219 0.84136 0.447266 0.843248 0.446289 0.843248 0.446289 0.849858 0.449219 0.849858 0.450195 0.850803 0.456055 0.850803 0.458008 0.848914 0.458008 0.838527
1 0.442383 0.0434372 0.442383 0.0443815 0.44043 0.0462701 0.44043 0.0547686 0.441406 0.0547686 0.443359 0.0566572 0.443359 0.0576015 0.447266 0.0613787 0.449219 0.0613787 0.451172 0.0594901 0.451172 0.0434372
1 0.739258 0.0538244 0.739258 0.0547686 0.738281 0.0557129 0.738281 0.0651558 0.739258 0.0661001 0.740234 0.0661001 0.741211 0.0670444 0.746094 0.0670444 0.748047 0.0651558 0.749023 0.0651558 0.75 0.0642115 0.75 0.0538244
1 0.260742 0.0963173 0.260742 0.106704 0.271484 0.106704 0.271484 0.0963173
1 0.569336 0.288952 0.569336 0.298395 0.578125 0.298395 0.578125 0.288952
1 0.166016 0.176582 0.166016 0.186969 0.171875 0.186969 0.172852 0.186025 0.174805 0.186025 0.175781 0.18508 0.176758 0.18508 0.176758 0.176582 0.170898 0.176582 0.169922 0.177526 0.168945 0.176582
1 0.576172 0.00377715 0.575195 0.00472144 0.575195 0.00566572 0.574219 0.00661001 0.574219 0.0169972 0.584961 0.0169972 0.586914 0.0151086 0.586914 0.00377715
1 0.584961 0.457035 0.584961 0.461756 0.583984 0.462701 0.583984 0.463645 0.583008 0.464589 0.583008 0.465534 0.585938 0.468366 0.587891 0.468366 0.588867 0.469311 0.589844 0.469311 0.592773 0.466478 0.592773 0.457035
1 0.472656 0.453258 0.472656 0.465534 0.486328 0.465534 0.487305 0.464589 0.487305 0.453258
0 0.264648 0.0075543 0.264648 0.00944287 0.263672 0.0103872 0.263672 0.0113314 0.262695 0.0122757 0.262695 0.0141643 0.259766 0.0169972 0.258789 0.0169972 0.251953 0.0236072 0.250977 0.0236072 0.248047 0.02644 0.245117 0.02644 0.244141 0.0273843 0.242188 0.0273843 0.241211 0.0283286 0.240234 0.0283286 0.239258 0.0292729 0.237305 0.0292729 0.236328 0.0302172 0.233398 0.0302172 0.232422 0.0311615 0.232422 0.0368272 0.25 0.0368272 0.250977 0.0358829 0.25293 0.0358829 0.253906 0.0349386 0.255859 0.0349386 0.258789 0.0321058 0.259766 0.0321058 0.260742 0.0311615 0.261719 0.0311615 0.265625 0.0273843 0.265625 0.02644 0.268555 0.0236072 0.268555 0.0075543
1 0.143555 0.688385 0.143555 0.693107 0.142578 0.694051 0.142578 0.696884 0.143555 0.696884 0.144531 0.697828 0.152344 0.697828 0.152344 0.688385
1 0.568359 0.540132 0.568359 0.554296 0.580078 0.554296 0.581055 0.553352 0.583008 0.553352 0.583008 0.540132
1 0.643555 0.0915958 0.643555 0.0972616 0.645508 0.0991501 0.645508 0.100094 0.647461 0.101983 0.650391 0.101983 0.651367 0.101039 0.654297 0.101039 0.655273 0.100094 0.655273 0.0915958
1 0.426758 0.156752 0.426758 0.159585 0.427734 0.160529 0.427734 0.166195 0.436523 0.166195 0.436523 0.16525 0.4375 0.164306 0.4375 0.156752 0.428711 0.156752 0.427734 0.157696
0 0.382812 0.627007 0.382812 0.644948 0.385742 0.647781 0.386719 0.647781 0.388672 0.64967 0.389648 0.64967 0.390625 0.650614 0.392578 0.650614 0.393555 0.651558 0.413086 0.651558 0.414062 0.650614 0.416016 0.650614 0.416992 0.64967 0.417969 0.64967 0.418945 0.648725 0.419922 0.648725 0.420898 0.647781 0.421875 0.647781 0.425781 0.644004 0.426758 0.644004 0.427734 0.643059 0.428711 0.643059 0.430664 0.641171 0.431641 0.641171 0.435547 0.637394 0.4375 0.637394 0.438477 0.636449 0.439453 0.636449 0.44043 0.635505 0.442383 0.635505 0.443359 0.634561 0.445312 0.634561 0.446289 0.633617 0.446289 0.632672 0.445312 0.631728 0.445312 0.629839 0.444336 0.628895 0.444336 0.627951 0.443359 0.627951 0.442383 0.627007 0.439453 0.627007 0.438477 0.627951 0.43457 0.627951 0.432617 0.629839 0.431641 0.629839 0.430664 0.630784 0.428711 0.630784 0.426758 0.632672 0.425781 0.632672 0.422852 0.635505 0.421875 0.635505 0.420898 0.636449 0.419922 0.636449 0.418945 0.637394 0.417969 0.637394 0.416992 0.638338 0.415039 0.638338 0.414062 0.639282 0.411133 0.639282 0.410156 0.640227 0.407227 0.640227 0.40625 0.641171 0.396484 0.641171 0.395508 0.640227 0.394531 0.640227 0.390625 0.636449 0.390625 0.635505 0.389648 0.634561 0.389648 0.627007
1 0.360352 0.111426 0.360352 0.118036 0.362305 0.119924 0.363281 0.119924 0.364258 0.120869 0.365234 0.120869 0.366211 0.121813 0.367188 0.121813 0.368164 0.122757 0.37207 0.122757 0.37207 0.111426
1 0.176758 0.348442 0.175781 0.349386 0.175781 0.358829 0.176758 0.359773 0.19043 0.359773 0.19043 0.348442
1 0.275391 0.414542 0.273438 0.416431 0.273438 0.430595 0.28125 0.430595 0.28418 0.427762 0.28418 0.414542
1 0.554688 0.500472 0.554688 0.510859 0.5625 0.510859 0.56543 0.508026 0.56543 0.500472
1 0.238281 0.379603 0.238281 0.392823 0.249023 0.392823 0.25 0.391879 0.250977 0.391879 0.251953 0.390935 0.25293 0.390935 0.253906 0.389991 0.253906 0.379603
0 0.731445 0.912181 0.729492 0.91407 0.729492 0.937677 0.730469 0.938621 0.730469 0.94051 0.731445 0.941454 0.731445 0.943343 0.732422 0.944287 0.732422 0.946176 0.733398 0.94712 0.733398 0.949953 0.734375 0.950897 0.734375 0.951841 0.735352 0.952786 0.735352 0.95373 0.736328 0.954674 0.736328 0.955619 0.740234 0.959396 0.740234 0.96034 0.741211 0.96034 0.744141 0.963173 0.75293 0.963173 0.753906 0.962229 0.753906 0.957507 0.75293 0.956563 0.75293 0.954674 0.751953 0.95373 0.751953 0.951841 0.750977 0.950897 0.750977 0.949009 0.75 0.948064 0.75 0.944287 0.749023 0.943343 0.749023 0.939566 0.748047 0.938621 0.748047 0.935788 0.74707 0.934844 0.74707 0.932956 0.746094 0.932011 0.746094 0.930123 0.745117 0.929178 0.745117 0.928234 0.744141 0.92729 0.744141 0.922568 0.743164 0.921624 0.743164 0.918791 0.742188 0.917847 0.742188 0.916903 0.741211 0.915958 0.741211 0.915014 0.738281 0.912181
1 0.0634766 0.188857 0.0634766 0.190746 0.0625 0.19169 0.0625 0.199245 0.0673828 0.199245 0.0683594 0.200189 0.0761719 0.200189 0.0771484 0.199245 0.078125 0.199245 0.078125 0.188857
1 0.478516 0.696884 0.478516 0.710104 0.480469 0.711992 0.488281 0.711992 0.490234 0.710104 0.490234 0.696884
1 0.464844 0.216242 0.464844 0.225685 0.46582 0.226629 0.469727 0.226629 0.470703 0.225685 0.47168 0.225685 0.473633 0.223796 0.474609 0.223796 0.474609 0.216242
0 0.125977 0.209632 0.125977 0.239849 0.126953 0.240793 0.126953 0.241737 0.12793 0.242682 0.12793 0.243626 0.128906 0.24457 0.132812 0.24457 0.133789 0.243626 0.135742 0.243626 0.136719 0.242682 0.137695 0.242682 0.138672 0.241737 0.138672 0.209632
0 0.329102 0.546742 0.328125 0.547687 0.327148 0.547687 0.326172 0.548631 0.325195 0.548631 0.325195 0.549575 0.324219 0.550519 0.324219 0.551464 0.323242 0.552408 0.323242 0.553352 0.322266 0.554296 0.322266 0.555241 0.321289 0.556185 0.321289 0.557129 0.320312 0.558074 0.320312 0.559018 0.316406 0.562795 0.316406 0.563739 0.31543 0.564684 0.31543 0.577904 0.319336 0.577904 0.320312 0.576959 0.325195 0.576959 0.327148 0.575071 0.327148 0.574127 0.328125 0.573182 0.328125 0.563739 0.329102 0.562795 0.329102 0.559962 0.330078 0.559018 0.330078 0.557129 0.332031 0.555241 0.332031 0.546742
1 0.375 0.470255 0.375 0.480642 0.375977 0.480642 0.376953 0.481586 0.384766 0.481586 0.386719 0.479698 0.387695 0.479698 0.387695 0.470255
1 0.702148 0.677998 0.700195 0.679887 0.699219 0.679887 0.698242 0.680831 0.698242 0.693107 0.704102 0.693107 0.705078 0.692162 0.706055 0.692162 0.708008 0.690274 0.708008 0.68933 0.708984 0.688385 0.708984 0.677998
1 0.557617 0.747875 0.557617 0.76204 0.56543 0.76204 0.566406 0.761095 0.567383 0.761095 0.568359 0.760151 0.568359 0.747875
1 0.785156 0.807365 0.783203 0.809254 0.782227 0.809254 0.776367 0.81492 0.776367 0.815864 0.775391 0.816808 0.775391 0.817753 0.774414 0.818697 0.774414 0.827195 0.78418 0.827195 0.785156 0.826251 0.786133 0.826251 0.788086 0.824363 0.789062 0.824363 0.791016 0.822474 0.791016 0.82153 0.792969 0.819641 0.792969 0.818697 0.793945 0.817753 0.793945 0.816808 0.794922 0.815864 0.794922 0.810198 0.795898 0.809254 0.793945 0.807365
1 0.500977 0.890463 0.5 0.891407 0.49707 0.891407 0.49707 0.899906 0.498047 0.90085 0.506836 0.90085 0.507812 0.899906 0.507812 0.890463
1 0.31543 0.0396601 0.31543 0.0519358 0.316406 0.0528801 0.317383 0.0528801 0.320312 0.0557129 0.321289 0.0557129 0.325195 0.0594901 0.326172 0.0585458 0.328125 0.0585458 0.329102 0.0576015 0.330078 0.0576015 0.330078 0.0396601
1 0.338867 0.726157 0.338867 0.732767 0.345703 0.732767 0.34668 0.731822 0.34668 0.726157
1 0.485352 0.391879 0.483398 0.393768 0.483398 0.405099 0.484375 0.406043 0.485352 0.406043 0.486328 0.406988 0.490234 0.406988 0.491211 0.407932 0.493164 0.407932 0.49707 0.404155 0.49707 0.391879
1 0.549805 0.79509 0.549805 0.806421 0.550781 0.807365 0.55957 0.807365 0.560547 0.806421 0.560547 0.79509
1 0.223633 0.70255 0.222656 0.703494 0.222656 0.705382 0.22168 0.706327 0.22168 0.70916 0.225586 0.712937 0.226562 0.712937 0.227539 0.713881 0.231445 0.713881 0.232422 0.712937 0.233398 0.712937 0.233398 0.70255
1 0.56543 0.890463 0.56543 0.899906 0.577148 0.899906 0.577148 0.890463
1 0.360352 0.586402 0.360352 0.590179 0.361328 0.591124 0.361328 0.592068 0.362305 0.593012 0.362305 0.593957 0.363281 0.594901 0.363281 0.598678 0.361328 0.600567 0.360352 0.600567 0.365234 0.600567 0.366211 0.599622 0.367188 0.599622 0.368164 0.598678 0.371094 0.598678 0.37207 0.599622 0.373047 0.599622 0.374023 0.600567 0.388672 0.600567 0.388672 0.586402
0 0.530273 0.378659 0.529297 0.379603 0.52832 0.379603 0.52832 0.398489 0.530273 0.398489 0.53125 0.397545 0.532227 0.397545 0.533203 0.398489 0.539062 0.398489 0.541016 0.396601 0.541992 0.396601 0.548828 0.389991 0.549805 0.389991 0.549805 0.389046 0.550781 0.388102 0.550781 0.378659
1 0.585938 0.522191 0.585938 0.536355 0.595703 0.536355 0.59668 0.535411 0.597656 0.535411 0.598633 0.534467 0.598633 0.533522 0.599609 0.532578 0.599609 0.522191
1 0.270508 0.278565 0.270508 0.292729 0.27832 0.292729 0.280273 0.29084 0.280273 0.278565
1 0.457031 0.396601 0.457031 0.412653 0.458008 0.413598 0.467773 0.413598 0.469727 0.411709 0.469727 0.396601
1 0.0556641 0.385269 0.0546875 0.386213 0.0546875 0.404155 0.0566406 0.404155 0.0585938 0.402266 0.0595703 0.402266 0.0605469 0.401322 0.0615234 0.402266 0.0625 0.402266 0.0644531 0.404155 0.0761719 0.404155 0.0761719 0.391879 0.0703125 0.386213 0.0703125 0.385269
0 0.262695 0.82814 0.262695 0.833806 0.263672 0.833806 0.265625 0.835694 0.266602 0.835694 0.270508 0.839471 0.270508 0.840415 0.272461 0.842304 0.272461 0.843248 0.276367 0.847026 0.276367 0.84797 0.27832 0.849858 0.27832 0.850803 0.279297 0.851747 0.282227 0.851747 0.283203 0.850803 0.283203 0.839471 0.282227 0.838527 0.282227 0.837583 0.276367 0.831917 0.276367 0.830973 0.273438 0.82814
1 0.505859 0.832861 0.505859 0.843248 0.513672 0.843248 0.514648 0.842304 0.515625 0.842304 0.516602 0.84136 0.517578 0.84136 0.517578 0.832861
1 0.0917969 0.84797 0.0917969 0.855524 0.0927734 0.855524 0.09375 0.856468 0.0957031 0.856468 0.0966797 0.857413 0.0976562 0.857413 0.0986328 0.858357 0.101562 0.858357 0.102539 0.857413 0.105469 0.857413 0.106445 0.856468 0.106445 0.84797
1 0.0527344 0.769594 0.0527344 0.78187 0.0634766 0.78187 0.0644531 0.780925 0.0654297 0.780925 0.0654297 0.769594
1 0.356445 0.732767 0.356445 0.7356 0.357422 0.736544 0.357422 0.739377 0.363281 0.739377 0.364258 0.738432 0.364258 0.732767
1 0.0263672 0.76865 0.0263672 0.779037 0.0283203 0.780925 0.0283203 0.78187 0.0322266 0.785647 0.0332031 0.785647 0.0351562 0.787535 0.0361328 0.786591 0.0380859 0.786591 0.0390625 0.785647 0.0390625 0.76865
1 0.537109 0.354108 0.536133 0.355052 0.535156 0.355052 0.535156 0.364495 0.545898 0.364495 0.546875 0.363551 0.546875 0.354108
1 0.508789 0.356941 0.508789 0.363551 0.509766 0.364495 0.509766 0.365439 0.516602 0.365439 0.517578 0.364495 0.518555 0.364495 0.518555 0.356941
1 0.444336 0.0783758 0.443359 0.0793201 0.443359 0.0802644 0.441406 0.082153 0.441406 0.0915958 0.451172 0.0915958 0.453125 0.0897073 0.453125 0.0783758
1 0.341797 0.25779 0.34082 0.258735 0.339844 0.258735 0.335938 0.262512 0.335938 0.268178 0.336914 0.269122 0.345703 0.269122 0.34668 0.268178 0.347656 0.268178 0.349609 0.266289 0.349609 0.25779
1 0.711914 0.583569 0.711914 0.593957 0.719727 0.593957 0.720703 0.593012 0.72168 0.593012 0.722656 0.592068 0.722656 0.591124 0.723633 0.590179 0.723633 0.583569
1 0.12793 0.767705 0.12793 0.778093 0.128906 0.779037 0.128906 0.779981 0.130859 0.78187 0.132812 0.78187 0.133789 0.782814 0.137695 0.782814 0.138672 0.78187 0.138672 0.767705
1 0.170898 0.282342 0.170898 0.292729 0.172852 0.292729 0.173828 0.293673 0.177734 0.293673 0.179688 0.291785 0.180664 0.291785 0.181641 0.29084 0.181641 0.282342
1 0.490234 0.23135 0.487305 0.234183 0.487305 0.237016 0.486328 0.23796 0.486328 0.240793 0.487305 0.240793 0.489258 0.242682 0.490234 0.242682 0.491211 0.243626 0.492188 0.243626 0.493164 0.24457 0.494141 0.243626 0.49707 0.243626 0.498047 0.242682 0.5 0.242682 0.501953 0.240793 0.501953 0.23135
1 0.71875 0.655335 0.71875 0.671388 0.728516 0.671388 0.730469 0.6695 0.731445 0.6695 0.732422 0.668555 0.732422 0.658168 0.731445 0.658168 0.729492 0.65628 0.728516 0.65628 0.727539 0.655335
1 0.382812 0.447592 0.382812 0.452314 0.383789 0.452314 0.385742 0.454202 0.385742 0.455146 0.386719 0.455146 0.388672 0.457035 0.392578 0.457035 0.392578 0.447592
1 0.739258 0.70916 0.739258 0.717658 0.74707 0.717658 0.748047 0.716714 0.748047 0.70916
0 0.382812 0.79509 0.382812 0.796034 0.380859 0.797923 0.380859 0.798867 0.378906 0.800755 0.378906 0.8017 0.376953 0.803588 0.375977 0.803588 0.375 0.804533 0.374023 0.804533 0.373047 0.805477 0.37207 0.805477 0.370117 0.807365 0.369141 0.807365 0.367188 0.809254 0.367188 0.810198 0.366211 0.811143 0.366211 0.813975 0.365234 0.81492 0.365234 0.815864 0.363281 0.817753 0.355469 0.817753 0.354492 0.816808 0.351562 0.816808 0.350586 0.817753 0.349609 0.817753 0.349609 0.818697 0.348633 0.819641 0.348633 0.82153 0.350586 0.823418 0.350586 0.824363 0.351562 0.825307 0.359375 0.825307 0.360352 0.824363 0.361328 0.824363 0.362305 0.823418 0.374023 0.823418 0.375 0.822474 0.376953 0.822474 0.380859 0.818697 0.380859 0.817753 0.383789 0.81492 0.383789 0.813975 0.384766 0.813031 0.384766 0.812087 0.385742 0.811143 0.385742 0.799811 0.384766 0.798867 0.384766 0.797923 0.383789 0.796978 0.383789 0.79509
1 0.0253906 0.24457 0.0253906 0.256846 0.0273438 0.258735 0.0283203 0.258735 0.0292969 0.259679 0.0292969 0.260623 0.0341797 0.265345 0.0351562 0.265345 0.0361328 0.2644 0.0361328 0.263456 0.0380859 0.261568 0.0380859 0.24457
1 0.459961 0.000944287 0.459961 0.00944287 0.461914 0.00944287 0.462891 0.0103872 0.464844 0.0103872 0.46582 0.0113314 0.473633 0.0113314 0.475586 0.00944287 0.475586 0.000944287
1 0 0.234183 0 0.252125 0.00585938 0.252125 0.00683594 0.25118 0.0078125 0.25118 0.00878906 0.250236 0.00878906 0.234183
1 0.342773 0.0415486 0.341797 0.0424929 0.34082 0.0424929 0.338867 0.0443815 0.335938 0.0443815 0.334961 0.0434372 0.333984 0.0434372 0.333008 0.0424929 0.332031 0.0424929 0.332031 0.0576015 0.333008 0.0576015 0.333984 0.0566572 0.345703 0.0566572 0.34668 0.0557129 0.347656 0.0557129 0.347656 0.0415486
1 0.527344 0.745043 0.527344 0.764873 0.533203 0.764873 0.536133 0.76204 0.537109 0.76204 0.540039 0.759207 0.540039 0.758263 0.541016 0.757318 0.541016 0.756374 0.541992 0.75543 0.541992 0.754485 0.542969 0.753541 0.542969 0.745043
0 0.514648 0.0915958 0.513672 0.0925401 0.512695 0.0925401 0.511719 0.0934844 0.509766 0.0934844 0.508789 0.0944287 0.507812 0.0944287 0.506836 0.095373 0.505859 0.095373 0.505859 0.109537 0.507812 0.111426 0.508789 0.111426 0.510742 0.113314 0.512695 0.113314 0.513672 0.114259 0.518555 0.114259 0.520508 0.11237 0.520508 0.111426 0.521484 0.110482 0.521484 0.109537 0.522461 0.108593 0.522461 0.10576 0.523438 0.104816 0.523438 0.102927 0.524414 0.101983 0.530273 0.101983 0.53125 0.101039 0.532227 0.101983 0.535156 0.101983 0.536133 0.102927 0.540039 0.102927 0.540039 0.0915958
1 0.28418 0.853635 0.28418 0.863078 0.285156 0.864023 0.292969 0.864023 0.292969 0.853635
1 0.512695 0.392823 0.512695 0.404155 0.521484 0.404155 0.522461 0.403211 0.523438 0.403211 0.523438 0.392823
0 0.109375 0.263456 0.105469 0.267233 0.103516 0.267233 0.102539 0.268178 0.100586 0.268178 0.0996094 0.269122 0.0986328 0.269122 0.0976562 0.270066 0.0966797 0.270066 0.0966797 0.278565 0.100586 0.278565 0.103516 0.275732 0.105469 0.275732 0.106445 0.274788 0.107422 0.274788 0.108398 0.273843 0.110352 0.273843 0.111328 0.272899 0.113281 0.272899 0.114258 0.271955 0.115234 0.271955 0.116211 0.27101 0.117188 0.27101 0.118164 0.270066 0.121094 0.270066 0.12207 0.269122 0.12207 0.263456
1 0.635742 0.000944287 0.635742 0.00472144 0.638672 0.0075543 0.639648 0.0075543 0.640625 0.00849858 0.648438 0.00849858 0.649414 0.0075543 0.649414 0.00661001 0.652344 0.00377715 0.652344 0.000944287
0 0.889648 0.0406043 0.887695 0.0424929 0.886719 0.0424929 0.885742 0.0434372 0.884766 0.0434372 0.883789 0.0443815 0.882812 0.0443815 0.880859 0.0462701 0.879883 0.0462701 0.878906 0.0472144 0.878906 0.0547686 0.879883 0.0547686 0.880859 0.0538244 0.881836 0.0538244 0.884766 0.0509915 0.886719 0.0509915 0.887695 0.0500472 0.888672 0.0500472 0.894531 0.0443815 0.894531 0.0424929 0.895508 0.0415486 0.895508 0.0406043
1 0.520508 0.457035 0.520508 0.457979 0.519531 0.458924 0.519531 0.459868 0.518555 0.460812 0.518555 0.467422 0.519531 0.468366 0.519531 0.469311 0.520508 0.469311 0.521484 0.470255 0.527344 0.470255 0.52832 0.469311 0.529297 0.469311 0.530273 0.468366 0.530273 0.457035
0 0.610352 0.470255 0.610352 0.476865 0.611328 0.477809 0.611328 0.478754 0.612305 0.479698 0.612305 0.480642 0.613281 0.481586 0.613281 0.482531 0.614258 0.483475 0.614258 0.484419 0.615234 0.485364 0.615234 0.487252 0.616211 0.488196 0.616211 0.489141 0.617188 0.490085 0.617188 0.491029 0.618164 0.491974 0.618164 0.495751 0.619141 0.496695 0.618164 0.497639 0.618164 0.504249 0.617188 0.505194 0.617188 0.506138 0.615234 0.508026 0.615234 0.509915 0.616211 0.510859 0.62207 0.510859 0.62207 0.472144 0.620117 0.470255
1 0.441406 0.141643 0.44043 0.142587 0.439453 0.142587 0.439453 0.152975 0.451172 0.152975 0.455078 0.149197 0.455078 0.141643
1 0.601562 0.637394 0.600586 0.638338 0.600586 0.646837 0.601562 0.646837 0.602539 0.647781 0.603516 0.647781 0.605469 0.64967 0.606445 0.64967 0.607422 0.650614 0.611328 0.650614 0.612305 0.64967 0.612305 0.637394
1 0.380859 0.896128 0.380859 0.910293 0.383789 0.910293 0.384766 0.911237 0.385742 0.911237 0.386719 0.912181 0.387695 0.912181 0.388672 0.913126 0.393555 0.913126 0.394531 0.91407 0.395508 0.91407 0.396484 0.913126 0.396484 0.898961 0.395508 0.898017 0.395508 0.896128
0 0.117188 0.000944287 0.117188 0.00283286 0.115234 0.00472144 0.115234 0.00566572 0.114258 0.00661001 0.114258 0.0075543 0.113281 0.00849858 0.113281 0.0169972 0.112305 0.0179415 0.112305 0.0207743 0.111328 0.0217186 0.111328 0.0236072 0.110352 0.0245515 0.110352 0.03305 0.120117 0.03305 0.121094 0.0321058 0.121094 0.0311615 0.12207 0.0302172 0.12207 0.0292729 0.123047 0.0283286 0.123047 0.02644 0.124023 0.0254958 0.124023 0.000944287
0 0.671875 0.557129 0.671875 0.558074 0.670898 0.559018 0.670898 0.569405 0.669922 0.570349 0.669922 0.574127 0.670898 0.575071 0.673828 0.575071 0.676758 0.572238 0.676758 0.571294 0.680664 0.567517 0.680664 0.557129
0 0.0253906 0.82153 0.0253906 0.827195 0.0273438 0.829084 0.0283203 0.829084 0.03125 0.831917 0.03125 0.832861 0.0322266 0.833806 0.0322266 0.83475 0.0380859 0.840415 0.0380859 0.842304 0.0390625 0.843248 0.0390625 0.846081 0.0410156 0.84797 0.0410156 0.848914 0.0419922 0.848914 0.0429688 0.849858 0.0449219 0.849858 0.0458984 0.850803 0.0585938 0.850803 0.0585938 0.836638 0.0566406 0.83475 0.0566406 0.830028 0.0576172 0.829084 0.0576172 0.826251 0.0585938 0.825307 0.0585938 0.82153
1 0.430664 0.804533 0.430664 0.826251 0.436523 0.826251 0.4375 0.825307 0.438477 0.825307 0.439453 0.824363 0.44043 0.824363 0.447266 0.817753 0.447266 0.804533
1 0.524414 0.618508 0.524414 0.619452 0.522461 0.621341 0.522461 0.633617 0.523438 0.634561 0.523438 0.636449 0.525391 0.638338 0.532227 0.638338 0.533203 0.637394 0.533203 0.636449 0.535156 0.634561 0.535156 0.618508
1 0.486328 0.800755 0.486328 0.80831 0.487305 0.809254 0.487305 0.810198 0.49707 0.810198 0.49707 0.800755
0 0.730469 0.916903 0.730469 0.943343 0.731445 0.944287 0.731445 0.945231 0.732422 0.946176 0.732422 0.949953 0.733398 0.950897 0.733398 0.95373 0.734375 0.954674 0.734375 0.955619 0.741211 0.962229 0.742188 0.962229 0.744141 0.964117 0.750977 0.964117 0.750977 0.949009 0.75 0.948064 0.75 0.944287 0.749023 0.943343 0.749023 0.94051 0.748047 0.939566 0.748047 0.936733 0.74707 0.935788 0.74707 0.9339 0.746094 0.932956 0.746094 0.930123 0.745117 0.929178 0.745117 0.928234 0.744141 0.92729 0.744141 0.924457 0.745117 0.923513 0.745117 0.921624 0.744141 0.92068 0.744141 0.919736 0.743164 0.918791 0.743164 0.916903
1 0.201172 0.552408 0.200195 0.553352 0.200195 0.555241 0.199219 0.556185 0.199219 0.557129 0.198242 0.558074 0.198242 0.559018 0.199219 0.559962 0.206055 0.559962 0.206055 0.552408
1 0.185547 0.663834 0.185547 0.664778 0.182617 0.667611 0.181641 0.667611 0.179688 0.6695 0.178711 0.6695 0.175781 0.672332 0.175781 0.674221 0.174805 0.675165 0.174805 0.678942 0.175781 0.679887 0.175781 0.680831 0.176758 0.681775 0.177734 0.681775 0.178711 0.68272 0.191406 0.68272 0.194336 0.679887 0.194336 0.663834
0 0.111328 0.168083 0.110352 0.169027 0.110352 0.183192 0.111328 0.184136 0.112305 0.184136 0.113281 0.18508 0.113281 0.186025 0.115234 0.187913 0.115234 0.188857 0.120117 0.193579 0.121094 0.193579 0.124023 0.196412 0.125 0.196412 0.125977 0.197356 0.12793 0.197356 0.128906 0.1983 0.129883 0.1983 0.130859 0.199245 0.133789 0.199245 0.134766 0.200189 0.140625 0.200189 0.141602 0.199245 0.144531 0.199245 0.146484 0.197356 0.146484 0.188857 0.144531 0.186969 0.142578 0.186969 0.141602 0.186025 0.140625 0.186025 0.139648 0.18508 0.137695 0.18508 0.131836 0.179415 0.131836 0.17847 0.129883 0.176582 0.129883 0.175637 0.128906 0.174693 0.128906 0.172805 0.12793 0.17186 0.12793 0.169972 0.126953 0.169027 0.126953 0.168083
1 0.46582 0.559018 0.46582 0.559962 0.464844 0.560907 0.464844 0.562795 0.463867 0.563739 0.463867 0.565628 0.46582 0.567517 0.467773 0.567517 0.46875 0.566572 0.469727 0.566572 0.470703 0.565628 0.470703 0.559018
0 0.626953 0.0311615 0.625977 0.0321058 0.625977 0.03305 0.625 0.0339943 0.625 0.0358829 0.624023 0.0368272 0.623047 0.0368272 0.62207 0.0377715 0.621094 0.0377715 0.620117 0.0387158 0.618164 0.0387158 0.617188 0.0396601 0.614258 0.0396601 0.614258 0.0509915 0.617188 0.0509915 0.618164 0.0500472 0.618164 0.0491029 0.620117 0.0472144 0.620117 0.0462701 0.626953 0.0396601 0.62793 0.0396601 0.628906 0.0387158 0.629883 0.0387158 0.630859 0.0377715 0.641602 0.0377715 0.642578 0.0387158 0.643555 0.0387158 0.646484 0.0415486 0.647461 0.0415486 0.648438 0.0424929 0.654297 0.0424929 0.655273 0.0415486 0.65625 0.0415486 0.65625 0.03305 0.655273 0.03305 0.65332 0.0311615
1 0.113281 0.71577 0.113281 0.72238 0.120117 0.72238 0.120117 0.71577
1 0.788086 0.302172 0.788086 0.315392 0.794922 0.315392 0.795898 0.314448 0.796875 0.314448 0.796875 0.313503 0.797852 0.312559 0.797852 0.311615 0.798828 0.31067 0.798828 0.302172
0 0.144531 0.395656 0.144531 0.397545 0.143555 0.398489 0.143555 0.400378 0.142578 0.401322 0.142578 0.402266 0.141602 0.403211 0.141602 0.404155 0.139648 0.406043 0.138672 0.406043 0.133789 0.410765 0.133789 0.419263 0.144531 0.419263 0.144531 0.418319 0.146484 0.416431 0.146484 0.415486 0.147461 0.414542 0.147461 0.412653 0.148438 0.411709 0.148438 0.409821 0.149414 0.408876 0.149414 0.407932 0.150391 0.406988 0.150391 0.406043 0.151367 0.405099 0.151367 0.403211 0.152344 0.402266 0.152344 0.395656
0 0.47168 0.534467 0.470703 0.535411 0.467773 0.535411 0.466797 0.536355 0.46582 0.536355 0.464844 0.537299 0.463867 0.537299 0.462891 0.538244 0.461914 0.538244 0.460938 0.539188 0.459961 0.539188 0.458008 0.541076 0.458008 0.542021 0.456055 0.543909 0.456055 0.544854 0.453125 0.547687 0.452148 0.547687 0.451172 0.548631 0.451172 0.549575 0.450195 0.550519 0.450195 0.551464 0.449219 0.552408 0.449219 0.553352 0.448242 0.554296 0.447266 0.554296 0.444336 0.557129 0.444336 0.558074 0.44043 0.561851 0.439453 0.561851 0.4375 0.563739 0.436523 0.563739 0.43457 0.565628 0.433594 0.565628 0.435547 0.567517 0.435547 0.569405 0.436523 0.570349 0.436523 0.571294 0.44043 0.575071 0.441406 0.575071 0.441406 0.574127 0.443359 0.572238 0.443359 0.571294 0.445312 0.569405 0.446289 0.569405 0.450195 0.565628 0.450195 0.564684 0.460938 0.554296 0.460938 0.553352 0.462891 0.551464 0.462891 0.550519 0.463867 0.549575 0.463867 0.548631 0.464844 0.547687 0.464844 0.546742 0.467773 0.543909 0.474609 0.543909 0.475586 0.544854 0.475586 0.534467
0 0.28125 0.721435 0.279297 0.723324 0.279297 0.724268 0.27832 0.725212 0.27832 0.729934 0.277344 0.730878 0.277344 0.734655 0.276367 0.7356 0.276367 0.737488 0.275391 0.738432 0.275391 0.739377 0.274414 0.740321 0.274414 0.741265 0.270508 0.745043 0.270508 0.75543 0.280273 0.75543 0.280273 0.754485 0.28125 0.753541 0.28125 0.752597 0.282227 0.751652 0.282227 0.749764 0.283203 0.74882 0.283203 0.747875 0.28418 0.746931 0.28418 0.745043 0.285156 0.744098 0.285156 0.721435
1 0.356445 0.611898 0.356445 0.619452 0.357422 0.618508 0.360352 0.621341 0.360352 0.622285 0.365234 0.622285 0.366211 0.621341 0.366211 0.618508 0.367188 0.617564 0.367188 0.611898
1 0.523438 0.411709 0.522461 0.412653 0.521484 0.412653 0.520508 0.413598 0.519531 0.413598 0.518555 0.414542 0.518555 0.422096 0.519531 0.421152 0.522461 0.421152 0.523438 0.422096 0.525391 0.422096 0.525391 0.421152 0.527344 0.419263 0.52832 0.419263 0.52832 0.418319 0.529297 0.417375 0.529297 0.412653 0.52832 0.412653 0.527344 0.411709
1 0.228516 0.604344 0.228516 0.614731 0.229492 0.613787 0.237305 0.613787 0.238281 0.614731 0.239258 0.614731 0.240234 0.615675 0.245117 0.615675 0.246094 0.616619 0.246094 0.608121 0.242188 0.604344
1 0.643555 0.642115 0.643555 0.64967 0.644531 0.650614 0.649414 0.650614 0.650391 0.64967 0.651367 0.64967 0.652344 0.648725 0.652344 0.642115
1 0.0126953 0.796034 0.0126953 0.806421 0.015625 0.806421 0.0185547 0.809254 0.0244141 0.809254 0.0253906 0.80831 0.0253906 0.796034
0 0.891602 0.0349386 0.891602 0.0358829 0.889648 0.0377715 0.889648 0.0387158 0.886719 0.0415486 0.885742 0.0415486 0.883789 0.0434372 0.882812 0.0434372 0.880859 0.0453258 0.878906 0.0453258 0.87793 0.0462701 0.875977 0.0462701 0.875 0.0472144 0.87207 0.0472144 0.871094 0.0462701 0.869141 0.0462701 0.868164 0.0453258 0.865234 0.0453258 0.865234 0.0604344 0.866211 0.0604344 0.867188 0.0613787 0.875 0.0613787 0.876953 0.0594901 0.87793 0.0594901 0.882812 0.0547686 0.882812 0.0538244 0.884766 0.0519358 0.885742 0.0519358 0.887695 0.0500472 0.888672 0.0500472 0.893555 0.0453258 0.893555 0.0443815 0.895508 0.0424929 0.895508 0.0415486 0.896484 0.0406043 0.896484 0.0377715 0.897461 0.0368272 0.897461 0.0358829 0.898438 0.0349386 0.899414 0.0349386
0 0.779297 0.0160529 0.77832 0.0169972 0.77832 0.0236072 0.78125 0.02644 0.78125 0.0273843 0.783203 0.0292729 0.783203 0.0302172 0.78418 0.0311615 0.78418 0.0321058 0.787109 0.0349386 0.791992 0.0349386 0.791992 0.0339943 0.792969 0.03305 0.792969 0.0321058 0.793945 0.0311615 0.793945 0.0245515 0.792969 0.0236072 0.792969 0.0179415 0.793945 0.0169972 0.793945 0.0160529
1 0.124023 0.579792 0.123047 0.580737 0.123047 0.589235 0.124023 0.590179 0.124023 0.592068 0.131836 0.592068 0.131836 0.579792
1 0.00292969 0.0472144 0.00292969 0.0604344 0.0107422 0.0604344 0.0117188 0.0613787 0.0175781 0.0613787 0.0185547 0.0604344 0.0195312 0.0604344 0.0205078 0.0594901 0.0205078 0.0472144
1 0.428711 0.172805 0.427734 0.173749 0.426758 0.173749 0.424805 0.175637 0.423828 0.175637 0.419922 0.179415 0.419922 0.180359 0.417969 0.182247 0.417969 0.189802 0.427734 0.189802 0.429688 0.187913 0.430664 0.187913 0.43457 0.184136 0.43457 0.174693 0.433594 0.174693 0.432617 0.173749 0.429688 0.173749
1 0.585938 0.0623229 0.585938 0.0868744 0.586914 0.0878187 0.586914 0.088763 0.587891 0.0897073 0.587891 0.0906516 0.588867 0.0915958 0.588867 0.0925401 0.589844 0.0934844 0.589844 0.0944287 0.600586 0.104816 0.601562 0.104816 0.602539 0.10576 0.605469 0.10576 0.606445 0.106704 0.609375 0.106704 0.610352 0.107649 0.624023 0.107649 0.625 0.106704 0.626953 0.106704 0.62793 0.10576 0.628906 0.10576 0.631836 0.102927 0.631836 0.101983 0.638672 0.095373 0.638672 0.0717658 0.636719 0.0698772 0.636719 0.068933 0.634766 0.0670444 0.633789 0.0670444 0.632812 0.0661001 0.631836 0.0661001 0.630859 0.0651558 0.624023 0.0651558 0.62207 0.0670444 0.62207 0.0679887 0.621094 0.068933 0.621094 0.0698772 0.620117 0.0708215 0.620117 0.0717658 0.62207 0.0736544 0.623047 0.0736544 0.624023 0.0745987 0.625 0.0745987 0.62793 0.0774315 0.62793 0.0840416 0.626953 0.0849858 0.626953 0.0868744 0.625977 0.0878187 0.625977 0.0897073 0.62207 0.0934844 0.615234 0.0934844 0.614258 0.0925401 0.612305 0.0925401 0.611328 0.0915958 0.609375 0.0915958 0.608398 0.0906516 0.607422 0.0906516 0.604492 0.0878187 0.603516 0.0878187 0.601562 0.0859301 0.601562 0.0840416 0.600586 0.0830973 0.600586 0.0783758 0.599609 0.0774315 0.599609 0.0623229
1 0.239258 0.221907 0.239258 0.228517 0.243164 0.232295 0.243164 0.233239 0.244141 0.234183 0.250977 0.234183 0.251953 0.233239 0.251953 0.221907 0.243164 0.221907 0.242188 0.222852 0.242188 0.223796 0.241211 0.22474 0.240234 0.223796 0.240234 0.221907
0 0.100586 0.918791 0.0996094 0.919736 0.0966797 0.919736 0.0957031 0.92068 0.09375 0.92068 0.0898438 0.924457 0.0888672 0.924457 0.0878906 0.925401 0.0869141 0.925401 0.0859375 0.926346 0.0849609 0.926346 0.0839844 0.92729 0.0830078 0.92729 0.0800781 0.930123 0.0791016 0.930123 0.078125 0.931067 0.0771484 0.931067 0.0751953 0.932956 0.0742188 0.932956 0.0732422 0.9339 0.0732422 0.934844 0.078125 0.939566 0.0791016 0.939566 0.0800781 0.94051 0.0820312 0.938621 0.0830078 0.938621 0.0839844 0.937677 0.0859375 0.937677 0.0869141 0.936733 0.0878906 0.936733 0.0888672 0.935788 0.0898438 0.935788 0.0908203 0.934844 0.0917969 0.934844 0.09375 0.932956 0.0947266 0.932956 0.0966797 0.931067 0.0986328 0.931067 0.100586 0.929178 0.101562 0.929178 0.102539 0.928234 0.102539 0.918791
1 0.245117 0.452314 0.245117 0.459868 0.25293 0.459868 0.25293 0.452314
0 0.0380859 0.144476 0.0380859 0.14542 0.0371094 0.146364 0.0371094 0.148253 0.0361328 0.149197 0.0361328 0.150142 0.0351562 0.151086 0.0351562 0.15203 0.0341797 0.152975 0.0341797 0.153919 0.0322266 0.155807 0.0322266 0.156752 0.0292969 0.159585 0.0292969 0.160529 0.0283203 0.161473 0.0283203 0.175637 0.0449219 0.175637 0.0458984 0.174693 0.0458984 0.173749 0.046875 0.172805 0.046875 0.17186 0.0478516 0.170916 0.0478516 0.169027 0.046875 0.168083 0.046875 0.159585 0.0458984 0.15864 0.046875 0.157696 0.046875 0.150142 0.0478516 0.149197 0.0478516 0.147309 0.0488281 0.146364 0.0488281 0.144476
1 0.380859 0.287063 0.379883 0.288008 0.379883 0.288952 0.378906 0.289896 0.378906 0.299339 0.389648 0.299339 0.391602 0.29745 0.391602 0.287063
0 0.518555 0.917847 0.518555 0.919736 0.517578 0.92068 0.517578 0.925401 0.516602 0.926346 0.516602 0.930123 0.517578 0.931067 0.517578 0.934844 0.516602 0.935788 0.516602 0.943343 0.517578 0.944287 0.517578 0.94712 0.518555 0.948064 0.525391 0.948064 0.525391 0.94712 0.526367 0.946176 0.526367 0.945231 0.527344 0.944287 0.527344 0.943343 0.529297 0.941454 0.529297 0.937677 0.530273 0.936733 0.530273 0.917847
1 0.142578 0.464589 0.141602 0.465534 0.140625 0.465534 0.139648 0.466478 0.133789 0.466478 0.132812 0.467422 0.131836 0.467422 0.131836 0.480642 0.144531 0.480642 0.145508 0.479698 0.147461 0.479698 0.148438 0.478754 0.150391 0.478754 0.151367 0.477809 0.15332 0.477809 0.15625 0.474976 0.157227 0.474976 0.157227 0.464589
1 0.0273438 0.930123 0.0253906 0.932011 0.0253906 0.944287 0.0400391 0.944287 0.0410156 0.943343 0.0419922 0.943343 0.0419922 0.930123
1 0.424805 0.254957 0.423828 0.255902 0.422852 0.255902 0.422852 0.263456 0.424805 0.265345 0.424805 0.266289 0.430664 0.266289 0.430664 0.265345 0.432617 0.263456 0.432617 0.255902 0.431641 0.254957
1 0.456055 0.685552 0.456055 0.688385 0.457031 0.688385 0.458984 0.686497 0.458984 0.685552
1 0.413086 0.746931 0.413086 0.762984 0.414062 0.763928 0.415039 0.763928 0.416016 0.764873 0.421875 0.764873 0.424805 0.76204 0.424805 0.761095 0.425781 0.760151 0.425781 0.746931
1 0.554688 0.469311 0.554688 0.481586 0.56543 0.481586 0.566406 0.480642 0.566406 0.469311
1 0.0507812 0.81492 0.0488281 0.816808 0.0488281 0.824363 0.0585938 0.824363 0.0585938 0.81492
1 0.614258 0.176582 0.614258 0.18508 0.615234 0.186025 0.615234 0.190746 0.616211 0.19169 0.617188 0.19169 0.620117 0.194523 0.625977 0.194523 0.626953 0.193579 0.62793 0.193579 0.629883 0.19169 0.629883 0.190746 0.630859 0.189802 0.630859 0.176582 0.625 0.176582 0.625 0.177526 0.62207 0.180359 0.621094 0.179415 0.619141 0.179415 0.617188 0.177526 0.615234 0.177526
0 0.49707 0.833806 0.49707 0.844193 0.498047 0.845137 0.498047 0.847026 0.499023 0.84797 0.499023 0.848914 0.5 0.849858 0.5 0.851747 0.500977 0.852691 0.500977 0.85458 0.501953 0.855524 0.501953 0.856468 0.50293 0.857413 0.50293 0.86119 0.503906 0.862134 0.503906 0.865911 0.504883 0.866856 0.504883 0.8678 0.505859 0.868744 0.505859 0.869688 0.506836 0.869688 0.507812 0.870633 0.508789 0.870633 0.509766 0.871577 0.510742 0.871577 0.511719 0.872521 0.513672 0.872521 0.516602 0.869688 0.516602 0.8678 0.517578 0.866856 0.517578 0.864967 0.516602 0.864023 0.516602 0.863078 0.515625 0.862134 0.515625 0.86119 0.514648 0.860246 0.514648 0.859301 0.513672 0.858357 0.513672 0.857413 0.510742 0.85458 0.510742 0.852691 0.509766 0.851747 0.509766 0.847026 0.508789 0.846081 0.509766 0.845137 0.509766 0.842304 0.511719 0.840415 0.511719 0.839471 0.510742 0.838527 0.510742 0.837583 0.509766 0.836638 0.509766 0.835694 0.508789 0.83475 0.507812 0.83475 0.506836 0.833806
1 0.580078 0.170916 0.578125 0.172805 0.578125 0.173749 0.574219 0.177526 0.574219 0.179415 0.575195 0.180359 0.575195 0.18508 0.576172 0.186025 0.583984 0.186025 0.585938 0.184136 0.585938 0.183192 0.586914 0.182247 0.586914 0.181303 0.587891 0.180359 0.587891 0.170916
0 0.0478516 0.545798 0.046875 0.546742 0.0458984 0.546742 0.0439453 0.548631 0.0439453 0.550519 0.0429688 0.551464 0.0429688 0.554296 0.0419922 0.555241 0.0419922 0.574127 0.0410156 0.575071 0.0410156 0.590179 0.0400391 0.591124 0.0400391 0.593012 0.0390625 0.593957 0.0390625 0.594901 0.0380859 0.595845 0.0380859 0.596789 0.0371094 0.597734 0.0371094 0.599622 0.0351562 0.601511 0.0351562 0.603399 0.0341797 0.604344 0.0341797 0.607177 0.0332031 0.608121 0.0332031 0.612842 0.0322266 0.613787 0.0322266 0.616619 0.03125 0.617564 0.03125 0.621341 0.0302734 0.622285 0.0302734 0.638338 0.03125 0.639282 0.03125 0.641171 0.0322266 0.642115 0.0322266 0.644004 0.0332031 0.644948 0.0332031 0.645892 0.0341797 0.646837 0.0341797 0.648725 0.0429688 0.648725 0.0429688 0.646837 0.0439453 0.645892 0.0439453 0.643059 0.0449219 0.642115 0.0449219 0.629839 0.0439453 0.628895 0.0439453 0.627951 0.0458984 0.626062 0.0458984 0.625118 0.046875 0.624174 0.0488281 0.624174 0.0498047 0.623229 0.0527344 0.623229 0.0527344 0.617564 0.0517578 0.616619 0.0517578 0.601511 0.0527344 0.600567 0.0527344 0.579792 0.0517578 0.578848 0.0517578 0.554296 0.0527344 0.553352 0.0527344 0.545798
0 0.208008 0.19169 0.207031 0.192635 0.207031 0.193579 0.205078 0.195467 0.205078 0.196412 0.204102 0.197356 0.203125 0.197356 0.202148 0.1983 0.202148 0.199245 0.200195 0.201133 0.200195 0.202077 0.199219 0.203022 0.199219 0.20491 0.198242 0.205855 0.198242 0.207743 0.197266 0.208687 0.197266 0.209632 0.198242 0.210576 0.198242 0.219075 0.197266 0.220019 0.197266 0.221907 0.196289 0.222852 0.196289 0.223796 0.192383 0.227573 0.192383 0.230406 0.191406 0.23135 0.191406 0.234183 0.19043 0.235127 0.19043 0.236072 0.189453 0.237016 0.188477 0.237016 0.1875 0.23796 0.186523 0.23796 0.18457 0.239849 0.18457 0.24457 0.183594 0.245515 0.183594 0.247403 0.18457 0.248347 0.18457 0.254013 0.185547 0.254957 0.185547 0.255902 0.188477 0.258735 0.19043 0.258735 0.193359 0.255902 0.193359 0.254957 0.196289 0.252125 0.196289 0.25118 0.197266 0.250236 0.197266 0.248347 0.198242 0.247403 0.198242 0.246459 0.199219 0.245515 0.199219 0.243626 0.200195 0.242682 0.200195 0.241737 0.201172 0.240793 0.201172 0.239849 0.202148 0.238905 0.202148 0.23796 0.203125 0.237016 0.203125 0.236072 0.204102 0.235127 0.204102 0.234183 0.205078 0.233239 0.205078 0.23135 0.206055 0.230406 0.206055 0.228517 0.207031 0.227573 0.207031 0.223796 0.208008 0.222852 0.208008 0.220019 0.208984 0.219075 0.208984 0.216242 0.209961 0.215297 0.209961 0.212465 0.210938 0.21152 0.210938 0.210576 0.212891 0.208687 0.212891 0.193579 0.210938 0.19169
0 0.702148 0.150142 0.699219 0.152975 0.699219 0.153919 0.698242 0.154863 0.698242 0.155807 0.697266 0.156752 0.697266 0.157696 0.696289 0.15864 0.696289 0.168083 0.701172 0.168083 0.703125 0.166195 0.704102 0.166195 0.706055 0.164306 0.706055 0.162417 0.707031 0.161473 0.707031 0.160529 0.708008 0.159585 0.708008 0.150142
1 0.451172 0.12559 0.451172 0.136922 0.460938 0.136922 0.462891 0.135033 0.462891 0.12559
1 0.609375 0.32389 0.607422 0.325779 0.607422 0.328612 0.608398 0.329556 0.608398 0.3305 0.609375 0.331445 0.616211 0.331445 0.618164 0.329556 0.618164 0.32389
0 0.833008 0.643059 0.832031 0.644004 0.831055 0.644004 0.830078 0.644948 0.829102 0.644948 0.828125 0.645892 0.827148 0.645892 0.825195 0.647781 0.824219 0.647781 0.823242 0.648725 0.821289 0.648725 0.820312 0.64967 0.819336 0.64967 0.816406 0.652502 0.81543 0.652502 0.813477 0.654391 0.811523 0.654391 0.810547 0.655335 0.80957 0.655335 0.80957 0.664778 0.811523 0.664778 0.8125 0.663834 0.81543 0.663834 0.816406 0.66289 0.820312 0.66289 0.821289 0.661945 0.821289 0.661001 0.822266 0.660057 0.822266 0.659112 0.827148 0.654391 0.828125 0.654391 0.829102 0.653447 0.830078 0.653447 0.831055 0.652502 0.833008 0.652502 0.833984 0.651558 0.834961 0.651558 0.835938 0.650614 0.836914 0.650614 0.837891 0.64967 0.84082 0.64967 0.841797 0.648725 0.842773 0.648725 0.845703 0.645892 0.845703 0.643059
1 0.308594 0.259679 0.308594 0.272899 0.317383 0.272899 0.318359 0.271955 0.319336 0.271955 0.319336 0.259679
1 0.604492 0.870633 0.603516 0.871577 0.603516 0.880076 0.606445 0.882908 0.610352 0.882908 0.611328 0.881964 0.612305 0.881964 0.613281 0.88102 0.614258 0.88102 0.614258 0.870633
1 0.0527344 0.176582 0.0527344 0.177526 0.0517578 0.17847 0.0517578 0.182247 0.0507812 0.183192 0.0507812 0.184136 0.0537109 0.186969 0.0605469 0.186969 0.0605469 0.176582
1 0.345703 0.335222 0.344727 0.336166 0.34375 0.336166 0.341797 0.338055 0.341797 0.346553 0.342773 0.346553 0.34375 0.347498 0.34668 0.347498 0.347656 0.348442 0.352539 0.348442 0.355469 0.345609 0.355469 0.335222
1 0.611328 0.265345 0.611328 0.271955 0.612305 0.272899 0.616211 0.272899 0.616211 0.265345
1 0.71582 0.151086 0.714844 0.15203 0.714844 0.160529 0.71582 0.161473 0.71582 0.164306 0.716797 0.16525 0.716797 0.166195 0.71875 0.168083 0.720703 0.168083 0.72168 0.167139 0.722656 0.167139 0.723633 0.166195 0.724609 0.166195 0.725586 0.16525 0.725586 0.151086
1 0.584961 0.452314 0.584961 0.460812 0.583984 0.461756 0.583984 0.463645 0.583008 0.464589 0.583008 0.465534 0.585938 0.468366 0.59082 0.468366 0.591797 0.467422 0.591797 0.452314
1 0.394531 0.301228 0.394531 0.302172 0.392578 0.30406 0.392578 0.305005 0.391602 0.305949 0.390625 0.305949 0.389648 0.306893 0.386719 0.306893 0.386719 0.313503 0.390625 0.313503 0.392578 0.315392 0.399414 0.315392 0.400391 0.314448 0.401367 0.314448 0.402344 0.313503 0.402344 0.311615 0.40332 0.31067 0.40332 0.301228
1 0.208984 0.576015 0.208008 0.576959 0.207031 0.576959 0.207031 0.584514 0.207031 0.583569 0.208984 0.581681 0.210938 0.581681 0.211914 0.582625 0.21582 0.582625 0.21582 0.576015
1 0.194336 0.322946 0.194336 0.3305 0.197266 0.3305 0.198242 0.331445 0.201172 0.331445 0.202148 0.332389 0.203125 0.331445 0.204102 0.331445 0.204102 0.322946
1 0.459961 0.581681 0.459961 0.589235 0.467773 0.589235 0.467773 0.581681
1 0.178711 0.3305 0.177734 0.331445 0.177734 0.333333 0.176758 0.334278 0.177734 0.335222 0.177734 0.338055 0.178711 0.338999 0.178711 0.339943 0.180664 0.341832 0.181641 0.341832 0.182617 0.342776 0.183594 0.342776 0.18457 0.341832 0.185547 0.341832 0.1875 0.339943 0.1875 0.338999 0.188477 0.338055 0.188477 0.3305
1 0.53125 0.85458 0.53125 0.864967 0.538086 0.864967 0.539062 0.864023 0.539062 0.85458
1 0.140625 0.548631 0.140625 0.549575 0.139648 0.550519 0.139648 0.552408 0.138672 0.553352 0.138672 0.562795 0.139648 0.563739 0.140625 0.563739 0.141602 0.564684 0.146484 0.564684 0.149414 0.561851 0.149414 0.548631
1 0.232422 0.655335 0.232422 0.666667 0.233398 0.667611 0.245117 0.667611 0.246094 0.666667 0.246094 0.655335
1 0.486328 0.780925 0.486328 0.792257 0.494141 0.792257 0.496094 0.790368 0.496094 0.780925
1 0.296875 0.811143 0.296875 0.819641 0.298828 0.82153 0.299805 0.82153 0.300781 0.822474 0.301758 0.822474 0.302734 0.823418 0.305664 0.823418 0.305664 0.811143
0 0.787109 0.0113314 0.786133 0.0122757 0.785156 0.0122757 0.783203 0.0141643 0.782227 0.0141643 0.77832 0.0179415 0.77832 0.0236072 0.779297 0.0236072 0.782227 0.02644 0.782227 0.0273843 0.783203 0.0283286 0.783203 0.0292729 0.78418 0.0302172 0.78418 0.0311615 0.787109 0.0339943 0.787109 0.0349386 0.788086 0.0358829 0.791016 0.0358829 0.791016 0.0349386 0.791992 0.0339943 0.791992 0.03305 0.792969 0.0321058 0.792969 0.0311615 0.793945 0.0302172 0.793945 0.0292729 0.794922 0.0283286 0.794922 0.0273843 0.793945 0.02644 0.793945 0.0254958 0.792969 0.0245515 0.792969 0.0236072 0.791992 0.0226629 0.791992 0.01983 0.792969 0.0188857 0.792969 0.0160529 0.793945 0.0151086 0.793945 0.0141643 0.796875 0.0113314
0 0.121094 0.866856 0.121094 0.88102 0.130859 0.88102 0.131836 0.880076 0.132812 0.88102 0.134766 0.88102 0.135742 0.881964 0.138672 0.881964 0.141602 0.879131 0.141602 0.878187 0.144531 0.875354 0.150391 0.875354 0.150391 0.866856 0.137695 0.866856 0.136719 0.8678 0.136719 0.870633 0.135742 0.871577 0.135742 0.872521 0.131836 0.876298 0.130859 0.876298 0.129883 0.875354 0.12793 0.875354 0.126953 0.87441 0.125977 0.87441 0.125 0.873466 0.124023 0.873466 0.12207 0.871577 0.12207 0.868744 0.123047 0.8678 0.123047 0.866856
1 0.639648 0.410765 0.638672 0.411709 0.638672 0.417375 0.644531 0.417375 0.644531 0.411709 0.643555 0.410765
1 0.333008 0.381492 0.333008 0.389991 0.336914 0.393768 0.344727 0.393768 0.344727 0.381492
0 0.0244141 0.539188 0.0224609 0.541076 0.0205078 0.541076 0.0195312 0.542021 0.0175781 0.542021 0.015625 0.543909 0.0146484 0.542965 0.0146484 0.542021 0.0136719 0.541076 0.0136719 0.540132 0.0136719 0.559018 0.0195312 0.559018 0.0205078 0.558074 0.0214844 0.558074 0.0224609 0.557129 0.0234375 0.557129 0.0244141 0.556185 0.0273438 0.556185 0.0283203 0.555241 0.0332031 0.555241 0.0341797 0.554296 0.0371094 0.554296 0.0380859 0.553352 0.0390625 0.553352 0.0400391 0.552408 0.0400391 0.543909 0.0380859 0.542021 0.0380859 0.541076 0.0371094 0.540132 0.0371094 0.539188
1 0.25293 0.285175 0.251953 0.286119 0.251953 0.298395 0.260742 0.298395 0.262695 0.296506 0.262695 0.285175
0 0.831055 0.0623229 0.828125 0.0651558 0.828125 0.0661001 0.827148 0.0670444 0.827148 0.0679887 0.826172 0.068933 0.826172 0.0698772 0.825195 0.0708215 0.825195 0.0727101 0.824219 0.0736544 0.824219 0.0783758 0.830078 0.0783758 0.831055 0.0774315 0.831055 0.0764873 0.832031 0.075543 0.832031 0.0745987 0.833008 0.0736544 0.833008 0.0727101 0.834961 0.0708215 0.834961 0.0623229
1 0.408203 0.837583 0.407227 0.838527 0.404297 0.838527 0.40332 0.839471 0.401367 0.839471 0.401367 0.844193 0.405273 0.84797 0.407227 0.84797 0.408203 0.848914 0.410156 0.848914 0.411133 0.849858 0.412109 0.849858 0.414062 0.851747 0.421875 0.851747 0.421875 0.843248 0.419922 0.843248 0.418945 0.842304 0.417969 0.842304 0.416016 0.840415 0.415039 0.840415 0.414062 0.839471 0.413086 0.839471 0.412109 0.838527 0.410156 0.838527 0.40918 0.837583
1 0.0859375 0.303116 0.0839844 0.305005 0.0839844 0.318225 0.0878906 0.322002 0.0888672 0.322002 0.0898438 0.322946 0.0947266 0.322946 0.0966797 0.321058 0.0966797 0.320113 0.0976562 0.319169 0.0976562 0.303116
1 0.483398 0.319169 0.483398 0.332389 0.494141 0.332389 0.495117 0.331445 0.495117 0.319169
1 0.500977 0.612842 0.500977 0.618508 0.501953 0.618508 0.504883 0.621341 0.510742 0.621341 0.510742 0.612842
1 0.34375 0.837583 0.342773 0.838527 0.34082 0.838527 0.339844 0.839471 0.338867 0.839471 0.337891 0.840415 0.334961 0.840415 0.333984 0.84136 0.333008 0.84136 0.333008 0.85458 0.333984 0.85458 0.335938 0.856468 0.336914 0.856468 0.337891 0.857413 0.339844 0.855524 0.34082 0.855524 0.34375 0.852691 0.344727 0.852691 0.344727 0.837583
1 0.736328 0.130312 0.735352 0.131256 0.734375 0.131256 0.733398 0.1322 0.733398 0.133144 0.732422 0.134089 0.732422 0.139754 0.733398 0.140699 0.733398 0.142587 0.734375 0.143532 0.734375 0.14542 0.735352 0.146364 0.735352 0.147309 0.738281 0.150142 0.739258 0.150142 0.740234 0.149197 0.742188 0.149197 0.743164 0.148253 0.745117 0.148253 0.745117 0.147309 0.74707 0.14542 0.74707 0.143532 0.748047 0.142587 0.748047 0.130312
1 0.695312 0.776204 0.695312 0.787535 0.696289 0.78848 0.697266 0.78848 0.698242 0.789424 0.712891 0.789424 0.71582 0.786591 0.71582 0.776204
1 0.786133 0.101983 0.785156 0.102927 0.785156 0.103872 0.78418 0.104816 0.78418 0.113314 0.791016 0.113314 0.791992 0.114259 0.799805 0.114259 0.800781 0.113314 0.802734 0.113314 0.802734 0.11237 0.803711 0.111426 0.803711 0.104816 0.801758 0.102927 0.801758 0.101983
1 0.303711 0.848914 0.303711 0.859301 0.305664 0.86119 0.306641 0.86119 0.307617 0.862134 0.30957 0.862134 0.310547 0.863078 0.314453 0.863078 0.31543 0.862134 0.316406 0.862134 0.316406 0.848914
1 0.589844 0.576959 0.589844 0.577904 0.588867 0.578848 0.588867 0.587347 0.589844 0.587347 0.59082 0.588291 0.598633 0.588291 0.599609 0.587347 0.600586 0.587347 0.600586 0.576959
1 0.549805 0.29745 0.548828 0.298395 0.548828 0.300283 0.547852 0.301228 0.547852 0.306893 0.548828 0.307838 0.556641 0.307838 0.557617 0.306893 0.558594 0.306893 0.55957 0.305949 0.55957 0.29745
1 0.12793 0.0783758 0.12793 0.0878187 0.128906 0.0878187 0.129883 0.0868744 0.130859 0.0868744 0.131836 0.0859301 0.135742 0.0897073 0.140625 0.0897073 0.141602 0.088763 0.141602 0.0783758
1 0.427734 0.522191 0.427734 0.523135 0.426758 0.524079 0.426758 0.525024 0.425781 0.525968 0.425781 0.534467 0.424805 0.535411 0.423828 0.535411 0.422852 0.536355 0.422852 0.542021 0.435547 0.542021 0.435547 0.541076 0.43457 0.540132 0.435547 0.539188 0.435547 0.538244 0.436523 0.537299 0.436523 0.523135 0.435547 0.522191
1 0.59082 0.0113314 0.59082 0.0169972 0.589844 0.0179415 0.588867 0.0169972 0.588867 0.0160529 0.588867 0.0254958 0.59668 0.0254958 0.598633 0.0236072 0.598633 0.0113314
1 0.486328 0.68272 0.486328 0.685552 0.487305 0.685552 0.489258 0.687441 0.489258 0.688385 0.490234 0.68933 0.490234 0.692162 0.489258 0.693107 0.493164 0.693107 0.494141 0.692162 0.495117 0.692162 0.496094 0.691218 0.49707 0.691218 0.498047 0.690274 0.498047 0.686497 0.49707 0.685552 0.49707 0.684608 0.496094 0.683664 0.495117 0.683664 0.494141 0.68272
0 0.00390625 0.640227 0.00292969 0.641171 0.00195312 0.641171 0.00195312 0.671388 0.00683594 0.671388 0.0078125 0.672332 0.00976562 0.672332 0.0205078 0.68272 0.0263672 0.68272 0.0273438 0.681775 0.0283203 0.681775 0.0332031 0.677054 0.0341797 0.677054 0.0351562 0.67611 0.0351562 0.65628 0.0332031 0.658168 0.0332031 0.660057 0.0322266 0.661001 0.0322266 0.661945 0.03125 0.66289 0.03125 0.663834 0.0283203 0.666667 0.0234375 0.666667 0.0224609 0.665722 0.0214844 0.665722 0.0205078 0.664778 0.0205078 0.663834 0.00878906 0.652502 0.00878906 0.650614 0.00976562 0.64967 0.00976562 0.646837 0.0107422 0.645892 0.0107422 0.642115 0.0117188 0.641171 0.0117188 0.640227
0 0.756836 0.906516 0.754883 0.908404 0.754883 0.910293 0.753906 0.911237 0.753906 0.913126 0.75293 0.91407 0.75293 0.915014 0.751953 0.915958 0.749023 0.915958 0.748047 0.916903 0.745117 0.916903 0.743164 0.915014 0.742188 0.915014 0.741211 0.91407 0.739258 0.91407 0.738281 0.913126 0.737305 0.91407 0.735352 0.91407 0.734375 0.915014 0.732422 0.915014 0.731445 0.915958 0.731445 0.918791 0.730469 0.919736 0.730469 0.936733 0.731445 0.937677 0.731445 0.94051 0.732422 0.941454 0.732422 0.944287 0.733398 0.945231 0.733398 0.948064 0.734375 0.949009 0.734375 0.950897 0.735352 0.951841 0.735352 0.95373 0.736328 0.954674 0.736328 0.955619 0.737305 0.956563 0.737305 0.957507 0.739258 0.959396 0.754883 0.959396 0.754883 0.958451 0.75293 0.956563 0.75293 0.954674 0.751953 0.95373 0.751953 0.952786 0.750977 0.951841 0.750977 0.949953 0.75 0.949009 0.75 0.946176 0.749023 0.945231 0.749023 0.941454 0.748047 0.94051 0.748047 0.934844 0.74707 0.9339 0.74707 0.926346 0.750977 0.922568 0.751953 0.922568 0.75293 0.921624 0.75293 0.918791 0.754883 0.916903 0.756836 0.916903
1 0.759766 0.729934 0.759766 0.741265 0.761719 0.743154 0.767578 0.743154 0.768555 0.74221 0.769531 0.74221 0.771484 0.740321 0.771484 0.729934
0 0.0302734 0.380548 0.0292969 0.381492 0.0292969 0.387158 0.0302734 0.388102 0.0302734 0.389046 0.0361328 0.394712 0.0361328 0.395656 0.0371094 0.396601 0.0380859 0.396601 0.0410156 0.399433 0.0419922 0.399433 0.0439453 0.397545 0.0439453 0.380548
1 0.0507812 0.767705 0.0507812 0.779037 0.0527344 0.780925 0.0644531 0.780925 0.0654297 0.779981 0.0654297 0.767705
1 0.143555 0.396601 0.143555 0.397545 0.142578 0.398489 0.142578 0.399433 0.141602 0.400378 0.141602 0.402266 0.137695 0.406043 0.136719 0.406043 0.135742 0.406988 0.135742 0.407932 0.134766 0.408876 0.134766 0.420208 0.135742 0.421152 0.141602 0.421152 0.142578 0.420208 0.143555 0.420208 0.145508 0.418319 0.145508 0.417375 0.147461 0.415486 0.147461 0.414542 0.148438 0.413598 0.148438 0.411709 0.150391 0.409821 0.150391 0.408876 0.151367 0.407932 0.151367 0.406988 0.152344 0.406043 0.152344 0.405099 0.15332 0.404155 0.15332 0.403211 0.154297 0.402266 0.154297 0.396601
1 0.619141 0.888574 0.618164 0.889518 0.618164 0.902738 0.62793 0.902738 0.628906 0.901794 0.628906 0.888574
1 0.558594 0.555241 0.556641 0.557129 0.556641 0.569405 0.56543 0.569405 0.566406 0.568461 0.566406 0.566572 0.567383 0.565628 0.567383 0.563739 0.568359 0.562795 0.568359 0.555241
1 0.714844 0.215297 0.714844 0.220019 0.713867 0.220963 0.714844 0.220963 0.71582 0.221907 0.71875 0.221907 0.71875 0.215297
0 0.333008 0.760151 0.333008 0.765817 0.333984 0.766761 0.333984 0.76865 0.334961 0.769594 0.334961 0.770538 0.336914 0.772427 0.337891 0.772427 0.338867 0.773371 0.339844 0.773371 0.34082 0.774315 0.341797 0.774315 0.34375 0.776204 0.34375 0.763928 0.342773 0.762984 0.342773 0.761095 0.341797 0.760151
1 0.619141 0.157696 0.619141 0.169972 0.62793 0.169972 0.628906 0.169027 0.629883 0.169027 0.631836 0.167139 0.631836 0.157696
0 0.863281 0.0462701 0.863281 0.0576015 0.865234 0.0594901 0.865234 0.0604344 0.867188 0.0623229 0.874023 0.0623229 0.875 0.0613787 0.875977 0.0613787 0.87793 0.0594901 0.87793 0.0472144 0.876953 0.0472144 0.875977 0.0462701
1 0.245117 0.429651 0.245117 0.440982 0.253906 0.440982 0.254883 0.440038 0.254883 0.429651
0 0.291992 0.437205 0.288086 0.440982 0.288086 0.441926 0.285156 0.444759 0.285156 0.457979 0.286133 0.457979 0.287109 0.457035 0.289062 0.457035 0.290039 0.456091 0.291016 0.456091 0.291992 0.455146 0.292969 0.455146 0.296875 0.458924 0.296875 0.459868 0.297852 0.460812 0.297852 0.462701 0.298828 0.463645 0.298828 0.467422 0.299805 0.468366 0.299805 0.469311 0.301758 0.469311 0.302734 0.468366 0.306641 0.468366 0.308594 0.466478 0.308594 0.455146 0.306641 0.453258 0.306641 0.452314 0.304688 0.450425 0.304688 0.449481 0.303711 0.448536 0.303711 0.446648 0.302734 0.445704 0.302734 0.440038 0.300781 0.438149 0.299805 0.438149 0.298828 0.437205
1 0.581055 0.143532 0.578125 0.146364 0.578125 0.152975 0.583008 0.157696 0.584961 0.157696 0.585938 0.15864 0.586914 0.15864 0.587891 0.159585 0.589844 0.159585 0.59082 0.15864 0.59082 0.157696 0.591797 0.156752 0.591797 0.143532
1 0.140625 0.0151086 0.139648 0.0160529 0.138672 0.0160529 0.136719 0.0179415 0.136719 0.0188857 0.135742 0.01983 0.135742 0.0273843 0.136719 0.0283286 0.136719 0.0292729 0.138672 0.0311615 0.140625 0.0311615 0.141602 0.0321058 0.145508 0.0321058 0.146484 0.0311615 0.147461 0.0311615 0.149414 0.0292729 0.150391 0.0292729 0.15332 0.02644 0.15332 0.0207743 0.154297 0.01983 0.154297 0.0151086
0 0.0478516 0.374882 0.0478516 0.397545 0.0517578 0.401322 0.0585938 0.401322 0.0595703 0.400378 0.0625 0.400378 0.0634766 0.401322 0.0722656 0.401322 0.0722656 0.393768 0.0712891 0.393768 0.0683594 0.390935 0.0683594 0.389046 0.0673828 0.388102 0.0673828 0.383381 0.0664062 0.382436 0.0664062 0.381492 0.0644531 0.379603 0.0634766 0.379603 0.0625 0.378659 0.0605469 0.378659 0.0595703 0.377715 0.0605469 0.376771 0.0654297 0.376771 0.0664062 0.375826 0.0673828 0.375826 0.0683594 0.374882 0.0693359 0.374882
0 0.341797 0.399433 0.34082 0.400378 0.34082 0.401322 0.339844 0.402266 0.339844 0.404155 0.338867 0.405099 0.338867 0.406988 0.337891 0.407932 0.337891 0.419263 0.336914 0.420208 0.336914 0.421152 0.337891 0.422096 0.337891 0.427762 0.338867 0.428706 0.338867 0.429651 0.339844 0.430595 0.339844 0.431539 0.34082 0.432483 0.34082 0.434372 0.341797 0.435316 0.341797 0.437205 0.342773 0.438149 0.342773 0.439093 0.34375 0.440038 0.34375 0.440982 0.344727 0.441926 0.344727 0.442871 0.345703 0.443815 0.345703 0.444759 0.34668 0.445704 0.34668 0.446648 0.347656 0.447592 0.347656 0.448536 0.348633 0.449481 0.348633 0.450425 0.349609 0.451369 0.349609 0.452314 0.350586 0.453258 0.350586 0.455146 0.351562 0.456091 0.352539 0.456091 0.353516 0.457035 0.355469 0.457035 0.356445 0.457979 0.356445 0.458924 0.357422 0.459868 0.357422 0.451369 0.356445 0.450425 0.356445 0.447592 0.355469 0.446648 0.355469 0.441926 0.354492 0.440982 0.354492 0.437205 0.353516 0.436261 0.353516 0.433428 0.352539 0.432483 0.352539 0.431539 0.350586 0.429651 0.350586 0.428706 0.349609 0.427762 0.349609 0.424929 0.348633 0.423985 0.348633 0.422096 0.347656 0.421152 0.347656 0.409821 0.348633 0.408876 0.348633 0.406988 0.349609 0.406043 0.349609 0.404155 0.350586 0.403211 0.350586 0.402266 0.349609 0.401322 0.349609 0.400378 0.348633 0.399433
1 0.703125 0.751652 0.703125 0.763928 0.709961 0.763928 0.710938 0.762984 0.712891 0.762984 0.714844 0.761095 0.714844 0.751652
1 0.663086 0.20491 0.663086 0.221907 0.664062 0.222852 0.671875 0.222852 0.673828 0.220963 0.673828 0.20491
1 0.65332 0.432483 0.651367 0.434372 0.651367 0.443815 0.661133 0.443815 0.664062 0.440982 0.664062 0.433428 0.663086 0.432483
1 0.334961 0.498584 0.335938 0.498584 0.336914 0.499528 0.337891 0.499528 0.339844 0.501416 0.339844 0.503305 0.337891 0.505194 0.335938 0.505194 0.334961 0.506138 0.333984 0.506138 0.332031 0.508026 0.331055 0.508026 0.330078 0.508971 0.330078 0.509915 0.328125 0.511804 0.328125 0.515581 0.331055 0.518414 0.344727 0.518414 0.348633 0.514636 0.348633 0.498584
1 0.375977 0.76204 0.375977 0.769594 0.381836 0.769594 0.382812 0.76865 0.382812 0.76204
1 0.564453 0.675165 0.564453 0.687441 0.571289 0.687441 0.574219 0.684608 0.574219 0.675165
1 0.128906 0.76204 0.12793 0.762984 0.12793 0.774315 0.128906 0.77526 0.128906 0.777148 0.129883 0.778093 0.129883 0.779037 0.131836 0.780925 0.138672 0.780925 0.139648 0.779981 0.139648 0.779037 0.140625 0.778093 0.140625 0.76204
1 0.486328 0.679887 0.486328 0.685552 0.488281 0.687441 0.488281 0.688385 0.489258 0.68933 0.489258 0.691218 0.490234 0.692162 0.496094 0.692162 0.49707 0.691218 0.498047 0.691218 0.499023 0.690274 0.499023 0.683664 0.498047 0.68272 0.49707 0.68272 0.496094 0.681775 0.495117 0.681775 0.493164 0.679887
1 0.46582 0.558074 0.464844 0.559018 0.464844 0.561851 0.463867 0.562795 0.463867 0.563739 0.462891 0.564684 0.46582 0.567517 0.467773 0.567517 0.470703 0.564684 0.470703 0.559018 0.469727 0.558074
1 0.449219 0.76865 0.445312 0.772427 0.445312 0.786591 0.455078 0.786591 0.457031 0.784703 0.457031 0.783758 0.458008 0.782814 0.458008 0.76865
0 0.287109 0.444759 0.286133 0.445704 0.286133 0.458924 0.292969 0.458924 0.295898 0.461756 0.295898 0.463645 0.296875 0.464589 0.296875 0.467422 0.297852 0.468366 0.297852 0.470255 0.298828 0.471199 0.297852 0.472144 0.297852 0.473088 0.295898 0.474976 0.293945 0.474976 0.292969 0.475921 0.299805 0.475921 0.299805 0.474032 0.300781 0.473088 0.300781 0.472144 0.302734 0.470255 0.304688 0.470255 0.305664 0.469311 0.306641 0.469311 0.30957 0.466478 0.30957 0.457035 0.308594 0.456091 0.308594 0.455146 0.306641 0.453258 0.306641 0.452314 0.304688 0.450425 0.304688 0.449481 0.303711 0.448536 0.303711 0.447592 0.302734 0.446648 0.302734 0.444759
1 0.444336 0.373938 0.443359 0.374882 0.443359 0.375826 0.442383 0.376771 0.442383 0.383381 0.451172 0.383381 0.452148 0.382436 0.455078 0.382436 0.456055 0.381492 0.458008 0.381492 0.458984 0.380548 0.459961 0.380548 0.459961 0.373938
1 0.109375 0.736544 0.109375 0.737488 0.108398 0.738432 0.108398 0.740321 0.112305 0.744098 0.114258 0.744098 0.115234 0.745043 0.116211 0.745043 0.118164 0.746931 0.119141 0.746931 0.120117 0.747875 0.123047 0.747875 0.124023 0.74882 0.125 0.74882 0.125977 0.747875 0.12793 0.747875 0.128906 0.746931 0.129883 0.746931 0.130859 0.745987 0.130859 0.736544
1 0.52832 0.00188857 0.52832 0.00849858 0.529297 0.00944287 0.53418 0.00944287 0.535156 0.00849858 0.535156 0.00188857
1 0.734375 0.726157 0.733398 0.727101 0.732422 0.727101 0.726562 0.732767 0.726562 0.736544 0.727539 0.737488 0.727539 0.738432 0.728516 0.739377 0.728516 0.740321 0.730469 0.74221 0.731445 0.74221 0.732422 0.743154 0.738281 0.743154 0.739258 0.74221 0.741211 0.74221 0.751953 0.731822 0.751953 0.726157
1 0.270508 0.504249 0.270508 0.509915 0.271484 0.510859 0.276367 0.510859 0.276367 0.504249
1 0.0292969 0.803588 0.0302734 0.804533 0.0302734 0.807365 0.03125 0.80831 0.03125 0.809254 0.0322266 0.810198 0.0332031 0.810198 0.0341797 0.811143 0.0351562 0.811143 0.0351562 0.803588
1 0.301758 0.578848 0.299805 0.580737 0.296875 0.580737 0.296875 0.594901 0.297852 0.595845 0.297852 0.596789 0.298828 0.597734 0.298828 0.599622 0.300781 0.601511 0.306641 0.601511 0.306641 0.600567 0.307617 0.599622 0.307617 0.578848
1 0.111328 0.661945 0.109375 0.663834 0.109375 0.667611 0.108398 0.668555 0.108398 0.675165 0.121094 0.675165 0.12207 0.674221 0.12207 0.661945
0 0.761719 0.535411 0.757812 0.539188 0.756836 0.539188 0.755859 0.540132 0.755859 0.548631 0.758789 0.548631 0.764648 0.554296 0.767578 0.554296 0.768555 0.555241 0.770508 0.555241 0.771484 0.554296 0.771484 0.545798 0.772461 0.544854 0.772461 0.543909 0.773438 0.542965 0.773438 0.542021 0.774414 0.541076 0.774414 0.539188 0.773438 0.538244 0.773438 0.535411
0 0.674805 0.633617 0.674805 0.636449 0.675781 0.636449 0.676758 0.635505 0.680664 0.635505 0.682617 0.637394 0.682617 0.638338 0.68457 0.640227 0.68457 0.641171 0.685547 0.642115 0.686523 0.642115 0.689453 0.644948 0.689453 0.645892 0.69043 0.646837 0.69043 0.651558 0.691406 0.652502 0.69043 0.653447 0.69043 0.654391 0.689453 0.655335 0.689453 0.65628 0.688477 0.657224 0.688477 0.658168 0.681641 0.664778 0.680664 0.664778 0.680664 0.667611 0.681641 0.668555 0.681641 0.6695 0.682617 0.670444 0.68457 0.670444 0.685547 0.671388 0.686523 0.671388 0.69043 0.667611 0.691406 0.667611 0.692383 0.666667 0.693359 0.666667 0.694336 0.665722 0.694336 0.664778 0.698242 0.661001 0.698242 0.644948 0.695312 0.642115 0.695312 0.641171 0.694336 0.640227 0.694336 0.639282 0.693359 0.638338 0.692383 0.638338 0.688477 0.634561 0.688477 0.633617
1 0.50293 0.0963173 0.50293 0.110482 0.503906 0.110482 0.504883 0.111426 0.505859 0.111426 0.506836 0.11237 0.509766 0.11237 0.510742 0.113314 0.516602 0.113314 0.517578 0.11237 0.518555 0.11237 0.518555 0.0963173
1 0.336914 0.664778 0.336914 0.675165 0.337891 0.67611 0.345703 0.67611 0.348633 0.673277 0.348633 0.664778
1 0.250977 0.503305 0.250977 0.504249 0.25 0.505194 0.25 0.507082 0.249023 0.508026 0.249023 0.510859 0.25 0.511804 0.25 0.513692 0.251953 0.515581 0.25293 0.515581 0.253906 0.516525 0.254883 0.516525 0.255859 0.515581 0.256836 0.515581 0.259766 0.512748 0.259766 0.503305
1 0.0380859 0.728045 0.0380859 0.74221 0.0390625 0.743154 0.0390625 0.745043 0.0400391 0.745987 0.0400391 0.746931 0.0410156 0.747875 0.046875 0.747875 0.046875 0.728045
0 0.786133 0.580737 0.786133 0.592068 0.793945 0.592068 0.794922 0.591124 0.795898 0.591124 0.797852 0.589235 0.800781 0.589235 0.801758 0.588291 0.803711 0.588291 0.805664 0.586402 0.806641 0.586402 0.806641 0.580737
0 0.505859 0.749764 0.503906 0.751652 0.50293 0.751652 0.500977 0.753541 0.500977 0.761095 0.501953 0.76204 0.501953 0.763928 0.50293 0.764873 0.50293 0.765817 0.506836 0.769594 0.508789 0.769594 0.509766 0.770538 0.510742 0.770538 0.511719 0.771483 0.512695 0.771483 0.515625 0.76865 0.515625 0.752597 0.512695 0.752597 0.511719 0.751652 0.510742 0.751652 0.509766 0.750708 0.506836 0.750708
1 0.12793 0.447592 0.125 0.450425 0.123047 0.450425 0.12207 0.451369 0.12207 0.452314 0.121094 0.453258 0.121094 0.454202 0.120117 0.455146 0.120117 0.456091 0.118164 0.457979 0.118164 0.466478 0.120117 0.466478 0.121094 0.467422 0.12207 0.467422 0.123047 0.468366 0.125977 0.468366 0.126953 0.467422 0.126953 0.465534 0.131836 0.460812 0.132812 0.460812 0.135742 0.457979 0.136719 0.457979 0.137695 0.457035 0.139648 0.457035 0.140625 0.456091 0.143555 0.456091 0.144531 0.455146 0.144531 0.447592
0 0.384766 0.612842 0.383789 0.613787 0.382812 0.613787 0.382812 0.614731 0.381836 0.615675 0.381836 0.619452 0.380859 0.620397 0.380859 0.625118 0.379883 0.626062 0.379883 0.632672 0.378906 0.633617 0.379883 0.634561 0.379883 0.640227 0.380859 0.641171 0.380859 0.642115 0.381836 0.643059 0.381836 0.644004 0.383789 0.645892 0.385742 0.645892 0.386719 0.644948 0.386719 0.641171 0.387695 0.640227 0.387695 0.638338 0.388672 0.637394 0.388672 0.636449 0.389648 0.635505 0.389648 0.633617 0.390625 0.632672 0.390625 0.612842
1 0.708984 0.27762 0.708984 0.278565 0.707031 0.280453 0.706055 0.280453 0.705078 0.281398 0.704102 0.281398 0.704102 0.287063 0.713867 0.287063 0.71582 0.285175 0.71582 0.27762
1 0.443359 0.140699 0.442383 0.141643 0.442383 0.152975 0.453125 0.152975 0.456055 0.150142 0.456055 0.149197 0.458008 0.147309 0.458008 0.143532 0.457031 0.142587 0.457031 0.140699
1 0.533203 0.378659 0.532227 0.379603 0.52832 0.379603 0.52832 0.398489 0.529297 0.397545 0.530273 0.397545 0.53125 0.396601 0.532227 0.397545 0.535156 0.397545 0.536133 0.398489 0.538086 0.398489 0.539062 0.397545 0.540039 0.397545 0.541016 0.396601 0.541992 0.396601 0.545898 0.392823 0.545898 0.391879 0.546875 0.390935 0.547852 0.390935 0.550781 0.388102 0.550781 0.378659
1 0.46875 0.534467 0.466797 0.536355 0.466797 0.542965 0.467773 0.542965 0.46875 0.543909 0.469727 0.543909 0.473633 0.547687 0.479492 0.547687 0.479492 0.534467
1 0.28418 0.0944287 0.283203 0.095373 0.283203 0.108593 0.292969 0.108593 0.293945 0.107649 0.294922 0.107649 0.296875 0.10576 0.296875 0.0944287
1 0.463867 0.152975 0.462891 0.153919 0.461914 0.153919 0.460938 0.154863 0.460938 0.168083 0.474609 0.168083 0.476562 0.166195 0.476562 0.152975
1 0.291016 0.308782 0.291016 0.312559 0.291992 0.313503 0.291992 0.31728 0.292969 0.318225 0.292969 0.324835 0.294922 0.326723 0.300781 0.326723 0.301758 0.325779 0.301758 0.324835 0.302734 0.32389 0.302734 0.308782
1 0.178711 0.333333 0.177734 0.334278 0.178711 0.335222 0.178711 0.338055 0.179688 0.338999 0.179688 0.339943 0.182617 0.342776 0.18457 0.342776 0.185547 0.341832 0.186523 0.341832 0.186523 0.333333
0 0.729492 0.484419 0.728516 0.485364 0.727539 0.485364 0.726562 0.486308 0.725586 0.486308 0.722656 0.489141 0.722656 0.490085 0.720703 0.491974 0.719727 0.491974 0.71875 0.492918 0.717773 0.492918 0.716797 0.493862 0.71582 0.493862 0.714844 0.494806 0.713867 0.494806 0.711914 0.496695 0.710938 0.496695 0.710938 0.508026 0.71582 0.508026 0.71582 0.507082 0.722656 0.500472 0.723633 0.500472 0.729492 0.494806 0.729492 0.493862 0.733398 0.490085 0.733398 0.484419
1 0.285156 0.381492 0.285156 0.390935 0.287109 0.392823 0.287109 0.393768 0.290039 0.396601 0.289062 0.397545 0.294922 0.397545 0.294922 0.381492
1 0.804688 0.164306 0.804688 0.173749 0.80957 0.173749 0.810547 0.172805 0.811523 0.172805 0.8125 0.17186 0.813477 0.17186 0.813477 0.164306
1 0.129883 0.623229 0.128906 0.624174 0.12793 0.624174 0.126953 0.625118 0.125977 0.625118 0.125 0.626062 0.125 0.628895 0.12793 0.631728 0.133789 0.631728 0.133789 0.623229
1 0.135742 0.941454 0.135742 0.942398 0.134766 0.943343 0.134766 0.946176 0.132812 0.948064 0.132812 0.949009 0.131836 0.949953 0.141602 0.949953 0.141602 0.941454
1 0.386719 0.101983 0.386719 0.111426 0.391602 0.111426 0.392578 0.110482 0.394531 0.110482 0.395508 0.109537 0.395508 0.101983
0 0.579102 0.109537 0.578125 0.110482 0.577148 0.110482 0.576172 0.111426 0.575195 0.111426 0.572266 0.114259 0.571289 0.114259 0.564453 0.120869 0.563477 0.120869 0.561523 0.122757 0.560547 0.122757 0.554688 0.128423 0.569336 0.128423 0.570312 0.127479 0.571289 0.127479 0.571289 0.126534 0.574219 0.123702 0.575195 0.123702 0.576172 0.122757 0.577148 0.122757 0.580078 0.119924 0.581055 0.119924 0.582031 0.11898 0.583008 0.11898 0.583984 0.118036 0.584961 0.118036 0.586914 0.116147 0.586914 0.115203 0.588867 0.113314 0.588867 0.109537
1 0.130859 0.712937 0.130859 0.721435 0.133789 0.724268 0.134766 0.724268 0.135742 0.725212 0.140625 0.725212 0.141602 0.724268 0.142578 0.724268 0.143555 0.723324 0.143555 0.712937
0 0.1875 0.531634 0.1875 0.533522 0.185547 0.535411 0.185547 0.536355 0.182617 0.539188 0.182617 0.540132 0.181641 0.541076 0.181641 0.547687 0.183594 0.549575 0.189453 0.549575 0.191406 0.547687 0.191406 0.546742 0.192383 0.545798 0.192383 0.544854 0.193359 0.543909 0.193359 0.531634
1 0.624023 0.637394 0.621094 0.640227 0.620117 0.640227 0.620117 0.651558 0.621094 0.651558 0.62207 0.652502 0.624023 0.652502 0.625 0.651558 0.62793 0.651558 0.631836 0.647781 0.631836 0.637394
0 0.805664 0.446648 0.804688 0.447592 0.804688 0.448536 0.803711 0.449481 0.803711 0.450425 0.802734 0.451369 0.802734 0.452314 0.801758 0.453258 0.801758 0.456091 0.800781 0.457035 0.800781 0.459868 0.799805 0.460812 0.799805 0.463645 0.798828 0.464589 0.798828 0.474976 0.799805 0.475921 0.800781 0.475921 0.801758 0.476865 0.805664 0.476865 0.807617 0.474976 0.807617 0.473088 0.808594 0.472144 0.808594 0.469311 0.80957 0.468366 0.80957 0.464589 0.810547 0.463645 0.810547 0.460812 0.811523 0.459868 0.811523 0.457035 0.8125 0.456091 0.8125 0.446648
1 0.155273 0.0736544 0.154297 0.0745987 0.154297 0.0868744 0.155273 0.0878187 0.155273 0.088763 0.157227 0.0906516 0.158203 0.0906516 0.15918 0.0897073 0.160156 0.0897073 0.162109 0.0878187 0.163086 0.0878187 0.166016 0.0849858 0.166016 0.0840416 0.166992 0.0830973 0.166992 0.0736544
1 0.166016 0.473088 0.166016 0.479698 0.166992 0.480642 0.167969 0.480642 0.168945 0.481586 0.171875 0.481586 0.172852 0.480642 0.173828 0.480642 0.174805 0.479698 0.174805 0.473088
1 0.325195 0.0160529 0.322266 0.0188857 0.322266 0.0226629 0.323242 0.0236072 0.323242 0.0245515 0.325195 0.02644 0.326172 0.02644 0.327148 0.0273843 0.335938 0.0273843 0.336914 0.02644 0.336914 0.0160529
1 0.12207 0.356941 0.12207 0.360718 0.124023 0.362606 0.125 0.362606 0.125977 0.363551 0.126953 0.362606 0.129883 0.362606 0.129883 0.356941
1 0.0556641 0.414542 0.0556641 0.429651 0.0566406 0.429651 0.0576172 0.430595 0.0683594 0.430595 0.0703125 0.428706 0.0712891 0.428706 0.0722656 0.427762 0.0722656 0.414542
1 0.397461 0.0736544 0.397461 0.0802644 0.398438 0.0802644 0.399414 0.0812087 0.40332 0.0812087 0.404297 0.082153 0.40918 0.082153 0.411133 0.0802644 0.411133 0.0736544
1 0.459961 0.578848 0.458984 0.579792 0.458984 0.589235 0.46875 0.589235 0.469727 0.588291 0.469727 0.578848
1 0.568359 0.584514 0.563477 0.589235 0.563477 0.593957 0.564453 0.594901 0.564453 0.602455 0.563477 0.603399 0.570312 0.603399 0.570312 0.602455 0.571289 0.601511 0.571289 0.599622 0.572266 0.598678 0.572266 0.596789 0.574219 0.594901 0.574219 0.593957 0.576172 0.592068 0.576172 0.591124 0.577148 0.590179 0.577148 0.587347 0.576172 0.586402 0.576172 0.584514
1 0.598633 0.466478 0.598633 0.470255 0.597656 0.471199 0.597656 0.476865 0.603516 0.476865 0.604492 0.475921 0.604492 0.466478
0 0.15625 0.599622 0.155273 0.600567 0.155273 0.601511 0.154297 0.602455 0.154297 0.603399 0.151367 0.606232 0.151367 0.617564 0.154297 0.617564 0.154297 0.616619 0.155273 0.615675 0.155273 0.614731 0.157227 0.612842 0.158203 0.612842 0.15918 0.611898 0.162109 0.611898 0.163086 0.610954 0.165039 0.610954 0.166016 0.611898 0.166992 0.611898 0.167969 0.612842 0.169922 0.612842 0.169922 0.602455 0.167969 0.600567 0.166992 0.600567 0.166016 0.599622
0 0.0976562 0.400378 0.0976562 0.404155 0.0966797 0.405099 0.0966797 0.415486 0.0976562 0.416431 0.0976562 0.417375 0.0986328 0.418319 0.0986328 0.420208 0.110352 0.420208 0.112305 0.418319 0.112305 0.417375 0.113281 0.416431 0.113281 0.411709 0.114258 0.410765 0.114258 0.400378
0 0.852539 0.585458 0.84668 0.591124 0.845703 0.591124 0.844727 0.592068 0.84375 0.592068 0.842773 0.593012 0.841797 0.593012 0.839844 0.594901 0.838867 0.594901 0.835938 0.597734 0.834961 0.597734 0.833008 0.599622 0.832031 0.599622 0.830078 0.601511 0.829102 0.601511 0.828125 0.602455 0.827148 0.602455 0.826172 0.603399 0.824219 0.603399 0.823242 0.604344 0.818359 0.604344 0.818359 0.612842 0.820312 0.612842 0.821289 0.613787 0.822266 0.613787 0.823242 0.612842 0.827148 0.612842 0.828125 0.611898 0.831055 0.611898 0.832031 0.610954 0.833984 0.610954 0.834961 0.610009 0.836914 0.610009 0.837891 0.609065 0.838867 0.609065 0.839844 0.608121 0.84082 0.608121 0.841797 0.607177 0.842773 0.607177 0.84375 0.606232 0.844727 0.606232 0.845703 0.605288 0.84668 0.605288 0.847656 0.604344 0.848633 0.604344 0.850586 0.602455 0.851562 0.602455 0.852539 0.601511 0.853516 0.601511 0.859375 0.595845 0.859375 0.594901 0.861328 0.593012 0.861328 0.585458
0 0.0878906 0.642115 0.0878906 0.644004 0.0869141 0.644948 0.0869141 0.646837 0.0859375 0.647781 0.0859375 0.648725 0.0849609 0.64967 0.0849609 0.653447 0.0839844 0.654391 0.0839844 0.66289 0.0830078 0.663834 0.0830078 0.670444 0.0820312 0.671388 0.0820312 0.675165 0.0810547 0.67611 0.0810547 0.686497 0.0810547 0.685552 0.0830078 0.683664 0.0839844 0.683664 0.0849609 0.68272 0.0908203 0.68272 0.0917969 0.681775 0.0917969 0.66289 0.0927734 0.661945 0.0927734 0.658168 0.09375 0.657224 0.09375 0.654391 0.0947266 0.653447 0.0947266 0.647781 0.0957031 0.646837 0.0947266 0.645892 0.0947266 0.644004 0.09375 0.643059 0.09375 0.642115
1 0.46582 0.558074 0.46582 0.559018 0.464844 0.559962 0.464844 0.560907 0.463867 0.561851 0.463867 0.563739 0.462891 0.564684 0.462891 0.565628 0.464844 0.567517 0.46582 0.567517 0.466797 0.568461 0.467773 0.568461 0.470703 0.565628 0.470703 0.559018 0.469727 0.558074
1 0.251953 0.405099 0.250977 0.406043 0.250977 0.416431 0.260742 0.416431 0.263672 0.413598 0.263672 0.405099
0 0.15918 0.845137 0.157227 0.847026 0.157227 0.84797 0.15625 0.848914 0.15625 0.860246 0.15918 0.860246 0.160156 0.859301 0.161133 0.859301 0.162109 0.858357 0.166016 0.858357 0.166992 0.859301 0.167969 0.859301 0.168945 0.860246 0.176758 0.860246 0.177734 0.859301 0.182617 0.859301 0.185547 0.856468 0.186523 0.856468 0.1875 0.855524 0.1875 0.845137 0.183594 0.845137 0.182617 0.846081 0.180664 0.846081 0.179688 0.847026 0.175781 0.847026 0.174805 0.846081 0.173828 0.846081 0.172852 0.845137
1 0.231445 0.00188857 0.231445 0.0113314 0.232422 0.0113314 0.233398 0.0122757 0.234375 0.0122757 0.235352 0.01322 0.237305 0.01322 0.238281 0.0141643 0.240234 0.0141643 0.241211 0.0151086 0.246094 0.0151086 0.24707 0.0141643 0.248047 0.0141643 0.25293 0.00944287 0.25293 0.00472144 0.253906 0.00377715 0.253906 0.00188857
1 0.0927734 0.19169 0.0927734 0.199245 0.0996094 0.199245 0.0996094 0.19169
0 0.325195 0.450425 0.325195 0.468366 0.328125 0.471199 0.329102 0.471199 0.330078 0.472144 0.331055 0.472144 0.332031 0.473088 0.335938 0.473088 0.336914 0.474032 0.337891 0.474032 0.337891 0.452314 0.336914 0.451369 0.336914 0.450425
1 0.182617 0.652502 0.182617 0.653447 0.183594 0.654391 0.183594 0.655335 0.18457 0.65628 0.18457 0.659112 0.185547 0.660057 0.185547 0.66289 0.186523 0.663834 0.186523 0.664778 0.18457 0.666667 0.193359 0.666667 0.192383 0.665722 0.192383 0.664778 0.193359 0.663834 0.193359 0.66289 0.194336 0.661945 0.194336 0.652502
1 0.654297 0.530689 0.654297 0.538244 0.655273 0.539188 0.655273 0.542021 0.654297 0.542965 0.662109 0.542965 0.663086 0.542021 0.663086 0.541076 0.664062 0.540132 0.664062 0.530689
1 0.0830078 0.0812087 0.0830078 0.103872 0.0849609 0.10576 0.09375 0.10576 0.0976562 0.101983 0.0976562 0.100094 0.0986328 0.0991501 0.0986328 0.0982059 0.100586 0.0963173 0.100586 0.095373 0.102539 0.0934844 0.102539 0.0812087
1 0.714844 0.19169 0.714844 0.202077 0.71582 0.203022 0.71875 0.203022 0.719727 0.203966 0.720703 0.203966 0.72168 0.20491 0.722656 0.20491 0.723633 0.205855 0.726562 0.205855 0.727539 0.20491 0.728516 0.20491 0.730469 0.203022 0.731445 0.203022 0.732422 0.202077 0.731445 0.201133 0.731445 0.194523 0.732422 0.193579 0.732422 0.19169
1 0.491211 0.911237 0.489258 0.913126 0.489258 0.915958 0.488281 0.916903 0.488281 0.928234 0.489258 0.928234 0.489258 0.925401 0.490234 0.924457 0.491211 0.924457 0.492188 0.923513 0.493164 0.923513 0.494141 0.924457 0.495117 0.924457 0.49707 0.926346 0.49707 0.92729 0.498047 0.92729 0.499023 0.928234 0.504883 0.928234 0.506836 0.926346 0.506836 0.91407 0.505859 0.913126 0.503906 0.913126 0.50293 0.912181 0.501953 0.912181 0.500977 0.911237
1 0.308594 0.331445 0.305664 0.334278 0.305664 0.335222 0.304688 0.336166 0.304688 0.344665 0.305664 0.345609 0.306641 0.345609 0.307617 0.346553 0.3125 0.346553 0.313477 0.345609 0.314453 0.345609 0.317383 0.342776 0.318359 0.342776 0.318359 0.331445
1 0.542969 0.160529 0.541992 0.161473 0.541016 0.161473 0.537109 0.16525 0.537109 0.17186 0.541016 0.175637 0.541016 0.176582 0.546875 0.176582 0.546875 0.175637 0.550781 0.17186 0.550781 0.160529
0 0.330078 0.496695 0.331055 0.497639 0.332031 0.497639 0.333008 0.498584 0.334961 0.498584 0.335938 0.499528 0.336914 0.499528 0.339844 0.502361 0.336914 0.505194 0.335938 0.505194 0.334961 0.506138 0.333984 0.506138 0.333008 0.507082 0.332031 0.507082 0.327148 0.511804 0.327148 0.512748 0.326172 0.513692 0.326172 0.515581 0.327148 0.515581 0.330078 0.518414 0.344727 0.518414 0.352539 0.510859 0.352539 0.496695
1 0.573242 0.504249 0.573242 0.508971 0.576172 0.511804 0.577148 0.511804 0.577148 0.504249
1 0.27832 0.771483 0.27832 0.783758 0.279297 0.783758 0.280273 0.784703 0.288086 0.784703 0.289062 0.783758 0.289062 0.782814 0.290039 0.78187 0.290039 0.771483
0 0.691406 0.882908 0.69043 0.883853 0.6875 0.883853 0.686523 0.884797 0.686523 0.88763 0.685547 0.888574 0.685547 0.890463 0.68457 0.891407 0.68457 0.892351 0.683594 0.893296 0.683594 0.89424 0.682617 0.895184 0.682617 0.897073 0.681641 0.898017 0.681641 0.90085 0.680664 0.901794 0.680664 0.904627 0.682617 0.906516 0.683594 0.906516 0.68457 0.90746 0.686523 0.90746 0.69043 0.903683 0.69043 0.901794 0.691406 0.90085 0.691406 0.899906 0.692383 0.898961 0.692383 0.897073 0.695312 0.89424 0.696289 0.89424 0.697266 0.893296 0.697266 0.884797 0.696289 0.883853 0.694336 0.883853 0.693359 0.882908
0 0.717773 0.653447 0.717773 0.671388 0.726562 0.671388 0.727539 0.670444 0.728516 0.670444 0.729492 0.6695 0.730469 0.6695 0.731445 0.668555 0.731445 0.657224 0.730469 0.65628 0.729492 0.65628 0.726562 0.653447
0 0.237305 0.932011 0.238281 0.932011 0.240234 0.9339 0.237305 0.936733 0.237305 0.939566 0.236328 0.94051 0.236328 0.949953 0.235352 0.950897 0.235352 0.951841 0.234375 0.952786 0.235352 0.95373 0.235352 0.954674 0.240234 0.954674 0.241211 0.955619 0.243164 0.95373 0.243164 0.935788 0.242188 0.934844 0.242188 0.932011
0 0.842773 0.169972 0.841797 0.170916 0.839844 0.170916 0.836914 0.173749 0.835938 0.173749 0.833984 0.175637 0.833008 0.175637 0.832031 0.176582 0.832031 0.177526 0.831055 0.17847 0.831055 0.186025 0.835938 0.186025 0.835938 0.18508 0.836914 0.184136 0.836914 0.183192 0.839844 0.180359 0.84082 0.180359 0.841797 0.179415 0.842773 0.179415 0.84375 0.17847 0.844727 0.17847 0.845703 0.177526 0.845703 0.176582 0.847656 0.174693 0.848633 0.174693 0.849609 0.173749 0.851562 0.173749 0.852539 0.172805 0.852539 0.170916 0.851562 0.170916 0.850586 0.169972
1 0.44043 0.508026 0.44043 0.518414 0.441406 0.518414 0.442383 0.519358 0.442383 0.520302 0.443359 0.521246 0.444336 0.521246 0.445312 0.522191 0.448242 0.522191 0.448242 0.521246 0.450195 0.519358 0.450195 0.508026
1 0.321289 0.815864 0.320312 0.816808 0.320312 0.820585 0.319336 0.82153 0.319336 0.822474 0.318359 0.823418 0.318359 0.830973 0.319336 0.831917 0.319336 0.832861 0.321289 0.832861 0.322266 0.833806 0.324219 0.833806 0.325195 0.83475 0.328125 0.831917 0.329102 0.831917 0.330078 0.830973 0.330078 0.815864
0 0.000976562 0.842304 0.000976562 0.866856 0.00683594 0.866856 0.00683594 0.842304
0 0.271484 0.908404 0.268555 0.911237 0.268555 0.912181 0.267578 0.913126 0.264648 0.913126 0.263672 0.912181 0.261719 0.912181 0.261719 0.931067 0.263672 0.931067 0.266602 0.928234 0.266602 0.92729 0.267578 0.926346 0.267578 0.925401 0.268555 0.924457 0.268555 0.923513 0.271484 0.92068 0.273438 0.92068 0.274414 0.919736 0.275391 0.919736 0.280273 0.915014 0.280273 0.908404
1 0.209961 0.407932 0.209961 0.415486 0.210938 0.415486 0.211914 0.416431 0.21582 0.416431 0.216797 0.417375 0.21875 0.417375 0.219727 0.418319 0.220703 0.418319 0.22168 0.419263 0.228516 0.419263 0.230469 0.417375 0.230469 0.407932
1 0.397461 0.129367 0.397461 0.139754 0.40918 0.139754 0.40918 0.13881 0.411133 0.136922 0.411133 0.129367
0 0.510742 0.32389 0.510742 0.326723 0.509766 0.327668 0.509766 0.328612 0.510742 0.329556 0.510742 0.334278 0.509766 0.335222 0.509766 0.34372 0.516602 0.34372 0.516602 0.32389
1 0.623047 0.546742 0.623047 0.559962 0.633789 0.559962 0.634766 0.559018 0.634766 0.546742
1 0.177734 0.434372 0.179688 0.436261 0.180664 0.436261 0.181641 0.437205 0.182617 0.437205 0.18457 0.439093 0.18457 0.440982 0.185547 0.441926 0.185547 0.444759 0.186523 0.445704 0.186523 0.446648 0.185547 0.447592 0.185547 0.449481 0.18457 0.450425 0.18457 0.452314 0.181641 0.455146 0.180664 0.455146 0.178711 0.457035 0.177734 0.457035 0.176758 0.457979 0.176758 0.462701 0.191406 0.462701 0.194336 0.459868 0.194336 0.436261 0.193359 0.435316 0.193359 0.434372
1 0.669922 0.0283286 0.669922 0.0424929 0.670898 0.0424929 0.671875 0.0434372 0.680664 0.0434372 0.681641 0.0424929 0.682617 0.0424929 0.683594 0.0415486 0.68457 0.0415486 0.685547 0.0406043 0.685547 0.0283286
1 0.521484 0.877243 0.521484 0.878187 0.520508 0.879131 0.520508 0.88102 0.519531 0.881964 0.519531 0.88763 0.520508 0.888574 0.520508 0.889518 0.521484 0.890463 0.526367 0.890463 0.530273 0.886686 0.530273 0.877243
0 0.0244141 0.882908 0.0244141 0.885741 0.0263672 0.88763 0.0292969 0.88763 0.0302734 0.888574 0.0322266 0.888574 0.0332031 0.889518 0.0341797 0.889518 0.0351562 0.890463 0.0361328 0.890463 0.0371094 0.891407 0.0380859 0.891407 0.0390625 0.892351 0.0410156 0.892351 0.046875 0.898017 0.0488281 0.898017 0.0498047 0.898961 0.0517578 0.898961 0.0527344 0.899906 0.0527344 0.88763 0.0517578 0.886686 0.0507812 0.886686 0.0478516 0.883853 0.0478516 0.882908
0 0.15625 0.865911 0.15625 0.875354 0.157227 0.87441 0.157227 0.873466 0.15918 0.871577 0.164062 0.871577 0.166016 0.873466 0.166016 0.87441 0.168945 0.877243 0.169922 0.877243 0.170898 0.878187 0.171875 0.878187 0.172852 0.879131 0.174805 0.879131 0.175781 0.880076 0.177734 0.880076 0.178711 0.88102 0.183594 0.88102 0.183594 0.870633 0.182617 0.870633 0.181641 0.869688 0.179688 0.869688 0.178711 0.868744 0.171875 0.868744 0.170898 0.8678 0.169922 0.868744 0.167969 0.868744 0.166992 0.869688 0.166016 0.869688 0.164062 0.871577 0.15918 0.871577 0.15625 0.868744
1 0.654297 0.450425 0.654297 0.461756 0.655273 0.462701 0.657227 0.462701 0.658203 0.463645 0.660156 0.463645 0.661133 0.464589 0.664062 0.464589 0.665039 0.463645 0.666992 0.463645 0.666992 0.451369 0.666016 0.450425
0 0.732422 0.320113 0.731445 0.321058 0.730469 0.321058 0.727539 0.32389 0.726562 0.32389 0.725586 0.324835 0.724609 0.324835 0.723633 0.325779 0.722656 0.325779 0.720703 0.327668 0.719727 0.327668 0.71875 0.328612 0.717773 0.328612 0.716797 0.329556 0.71582 0.329556 0.713867 0.331445 0.712891 0.331445 0.711914 0.332389 0.711914 0.34372 0.71582 0.34372 0.716797 0.342776 0.716797 0.341832 0.717773 0.340888 0.717773 0.339943 0.719727 0.338055 0.720703 0.338055 0.725586 0.333333 0.727539 0.333333 0.728516 0.332389 0.729492 0.332389 0.730469 0.331445 0.732422 0.331445 0.733398 0.3305 0.734375 0.3305 0.735352 0.329556 0.736328 0.329556 0.743164 0.322946 0.744141 0.322946 0.745117 0.322002 0.745117 0.320113
1 0.4375 0.398489 0.436523 0.399433 0.43457 0.399433 0.43457 0.406043 0.446289 0.406043 0.447266 0.405099 0.447266 0.398489
0 0.677734 0.772427 0.677734 0.77526 0.676758 0.776204 0.676758 0.779981 0.675781 0.780925 0.675781 0.78187 0.674805 0.782814 0.674805 0.783758 0.670898 0.787535 0.670898 0.78848 0.669922 0.789424 0.669922 0.800755 0.672852 0.803588 0.675781 0.803588 0.676758 0.804533 0.680664 0.804533 0.682617 0.802644 0.683594 0.802644 0.683594 0.8017 0.685547 0.799811 0.685547 0.773371 0.68457 0.772427
1 0.376953 0.710104 0.375977 0.711048 0.375 0.711048 0.373047 0.712937 0.37207 0.712937 0.369141 0.71577 0.369141 0.716714 0.368164 0.717658 0.368164 0.718602 0.367188 0.719547 0.367188 0.72899 0.375 0.72899 0.375977 0.728045 0.375977 0.727101 0.37793 0.725212 0.37793 0.724268 0.378906 0.723324 0.378906 0.721435 0.379883 0.720491 0.379883 0.711992 0.378906 0.711048 0.37793 0.711048
0 0.138672 0.535411 0.138672 0.542021 0.140625 0.542021 0.141602 0.541076 0.141602 0.540132 0.142578 0.539188 0.142578 0.538244 0.144531 0.536355 0.145508 0.536355 0.147461 0.538244 0.147461 0.540132 0.146484 0.541076 0.146484 0.542021 0.145508 0.542965 0.144531 0.542965 0.142578 0.544854 0.142578 0.546742 0.141602 0.547687 0.141602 0.548631 0.140625 0.549575 0.140625 0.550519 0.139648 0.551464 0.139648 0.552408 0.138672 0.553352 0.138672 0.561851 0.139648 0.562795 0.147461 0.562795 0.149414 0.560907 0.150391 0.560907 0.150391 0.559962 0.151367 0.559018 0.151367 0.549575 0.152344 0.548631 0.152344 0.547687 0.15332 0.546742 0.15332 0.545798 0.15625 0.542965 0.160156 0.542965 0.161133 0.543909 0.162109 0.543909 0.164062 0.545798 0.165039 0.545798 0.165039 0.539188 0.164062 0.539188 0.163086 0.538244 0.160156 0.538244 0.15918 0.537299 0.15625 0.537299 0.155273 0.536355 0.147461 0.536355 0.146484 0.535411
0 0.473633 0.174693 0.472656 0.175637 0.47168 0.175637 0.47168 0.176582 0.469727 0.17847 0.469727 0.179415 0.466797 0.182247 0.46582 0.182247 0.464844 0.183192 0.464844 0.184136 0.462891 0.186025 0.462891 0.186969 0.459961 0.189802 0.459961 0.190746 0.458984 0.19169 0.458984 0.192635 0.458008 0.193579 0.458008 0.195467 0.457031 0.196412 0.457031 0.1983 0.456055 0.199245 0.456055 0.203022 0.466797 0.203022 0.466797 0.201133 0.46582 0.200189 0.46582 0.196412 0.467773 0.194523 0.46875 0.194523 0.469727 0.193579 0.469727 0.192635 0.470703 0.19169 0.470703 0.189802 0.472656 0.187913 0.473633 0.187913 0.476562 0.18508 0.476562 0.184136 0.477539 0.183192 0.478516 0.183192 0.480469 0.181303 0.481445 0.181303 0.483398 0.179415 0.484375 0.179415 0.486328 0.177526 0.486328 0.174693
1 0.361328 0.556185 0.361328 0.558074 0.360352 0.559018 0.360352 0.559962 0.361328 0.560907 0.361328 0.565628 0.362305 0.566572 0.362305 0.567517 0.363281 0.568461 0.370117 0.568461 0.371094 0.567517 0.37207 0.567517 0.37207 0.556185
1 0.533203 0.530689 0.532227 0.531634 0.532227 0.540132 0.540039 0.540132 0.541016 0.539188 0.541016 0.530689
1 0.439453 0.592068 0.439453 0.593957 0.438477 0.594901 0.438477 0.595845 0.4375 0.596789 0.4375 0.597734 0.436523 0.598678 0.436523 0.599622 0.43457 0.601511 0.43457 0.602455 0.433594 0.603399 0.433594 0.610954 0.435547 0.612842 0.4375 0.612842 0.438477 0.613787 0.44043 0.613787 0.441406 0.614731 0.442383 0.613787 0.444336 0.613787 0.446289 0.611898 0.447266 0.611898 0.449219 0.610009 0.449219 0.605288 0.448242 0.604344 0.448242 0.602455 0.449219 0.601511 0.449219 0.592068
1 0.37207 0.868744 0.37207 0.877243 0.373047 0.878187 0.373047 0.879131 0.374023 0.880076 0.375 0.880076 0.376953 0.881964 0.383789 0.881964 0.384766 0.88102 0.385742 0.88102 0.385742 0.869688 0.384766 0.868744
0 0.366211 0.368272 0.366211 0.372049 0.367188 0.372993 0.367188 0.373938 0.368164 0.374882 0.368164 0.380548 0.369141 0.381492 0.369141 0.384325 0.368164 0.385269 0.368164 0.388102 0.367188 0.389046 0.367188 0.389991 0.363281 0.393768 0.363281 0.394712 0.361328 0.396601 0.361328 0.397545 0.358398 0.400378 0.356445 0.400378 0.355469 0.401322 0.349609 0.401322 0.348633 0.400378 0.347656 0.400378 0.34668 0.399433 0.345703 0.399433 0.344727 0.398489 0.342773 0.400378 0.342773 0.401322 0.341797 0.402266 0.341797 0.403211 0.34082 0.404155 0.34082 0.405099 0.338867 0.406988 0.338867 0.407932 0.337891 0.408876 0.337891 0.424929 0.338867 0.425873 0.350586 0.425873 0.349609 0.424929 0.349609 0.423041 0.348633 0.422096 0.348633 0.418319 0.347656 0.417375 0.347656 0.414542 0.348633 0.413598 0.348633 0.412653 0.350586 0.410765 0.358398 0.410765 0.359375 0.409821 0.362305 0.409821 0.363281 0.408876 0.364258 0.408876 0.369141 0.404155 0.370117 0.404155 0.370117 0.403211 0.371094 0.402266 0.371094 0.400378 0.37207 0.399433 0.37207 0.396601 0.373047 0.395656 0.373047 0.368272
1 0.514648 0.183192 0.511719 0.186025 0.510742 0.186025 0.508789 0.187913 0.507812 0.187913 0.507812 0.194523 0.515625 0.194523 0.516602 0.193579 0.518555 0.193579 0.519531 0.192635 0.520508 0.192635 0.521484 0.19169 0.521484 0.183192
1 0.305664 0.629839 0.305664 0.641171 0.310547 0.641171 0.311523 0.640227 0.319336 0.640227 0.323242 0.636449 0.323242 0.631728 0.321289 0.629839
1 0.128906 0.502361 0.128906 0.510859 0.129883 0.511804 0.130859 0.511804 0.132812 0.513692 0.134766 0.513692 0.135742 0.514636 0.136719 0.514636 0.137695 0.515581 0.139648 0.513692 0.139648 0.502361
0 0.874023 0.497639 0.873047 0.498584 0.87207 0.498584 0.870117 0.500472 0.870117 0.501416 0.869141 0.502361 0.869141 0.503305 0.868164 0.504249 0.868164 0.516525 0.873047 0.516525 0.875 0.514636 0.875977 0.514636 0.875977 0.512748 0.876953 0.511804 0.876953 0.510859 0.87793 0.509915 0.87793 0.508971 0.879883 0.507082 0.882812 0.507082 0.883789 0.506138 0.886719 0.506138 0.889648 0.503305 0.890625 0.503305 0.891602 0.502361 0.891602 0.501416 0.890625 0.500472 0.890625 0.499528 0.889648 0.498584 0.889648 0.497639
1 0.457031 0.480642 0.456055 0.481586 0.456055 0.486308 0.458008 0.488196 0.458984 0.488196 0.459961 0.489141 0.461914 0.489141 0.462891 0.488196 0.464844 0.488196 0.46582 0.487252 0.466797 0.487252 0.466797 0.480642
1 0.625977 0.72238 0.625977 0.723324 0.624023 0.725212 0.624023 0.726157 0.623047 0.727101 0.623047 0.732767 0.629883 0.732767 0.632812 0.729934 0.632812 0.72238
0 0.179688 0.428706 0.178711 0.429651 0.178711 0.430595 0.177734 0.431539 0.177734 0.432483 0.176758 0.433428 0.176758 0.434372 0.177734 0.435316 0.177734 0.436261 0.178711 0.436261 0.179688 0.437205 0.180664 0.437205 0.181641 0.438149 0.182617 0.438149 0.18457 0.440038 0.18457 0.441926 0.185547 0.442871 0.185547 0.445704 0.186523 0.446648 0.185547 0.447592 0.185547 0.450425 0.18457 0.451369 0.18457 0.452314 0.180664 0.456091 0.179688 0.456091 0.177734 0.457979 0.176758 0.457979 0.175781 0.458924 0.175781 0.459868 0.176758 0.460812 0.176758 0.461756 0.177734 0.462701 0.177734 0.463645 0.19043 0.463645 0.191406 0.462701 0.191406 0.461756 0.193359 0.459868 0.193359 0.432483 0.191406 0.430595 0.191406 0.429651 0.19043 0.428706
1 0.751953 0.692162 0.751953 0.698772 0.753906 0.698772 0.754883 0.699717 0.757812 0.699717 0.759766 0.697828 0.759766 0.692162
1 0.589844 0.598678 0.589844 0.614731 0.59082 0.615675 0.59082 0.616619 0.592773 0.618508 0.592773 0.619452 0.59375 0.620397 0.59375 0.621341 0.597656 0.625118 0.598633 0.625118 0.600586 0.627007 0.610352 0.627007 0.612305 0.625118 0.613281 0.625118 0.616211 0.622285 0.617188 0.622285 0.617188 0.608121 0.615234 0.606232 0.614258 0.607177 0.613281 0.607177 0.612305 0.608121 0.608398 0.608121 0.607422 0.609065 0.606445 0.609065 0.605469 0.610009 0.604492 0.610009 0.603516 0.610954 0.601562 0.610954 0.599609 0.609065 0.599609 0.608121 0.600586 0.607177 0.600586 0.605288 0.601562 0.604344 0.601562 0.602455 0.600586 0.601511 0.600586 0.599622 0.599609 0.598678
1 0.643555 0.74221 0.643555 0.749764 0.645508 0.751652 0.645508 0.752597 0.646484 0.752597 0.647461 0.753541 0.65332 0.753541 0.65332 0.74221
0 0.696289 0.776204 0.696289 0.78848 0.697266 0.78848 0.698242 0.789424 0.706055 0.789424 0.707031 0.790368 0.713867 0.790368 0.714844 0.789424 0.71582 0.789424 0.716797 0.78848 0.716797 0.776204
1 0.0927734 0.84797 0.0927734 0.856468 0.09375 0.857413 0.0947266 0.857413 0.0957031 0.858357 0.0966797 0.858357 0.0976562 0.859301 0.103516 0.859301 0.104492 0.858357 0.107422 0.858357 0.108398 0.857413 0.111328 0.857413 0.112305 0.856468 0.113281 0.856468 0.115234 0.85458 0.115234 0.84797
1 0.37207 0.124646 0.37207 0.133144 0.378906 0.133144 0.379883 0.1322 0.380859 0.1322 0.381836 0.131256 0.381836 0.124646
1 0.219727 0.679887 0.219727 0.691218 0.22168 0.693107 0.223633 0.693107 0.224609 0.694051 0.226562 0.694051 0.227539 0.694995 0.230469 0.694995 0.231445 0.694051 0.237305 0.694051 0.238281 0.693107 0.240234 0.693107 0.240234 0.681775 0.239258 0.680831 0.239258 0.679887
1 0.53418 0.705382 0.533203 0.706327 0.532227 0.706327 0.53125 0.707271 0.53125 0.71577 0.539062 0.71577 0.539062 0.705382
1 0.765625 0.86119 0.764648 0.862134 0.763672 0.862134 0.763672 0.873466 0.764648 0.87441 0.766602 0.87441 0.767578 0.875354 0.770508 0.875354 0.774414 0.871577 0.774414 0.86119
1 0.401367 0.726157 0.400391 0.727101 0.400391 0.728045 0.399414 0.72899 0.399414 0.729934 0.398438 0.730878 0.398438 0.739377 0.407227 0.739377 0.407227 0.733711 0.40918 0.731822 0.40918 0.726157
0 0.717773 0.294618 0.713867 0.298395 0.712891 0.298395 0.711914 0.299339 0.710938 0.299339 0.709961 0.300283 0.708984 0.300283 0.708008 0.301228 0.707031 0.301228 0.706055 0.302172 0.705078 0.302172 0.704102 0.303116 0.703125 0.303116 0.701172 0.305005 0.700195 0.305005 0.699219 0.305949 0.697266 0.305949 0.697266 0.314448 0.706055 0.314448 0.708008 0.312559 0.708984 0.312559 0.710938 0.31067 0.711914 0.31067 0.716797 0.305949 0.717773 0.305949 0.71875 0.305005 0.719727 0.305005 0.720703 0.30406 0.72168 0.30406 0.722656 0.303116 0.723633 0.303116 0.725586 0.301228 0.728516 0.301228 0.729492 0.300283 0.730469 0.300283 0.731445 0.299339 0.733398 0.299339 0.734375 0.298395 0.734375 0.295562 0.733398 0.294618
0 0.50293 0.756374 0.50293 0.757318 0.501953 0.758263 0.501953 0.765817 0.50293 0.766761 0.50293 0.767705 0.504883 0.769594 0.509766 0.769594 0.510742 0.770538 0.511719 0.770538 0.514648 0.767705 0.514648 0.760151 0.512695 0.758263 0.512695 0.757318 0.511719 0.756374
0 0.972656 0 0.972656 0.00283286 0.974609 0.00472144 0.974609 0.00566572 0.976562 0.0075543 0.976562 0.00849858 0.977539 0.00944287 0.977539 0.0103872 0.978516 0.0113314 0.978516 0.01322 0.979492 0.0141643 0.979492 0.0160529 0.978516 0.0169972 0.978516 0.0188857 0.977539 0.01983 0.977539 0.0207743 0.975586 0.0226629 0.975586 0.0236072 0.974609 0.0245515 0.973633 0.0245515 0.97168 0.02644 0.970703 0.02644 0.969727 0.0273843 0.969727 0.0302172 0.96875 0.0311615 0.96875 0.0368272 0.969727 0.0377715 0.969727 0.0453258 0.96875 0.0462701 0.96875 0.0557129 0.969727 0.0566572 0.969727 0.0585458 0.970703 0.0594901 0.970703 0.0651558 0.97168 0.0661001 0.97168 0.0679887 0.972656 0.068933 0.972656 0.0802644 0.97168 0.0812087 0.97168 0.0830973 0.970703 0.0840416 0.970703 0.0849858 0.96875 0.0868744 0.96875 0.0878187 0.966797 0.0897073 0.966797 0.0915958 0.96582 0.0925401 0.96582 0.0934844 0.964844 0.0944287 0.964844 0.095373 0.963867 0.0963173 0.962891 0.0963173 0.960938 0.0982059 0.960938 0.0991501 0.959961 0.100094 0.959961 0.103872 0.960938 0.104816 0.960938 0.10576 0.961914 0.106704 0.961914 0.107649 0.962891 0.108593 0.963867 0.108593 0.964844 0.109537 0.96875 0.109537 0.969727 0.110482 0.970703 0.110482 0.974609 0.106704 0.974609 0.102927 0.975586 0.101983 0.975586 0.101039 0.976562 0.100094 0.976562 0.0982059 0.977539 0.0972616 0.977539 0.0963173 0.978516 0.095373 0.978516 0.0934844 0.979492 0.0925401 0.979492 0.0906516 0.980469 0.0897073 0.980469 0.088763 0.981445 0.0878187 0.981445 0.0859301 0.982422 0.0849858 0.982422 0.0830973 0.983398 0.082153 0.983398 0.0802644 0.984375 0.0793201 0.984375 0.0774315 0.985352 0.0764873 0.985352 0.0727101 0.986328 0.0717658 0.986328 0.0623229 0.987305 0.0613787 0.987305 0.0585458 0.986328 0.0576015 0.986328 0.0491029 0.987305 0.0481586 0.987305 0.0443815 0.988281 0.0434372 0.988281 0.0169972 0.987305 0.0160529 0.987305 0.0151086 0.986328 0.0141643 0.986328 0.0075543 0.985352 0.00661001 0.985352 0.00377715 0.984375 0.00283286 0.984375 0
1 0.258789 0.242682 0.256836 0.24457 0.255859 0.24457 0.255859 0.25779 0.257812 0.259679 0.257812 0.260623 0.259766 0.262512 0.271484 0.262512 0.273438 0.260623 0.274414 0.260623 0.274414 0.247403 0.273438 0.246459 0.273438 0.24457 0.271484 0.242682
1 0.548828 0.792257 0.548828 0.805477 0.549805 0.806421 0.55957 0.806421 0.561523 0.804533 0.5625 0.804533 0.5625 0.792257
1 0.476562 0.672332 0.476562 0.683664 0.477539 0.684608 0.478516 0.684608 0.479492 0.685552 0.487305 0.685552 0.487305 0.672332
0 0.763672 0.534467 0.762695 0.535411 0.762695 0.536355 0.758789 0.540132 0.758789 0.541076 0.757812 0.542021 0.757812 0.542965 0.756836 0.543909 0.756836 0.547687 0.760742 0.551464 0.760742 0.552408 0.764648 0.556185 0.765625 0.556185 0.768555 0.559018 0.768555 0.565628 0.766602 0.567517 0.763672 0.567517 0.760742 0.570349 0.759766 0.570349 0.758789 0.571294 0.758789 0.573182 0.757812 0.574127 0.757812 0.575071 0.756836 0.576015 0.756836 0.577904 0.760742 0.577904 0.761719 0.576959 0.763672 0.576959 0.766602 0.574127 0.766602 0.573182 0.768555 0.571294 0.768555 0.570349 0.769531 0.569405 0.769531 0.568461 0.770508 0.567517 0.770508 0.565628 0.771484 0.564684 0.771484 0.561851 0.772461 0.560907 0.772461 0.559018 0.773438 0.558074 0.773438 0.548631 0.772461 0.547687 0.772461 0.545798 0.773438 0.544854 0.773438 0.536355 0.772461 0.535411 0.772461 0.534467
0 0.802734 0.625118 0.801758 0.626062 0.800781 0.626062 0.800781 0.637394 0.806641 0.637394 0.80957 0.634561 0.816406 0.634561 0.817383 0.633617 0.822266 0.633617 0.822266 0.632672 0.823242 0.631728 0.823242 0.625118
1 0.483398 0.334278 0.483398 0.346553 0.492188 0.346553 0.493164 0.345609 0.493164 0.344665 0.494141 0.34372 0.494141 0.338055 0.493164 0.33711 0.492188 0.33711 0.491211 0.336166 0.488281 0.336166 0.487305 0.335222 0.485352 0.335222 0.484375 0.334278
1 0.354492 0.75543 0.350586 0.759207 0.350586 0.763928 0.351562 0.764873 0.351562 0.765817 0.352539 0.766761 0.352539 0.76865 0.355469 0.771483 0.356445 0.771483 0.357422 0.772427 0.358398 0.771483 0.359375 0.771483 0.361328 0.769594 0.363281 0.769594 0.365234 0.767705 0.366211 0.767705 0.368164 0.765817 0.368164 0.75543
0 0.672852 0.616619 0.672852 0.619452 0.673828 0.620397 0.673828 0.622285 0.674805 0.623229 0.674805 0.624174 0.675781 0.625118 0.675781 0.627007 0.676758 0.627951 0.675781 0.628895 0.675781 0.630784 0.674805 0.631728 0.674805 0.632672 0.673828 0.633617 0.673828 0.635505 0.679688 0.635505 0.680664 0.636449 0.681641 0.636449 0.682617 0.637394 0.682617 0.638338 0.688477 0.644004 0.688477 0.644948 0.689453 0.645892 0.689453 0.648725 0.69043 0.64967 0.69043 0.653447 0.689453 0.654391 0.689453 0.655335 0.688477 0.65628 0.688477 0.657224 0.6875 0.658168 0.6875 0.659112 0.680664 0.665722 0.680664 0.671388 0.686523 0.671388 0.689453 0.668555 0.69043 0.668555 0.692383 0.666667 0.693359 0.666667 0.695312 0.664778 0.695312 0.663834 0.700195 0.659112 0.700195 0.645892 0.699219 0.644948 0.698242 0.644948 0.696289 0.643059 0.696289 0.642115 0.695312 0.641171 0.695312 0.640227 0.692383 0.637394 0.691406 0.637394 0.688477 0.634561 0.688477 0.633617 0.685547 0.630784 0.68457 0.630784 0.683594 0.629839 0.683594 0.628895 0.682617 0.627951 0.682617 0.627007 0.681641 0.626062 0.681641 0.624174 0.680664 0.623229 0.680664 0.619452 0.679688 0.618508 0.679688 0.617564 0.678711 0.616619
1 0.533203 0.531634 0.53125 0.533522 0.53125 0.542021 0.539062 0.542021 0.541016 0.540132 0.541016 0.531634
1 0.827148 0.113314 0.827148 0.126534 0.828125 0.127479 0.834961 0.127479 0.835938 0.126534 0.835938 0.12559 0.838867 0.122757 0.838867 0.113314
1 0.461914 0.156752 0.460938 0.157696 0.460938 0.15864 0.459961 0.159585 0.459961 0.160529 0.457031 0.163362 0.456055 0.163362 0.456055 0.169027 0.457031 0.169027 0.458008 0.168083 0.458984 0.168083 0.459961 0.167139 0.460938 0.167139 0.461914 0.168083 0.463867 0.168083 0.464844 0.169027 0.474609 0.169027 0.475586 0.168083 0.476562 0.168083 0.476562 0.156752
1 0.199219 0.759207 0.199219 0.760151 0.193359 0.765817 0.193359 0.779037 0.204102 0.779037 0.206055 0.777148 0.206055 0.77526 0.207031 0.774315 0.207031 0.759207
0 0.408203 0.153919 0.404297 0.157696 0.40332 0.157696 0.402344 0.15864 0.400391 0.15864 0.400391 0.173749 0.401367 0.174693 0.401367 0.177526 0.402344 0.17847 0.402344 0.179415 0.40332 0.180359 0.407227 0.180359 0.408203 0.179415 0.40918 0.179415 0.410156 0.17847 0.410156 0.163362 0.411133 0.162417 0.411133 0.161473 0.412109 0.160529 0.412109 0.159585 0.413086 0.15864 0.413086 0.153919
0 0.113281 0.866856 0.112305 0.8678 0.111328 0.8678 0.110352 0.868744 0.109375 0.868744 0.108398 0.869688 0.106445 0.869688 0.105469 0.870633 0.103516 0.870633 0.103516 0.88102 0.121094 0.88102 0.12207 0.881964 0.132812 0.881964 0.133789 0.88102 0.138672 0.88102 0.141602 0.878187 0.141602 0.877243 0.144531 0.87441 0.147461 0.87441 0.148438 0.875354 0.148438 0.866856 0.137695 0.866856 0.137695 0.8678 0.136719 0.868744 0.136719 0.870633 0.135742 0.871577 0.135742 0.872521 0.132812 0.875354 0.130859 0.875354 0.129883 0.87441 0.128906 0.87441 0.12793 0.873466 0.125977 0.873466 0.125 0.872521 0.124023 0.872521 0.123047 0.871577 0.123047 0.869688 0.124023 0.868744 0.124023 0.866856
1 0.770508 0.860246 0.769531 0.86119 0.768555 0.86119 0.767578 0.862134 0.766602 0.862134 0.764648 0.864023 0.764648 0.872521 0.773438 0.872521 0.773438 0.871577 0.774414 0.870633 0.774414 0.868744 0.775391 0.8678 0.775391 0.863078 0.774414 0.862134 0.773438 0.862134 0.772461 0.86119 0.771484 0.86119
1 0.303711 0.151086 0.301758 0.152975 0.300781 0.152975 0.299805 0.153919 0.298828 0.153919 0.294922 0.157696 0.294922 0.15864 0.292969 0.160529 0.292969 0.164306 0.302734 0.164306 0.306641 0.160529 0.307617 0.160529 0.30957 0.15864 0.30957 0.151086
0 0.15918 0.495751 0.157227 0.497639 0.157227 0.514636 0.158203 0.513692 0.164062 0.513692 0.165039 0.512748 0.165039 0.511804 0.166016 0.510859 0.166016 0.509915 0.166992 0.508971 0.166992 0.507082 0.167969 0.506138 0.167969 0.505194 0.168945 0.504249 0.168945 0.495751
1 0.0351562 0.446648 0.0341797 0.447592 0.0341797 0.448536 0.0332031 0.449481 0.0332031 0.450425 0.0322266 0.451369 0.0322266 0.453258 0.03125 0.454202 0.03125 0.459868 0.0322266 0.460812 0.0322266 0.461756 0.0341797 0.463645 0.0341797 0.464589 0.0351562 0.465534 0.0371094 0.465534 0.0380859 0.466478 0.0390625 0.466478 0.0400391 0.467422 0.0449219 0.467422 0.0449219 0.447592 0.0439453 0.446648
1 0.621094 0.590179 0.623047 0.590179
0 0.115234 0.865911 0.115234 0.88102 0.124023 0.88102 0.125 0.881964 0.125977 0.881964 0.126953 0.88102 0.138672 0.88102 0.138672 0.880076 0.140625 0.878187 0.140625 0.877243 0.142578 0.875354 0.143555 0.875354 0.144531 0.87441 0.147461 0.87441 0.148438 0.873466 0.149414 0.873466 0.149414 0.865911 0.137695 0.865911 0.137695 0.866856 0.136719 0.8678 0.136719 0.871577 0.135742 0.872521 0.135742 0.873466 0.132812 0.876298 0.129883 0.876298 0.128906 0.875354 0.12793 0.875354 0.126953 0.87441 0.125977 0.87441 0.125 0.873466 0.124023 0.873466 0.12207 0.871577 0.123047 0.870633 0.123047 0.869688 0.124023 0.868744 0.124023 0.8678 0.125 0.866856 0.125 0.865911
1 0.699219 0.812087 0.699219 0.827195 0.701172 0.827195 0.702148 0.826251 0.703125 0.826251 0.704102 0.825307 0.706055 0.825307 0.708008 0.823418 0.708008 0.822474 0.708984 0.82153 0.708984 0.812087
1 0.679688 0.538244 0.679688 0.544854 0.680664 0.545798 0.686523 0.545798 0.6875 0.544854 0.6875 0.543909 0.689453 0.542021 0.689453 0.538244
1 0.34668 0.621341 0.345703 0.622285 0.345703 0.624174 0.344727 0.625118 0.344727 0.629839 0.345703 0.630784 0.34668 0.630784 0.347656 0.631728 0.352539 0.631728 0.353516 0.630784 0.354492 0.630784 0.355469 0.629839 0.355469 0.621341
0 0.75 0.382436 0.749023 0.383381 0.749023 0.385269 0.748047 0.386213 0.748047 0.389991 0.74707 0.390935 0.74707 0.399433 0.746094 0.400378 0.746094 0.404155 0.751953 0.404155 0.751953 0.402266 0.75293 0.401322 0.75293 0.399433 0.753906 0.398489 0.753906 0.396601 0.754883 0.395656 0.754883 0.390935 0.755859 0.389991 0.755859 0.389046 0.756836 0.388102 0.756836 0.382436
1 0.142578 0.670444 0.141602 0.671388 0.141602 0.680831 0.142578 0.681775 0.142578 0.68272 0.143555 0.683664 0.143555 0.686497 0.144531 0.687441 0.144531 0.68933 0.145508 0.690274 0.145508 0.694051 0.146484 0.694995 0.146484 0.69594 0.148438 0.69594 0.149414 0.696884 0.15332 0.696884 0.154297 0.69594 0.15625 0.69594 0.15625 0.694995 0.158203 0.693107 0.158203 0.68933 0.157227 0.688385 0.157227 0.687441 0.15625 0.686497 0.15625 0.670444
0 0.717773 0.654391 0.717773 0.661001 0.716797 0.661945 0.716797 0.6695 0.717773 0.6695 0.71875 0.670444 0.719727 0.670444 0.72168 0.672332 0.723633 0.672332 0.724609 0.673277 0.725586 0.672332 0.726562 0.672332 0.728516 0.670444 0.729492 0.670444 0.730469 0.6695 0.731445 0.6695 0.732422 0.668555 0.732422 0.667611 0.733398 0.666667 0.733398 0.660057 0.732422 0.659112 0.732422 0.658168 0.731445 0.657224 0.730469 0.657224 0.727539 0.654391
0 0.754883 0.793201 0.754883 0.794145 0.753906 0.79509 0.753906 0.796034 0.75 0.799811 0.75 0.800755 0.748047 0.802644 0.748047 0.803588 0.745117 0.806421 0.744141 0.806421 0.742188 0.80831 0.741211 0.80831 0.737305 0.812087 0.736328 0.812087 0.736328 0.816808 0.749023 0.816808 0.75 0.815864 0.751953 0.815864 0.753906 0.813975 0.753906 0.813031 0.757812 0.809254 0.757812 0.80831 0.758789 0.807365 0.758789 0.806421 0.759766 0.805477 0.759766 0.803588 0.760742 0.802644 0.760742 0.79509 0.759766 0.794145 0.759766 0.793201
1 0.483398 0.95373 0.483398 0.963173 0.484375 0.963173 0.485352 0.962229 0.486328 0.962229 0.487305 0.963173 0.496094 0.963173 0.49707 0.962229 0.499023 0.962229 0.5 0.961284 0.500977 0.961284 0.500977 0.95373
1 0.145508 0.464589 0.144531 0.465534 0.143555 0.465534 0.142578 0.466478 0.140625 0.466478 0.140625 0.476865 0.15625 0.476865 0.157227 0.475921 0.158203 0.475921 0.158203 0.474976 0.15918 0.474032 0.15918 0.464589
1 0.140625 0.849858 0.140625 0.856468 0.146484 0.856468 0.147461 0.855524 0.148438 0.855524 0.148438 0.849858
0 0.348633 0.784703 0.347656 0.785647 0.34668 0.785647 0.345703 0.786591 0.344727 0.786591 0.34375 0.787535 0.342773 0.787535 0.341797 0.78848 0.34082 0.78848 0.337891 0.791313 0.337891 0.811143 0.344727 0.811143 0.344727 0.810198 0.345703 0.809254 0.345703 0.80831 0.34668 0.807365 0.34668 0.802644 0.348633 0.800755 0.348633 0.799811 0.351562 0.796978 0.353516 0.796978 0.354492 0.797923 0.357422 0.797923 0.360352 0.79509 0.360352 0.784703
0 0.841797 0.637394 0.837891 0.641171 0.836914 0.641171 0.835938 0.642115 0.834961 0.642115 0.833984 0.643059 0.833008 0.643059 0.832031 0.644004 0.830078 0.644004 0.829102 0.644948 0.828125 0.644948 0.827148 0.645892 0.826172 0.645892 0.824219 0.647781 0.823242 0.647781 0.822266 0.648725 0.821289 0.648725 0.820312 0.64967 0.819336 0.64967 0.81543 0.653447 0.814453 0.653447 0.813477 0.654391 0.8125 0.654391 0.811523 0.655335 0.811523 0.66289 0.819336 0.66289 0.822266 0.660057 0.822266 0.659112 0.827148 0.654391 0.828125 0.654391 0.829102 0.653447 0.831055 0.653447 0.832031 0.652502 0.833008 0.652502 0.833984 0.651558 0.834961 0.651558 0.835938 0.650614 0.836914 0.650614 0.837891 0.64967 0.839844 0.64967 0.84082 0.648725 0.841797 0.648725 0.842773 0.647781 0.84375 0.647781 0.845703 0.645892 0.845703 0.644948 0.84668 0.644004 0.847656 0.644004 0.848633 0.643059 0.848633 0.637394
1 0.658203 0.17186 0.657227 0.172805 0.647461 0.172805 0.645508 0.174693 0.645508 0.175637 0.644531 0.176582 0.644531 0.18508 0.645508 0.186025 0.646484 0.186025 0.647461 0.186969 0.65625 0.186969 0.657227 0.186025 0.661133 0.186025 0.662109 0.18508 0.666016 0.18508 0.666992 0.184136 0.667969 0.184136 0.667969 0.17186
1 0.486328 0.804533 0.486328 0.807365 0.487305 0.80831 0.487305 0.812087 0.488281 0.813031 0.488281 0.813975 0.489258 0.81492 0.493164 0.81492 0.496094 0.812087 0.496094 0.811143 0.498047 0.809254 0.498047 0.804533
1 0.421875 0.118036 0.420898 0.11898 0.419922 0.11898 0.419922 0.129367 0.420898 0.129367 0.421875 0.130312 0.423828 0.130312 0.424805 0.129367 0.429688 0.129367 0.430664 0.128423 0.432617 0.128423 0.433594 0.127479 0.433594 0.118036
0 0.943359 0.331445 0.943359 0.361662 0.945312 0.363551 0.946289 0.363551 0.947266 0.364495 0.947266 0.365439 0.950195 0.368272 0.950195 0.369216 0.952148 0.371105 0.952148 0.372993 0.953125 0.373938 0.953125 0.375826 0.954102 0.376771 0.954102 0.392823 0.953125 0.393768 0.953125 0.399433 0.952148 0.400378 0.952148 0.405099 0.951172 0.406043 0.951172 0.409821 0.950195 0.410765 0.950195 0.412653 0.949219 0.413598 0.949219 0.415486 0.948242 0.416431 0.948242 0.417375 0.947266 0.418319 0.945312 0.418319 0.951172 0.418319 0.951172 0.417375 0.952148 0.416431 0.952148 0.414542 0.955078 0.411709 0.956055 0.411709 0.957031 0.410765 0.958008 0.410765 0.958008 0.409821 0.959961 0.407932 0.959961 0.406988 0.961914 0.405099 0.961914 0.404155 0.962891 0.403211 0.962891 0.402266 0.963867 0.401322 0.963867 0.400378 0.964844 0.399433 0.964844 0.397545 0.96582 0.396601 0.96582 0.372049 0.964844 0.371105 0.964844 0.370161 0.963867 0.369216 0.963867 0.368272 0.960938 0.365439 0.960938 0.364495 0.959961 0.363551 0.959961 0.362606 0.958008 0.360718 0.958008 0.359773 0.956055 0.357885 0.956055 0.356941 0.954102 0.355052 0.954102 0.349386 0.955078 0.348442 0.955078 0.346553 0.957031 0.344665 0.957031 0.34372 0.958008 0.342776 0.958008 0.340888 0.958984 0.339943 0.958984 0.338055 0.958008 0.33711 0.958008 0.331445
0 0.296875 0.580737 0.296875 0.593957 0.297852 0.594901 0.297852 0.596789 0.298828 0.597734 0.298828 0.599622 0.301758 0.602455 0.302734 0.602455 0.303711 0.603399 0.306641 0.603399 0.306641 0.601511 0.307617 0.600567 0.307617 0.580737
1 0.644531 0.355996 0.644531 0.368272 0.650391 0.368272 0.65332 0.365439 0.654297 0.365439 0.654297 0.363551 0.655273 0.362606 0.655273 0.355996
0 0.0419922 0.553352 0.0419922 0.573182 0.0410156 0.574127 0.0410156 0.590179 0.0400391 0.591124 0.0400391 0.593012 0.0390625 0.593957 0.0390625 0.594901 0.0380859 0.595845 0.0380859 0.596789 0.0371094 0.597734 0.0371094 0.598678 0.0361328 0.599622 0.0361328 0.600567 0.0351562 0.601511 0.0351562 0.602455 0.0341797 0.603399 0.0341797 0.606232 0.0332031 0.607177 0.0332031 0.611898 0.0322266 0.612842 0.0322266 0.616619 0.03125 0.617564 0.03125 0.641171 0.0322266 0.642115 0.0322266 0.643059 0.0332031 0.644004 0.0439453 0.644004 0.0439453 0.642115 0.0449219 0.641171 0.0449219 0.635505 0.0439453 0.634561 0.0439453 0.627951 0.046875 0.625118 0.0517578 0.625118 0.0517578 0.553352
1 0.206055 0.750708 0.205078 0.751652 0.203125 0.751652 0.202148 0.752597 0.202148 0.753541 0.201172 0.754485 0.201172 0.756374 0.200195 0.757318 0.200195 0.759207 0.199219 0.760151 0.199219 0.761095 0.198242 0.76204 0.198242 0.770538 0.208008 0.770538 0.208008 0.750708
1 0.657227 0.759207 0.655273 0.761095 0.655273 0.769594 0.663086 0.769594 0.664062 0.76865 0.665039 0.76865 0.665039 0.759207
1 0.523438 0.454202 0.520508 0.457035 0.520508 0.457979 0.519531 0.458924 0.519531 0.468366 0.520508 0.469311 0.521484 0.469311 0.522461 0.470255 0.527344 0.470255 0.52832 0.469311 0.529297 0.469311 0.530273 0.468366 0.53125 0.468366 0.532227 0.467422 0.532227 0.466478 0.533203 0.465534 0.533203 0.464589 0.53418 0.463645 0.53418 0.454202
1 0.347656 0.524079 0.347656 0.538244 0.349609 0.540132 0.357422 0.540132 0.357422 0.524079
1 0.506836 0.791313 0.505859 0.792257 0.504883 0.792257 0.503906 0.793201 0.503906 0.8017 0.511719 0.8017 0.512695 0.800755 0.514648 0.800755 0.514648 0.792257 0.512695 0.792257 0.511719 0.791313
1 0.15332 0.288952 0.15332 0.29745 0.155273 0.299339 0.15625 0.299339 0.157227 0.300283 0.158203 0.300283 0.15918 0.299339 0.161133 0.299339 0.162109 0.298395 0.162109 0.288952
1 0.954102 0.21813 0.954102 0.232295 0.955078 0.233239 0.955078 0.234183 0.956055 0.234183 0.957031 0.235127 0.958008 0.235127 0.958984 0.236072 0.960938 0.236072 0.961914 0.237016 0.970703 0.237016 0.973633 0.234183 0.973633 0.233239 0.974609 0.232295 0.974609 0.23135 0.975586 0.230406 0.975586 0.219075 0.974609 0.219075 0.973633 0.220019 0.970703 0.220019 0.96875 0.221907 0.967773 0.221907 0.963867 0.225685 0.962891 0.22474 0.961914 0.22474 0.959961 0.222852 0.959961 0.221907 0.958984 0.220963 0.958984 0.220019 0.959961 0.219075 0.959961 0.21813
1 0.186523 0.607177 0.186523 0.608121 0.18457 0.610009 0.18457 0.610954 0.182617 0.612842 0.181641 0.611898 0.179688 0.611898 0.179688 0.616619 0.181641 0.618508 0.181641 0.619452 0.182617 0.620397 0.182617 0.621341 0.183594 0.622285 0.18457 0.622285 0.185547 0.623229 0.1875 0.623229 0.188477 0.624174 0.19043 0.624174 0.193359 0.621341 0.193359 0.620397 0.194336 0.619452 0.194336 0.607177
1 0.511719 0.249292 0.510742 0.250236 0.510742 0.258735 0.520508 0.258735 0.520508 0.249292
1 0.0761719 0.931067 0.0742188 0.932956 0.0732422 0.932956 0.0722656 0.9339 0.0722656 0.934844 0.0732422 0.935788 0.0732422 0.936733 0.0742188 0.936733 0.0761719 0.938621 0.0771484 0.938621 0.078125 0.939566 0.0791016 0.939566 0.0791016 0.931067
1 0.613281 0.571294 0.613281 0.572238 0.612305 0.573182 0.612305 0.574127 0.611328 0.575071 0.611328 0.576015 0.610352 0.576959 0.610352 0.582625 0.611328 0.583569 0.612305 0.583569 0.613281 0.584514 0.616211 0.584514 0.617188 0.583569 0.617188 0.582625 0.620117 0.579792 0.621094 0.579792 0.621094 0.571294
1 0.116211 0.307838 0.116211 0.308782 0.115234 0.309726 0.115234 0.31067 0.114258 0.311615 0.114258 0.32389 0.115234 0.324835 0.125977 0.324835 0.125977 0.307838
1 0.0234375 0.540132 0.0224609 0.541076 0.0205078 0.541076 0.0195312 0.542021 0.0185547 0.542021 0.0175781 0.542965 0.0166016 0.542965 0.015625 0.543909 0.015625 0.556185 0.0273438 0.556185 0.0283203 0.555241 0.0332031 0.555241 0.0341797 0.554296 0.0371094 0.554296 0.0380859 0.553352 0.0390625 0.553352 0.0400391 0.552408 0.0400391 0.543909 0.0380859 0.542021 0.0380859 0.541076 0.0371094 0.540132
1 0.270508 0.282342 0.270508 0.294618 0.271484 0.295562 0.274414 0.295562 0.275391 0.294618 0.276367 0.294618 0.277344 0.293673 0.279297 0.293673 0.280273 0.292729 0.280273 0.282342
0 0.890625 0 0.890625 0.00661001 0.893555 0.00944287 0.895508 0.00944287 0.897461 0.0113314 0.898438 0.0113314 0.899414 0.0122757 0.900391 0.0122757 0.902344 0.0103872 0.902344 0
1 0.391602 0.864967 0.391602 0.866856 0.390625 0.8678 0.390625 0.871577 0.397461 0.871577 0.397461 0.864967
0 0.40332 0.189802 0.40332 0.190746 0.402344 0.19169 0.402344 0.192635 0.401367 0.193579 0.401367 0.195467 0.400391 0.196412 0.400391 0.1983 0.399414 0.199245 0.399414 0.220963 0.400391 0.221907 0.400391 0.223796 0.402344 0.225685 0.402344 0.226629 0.404297 0.228517 0.404297 0.23135 0.412109 0.23135 0.412109 0.203022 0.411133 0.202077 0.412109 0.201133 0.412109 0.194523 0.411133 0.193579 0.411133 0.192635 0.410156 0.19169 0.410156 0.190746 0.40918 0.189802
1 0.219727 0.3305 0.21875 0.331445 0.21875 0.336166 0.226562 0.336166 0.226562 0.3305
0 0.0556641 0.366383 0.0546875 0.367328 0.0546875 0.369216 0.0537109 0.370161 0.0537109 0.374882 0.0517578 0.376771 0.0498047 0.376771 0.0488281 0.377715 0.0449219 0.377715 0.0458984 0.378659 0.0507812 0.378659 0.0517578 0.377715 0.0546875 0.377715 0.0546875 0.376771 0.0556641 0.375826 0.0576172 0.375826 0.0585938 0.374882 0.0644531 0.374882 0.0654297 0.373938 0.0693359 0.373938 0.0703125 0.372993 0.0849609 0.372993 0.0859375 0.373938 0.0898438 0.373938 0.0908203 0.374882 0.0917969 0.374882 0.0927734 0.375826 0.09375 0.374882 0.0947266 0.374882 0.0957031 0.373938 0.0957031 0.370161 0.0927734 0.367328 0.0917969 0.367328 0.0908203 0.366383
1 0.408203 0.478754 0.408203 0.479698 0.407227 0.480642 0.407227 0.495751 0.408203 0.496695 0.410156 0.496695 0.411133 0.497639 0.414062 0.497639 0.415039 0.498584 0.416016 0.498584 0.417969 0.496695 0.418945 0.496695 0.418945 0.495751 0.416016 0.492918 0.416016 0.491974 0.415039 0.491029 0.415039 0.490085 0.416016 0.489141 0.416992 0.489141 0.418945 0.487252 0.418945 0.486308 0.419922 0.485364 0.419922 0.478754
1 0.415039 0.447592 0.415039 0.455146 0.416992 0.455146 0.417969 0.456091 0.419922 0.456091 0.420898 0.457035 0.421875 0.457035 0.422852 0.456091 0.424805 0.456091 0.425781 0.455146 0.426758 0.455146 0.426758 0.447592
1 0.393555 0.0453258 0.393555 0.0472144 0.394531 0.0481586 0.394531 0.0500472 0.395508 0.0509915 0.395508 0.0594901 0.394531 0.0604344 0.404297 0.0604344 0.404297 0.0585458 0.405273 0.0576015 0.405273 0.0566572 0.40625 0.0557129 0.40625 0.0453258
0 0.0537109 0.379603 0.0537109 0.380548 0.0546875 0.380548 0.0566406 0.382436 0.0566406 0.384325 0.0537109 0.387158 0.0537109 0.402266 0.0585938 0.402266 0.0595703 0.401322 0.0615234 0.401322 0.0625 0.402266 0.0751953 0.402266 0.0751953 0.392823 0.0742188 0.391879 0.0732422 0.391879 0.0693359 0.388102 0.0693359 0.387158 0.0683594 0.386213 0.0683594 0.383381 0.0673828 0.382436 0.0673828 0.380548 0.0664062 0.379603
0 0.833008 0.769594 0.833008 0.792257 0.834961 0.794145 0.834961 0.79509 0.837891 0.797923 0.842773 0.797923 0.84375 0.796978 0.84375 0.79509 0.844727 0.794145 0.844727 0.792257 0.845703 0.791313 0.845703 0.780925 0.84668 0.779981 0.84668 0.769594
1 0.112305 0.75543 0.109375 0.758263 0.109375 0.760151 0.108398 0.761095 0.108398 0.76204 0.107422 0.762984 0.107422 0.763928 0.105469 0.765817 0.105469 0.76865 0.103516 0.770538 0.103516 0.777148 0.104492 0.778093 0.105469 0.778093 0.106445 0.779037 0.107422 0.779037 0.108398 0.779981 0.112305 0.779981 0.114258 0.778093 0.114258 0.777148 0.116211 0.77526 0.116211 0.75543
1 0.55957 0.611898 0.557617 0.613787 0.557617 0.627951 0.578125 0.627951 0.579102 0.627007 0.579102 0.611898
1 0.674805 0.0594901 0.674805 0.0623229 0.675781 0.0632672 0.675781 0.0661001 0.676758 0.0670444 0.676758 0.0679887 0.677734 0.068933 0.677734 0.0698772 0.679688 0.0717658 0.680664 0.0717658 0.683594 0.068933 0.683594 0.0679887 0.68457 0.0670444 0.68457 0.0594901
1 0.530273 0.85458 0.530273 0.866856 0.538086 0.866856 0.540039 0.864967 0.540039 0.864023 0.541016 0.863078 0.541016 0.85458
0 0.114258 0.866856 0.113281 0.8678 0.111328 0.8678 0.110352 0.868744 0.106445 0.868744 0.105469 0.869688 0.102539 0.869688 0.101562 0.870633 0.0996094 0.870633 0.0986328 0.871577 0.0957031 0.871577 0.0957031 0.879131 0.0966797 0.879131 0.0976562 0.880076 0.100586 0.880076 0.101562 0.88102 0.120117 0.88102 0.121094 0.881964 0.124023 0.881964 0.125 0.882908 0.128906 0.882908 0.129883 0.881964 0.130859 0.881964 0.130859 0.876298 0.128906 0.87441 0.12793 0.87441 0.126953 0.873466 0.125 0.873466 0.123047 0.871577 0.123047 0.868744 0.125 0.866856
0 0.611328 0.472144 0.611328 0.478754 0.612305 0.479698 0.612305 0.480642 0.613281 0.481586 0.613281 0.482531 0.614258 0.483475 0.614258 0.485364 0.615234 0.486308 0.615234 0.487252 0.616211 0.488196 0.616211 0.489141 0.617188 0.490085 0.617188 0.491029 0.618164 0.491974 0.618164 0.494806 0.619141 0.495751 0.619141 0.497639 0.618164 0.498584 0.618164 0.503305 0.617188 0.504249 0.617188 0.506138 0.615234 0.508026 0.615234 0.509915 0.616211 0.509915 0.617188 0.510859 0.62207 0.510859 0.623047 0.509915 0.624023 0.509915 0.625 0.508971 0.625 0.508026 0.625977 0.507082 0.625977 0.504249 0.626953 0.503305 0.626953 0.502361 0.625977 0.501416 0.625977 0.498584 0.625 0.497639 0.625 0.484419 0.624023 0.483475 0.624023 0.476865 0.623047 0.475921 0.623047 0.473088 0.62207 0.472144
0 0.253906 0.454202 0.25293 0.455146 0.25293 0.457035 0.251953 0.457979 0.251953 0.458924 0.250977 0.459868 0.250977 0.460812 0.249023 0.462701 0.249023 0.463645 0.248047 0.464589 0.246094 0.464589 0.246094 0.465534 0.248047 0.467422 0.248047 0.468366 0.249023 0.469311 0.249023 0.477809 0.25 0.478754 0.25 0.490085 0.250977 0.491029 0.250977 0.508971 0.251953 0.509915 0.251953 0.511804 0.25293 0.512748 0.25293 0.513692 0.253906 0.514636 0.255859 0.514636 0.256836 0.513692 0.257812 0.513692 0.259766 0.511804 0.260742 0.511804 0.260742 0.510859 0.261719 0.509915 0.261719 0.506138 0.260742 0.505194 0.260742 0.498584 0.259766 0.497639 0.259766 0.490085 0.260742 0.489141 0.260742 0.484419 0.261719 0.483475 0.261719 0.481586 0.262695 0.480642 0.262695 0.472144 0.261719 0.471199 0.261719 0.470255 0.259766 0.468366 0.259766 0.465534 0.258789 0.464589 0.258789 0.460812 0.257812 0.459868 0.257812 0.457979 0.256836 0.457035 0.256836 0.456091 0.254883 0.454202
1 0.697266 0.913126 0.697266 0.923513 0.698242 0.923513 0.699219 0.924457 0.703125 0.924457 0.706055 0.92729 0.712891 0.92729 0.712891 0.913126
0 0.344727 0.397545 0.34375 0.398489 0.342773 0.398489 0.341797 0.399433 0.341797 0.400378 0.34082 0.401322 0.34082 0.402266 0.339844 0.403211 0.339844 0.406043 0.338867 0.406988 0.338867 0.407932 0.337891 0.408876 0.337891 0.419263 0.336914 0.420208 0.336914 0.421152 0.337891 0.422096 0.337891 0.426818 0.338867 0.427762 0.338867 0.429651 0.339844 0.430595 0.339844 0.431539 0.34082 0.432483 0.34082 0.434372 0.341797 0.435316 0.341797 0.436261 0.342773 0.437205 0.342773 0.439093 0.34375 0.440038 0.34375 0.440982 0.344727 0.441926 0.344727 0.442871 0.345703 0.443815 0.345703 0.444759 0.34668 0.445704 0.34668 0.446648 0.347656 0.447592 0.347656 0.448536 0.348633 0.449481 0.348633 0.450425 0.349609 0.451369 0.349609 0.453258 0.350586 0.454202 0.350586 0.455146 0.351562 0.456091 0.351562 0.457035 0.354492 0.457035 0.357422 0.459868 0.357422 0.460812 0.357422 0.459868 0.358398 0.458924 0.358398 0.453258 0.357422 0.452314 0.357422 0.450425 0.356445 0.449481 0.356445 0.446648 0.355469 0.445704 0.355469 0.441926 0.354492 0.440982 0.354492 0.437205 0.353516 0.436261 0.353516 0.433428 0.352539 0.432483 0.352539 0.431539 0.350586 0.429651 0.350586 0.428706 0.349609 0.427762 0.349609 0.425873 0.348633 0.424929 0.348633 0.422096 0.347656 0.421152 0.347656 0.411709 0.348633 0.410765 0.348633 0.408876 0.349609 0.407932 0.349609 0.405099 0.350586 0.404155 0.350586 0.402266 0.34668 0.398489 0.345703 0.398489
1 0.264648 0.549575 0.263672 0.550519 0.263672 0.551464 0.262695 0.552408 0.262695 0.554296 0.260742 0.556185 0.258789 0.556185 0.258789 0.563739 0.259766 0.563739 0.260742 0.562795 0.262695 0.562795 0.263672 0.563739 0.268555 0.563739 0.269531 0.562795 0.270508 0.562795 0.272461 0.560907 0.273438 0.560907 0.273438 0.559962 0.274414 0.559018 0.274414 0.549575
1 0.0859375 0.0793201 0.0859375 0.0972616 0.0986328 0.0972616 0.103516 0.0925401 0.103516 0.0793201
1 0.317383 0.661945 0.317383 0.671388 0.325195 0.671388 0.328125 0.668555 0.328125 0.661945
1 0.311523 0.529745 0.311523 0.537299 0.313477 0.539188 0.322266 0.539188 0.323242 0.538244 0.323242 0.529745
1 0.389648 0.385269 0.389648 0.398489 0.399414 0.398489 0.400391 0.397545 0.402344 0.397545 0.40332 0.396601 0.40332 0.385269
1 0.275391 0.334278 0.275391 0.346553 0.28418 0.346553 0.285156 0.345609 0.286133 0.345609 0.286133 0.344665 0.287109 0.34372 0.287109 0.342776 0.288086 0.341832 0.288086 0.334278
1 0.486328 0.389046 0.486328 0.389991 0.483398 0.392823 0.483398 0.393768 0.482422 0.394712 0.482422 0.404155 0.483398 0.405099 0.483398 0.406043 0.484375 0.406043 0.485352 0.406988 0.493164 0.406988 0.494141 0.406043 0.495117 0.406043 0.496094 0.405099 0.496094 0.389046
0 0.272461 0.908404 0.271484 0.909348 0.270508 0.909348 0.267578 0.912181 0.263672 0.912181 0.262695 0.911237 0.260742 0.911237 0.260742 0.912181 0.259766 0.913126 0.259766 0.915014 0.258789 0.915958 0.258789 0.919736 0.257812 0.92068 0.257812 0.92729 0.258789 0.928234 0.258789 0.930123 0.259766 0.931067 0.259766 0.932011 0.260742 0.932956 0.261719 0.932956 0.267578 0.92729 0.267578 0.926346 0.268555 0.925401 0.268555 0.924457 0.272461 0.92068 0.273438 0.92068 0.275391 0.918791 0.276367 0.918791 0.277344 0.917847 0.277344 0.916903 0.27832 0.915958 0.27832 0.908404
0 0.046875 0.265345 0.046875 0.266289 0.0449219 0.268178 0.0449219 0.269122 0.0400391 0.273843 0.0400391 0.274788 0.0371094 0.27762 0.0371094 0.278565 0.0361328 0.279509 0.0361328 0.280453 0.0351562 0.281398 0.0341797 0.281398 0.0322266 0.283286 0.03125 0.283286 0.0302734 0.28423 0.0292969 0.28423 0.0283203 0.285175 0.0263672 0.285175 0.0253906 0.286119 0.0234375 0.286119 0.0224609 0.287063 0.0205078 0.287063 0.0195312 0.288008 0.0185547 0.288008 0.015625 0.29084 0.015625 0.291785 0.0136719 0.293673 0.0136719 0.294618 0.0126953 0.295562 0.0126953 0.296506 0.0117188 0.29745 0.0117188 0.300283 0.0107422 0.301228 0.0107422 0.307838 0.0146484 0.307838 0.015625 0.306893 0.0166016 0.307838 0.0224609 0.307838 0.0224609 0.30406 0.0214844 0.303116 0.0234375 0.301228 0.0253906 0.301228 0.0263672 0.300283 0.0273438 0.300283 0.0302734 0.29745 0.03125 0.29745 0.0322266 0.296506 0.0332031 0.296506 0.0341797 0.295562 0.0351562 0.295562 0.0371094 0.293673 0.0380859 0.293673 0.0400391 0.291785 0.0410156 0.291785 0.0429688 0.289896 0.0429688 0.288952 0.0439453 0.288008 0.0439453 0.287063 0.0449219 0.286119 0.0449219 0.285175 0.0458984 0.28423 0.0458984 0.283286 0.0478516 0.281398 0.0478516 0.280453 0.0498047 0.278565 0.0498047 0.27762 0.0507812 0.276676 0.0507812 0.275732 0.0517578 0.274788 0.0517578 0.273843 0.0546875 0.27101 0.0546875 0.270066 0.0556641 0.269122 0.0556641 0.265345
0 0.0322266 0.376771 0.03125 0.377715 0.03125 0.379603 0.0302734 0.380548 0.0302734 0.381492 0.0283203 0.383381 0.0283203 0.385269 0.0292969 0.386213 0.0292969 0.387158 0.0302734 0.388102 0.0302734 0.389046 0.0351562 0.393768 0.0351562 0.394712 0.0371094 0.396601 0.0380859 0.396601 0.0410156 0.399433 0.0419922 0.399433 0.0439453 0.397545 0.0449219 0.397545 0.0449219 0.396601 0.0458984 0.395656 0.0458984 0.392823 0.046875 0.391879 0.046875 0.387158 0.0478516 0.386213 0.0478516 0.384325 0.0507812 0.381492 0.0517578 0.381492 0.0527344 0.380548 0.0537109 0.380548 0.0546875 0.379603 0.0556641 0.379603 0.0566406 0.378659 0.0576172 0.378659 0.0595703 0.376771
1 0.245117 0.174693 0.244141 0.175637 0.242188 0.175637 0.241211 0.176582 0.240234 0.176582 0.239258 0.177526 0.239258 0.17847 0.238281 0.179415 0.238281 0.182247 0.237305 0.183192 0.237305 0.184136 0.238281 0.18508 0.238281 0.186025 0.239258 0.186969 0.239258 0.187913 0.240234 0.188857 0.240234 0.189802 0.25 0.189802 0.250977 0.188857 0.251953 0.188857 0.251953 0.174693
0 0.458984 0.541076 0.457031 0.542965 0.457031 0.543909 0.456055 0.544854 0.456055 0.545798 0.454102 0.547687 0.453125 0.547687 0.451172 0.549575 0.451172 0.550519 0.450195 0.551464 0.450195 0.552408 0.443359 0.559018 0.443359 0.559962 0.442383 0.560907 0.441406 0.560907 0.439453 0.562795 0.438477 0.562795 0.436523 0.564684 0.435547 0.564684 0.43457 0.565628 0.43457 0.575071 0.435547 0.576015 0.435547 0.576959 0.441406 0.576959 0.441406 0.576015 0.442383 0.575071 0.442383 0.574127 0.443359 0.573182 0.443359 0.572238 0.449219 0.566572 0.449219 0.565628 0.461914 0.553352 0.461914 0.552408 0.462891 0.551464 0.462891 0.550519 0.463867 0.549575 0.463867 0.548631 0.464844 0.547687 0.464844 0.541076
1 0.211914 0.866856 0.210938 0.8678 0.210938 0.871577 0.212891 0.873466 0.213867 0.873466 0.214844 0.87441 0.216797 0.87441 0.216797 0.866856
0 0.382812 0.620397 0.382812 0.622285 0.381836 0.623229 0.381836 0.625118 0.380859 0.626062 0.380859 0.627951 0.379883 0.628895 0.379883 0.637394 0.380859 0.638338 0.380859 0.641171 0.381836 0.642115 0.381836 0.643059 0.383789 0.644948 0.383789 0.645892 0.384766 0.646837 0.385742 0.646837 0.387695 0.648725 0.388672 0.648725 0.389648 0.64967 0.390625 0.64967 0.391602 0.650614 0.393555 0.650614 0.394531 0.651558 0.395508 0.651558 0.396484 0.652502 0.398438 0.652502 0.399414 0.653447 0.407227 0.653447 0.408203 0.652502 0.410156 0.652502 0.411133 0.651558 0.412109 0.651558 0.413086 0.650614 0.414062 0.650614 0.415039 0.64967 0.416992 0.64967 0.417969 0.648725 0.418945 0.648725 0.419922 0.647781 0.421875 0.647781 0.426758 0.643059 0.427734 0.643059 0.428711 0.642115 0.429688 0.642115 0.431641 0.640227 0.432617 0.640227 0.432617 0.639282 0.433594 0.638338 0.43457 0.638338 0.435547 0.637394 0.436523 0.637394 0.4375 0.636449 0.438477 0.636449 0.439453 0.635505 0.44043 0.635505 0.441406 0.634561 0.443359 0.634561 0.444336 0.633617 0.444336 0.632672 0.443359 0.631728 0.443359 0.630784 0.442383 0.629839 0.442383 0.628895 0.441406 0.627951 0.44043 0.627951 0.439453 0.628895 0.435547 0.628895 0.43457 0.629839 0.433594 0.629839 0.432617 0.630784 0.430664 0.630784 0.429688 0.631728 0.428711 0.631728 0.427734 0.632672 0.426758 0.632672 0.423828 0.635505 0.422852 0.635505 0.421875 0.636449 0.420898 0.636449 0.419922 0.637394 0.418945 0.637394 0.417969 0.638338 0.416992 0.638338 0.416016 0.639282 0.414062 0.639282 0.413086 0.640227 0.411133 0.640227 0.410156 0.641171 0.396484 0.641171 0.395508 0.640227 0.394531 0.640227 0.391602 0.637394 0.391602 0.636449 0.390625 0.635505 0.390625 0.631728 0.389648 0.630784 0.389648 0.626062 0.387695 0.624174 0.387695 0.623229 0.384766 0.620397
1 0.211914 0.338999 0.210938 0.339943 0.210938 0.341832 0.209961 0.342776 0.209961 0.344665 0.208984 0.345609 0.208984 0.346553 0.209961 0.347498 0.216797 0.347498 0.216797 0.338999
1 0.0292969 0.949953 0.0292969 0.95373 0.0341797 0.958451 0.0351562 0.958451 0.0361328 0.957507 0.0371094 0.957507 0.0390625 0.955619 0.0400391 0.955619 0.0410156 0.954674 0.0410156 0.949953
1 0.847656 0.502361 0.847656 0.510859 0.848633 0.510859 0.849609 0.511804 0.855469 0.511804 0.856445 0.510859 0.857422 0.510859 0.859375 0.508971 0.859375 0.502361
0 0.850586 0.142587 0.849609 0.143532 0.84668 0.143532 0.845703 0.144476 0.844727 0.144476 0.84375 0.14542 0.842773 0.14542 0.84082 0.147309 0.839844 0.147309 0.838867 0.148253 0.836914 0.148253 0.835938 0.149197 0.833008 0.149197 0.833008 0.156752 0.838867 0.156752 0.839844 0.155807 0.841797 0.155807 0.842773 0.154863 0.844727 0.154863 0.845703 0.153919 0.84668 0.153919 0.847656 0.152975 0.851562 0.152975 0.852539 0.15203 0.855469 0.15203 0.856445 0.151086 0.858398 0.151086 0.859375 0.150142 0.863281 0.150142 0.863281 0.142587
1 0.732422 0.590179 0.731445 0.591124 0.729492 0.591124 0.729492 0.604344 0.736328 0.604344 0.737305 0.603399 0.738281 0.603399 0.738281 0.602455 0.741211 0.599622 0.741211 0.598678 0.743164 0.596789 0.743164 0.590179
0 0.395508 0.561851 0.395508 0.562795 0.396484 0.562795 0.397461 0.563739 0.399414 0.563739 0.400391 0.564684 0.40332 0.564684 0.404297 0.565628 0.405273 0.565628 0.408203 0.568461 0.408203 0.569405 0.40918 0.570349 0.40918 0.572238 0.408203 0.573182 0.408203 0.575071 0.407227 0.576015 0.407227 0.577904 0.40625 0.578848 0.40625 0.579792 0.404297 0.581681 0.404297 0.582625 0.40332 0.583569 0.40332 0.584514 0.401367 0.586402 0.401367 0.587347 0.400391 0.588291 0.400391 0.589235 0.399414 0.590179 0.399414 0.596789 0.398438 0.597734 0.398438 0.607177 0.40918 0.607177 0.410156 0.606232 0.410156 0.605288 0.411133 0.604344 0.411133 0.603399 0.412109 0.602455 0.412109 0.592068 0.413086 0.591124 0.413086 0.585458 0.414062 0.584514 0.414062 0.581681 0.415039 0.580737 0.415039 0.579792 0.416016 0.578848 0.416016 0.561851
0 0.164062 0.566572 0.164062 0.567517 0.162109 0.569405 0.162109 0.570349 0.160156 0.572238 0.160156 0.573182 0.15625 0.576959 0.15625 0.577904 0.155273 0.578848 0.155273 0.580737 0.154297 0.581681 0.154297 0.583569 0.15332 0.584514 0.15332 0.590179 0.161133 0.590179 0.161133 0.589235 0.164062 0.586402 0.164062 0.585458 0.165039 0.584514 0.165039 0.583569 0.166992 0.581681 0.166992 0.580737 0.167969 0.579792 0.167969 0.569405 0.166992 0.569405
1 0.663086 0.203966 0.663086 0.222852 0.664062 0.222852 0.665039 0.223796 0.666016 0.223796 0.666992 0.22474 0.669922 0.22474 0.670898 0.223796 0.673828 0.223796 0.674805 0.222852 0.674805 0.221907 0.676758 0.220019 0.676758 0.219075 0.677734 0.21813 0.677734 0.203966
1 0.211914 0.81492 0.209961 0.816808 0.208984 0.816808 0.208008 0.817753 0.207031 0.817753 0.206055 0.818697 0.206055 0.823418 0.207031 0.824363 0.214844 0.824363 0.21582 0.823418 0.21582 0.81492
1 0.201172 0.407932 0.201172 0.417375 0.202148 0.416431 0.206055 0.416431 0.207031 0.415486 0.21582 0.415486 0.216797 0.416431 0.217773 0.416431 0.217773 0.407932
0 0 0.693107 0 0.716714 0.00683594 0.716714 0.00683594 0.693107
1 0.740234 0.70916 0.739258 0.710104 0.739258 0.711992 0.738281 0.712937 0.738281 0.716714 0.740234 0.718602 0.741211 0.718602 0.742188 0.719547 0.745117 0.719547 0.748047 0.716714 0.748047 0.70916
1 0.730469 0.548631 0.729492 0.549575 0.729492 0.550519 0.728516 0.551464 0.728516 0.552408 0.727539 0.553352 0.727539 0.558074 0.726562 0.559018 0.729492 0.561851 0.734375 0.561851 0.735352 0.560907 0.736328 0.560907 0.737305 0.559962 0.737305 0.548631
0 0.202148 0.0207743 0.202148 0.0217186 0.201172 0.0226629 0.201172 0.0236072 0.197266 0.0273843 0.196289 0.0273843 0.196289 0.0302172 0.197266 0.0292729 0.208984 0.0292729 0.209961 0.0302172 0.211914 0.0302172 0.212891 0.0311615 0.213867 0.0311615 0.21582 0.03305 0.216797 0.03305 0.217773 0.0339943 0.21875 0.0339943 0.219727 0.0349386 0.220703 0.0349386 0.22168 0.0358829 0.222656 0.0358829 0.222656 0.02644 0.22168 0.02644 0.21582 0.0207743
1 0.304688 0.72899 0.303711 0.729934 0.303711 0.731822 0.302734 0.732767 0.302734 0.734655 0.305664 0.737488 0.306641 0.737488 0.307617 0.736544 0.30957 0.736544 0.310547 0.7356 0.310547 0.72899
1 0.416992 0.328612 0.413086 0.332389 0.413086 0.342776 0.418945 0.342776 0.419922 0.341832 0.421875 0.341832 0.422852 0.340888 0.422852 0.328612
1 0.37207 0.517469 0.37207 0.518414 0.371094 0.519358 0.371094 0.521246 0.369141 0.523135 0.369141 0.529745 0.370117 0.530689 0.37793 0.530689 0.378906 0.529745 0.379883 0.529745 0.380859 0.528801 0.380859 0.519358 0.378906 0.517469
1 0.510742 0.184136 0.510742 0.193579 0.516602 0.193579 0.517578 0.192635 0.518555 0.192635 0.519531 0.19169 0.520508 0.19169 0.520508 0.184136
1 0.37207 0.520302 0.371094 0.521246 0.371094 0.522191 0.368164 0.525024 0.368164 0.529745 0.370117 0.531634 0.37793 0.531634 0.378906 0.530689 0.378906 0.520302
0 0.427734 0.525968 0.427734 0.526912 0.426758 0.527856 0.426758 0.528801 0.427734 0.529745 0.427734 0.532578 0.428711 0.533522 0.426758 0.535411 0.425781 0.535411 0.424805 0.536355 0.423828 0.536355 0.422852 0.537299 0.420898 0.537299 0.419922 0.538244 0.419922 0.539188 0.418945 0.540132 0.418945 0.542021 0.416992 0.543909 0.416016 0.543909 0.415039 0.544854 0.414062 0.544854 0.414062 0.548631 0.425781 0.548631 0.426758 0.547687 0.43457 0.547687 0.435547 0.546742 0.438477 0.546742 0.438477 0.539188 0.4375 0.538244 0.4375 0.536355 0.436523 0.535411 0.436523 0.533522 0.4375 0.532578 0.4375 0.525968
0 0.0878906 0.644948 0.0878906 0.645892 0.0859375 0.647781 0.0859375 0.648725 0.0849609 0.64967 0.0849609 0.654391 0.0839844 0.655335 0.0839844 0.665722 0.0830078 0.666667 0.0830078 0.674221 0.0820312 0.675165 0.0820312 0.677054 0.0800781 0.678942 0.0791016 0.678942 0.078125 0.679887 0.0771484 0.679887 0.0751953 0.681775 0.0751953 0.68272 0.0732422 0.684608 0.0664062 0.684608 0.0654297 0.683664 0.0664062 0.68272 0.0693359 0.68272 0.0703125 0.681775 0.0703125 0.680831 0.0712891 0.679887 0.0712891 0.677998 0.0693359 0.67611 0.0693359 0.674221 0.0683594 0.673277 0.0683594 0.671388 0.0673828 0.670444 0.0673828 0.6695 0.0664062 0.668555 0.0664062 0.667611 0.0654297 0.666667 0.0654297 0.664778 0.0644531 0.663834 0.0644531 0.661945 0.0634766 0.661001 0.0634766 0.652502 0.0615234 0.650614 0.0605469 0.650614 0.0605469 0.688385 0.0615234 0.68933 0.0615234 0.690274 0.0654297 0.694051 0.0683594 0.694051 0.0693359 0.693107 0.0703125 0.693107 0.0712891 0.692162 0.0742188 0.692162 0.0751953 0.691218 0.078125 0.691218 0.0791016 0.690274 0.0820312 0.690274 0.0849609 0.687441 0.0947266 0.687441 0.0976562 0.690274 0.0986328 0.690274 0.0986328 0.68272 0.0976562 0.68272 0.0966797 0.681775 0.0957031 0.681775 0.0917969 0.677998 0.0917969 0.663834 0.0927734 0.66289 0.0927734 0.659112 0.09375 0.658168 0.09375 0.655335 0.0947266 0.654391 0.0947266 0.644948
0 0.244141 0.335222 0.244141 0.342776 0.245117 0.34372 0.268555 0.34372 0.269531 0.344665 0.271484 0.344665 0.273438 0.346553 0.27832 0.346553 0.279297 0.347498 0.280273 0.347498 0.28125 0.346553 0.283203 0.346553 0.283203 0.335222
1 0.0234375 0.85458 0.0214844 0.856468 0.0214844 0.86119 0.0234375 0.863078 0.0244141 0.863078 0.0263672 0.864967 0.0273438 0.864967 0.0283203 0.865911 0.0302734 0.865911 0.03125 0.866856 0.0361328 0.866856 0.0361328 0.85458
0 0.615234 0.482531 0.615234 0.486308 0.616211 0.487252 0.616211 0.488196 0.617188 0.489141 0.617188 0.490085 0.618164 0.491029 0.618164 0.493862 0.619141 0.494806 0.619141 0.499528 0.618164 0.500472 0.618164 0.504249 0.617188 0.505194 0.617188 0.506138 0.615234 0.508026 0.615234 0.509915 0.616211 0.510859 0.624023 0.510859 0.625977 0.508971 0.626953 0.508971 0.626953 0.507082 0.62793 0.506138 0.62793 0.504249 0.628906 0.503305 0.634766 0.503305 0.634766 0.494806 0.634766 0.495751 0.633789 0.496695 0.633789 0.497639 0.632812 0.498584 0.632812 0.499528 0.629883 0.502361 0.628906 0.502361 0.626953 0.500472 0.626953 0.499528 0.625977 0.498584 0.625977 0.496695 0.625 0.495751 0.625 0.485364 0.624023 0.484419 0.624023 0.482531
1 0.37793 0.759207 0.376953 0.760151 0.375977 0.760151 0.375977 0.76865 0.376953 0.769594 0.379883 0.769594 0.380859 0.76865 0.383789 0.76865 0.385742 0.766761 0.385742 0.760151 0.384766 0.759207
1 0.514648 0.2644 0.515625 0.265345 0.515625 0.266289 0.514648 0.267233 0.514648 0.27101 0.515625 0.271955 0.520508 0.271955 0.520508 0.269122 0.521484 0.268178 0.521484 0.2644
1 0.378906 0.657224 0.378906 0.664778 0.385742 0.664778 0.385742 0.658168 0.384766 0.657224
0 0.762695 0.440982 0.762695 0.441926 0.759766 0.444759 0.758789 0.444759 0.757812 0.445704 0.756836 0.445704 0.755859 0.446648 0.755859 0.447592 0.750977 0.452314 0.750977 0.454202 0.75 0.455146 0.75 0.466478 0.758789 0.466478 0.759766 0.465534 0.759766 0.464589 0.758789 0.463645 0.758789 0.457979 0.760742 0.456091 0.760742 0.455146 0.762695 0.453258 0.762695 0.452314 0.763672 0.451369 0.766602 0.451369 0.767578 0.450425 0.768555 0.450425 0.769531 0.449481 0.772461 0.449481 0.772461 0.440982
1 0.707031 0.704438 0.707031 0.707271 0.706055 0.708215 0.706055 0.70916 0.705078 0.710104 0.705078 0.718602 0.707031 0.718602 0.708008 0.717658 0.708984 0.717658 0.709961 0.716714 0.710938 0.716714 0.713867 0.713881 0.713867 0.712937 0.71582 0.711048 0.71582 0.704438
0 0.296875 0.0708215 0.295898 0.0717658 0.293945 0.0717658 0.293945 0.0745987 0.292969 0.075543 0.292969 0.0774315 0.293945 0.0783758 0.293945 0.0849858 0.294922 0.0859301 0.294922 0.0897073 0.289062 0.095373 0.288086 0.095373 0.286133 0.0972616 0.286133 0.0982059 0.285156 0.0991501 0.285156 0.100094 0.28418 0.101039 0.28418 0.102927 0.285156 0.103872 0.285156 0.104816 0.286133 0.10576 0.288086 0.10576 0.289062 0.106704 0.291016 0.106704 0.291992 0.107649 0.292969 0.107649 0.297852 0.102927 0.298828 0.102927 0.298828 0.101039 0.299805 0.100094 0.299805 0.0708215
1 0.558594 0.730878 0.558594 0.7356 0.56543 0.7356 0.56543 0.730878
1 0.697266 0.101983 0.697266 0.118036 0.708008 0.118036 0.708008 0.101983
1 0.0947266 0.804533 0.09375 0.805477 0.0927734 0.805477 0.0927734 0.817753 0.103516 0.817753 0.104492 0.816808 0.106445 0.816808 0.108398 0.81492 0.108398 0.804533
0 0.595703 0.824363 0.595703 0.830973 0.59668 0.831917 0.59668 0.83475 0.597656 0.835694 0.597656 0.839471 0.598633 0.840415 0.598633 0.84136 0.599609 0.842304 0.600586 0.842304 0.601562 0.843248 0.603516 0.843248 0.604492 0.842304 0.604492 0.825307 0.603516 0.824363
0 0.816406 0.613787 0.816406 0.615675 0.81543 0.616619 0.81543 0.617564 0.814453 0.618508 0.814453 0.619452 0.811523 0.622285 0.810547 0.622285 0.80957 0.623229 0.808594 0.623229 0.805664 0.626062 0.804688 0.626062 0.803711 0.627007 0.802734 0.627007 0.801758 0.627951 0.801758 0.628895 0.800781 0.629839 0.800781 0.630784 0.798828 0.632672 0.798828 0.633617 0.797852 0.634561 0.797852 0.635505 0.796875 0.636449 0.796875 0.637394 0.795898 0.638338 0.795898 0.640227 0.794922 0.641171 0.794922 0.642115 0.791992 0.644948 0.791016 0.644948 0.788086 0.647781 0.788086 0.648725 0.786133 0.650614 0.786133 0.651558 0.78418 0.653447 0.78418 0.654391 0.782227 0.65628 0.782227 0.657224 0.776367 0.66289 0.775391 0.66289 0.774414 0.663834 0.772461 0.663834 0.771484 0.664778 0.770508 0.664778 0.770508 0.665722 0.768555 0.667611 0.768555 0.668555 0.766602 0.670444 0.766602 0.671388 0.765625 0.672332 0.765625 0.673277 0.764648 0.674221 0.764648 0.675165 0.763672 0.67611 0.763672 0.683664 0.764648 0.684608 0.764648 0.685552 0.765625 0.686497 0.766602 0.686497 0.767578 0.687441 0.770508 0.687441 0.773438 0.684608 0.773438 0.683664 0.776367 0.680831 0.776367 0.679887 0.777344 0.678942 0.777344 0.677998 0.77832 0.677054 0.77832 0.67611 0.779297 0.675165 0.779297 0.674221 0.783203 0.670444 0.783203 0.6695 0.786133 0.666667 0.786133 0.665722 0.788086 0.663834 0.788086 0.66289 0.789062 0.661945 0.790039 0.661945 0.790039 0.661001 0.791992 0.659112 0.791992 0.658168 0.792969 0.657224 0.792969 0.65628 0.794922 0.654391 0.794922 0.653447 0.796875 0.651558 0.796875 0.650614 0.798828 0.648725 0.799805 0.648725 0.800781 0.647781 0.801758 0.647781 0.803711 0.645892 0.803711 0.644948 0.804688 0.644004 0.804688 0.643059 0.80957 0.638338 0.80957 0.637394 0.810547 0.636449 0.811523 0.636449 0.813477 0.634561 0.81543 0.634561 0.816406 0.633617 0.817383 0.633617 0.818359 0.632672 0.818359 0.613787
1 0.354492 0.75543 0.352539 0.757318 0.352539 0.76204 0.353516 0.762984 0.353516 0.765817 0.354492 0.766761 0.354492 0.76865 0.364258 0.76865 0.367188 0.765817 0.367188 0.75543
1 0.477539 0.0783758 0.477539 0.0897073 0.486328 0.0897073 0.488281 0.0878187 0.488281 0.0868744 0.489258 0.0859301 0.489258 0.0783758
1 0.213867 0.484419 0.213867 0.501416 0.219727 0.501416 0.219727 0.500472 0.220703 0.499528 0.220703 0.496695 0.22168 0.495751 0.222656 0.495751 0.223633 0.496695 0.223633 0.497639 0.224609 0.498584 0.225586 0.498584 0.226562 0.499528 0.235352 0.499528 0.235352 0.498584 0.236328 0.497639 0.236328 0.484419
0 0.419922 0.891407 0.419922 0.906516 0.420898 0.906516 0.424805 0.910293 0.424805 0.911237 0.432617 0.918791 0.433594 0.918791 0.43457 0.919736 0.435547 0.919736 0.436523 0.918791 0.436523 0.908404 0.431641 0.903683 0.431641 0.902738 0.429688 0.90085 0.429688 0.899906 0.426758 0.897073 0.426758 0.89424 0.427734 0.893296 0.427734 0.892351 0.428711 0.891407
1 0.145508 0.683664 0.145508 0.697828 0.151367 0.697828 0.152344 0.698772 0.15918 0.698772 0.160156 0.697828 0.163086 0.697828 0.163086 0.684608 0.162109 0.683664
1 0.303711 0.90085 0.302734 0.901794 0.302734 0.903683 0.303711 0.904627 0.303711 0.906516 0.304688 0.90746 0.304688 0.910293 0.305664 0.911237 0.305664 0.912181 0.307617 0.91407 0.307617 0.915014 0.305664 0.916903 0.304688 0.915958 0.303711 0.915958 0.302734 0.915014 0.300781 0.915014 0.299805 0.91407 0.299805 0.922568 0.300781 0.922568 0.301758 0.923513 0.303711 0.923513 0.305664 0.925401 0.306641 0.925401 0.307617 0.924457 0.310547 0.924457 0.311523 0.923513 0.3125 0.923513 0.3125 0.90085
1 0.495117 0.0670444 0.494141 0.0679887 0.492188 0.0679887 0.492188 0.0783758 0.5 0.0783758 0.501953 0.0764873 0.50293 0.0764873 0.503906 0.075543 0.503906 0.0670444
1 0.702148 0.915958 0.702148 0.926346 0.704102 0.928234 0.705078 0.928234 0.706055 0.929178 0.71582 0.929178 0.717773 0.92729 0.717773 0.916903 0.716797 0.915958
1 0.588867 0.28423 0.587891 0.285175 0.587891 0.287063 0.586914 0.288008 0.586914 0.291785 0.587891 0.292729 0.587891 0.293673 0.588867 0.294618 0.591797 0.294618 0.59375 0.292729 0.594727 0.292729 0.597656 0.289896 0.595703 0.288008 0.595703 0.287063 0.592773 0.28423
1 0.000976562 0.407932 0.000976562 0.423041 0.00976562 0.423041 0.0107422 0.422096 0.0107422 0.407932
1 0.699219 0.201133 0.699219 0.209632 0.708008 0.209632 0.708008 0.201133
0 0.194336 0.133144 0.194336 0.134089 0.193359 0.135033 0.193359 0.152975 0.198242 0.157696 0.198242 0.159585 0.199219 0.160529 0.199219 0.163362 0.200195 0.164306 0.200195 0.169027 0.201172 0.169972 0.201172 0.174693 0.202148 0.175637 0.202148 0.176582 0.203125 0.177526 0.203125 0.17847 0.207031 0.182247 0.208008 0.182247 0.208984 0.183192 0.209961 0.182247 0.209961 0.151086 0.208984 0.150142 0.208984 0.144476 0.208008 0.143532 0.208008 0.141643 0.207031 0.140699 0.207031 0.137866 0.206055 0.136922 0.206055 0.135033 0.205078 0.134089 0.205078 0.133144
1 0.769531 0.131256 0.765625 0.135033 0.765625 0.141643 0.775391 0.141643 0.775391 0.140699 0.777344 0.13881 0.777344 0.131256
0 0.632812 0.216242 0.631836 0.217186 0.630859 0.217186 0.628906 0.219075 0.628906 0.232295 0.629883 0.233239 0.630859 0.233239 0.631836 0.234183 0.632812 0.234183 0.633789 0.235127 0.642578 0.235127 0.643555 0.234183 0.645508 0.234183 0.647461 0.232295 0.647461 0.23135 0.648438 0.230406 0.648438 0.227573 0.650391 0.225685 0.650391 0.22474 0.651367 0.223796 0.651367 0.216242
1 0.164062 0.563739 0.163086 0.564684 0.162109 0.564684 0.162109 0.565628 0.160156 0.567517 0.160156 0.568461 0.15918 0.569405 0.158203 0.569405 0.15625 0.571294 0.15625 0.574127 0.155273 0.575071 0.155273 0.576015 0.154297 0.576959 0.154297 0.588291 0.162109 0.588291 0.164062 0.586402 0.164062 0.585458 0.165039 0.584514 0.165039 0.583569 0.166992 0.581681 0.166992 0.565628 0.166016 0.564684 0.165039 0.564684
1 0.547852 0.000944287 0.547852 0.00283286 0.545898 0.00472144 0.545898 0.00566572 0.544922 0.00661001 0.544922 0.0103872 0.545898 0.0113314 0.546875 0.0113314 0.548828 0.01322 0.558594 0.01322 0.558594 0.0122757 0.55957 0.0113314 0.55957 0.000944287
1 0.510742 0.659112 0.510742 0.665722 0.511719 0.666667 0.511719 0.668555 0.512695 0.6695 0.512695 0.670444 0.515625 0.673277 0.516602 0.673277 0.517578 0.674221 0.522461 0.674221 0.523438 0.673277 0.524414 0.673277 0.524414 0.659112
0 0.609375 0.176582 0.609375 0.184136 0.610352 0.18508 0.611328 0.18508 0.613281 0.186969 0.613281 0.187913 0.614258 0.188857 0.614258 0.190746 0.616211 0.192635 0.617188 0.192635 0.621094 0.196412 0.623047 0.196412 0.624023 0.195467 0.625 0.195467 0.625977 0.194523 0.626953 0.194523 0.62793 0.193579 0.628906 0.193579 0.629883 0.192635 0.629883 0.19169 0.630859 0.190746 0.630859 0.188857 0.631836 0.187913 0.631836 0.176582 0.623047 0.176582 0.623047 0.177526 0.62207 0.17847 0.621094 0.177526 0.619141 0.177526 0.618164 0.176582
1 0.0615234 0.941454 0.0595703 0.943343 0.0595703 0.950897 0.0693359 0.950897 0.0703125 0.949953 0.0703125 0.941454
1 0.207031 0.0491029 0.207031 0.0519358 0.206055 0.0528801 0.206055 0.0557129 0.205078 0.0566572 0.205078 0.0613787 0.207031 0.0632672 0.207031 0.0642115 0.208008 0.0651558 0.214844 0.0651558 0.216797 0.0632672 0.216797 0.0623229 0.21875 0.0604344 0.21875 0.0594901 0.219727 0.0585458 0.219727 0.0491029
1 0.181641 0.279509 0.180664 0.280453 0.177734 0.280453 0.176758 0.281398 0.172852 0.281398 0.172852 0.282342 0.171875 0.283286 0.171875 0.292729 0.177734 0.292729 0.178711 0.291785 0.180664 0.291785 0.181641 0.29084 0.183594 0.29084 0.18457 0.289896 0.18457 0.288952 0.186523 0.287063 0.186523 0.280453 0.185547 0.280453 0.18457 0.279509
0 0.151367 0.82153 0.151367 0.830028 0.154297 0.830028 0.155273 0.830973 0.158203 0.830973 0.160156 0.832861 0.161133 0.832861 0.163086 0.83475 0.163086 0.835694 0.164062 0.836638 0.164062 0.837583 0.166016 0.835694 0.166992 0.835694 0.167969 0.83475 0.169922 0.83475 0.169922 0.826251 0.168945 0.825307 0.167969 0.825307 0.166992 0.824363 0.166016 0.824363 0.164062 0.822474 0.163086 0.822474 0.162109 0.82153
1 0.175781 0.431539 0.174805 0.432483 0.174805 0.434372 0.173828 0.435316 0.173828 0.437205 0.172852 0.438149 0.172852 0.439093 0.171875 0.440038 0.172852 0.440982 0.173828 0.440982 0.174805 0.441926 0.175781 0.441926
1 0.316406 0.727101 0.316406 0.736544 0.317383 0.736544 0.318359 0.737488 0.319336 0.737488 0.320312 0.738432 0.327148 0.738432 0.327148 0.727101
0 0.0986328 0.382436 0.0996094 0.383381 0.0996094 0.386213 0.100586 0.387158 0.100586 0.389046 0.101562 0.389991 0.100586 0.390935 0.100586 0.392823 0.0996094 0.393768 0.0996094 0.396601 0.0986328 0.397545 0.0986328 0.401322 0.0976562 0.402266 0.0976562 0.406043 0.0966797 0.406988 0.0966797 0.414542 0.0976562 0.415486 0.0976562 0.417375 0.0986328 0.418319 0.0986328 0.419263 0.0996094 0.420208 0.0996094 0.421152 0.100586 0.421152 0.101562 0.422096 0.103516 0.422096 0.104492 0.423041 0.106445 0.423041 0.112305 0.417375 0.112305 0.415486 0.113281 0.414542 0.113281 0.413598 0.112305 0.412653 0.112305 0.403211 0.113281 0.402266 0.113281 0.392823 0.114258 0.391879 0.114258 0.389991 0.113281 0.389046 0.113281 0.386213 0.112305 0.385269 0.112305 0.383381 0.111328 0.382436
1 0.297852 0.420208 0.297852 0.428706 0.299805 0.430595 0.302734 0.430595 0.303711 0.431539 0.305664 0.431539 0.306641 0.430595 0.307617 0.430595 0.308594 0.429651 0.308594 0.420208
1 0.0615234 0.738432 0.0615234 0.741265 0.0625 0.74221 0.0625 0.743154 0.0634766 0.744098 0.0634766 0.752597 0.0712891 0.752597 0.0742188 0.749764 0.0742188 0.738432
1 0.539062 0.205855 0.539062 0.214353 0.541016 0.216242 0.541992 0.216242 0.542969 0.217186 0.544922 0.217186 0.545898 0.21813 0.546875 0.21813 0.547852 0.219075 0.548828 0.219075 0.549805 0.220019 0.551758 0.220019 0.551758 0.205855
1 0.0771484 0.777148 0.0771484 0.782814 0.078125 0.783758 0.078125 0.785647 0.0771484 0.786591 0.0771484 0.78848 0.0751953 0.790368 0.0742188 0.790368 0.0742188 0.796034 0.0791016 0.796034 0.0791016 0.79509 0.0800781 0.794145 0.0849609 0.794145 0.0859375 0.79509 0.0869141 0.794145 0.0888672 0.794145 0.0898438 0.793201 0.0927734 0.793201 0.0927734 0.777148
1 0.671875 0.556185 0.670898 0.557129 0.670898 0.568461 0.669922 0.569405 0.669922 0.572238 0.670898 0.573182 0.675781 0.573182 0.675781 0.572238 0.677734 0.570349 0.677734 0.569405 0.680664 0.566572 0.680664 0.556185
0 0.522461 0.793201 0.522461 0.802644 0.524414 0.804533 0.524414 0.806421 0.525391 0.807365 0.525391 0.810198 0.526367 0.811143 0.526367 0.81492 0.527344 0.815864 0.527344 0.819641 0.52832 0.820585 0.52832 0.823418 0.529297 0.824363 0.529297 0.826251 0.530273 0.827195 0.530273 0.829084 0.53125 0.830028 0.53125 0.830973 0.532227 0.831917 0.53418 0.831917 0.538086 0.835694 0.538086 0.836638 0.543945 0.836638 0.546875 0.833806 0.547852 0.833806 0.545898 0.833806 0.544922 0.832861 0.542969 0.832861 0.540039 0.830028 0.540039 0.829084 0.539062 0.82814 0.539062 0.827195 0.537109 0.825307 0.537109 0.823418 0.536133 0.822474 0.536133 0.793201
1 0.259766 0.533522 0.259766 0.542965 0.263672 0.542965 0.264648 0.543909 0.268555 0.543909 0.269531 0.544854 0.274414 0.544854 0.277344 0.542021 0.277344 0.533522
1 0.748047 0.465534 0.748047 0.475921 0.751953 0.475921 0.75293 0.474976 0.753906 0.474976 0.754883 0.474032 0.755859 0.474032 0.756836 0.473088 0.757812 0.473088 0.757812 0.465534
1 0.177734 0.566572 0.177734 0.570349 0.178711 0.571294 0.178711 0.575071 0.179688 0.576015 0.179688 0.576959 0.180664 0.577904 0.180664 0.578848 0.181641 0.579792 0.185547 0.579792 0.185547 0.566572
1 0.301758 0.498584 0.299805 0.500472 0.299805 0.512748 0.300781 0.513692 0.302734 0.513692 0.303711 0.514636 0.305664 0.514636 0.306641 0.515581 0.307617 0.515581 0.308594 0.516525 0.3125 0.516525 0.31543 0.513692 0.31543 0.498584
1 0.541992 0.25779 0.541992 0.258735 0.541016 0.259679 0.541016 0.260623 0.540039 0.261568 0.539062 0.261568 0.537109 0.263456 0.537109 0.271955 0.542969 0.271955 0.547852 0.267233 0.547852 0.266289 0.548828 0.265345 0.548828 0.25779
1 0.603516 0.66289 0.603516 0.663834 0.600586 0.666667 0.600586 0.674221 0.611328 0.674221 0.611328 0.673277 0.612305 0.672332 0.612305 0.66289
1 0.0996094 0.355996 0.0996094 0.362606 0.100586 0.362606 0.101562 0.363551 0.106445 0.363551 0.107422 0.362606 0.108398 0.362606 0.109375 0.361662 0.109375 0.355996
0 0.458984 0.864023 0.458984 0.872521 0.461914 0.872521 0.466797 0.877243 0.46875 0.877243 0.469727 0.878187 0.472656 0.878187 0.473633 0.879131 0.476562 0.876298 0.477539 0.876298 0.478516 0.875354 0.483398 0.875354 0.484375 0.876298 0.486328 0.876298 0.487305 0.877243 0.488281 0.877243 0.489258 0.878187 0.489258 0.879131 0.491211 0.88102 0.492188 0.88102 0.493164 0.881964 0.493164 0.870633 0.491211 0.870633 0.490234 0.869688 0.489258 0.869688 0.488281 0.868744 0.487305 0.868744 0.486328 0.8678 0.485352 0.8678 0.484375 0.866856 0.483398 0.866856 0.482422 0.865911 0.481445 0.865911 0.480469 0.864967 0.478516 0.864967 0.477539 0.864023
1 0.571289 0.406988 0.570312 0.407932 0.567383 0.407932 0.567383 0.420208 0.573242 0.420208 0.574219 0.419263 0.576172 0.419263 0.577148 0.418319 0.578125 0.418319 0.578125 0.406988
0 0.157227 0.599622 0.155273 0.601511 0.155273 0.602455 0.154297 0.603399 0.154297 0.618508 0.154297 0.617564 0.155273 0.616619 0.155273 0.615675 0.15625 0.614731 0.15625 0.613787 0.157227 0.612842 0.160156 0.612842 0.161133 0.611898 0.163086 0.611898 0.164062 0.610954 0.165039 0.611898 0.165039 0.612842 0.166016 0.613787 0.166992 0.613787 0.167969 0.614731 0.167969 0.615675 0.168945 0.616619 0.171875 0.616619 0.172852 0.615675 0.175781 0.615675 0.175781 0.608121 0.173828 0.606232 0.173828 0.605288 0.172852 0.604344 0.172852 0.603399 0.169922 0.600567 0.168945 0.600567 0.167969 0.599622
1 0.269531 0.334278 0.269531 0.344665 0.271484 0.344665 0.273438 0.346553 0.276367 0.346553 0.277344 0.347498 0.282227 0.347498 0.283203 0.346553 0.285156 0.346553 0.286133 0.345609 0.286133 0.334278
0 0.131836 0.793201 0.12793 0.796978 0.12793 0.797923 0.128906 0.798867 0.128906 0.805477 0.129883 0.806421 0.129883 0.81492 0.12793 0.816808 0.12793 0.817753 0.125977 0.819641 0.125977 0.820585 0.125 0.82153 0.125 0.822474 0.124023 0.823418 0.124023 0.825307 0.123047 0.826251 0.123047 0.830028 0.124023 0.830973 0.124023 0.832861 0.125 0.833806 0.132812 0.833806 0.138672 0.82814 0.138672 0.827195 0.139648 0.826251 0.139648 0.796034 0.137695 0.794145 0.132812 0.794145
1 0.375 0.888574 0.375 0.902738 0.375977 0.903683 0.375977 0.904627 0.379883 0.908404 0.380859 0.908404 0.381836 0.909348 0.383789 0.909348 0.384766 0.910293 0.385742 0.910293 0.386719 0.911237 0.387695 0.911237 0.388672 0.912181 0.393555 0.912181 0.393555 0.898017 0.392578 0.897073 0.392578 0.893296 0.391602 0.892351 0.391602 0.891407 0.389648 0.889518 0.389648 0.888574
0 0.74707 0.123702 0.746094 0.124646 0.744141 0.124646 0.738281 0.130312 0.737305 0.130312 0.736328 0.131256 0.735352 0.131256 0.734375 0.1322 0.734375 0.142587 0.735352 0.143532 0.735352 0.14542 0.736328 0.146364 0.736328 0.147309 0.737305 0.148253 0.737305 0.149197 0.738281 0.150142 0.739258 0.149197 0.742188 0.149197 0.743164 0.148253 0.745117 0.148253 0.746094 0.147309 0.746094 0.146364 0.74707 0.14542 0.74707 0.143532 0.748047 0.142587 0.748047 0.140699 0.749023 0.139754 0.749023 0.123702
1 0.200195 0.729934 0.200195 0.739377 0.201172 0.740321 0.202148 0.740321 0.203125 0.741265 0.213867 0.741265 0.214844 0.740321 0.214844 0.731822 0.212891 0.729934
1 0.0380859 0.11898 0.0380859 0.120869 0.0371094 0.121813 0.0371094 0.122757 0.0361328 0.123702 0.0361328 0.124646 0.0351562 0.12559 0.0351562 0.130312 0.0361328 0.131256 0.0380859 0.131256 0.0390625 0.1322 0.0419922 0.1322 0.0429688 0.131256 0.0449219 0.131256 0.0458984 0.130312 0.0478516 0.130312 0.0478516 0.11898
1 0.407227 0.483475 0.407227 0.495751 0.40918 0.497639 0.410156 0.497639 0.411133 0.498584 0.412109 0.498584 0.413086 0.499528 0.414062 0.499528 0.415039 0.500472 0.416016 0.500472 0.416992 0.499528 0.417969 0.499528 0.418945 0.498584 0.419922 0.498584 0.420898 0.497639 0.421875 0.497639 0.421875 0.489141 0.420898 0.488196 0.420898 0.483475
1 0.373047 0.104816 0.37207 0.10576 0.361328 0.10576 0.361328 0.117092 0.373047 0.117092 0.373047 0.115203 0.374023 0.114259 0.374023 0.104816
1 0.0722656 0.517469 0.0693359 0.520302 0.0693359 0.525968 0.0703125 0.526912 0.0703125 0.528801 0.0712891 0.529745 0.0771484 0.529745 0.0771484 0.517469
0 0.494141 0.0311615 0.494141 0.0339943 0.495117 0.0339943 0.49707 0.0358829 0.498047 0.0358829 0.5 0.0377715 0.500977 0.0377715 0.50293 0.0396601 0.50293 0.0406043 0.503906 0.0415486 0.503906 0.0424929 0.505859 0.0443815 0.505859 0.0462701 0.506836 0.0472144 0.506836 0.0491029 0.505859 0.0500472 0.505859 0.0594901 0.506836 0.0594901 0.507812 0.0604344 0.510742 0.0604344 0.511719 0.0613787 0.514648 0.0585458 0.514648 0.0368272 0.511719 0.0339943 0.511719 0.03305 0.510742 0.0321058 0.510742 0.0311615
0 0.614258 0.764873 0.614258 0.765817 0.615234 0.766761 0.615234 0.767705 0.616211 0.76865 0.616211 0.769594 0.617188 0.770538 0.617188 0.772427 0.621094 0.776204 0.62207 0.776204 0.62793 0.78187 0.628906 0.78187 0.631836 0.784703 0.631836 0.785647 0.633789 0.787535 0.639648 0.787535 0.641602 0.785647 0.641602 0.782814 0.640625 0.78187 0.640625 0.780925 0.639648 0.779981 0.639648 0.779037 0.638672 0.778093 0.638672 0.776204 0.637695 0.77526 0.637695 0.774315 0.636719 0.774315 0.635742 0.773371 0.634766 0.773371 0.632812 0.771483 0.632812 0.769594 0.630859 0.767705 0.630859 0.766761 0.628906 0.764873
1 0.0693359 0.466478 0.0693359 0.480642 0.0839844 0.480642 0.0839844 0.466478
1 0.5625 0.912181 0.5625 0.919736 0.56543 0.922568 0.566406 0.922568 0.567383 0.923513 0.568359 0.923513 0.569336 0.924457 0.573242 0.924457 0.574219 0.923513 0.574219 0.912181
1 0.575195 0.403211 0.570312 0.407932 0.570312 0.418319 0.576172 0.418319 0.579102 0.415486 0.579102 0.414542 0.580078 0.413598 0.580078 0.403211
1 0.350586 0.90746 0.350586 0.911237 0.351562 0.912181 0.351562 0.91407 0.354492 0.916903 0.355469 0.916903 0.357422 0.918791 0.358398 0.918791 0.360352 0.916903 0.360352 0.90746
1 0.305664 0.741265 0.304688 0.74221 0.302734 0.74221 0.301758 0.743154 0.300781 0.743154 0.298828 0.745043 0.298828 0.74882 0.299805 0.749764 0.300781 0.749764 0.301758 0.750708 0.303711 0.750708 0.304688 0.751652 0.306641 0.751652 0.307617 0.750708 0.30957 0.750708 0.310547 0.749764 0.311523 0.749764 0.3125 0.74882 0.3125 0.743154 0.311523 0.74221 0.307617 0.74221 0.306641 0.741265
0 0.259766 0.826251 0.259766 0.830028 0.264648 0.83475 0.265625 0.83475 0.271484 0.840415 0.271484 0.84136 0.273438 0.843248 0.273438 0.844193 0.276367 0.847026 0.276367 0.84797 0.280273 0.851747 0.28125 0.851747 0.28418 0.848914 0.28418 0.84136 0.283203 0.840415 0.283203 0.839471 0.282227 0.838527 0.282227 0.837583 0.27832 0.833806 0.27832 0.832861 0.275391 0.830028 0.275391 0.829084 0.273438 0.827195 0.273438 0.826251
0 0.296875 0.364495 0.296875 0.371105 0.295898 0.372049 0.295898 0.373938 0.292969 0.376771 0.289062 0.376771 0.289062 0.393768 0.291992 0.396601 0.293945 0.396601 0.294922 0.395656 0.295898 0.395656 0.300781 0.390935 0.300781 0.389991 0.301758 0.389046 0.301758 0.387158 0.302734 0.386213 0.302734 0.384325 0.306641 0.380548 0.308594 0.380548 0.30957 0.381492 0.311523 0.381492 0.313477 0.383381 0.313477 0.384325 0.3125 0.385269 0.3125 0.386213 0.311523 0.387158 0.311523 0.390935 0.3125 0.390935 0.313477 0.391879 0.31543 0.391879 0.31543 0.378659 0.314453 0.377715 0.314453 0.374882 0.313477 0.373938 0.313477 0.370161 0.3125 0.369216 0.3125 0.367328 0.311523 0.366383 0.311523 0.365439 0.310547 0.364495
1 0.47168 0.362606 0.47168 0.372049 0.496094 0.372049 0.49707 0.371105 0.49707 0.368272 0.498047 0.367328 0.498047 0.365439 0.496094 0.363551 0.495117 0.363551 0.494141 0.362606
1 0.620117 0.665722 0.620117 0.681775 0.629883 0.681775 0.630859 0.680831 0.630859 0.679887 0.631836 0.678942 0.631836 0.665722
0 0.689453 0.655335 0.689453 0.65628 0.688477 0.657224 0.688477 0.658168 0.686523 0.660057 0.685547 0.660057 0.682617 0.66289 0.681641 0.66289 0.678711 0.665722 0.678711 0.674221 0.68457 0.674221 0.685547 0.673277 0.686523 0.673277 0.695312 0.664778 0.695312 0.655335
1 0.572266 0.720491 0.571289 0.721435 0.571289 0.729934 0.574219 0.732767 0.578125 0.732767 0.580078 0.730878 0.581055 0.730878 0.582031 0.729934 0.582031 0.720491
1 0.418945 0.238905 0.418945 0.240793 0.417969 0.241737 0.417969 0.242682 0.416992 0.243626 0.416992 0.24457 0.416016 0.245515 0.416016 0.249292 0.416992 0.248347 0.428711 0.248347 0.429688 0.247403 0.430664 0.247403 0.430664 0.238905
1 0.870117 0.451369 0.870117 0.452314 0.867188 0.455146 0.864258 0.455146 0.863281 0.456091 0.853516 0.456091 0.853516 0.463645 0.855469 0.465534 0.856445 0.465534 0.857422 0.466478 0.858398 0.466478 0.859375 0.467422 0.867188 0.467422 0.87207 0.462701 0.873047 0.462701 0.876953 0.458924 0.876953 0.451369
0 0.112305 0.8678 0.111328 0.868744 0.109375 0.868744 0.108398 0.869688 0.106445 0.869688 0.105469 0.870633 0.102539 0.870633 0.101562 0.871577 0.0976562 0.871577 0.0966797 0.872521 0.0947266 0.872521 0.0947266 0.879131 0.0966797 0.879131 0.0976562 0.880076 0.100586 0.880076 0.101562 0.88102 0.119141 0.88102 0.120117 0.881964 0.124023 0.881964 0.125 0.882908 0.128906 0.882908 0.129883 0.881964 0.132812 0.881964 0.133789 0.88102 0.137695 0.88102 0.138672 0.880076 0.139648 0.880076 0.139648 0.879131 0.141602 0.877243 0.141602 0.876298 0.142578 0.875354 0.142578 0.8678 0.139648 0.8678 0.136719 0.870633 0.136719 0.871577 0.132812 0.875354 0.130859 0.875354 0.129883 0.87441 0.128906 0.87441 0.12793 0.873466 0.125 0.873466 0.123047 0.871577 0.123047 0.8678
0 0.0888672 0.643059 0.0878906 0.644004 0.0878906 0.645892 0.0869141 0.646837 0.0869141 0.647781 0.0859375 0.648725 0.0859375 0.64967 0.0849609 0.650614 0.0849609 0.654391 0.0839844 0.655335 0.0839844 0.663834 0.0830078 0.664778 0.0830078 0.671388 0.0820312 0.672332 0.0820312 0.675165 0.0810547 0.67611 0.0810547 0.677054 0.0791016 0.678942 0.0791016 0.679887 0.078125 0.680831 0.078125 0.68272 0.0771484 0.683664 0.0771484 0.690274 0.0800781 0.690274 0.0800781 0.68933 0.0810547 0.688385 0.0810547 0.687441 0.0839844 0.684608 0.0859375 0.684608 0.0869141 0.683664 0.0927734 0.683664 0.0908203 0.681775 0.0908203 0.672332 0.0917969 0.671388 0.0917969 0.661945 0.0927734 0.661001 0.0927734 0.657224 0.09375 0.65628 0.09375 0.643059
0 0.0986328 0.394712 0.0976562 0.395656 0.0976562 0.403211 0.0966797 0.404155 0.0966797 0.415486 0.0976562 0.416431 0.0976562 0.418319 0.0986328 0.419263 0.0986328 0.420208 0.0996094 0.421152 0.0996094 0.422096 0.101562 0.422096 0.102539 0.423041 0.106445 0.423041 0.108398 0.421152 0.108398 0.420208 0.109375 0.419263 0.110352 0.419263 0.112305 0.417375 0.112305 0.415486 0.113281 0.414542 0.113281 0.411709 0.114258 0.410765 0.114258 0.405099 0.113281 0.404155 0.113281 0.400378 0.114258 0.399433 0.114258 0.394712
1 0.262695 0.116147 0.263672 0.117092 0.263672 0.118036 0.264648 0.11898 0.264648 0.119924 0.267578 0.122757 0.268555 0.122757 0.270508 0.120869 0.270508 0.116147
1 0.110352 0.494806 0.110352 0.517469 0.121094 0.517469 0.12207 0.516525 0.12207 0.494806
0 0.589844 0.605288 0.589844 0.618508 0.591797 0.620397 0.591797 0.621341 0.594727 0.624174 0.595703 0.624174 0.597656 0.626062 0.598633 0.626062 0.599609 0.627007 0.600586 0.627007 0.601562 0.627951 0.603516 0.627951 0.604492 0.628895 0.608398 0.628895 0.609375 0.627951 0.610352 0.627951 0.611328 0.627007 0.612305 0.627007 0.615234 0.624174 0.616211 0.624174 0.618164 0.622285 0.619141 0.622285 0.620117 0.621341 0.620117 0.620397 0.621094 0.619452 0.621094 0.607177 0.619141 0.605288
1 0.00585938 0.485364 0.00488281 0.486308 0.00488281 0.487252 0.00390625 0.488196 0.00390625 0.489141 0.00195312 0.491029 0.00195312 0.501416 0.00976562 0.501416 0.0107422 0.500472 0.0126953 0.500472 0.0136719 0.499528 0.0146484 0.499528 0.0166016 0.497639 0.0166016 0.485364
1 0.491211 0.379603 0.489258 0.381492 0.489258 0.382436 0.488281 0.383381 0.488281 0.389991 0.495117 0.389991 0.49707 0.388102 0.49707 0.380548 0.496094 0.379603
1 0.779297 0.757318 0.779297 0.772427 0.782227 0.772427 0.783203 0.773371 0.78418 0.773371 0.785156 0.772427 0.790039 0.772427 0.794922 0.767705 0.794922 0.757318
0 0.84668 0.143532 0.845703 0.144476 0.844727 0.144476 0.84375 0.14542 0.842773 0.14542 0.84082 0.147309 0.838867 0.147309 0.837891 0.148253 0.835938 0.148253 0.834961 0.149197 0.830078 0.149197 0.830078 0.15864 0.836914 0.15864 0.837891 0.157696 0.838867 0.157696 0.839844 0.156752 0.841797 0.156752 0.842773 0.155807 0.84375 0.155807 0.844727 0.154863 0.845703 0.154863 0.84668 0.153919 0.849609 0.153919 0.850586 0.152975 0.853516 0.152975 0.854492 0.15203 0.857422 0.15203 0.858398 0.151086 0.860352 0.151086 0.861328 0.150142 0.862305 0.151086 0.865234 0.151086 0.866211 0.15203 0.867188 0.15203 0.867188 0.143532
0 0.744141 0.107649 0.744141 0.114259 0.745117 0.115203 0.745117 0.116147 0.746094 0.117092 0.74707 0.117092 0.748047 0.118036 0.749023 0.118036 0.75 0.11898 0.750977 0.11898 0.751953 0.119924 0.753906 0.119924 0.754883 0.11898 0.757812 0.11898 0.758789 0.119924 0.760742 0.119924 0.760742 0.107649
0 0.0605469 0.677054 0.0605469 0.684608 0.0615234 0.685552 0.0615234 0.68933 0.0625 0.690274 0.0625 0.691218 0.0654297 0.694051 0.0654297 0.694995 0.0664062 0.69594 0.0673828 0.69594 0.0703125 0.693107 0.0722656 0.693107 0.0732422 0.692162 0.0751953 0.692162 0.0761719 0.691218 0.0800781 0.691218 0.0810547 0.690274 0.0830078 0.690274 0.0849609 0.688385 0.0859375 0.688385 0.0869141 0.687441 0.0947266 0.687441 0.0966797 0.68933 0.0976562 0.68933 0.0986328 0.690274 0.100586 0.690274 0.100586 0.68272 0.0976562 0.68272 0.0966797 0.681775 0.0947266 0.681775 0.09375 0.680831 0.0917969 0.680831 0.0908203 0.679887 0.0898438 0.679887 0.0869141 0.677054 0.0859375 0.677054 0.0859375 0.677998 0.0849609 0.678942 0.0839844 0.678942 0.0830078 0.679887 0.0810547 0.679887 0.0800781 0.680831 0.0771484 0.680831 0.0761719 0.681775 0.0761719 0.68272 0.0751953 0.683664 0.0751953 0.684608 0.0742188 0.685552 0.0664062 0.685552 0.0654297 0.684608 0.0644531 0.684608 0.0634766 0.683664 0.0644531 0.68272 0.0673828 0.68272 0.0683594 0.681775 0.0693359 0.681775 0.0712891 0.679887 0.0712891 0.677054
0 0.290039 0.440038 0.289062 0.440982 0.289062 0.442871 0.285156 0.446648 0.285156 0.447592 0.282227 0.450425 0.282227 0.459868 0.285156 0.459868 0.286133 0.458924 0.287109 0.458924 0.288086 0.459868 0.291992 0.459868 0.295898 0.463645 0.295898 0.464589 0.296875 0.465534 0.296875 0.469311 0.295898 0.470255 0.295898 0.472144 0.294922 0.473088 0.293945 0.473088 0.292969 0.474032 0.292969 0.474976 0.291992 0.475921 0.291992 0.479698 0.291016 0.480642 0.291016 0.481586 0.299805 0.481586 0.299805 0.479698 0.300781 0.478754 0.300781 0.474976 0.301758 0.474032 0.301758 0.473088 0.302734 0.472144 0.302734 0.471199 0.303711 0.470255 0.304688 0.470255 0.30957 0.465534 0.30957 0.457979 0.308594 0.457035 0.308594 0.456091 0.306641 0.454202 0.306641 0.452314 0.303711 0.449481 0.303711 0.448536 0.302734 0.447592 0.302734 0.445704 0.301758 0.444759 0.301758 0.442871 0.300781 0.441926 0.300781 0.440038
1 0.548828 0.298395 0.548828 0.299339 0.547852 0.300283 0.547852 0.302172 0.546875 0.303116 0.546875 0.30406 0.547852 0.305005 0.547852 0.307838 0.548828 0.308782 0.551758 0.308782 0.552734 0.307838 0.554688 0.307838 0.555664 0.306893 0.556641 0.306893 0.557617 0.305949 0.558594 0.305949 0.558594 0.298395
1 0.620117 0.454202 0.620117 0.455146 0.619141 0.456091 0.619141 0.457035 0.618164 0.457979 0.618164 0.458924 0.620117 0.460812 0.623047 0.460812 0.623047 0.454202
1 0.201172 0.731822 0.201172 0.740321 0.202148 0.741265 0.211914 0.741265 0.211914 0.731822
1 0.234375 0.0764873 0.234375 0.0859301 0.235352 0.0868744 0.238281 0.0868744 0.239258 0.0878187 0.240234 0.0878187 0.241211 0.088763 0.248047 0.088763 0.248047 0.0764873
1 0.251953 0.287063 0.251953 0.289896 0.248047 0.293673 0.24707 0.293673 0.24707 0.300283 0.250977 0.300283 0.251953 0.299339 0.255859 0.299339 0.256836 0.298395 0.260742 0.298395 0.261719 0.29745 0.261719 0.287063
1 0.253906 0.527856 0.253906 0.540132 0.254883 0.540132 0.255859 0.541076 0.257812 0.541076 0.258789 0.542021 0.263672 0.542021 0.264648 0.542965 0.273438 0.542965 0.275391 0.541076 0.275391 0.530689 0.274414 0.529745 0.273438 0.529745 0.271484 0.527856
1 0.674805 0.17186 0.674805 0.176582 0.675781 0.177526 0.675781 0.184136 0.676758 0.18508 0.676758 0.186025 0.678711 0.187913 0.678711 0.188857 0.679688 0.189802 0.682617 0.189802 0.683594 0.188857 0.686523 0.188857 0.6875 0.187913 0.6875 0.17186
0 0.198242 0.217186 0.198242 0.220963 0.197266 0.221907 0.197266 0.222852 0.196289 0.223796 0.196289 0.22474 0.195312 0.225685 0.195312 0.226629 0.194336 0.227573 0.194336 0.228517 0.193359 0.229462 0.193359 0.232295 0.192383 0.233239 0.192383 0.234183 0.191406 0.235127 0.191406 0.236072 0.19043 0.237016 0.189453 0.237016 0.188477 0.23796 0.18457 0.23796 0.182617 0.239849 0.182617 0.245515 0.183594 0.246459 0.183594 0.247403 0.18457 0.248347 0.18457 0.25118 0.194336 0.25118 0.194336 0.250236 0.196289 0.248347 0.196289 0.246459 0.197266 0.245515 0.197266 0.24457 0.198242 0.243626 0.198242 0.242682 0.199219 0.241737 0.199219 0.240793 0.200195 0.239849 0.200195 0.238905 0.202148 0.237016 0.202148 0.236072 0.203125 0.235127 0.203125 0.234183 0.204102 0.233239 0.204102 0.23135 0.205078 0.230406 0.205078 0.228517 0.206055 0.227573 0.206055 0.217186
1 0.298828 0.68272 0.298828 0.694051 0.299805 0.694051 0.300781 0.694995 0.301758 0.694995 0.302734 0.69594 0.304688 0.69594 0.305664 0.696884 0.311523 0.696884 0.3125 0.69594 0.313477 0.69594 0.313477 0.694995 0.31543 0.693107 0.31543 0.68272
0 0.151367 0.511804 0.150391 0.512748 0.149414 0.512748 0.144531 0.517469 0.143555 0.517469 0.142578 0.518414 0.142578 0.519358 0.141602 0.520302 0.141602 0.521246 0.140625 0.522191 0.140625 0.523135 0.139648 0.524079 0.139648 0.525024 0.136719 0.527856 0.136719 0.528801 0.134766 0.530689 0.134766 0.531634 0.133789 0.532578 0.133789 0.533522 0.128906 0.538244 0.128906 0.544854 0.129883 0.544854 0.130859 0.545798 0.131836 0.545798 0.132812 0.544854 0.133789 0.544854 0.134766 0.543909 0.135742 0.543909 0.136719 0.542965 0.137695 0.542965 0.138672 0.542021 0.139648 0.542021 0.139648 0.541076 0.141602 0.539188 0.141602 0.538244 0.144531 0.535411 0.144531 0.534467 0.146484 0.532578 0.146484 0.531634 0.147461 0.530689 0.147461 0.529745 0.149414 0.527856 0.149414 0.525968 0.151367 0.524079 0.151367 0.522191 0.152344 0.521246 0.152344 0.519358 0.15332 0.518414 0.15332 0.516525 0.154297 0.515581 0.154297 0.513692 0.152344 0.511804
0 0.211914 0.621341 0.208984 0.624174 0.208984 0.625118 0.208008 0.626062 0.208008 0.627951 0.207031 0.628895 0.207031 0.629839 0.206055 0.630784 0.206055 0.631728 0.205078 0.632672 0.205078 0.633617 0.203125 0.635505 0.203125 0.646837 0.208984 0.646837 0.21582 0.640227 0.21582 0.639282 0.216797 0.638338 0.216797 0.637394 0.220703 0.633617 0.220703 0.621341
1 0.485352 0.782814 0.485352 0.793201 0.493164 0.793201 0.495117 0.791313 0.495117 0.782814
0 0.211914 0.84136 0.210938 0.842304 0.210938 0.843248 0.209961 0.844193 0.209961 0.845137 0.208984 0.846081 0.209961 0.847026 0.210938 0.847026 0.212891 0.848914 0.213867 0.848914 0.217773 0.852691 0.217773 0.85458 0.21875 0.855524 0.21875 0.857413 0.219727 0.858357 0.219727 0.860246 0.220703 0.86119 0.220703 0.862134 0.22168 0.863078 0.224609 0.860246 0.224609 0.850803 0.223633 0.849858 0.223633 0.847026 0.222656 0.846081 0.222656 0.842304 0.22168 0.84136
1 0.442383 0.222852 0.442383 0.223796 0.443359 0.22474 0.443359 0.23135 0.444336 0.232295 0.444336 0.233239 0.451172 0.233239 0.451172 0.232295 0.452148 0.23135 0.452148 0.222852
1 0.349609 0.891407 0.349609 0.903683 0.360352 0.903683 0.360352 0.901794 0.361328 0.90085 0.361328 0.89424 0.360352 0.89424 0.359375 0.893296 0.358398 0.893296 0.357422 0.892351 0.354492 0.892351 0.353516 0.891407
1 0.00195312 0.157696 0.00195312 0.179415 0.0117188 0.179415 0.0126953 0.17847 0.0136719 0.17847 0.0136719 0.157696
1 0.0810547 0.700661 0.0800781 0.701605 0.078125 0.701605 0.0751953 0.704438 0.0742188 0.704438 0.0742188 0.712937 0.0800781 0.712937 0.0820312 0.711048 0.0830078 0.711048 0.0878906 0.706327 0.0878906 0.700661
1 0.0996094 0.509915 0.0966797 0.512748 0.0966797 0.514636 0.0957031 0.515581 0.0957031 0.522191 0.0976562 0.524079 0.102539 0.524079 0.104492 0.522191 0.104492 0.511804 0.103516 0.510859 0.102539 0.510859 0.101562 0.509915
1 0.203125 0.658168 0.203125 0.665722 0.204102 0.666667 0.204102 0.668555 0.205078 0.6695 0.205078 0.670444 0.206055 0.671388 0.206055 0.673277 0.207031 0.674221 0.207031 0.677054 0.208984 0.678942 0.214844 0.678942 0.214844 0.660057 0.213867 0.659112 0.213867 0.658168
0 0.0400391 0.593012 0.0400391 0.593957 0.0380859 0.595845 0.0380859 0.597734 0.0371094 0.598678 0.0371094 0.599622 0.0351562 0.601511 0.0351562 0.602455 0.0341797 0.603399 0.0341797 0.606232 0.0332031 0.607177 0.0332031 0.611898 0.0322266 0.612842 0.0322266 0.643059 0.0332031 0.644004 0.0332031 0.644948 0.0429688 0.644948 0.0429688 0.644004 0.0439453 0.643059 0.0439453 0.641171 0.0449219 0.640227 0.0439453 0.639282 0.0439453 0.627951 0.0458984 0.626062 0.046875 0.626062 0.0478516 0.625118 0.0488281 0.626062 0.0498047 0.626062 0.0517578 0.627951 0.0527344 0.627951 0.0527344 0.619452 0.0517578 0.618508 0.0517578 0.615675 0.0507812 0.614731 0.0507812 0.607177 0.0517578 0.606232 0.0517578 0.600567 0.0527344 0.599622 0.0527344 0.593012
1 0.269531 0.280453 0.269531 0.291785 0.28125 0.291785 0.282227 0.29084 0.282227 0.280453
0 0.0332031 0.608121 0.0332031 0.611898 0.0322266 0.612842 0.0322266 0.616619 0.03125 0.617564 0.03125 0.642115 0.0322266 0.643059 0.0322266 0.644004 0.0341797 0.645892 0.0429688 0.645892 0.0429688 0.644948 0.0439453 0.644004 0.0439453 0.642115 0.0449219 0.641171 0.0449219 0.637394 0.0439453 0.636449 0.0439453 0.628895 0.046875 0.626062 0.0488281 0.626062 0.0537109 0.630784 0.0537109 0.620397 0.0527344 0.619452 0.0527344 0.618508 0.0517578 0.617564 0.0517578 0.615675 0.0507812 0.614731 0.0507812 0.608121
1 0.370117 0.237016 0.370117 0.254013 0.371094 0.254957 0.374023 0.254957 0.375 0.255902 0.381836 0.255902 0.382812 0.254957 0.383789 0.254957 0.384766 0.254013 0.385742 0.254013 0.386719 0.253069 0.386719 0.252125 0.387695 0.25118 0.387695 0.250236 0.388672 0.249292 0.388672 0.248347 0.389648 0.247403 0.389648 0.243626 0.388672 0.242682 0.388672 0.241737 0.386719 0.239849 0.385742 0.239849 0.384766 0.238905 0.381836 0.238905 0.379883 0.240793 0.378906 0.240793 0.37793 0.241737 0.375 0.241737 0.373047 0.239849 0.374023 0.238905 0.374023 0.237016
1 0.128906 0.426818 0.12793 0.427762 0.12793 0.429651 0.128906 0.430595 0.128906 0.434372 0.129883 0.435316 0.135742 0.435316 0.135742 0.426818
0 0.749023 0.305005 0.74707 0.306893 0.74707 0.307838 0.740234 0.314448 0.740234 0.315392 0.736328 0.319169 0.735352 0.319169 0.734375 0.320113 0.733398 0.320113 0.732422 0.321058 0.731445 0.321058 0.730469 0.322002 0.730469 0.322946 0.728516 0.324835 0.727539 0.324835 0.726562 0.325779 0.724609 0.325779 0.723633 0.326723 0.722656 0.326723 0.719727 0.329556 0.71875 0.329556 0.717773 0.3305 0.716797 0.3305 0.716797 0.334278 0.724609 0.334278 0.727539 0.331445 0.728516 0.331445 0.729492 0.3305 0.730469 0.3305 0.731445 0.329556 0.733398 0.329556 0.734375 0.328612 0.735352 0.328612 0.736328 0.327668 0.737305 0.327668 0.741211 0.32389 0.742188 0.32389 0.751953 0.314448 0.751953 0.313503 0.753906 0.311615 0.753906 0.31067 0.755859 0.308782 0.755859 0.305949 0.754883 0.305005
1 0.774414 0.758263 0.774414 0.771483 0.775391 0.770538 0.777344 0.770538 0.77832 0.771483 0.779297 0.771483 0.780273 0.772427 0.78125 0.772427 0.782227 0.773371 0.785156 0.773371 0.786133 0.772427 0.789062 0.772427 0.790039 0.771483 0.791016 0.771483 0.793945 0.76865 0.793945 0.758263
1 0.790039 0.365439 0.790039 0.372993 0.796875 0.372993 0.797852 0.372049 0.797852 0.365439
1 0.369141 0.717658 0.368164 0.718602 0.368164 0.719547 0.367188 0.720491 0.367188 0.7356 0.369141 0.7356 0.369141 0.734655 0.370117 0.733711 0.378906 0.733711 0.379883 0.734655 0.380859 0.734655 0.380859 0.717658
0 0.114258 0.863078 0.114258 0.864967 0.112305 0.866856 0.111328 0.866856 0.110352 0.8678 0.107422 0.8678 0.106445 0.868744 0.105469 0.868744 0.105469 0.881964 0.108398 0.881964 0.109375 0.88102 0.120117 0.88102 0.121094 0.881964 0.129883 0.881964 0.130859 0.88102 0.137695 0.88102 0.140625 0.878187 0.140625 0.877243 0.142578 0.875354 0.143555 0.875354 0.144531 0.87441 0.145508 0.87441 0.145508 0.863078 0.139648 0.863078 0.139648 0.864967 0.137695 0.866856 0.137695 0.868744 0.136719 0.869688 0.136719 0.871577 0.135742 0.872521 0.135742 0.873466 0.133789 0.875354 0.132812 0.875354 0.131836 0.876298 0.130859 0.875354 0.129883 0.875354 0.128906 0.87441 0.12793 0.87441 0.126953 0.873466 0.125 0.873466 0.123047 0.871577 0.123047 0.870633 0.124023 0.869688 0.124023 0.868744 0.125977 0.866856 0.125977 0.865911 0.128906 0.863078
0 0.229492 0.777148 0.229492 0.780925 0.230469 0.78187 0.230469 0.785647 0.231445 0.786591 0.231445 0.789424 0.232422 0.790368 0.232422 0.792257 0.234375 0.794145 0.235352 0.794145 0.236328 0.79509 0.237305 0.79509 0.241211 0.798867 0.241211 0.799811 0.241211 0.779037 0.240234 0.778093 0.240234 0.777148
1 0.427734 0.857413 0.427734 0.864967 0.436523 0.864967 0.4375 0.864023 0.4375 0.857413
0 0.505859 0.0934844 0.504883 0.0944287 0.503906 0.0944287 0.50293 0.095373 0.50293 0.108593 0.504883 0.110482 0.505859 0.110482 0.506836 0.111426 0.507812 0.111426 0.508789 0.11237 0.510742 0.11237 0.511719 0.113314 0.517578 0.113314 0.521484 0.109537 0.521484 0.104816 0.520508 0.103872 0.520508 0.102927 0.521484 0.101983 0.522461 0.101983 0.523438 0.101039 0.524414 0.101039 0.524414 0.0934844
1 0.480469 0.558074 0.480469 0.566572 0.481445 0.567517 0.482422 0.567517 0.483398 0.568461 0.487305 0.568461 0.489258 0.566572 0.489258 0.558074
0 0.453125 0.000944287 0.453125 0.00566572 0.453125 0.00472144 0.454102 0.00377715 0.456055 0.00566572 0.456055 0.00661001 0.457031 0.0075543 0.457031 0.00849858 0.458008 0.00849858 0.458984 0.00944287 0.460938 0.00944287 0.461914 0.0103872 0.463867 0.0103872 0.464844 0.0113314 0.46582 0.0113314 0.466797 0.0122757 0.473633 0.0122757 0.476562 0.00944287 0.476562 0.000944287
0 0.569336 0.584514 0.567383 0.586402 0.567383 0.587347 0.564453 0.590179 0.564453 0.595845 0.563477 0.596789 0.563477 0.604344 0.5625 0.605288 0.5625 0.609065 0.561523 0.610009 0.561523 0.610954 0.556641 0.615675 0.556641 0.617564 0.555664 0.618508 0.555664 0.619452 0.553711 0.621341 0.553711 0.623229 0.554688 0.624174 0.560547 0.624174 0.561523 0.623229 0.561523 0.622285 0.564453 0.619452 0.564453 0.617564 0.56543 0.616619 0.56543 0.613787 0.566406 0.612842 0.566406 0.610009 0.567383 0.609065 0.567383 0.608121 0.570312 0.605288 0.570312 0.604344 0.571289 0.603399 0.571289 0.601511 0.572266 0.600567 0.572266 0.584514
0 0.193359 0.131256 0.193359 0.134089 0.192383 0.135033 0.191406 0.135033 0.188477 0.137866 0.188477 0.147309 0.19043 0.149197 0.19043 0.150142 0.192383 0.15203 0.192383 0.152975 0.194336 0.154863 0.195312 0.154863 0.199219 0.15864 0.199219 0.162417 0.200195 0.163362 0.200195 0.175637 0.201172 0.176582 0.201172 0.177526 0.204102 0.180359 0.205078 0.180359 0.206055 0.181303 0.207031 0.181303 0.208008 0.182247 0.208008 0.140699 0.207031 0.139754 0.207031 0.137866 0.206055 0.136922 0.206055 0.135977 0.205078 0.135033 0.205078 0.1322 0.206055 0.131256
0 0.162109 0.942398 0.15918 0.945231 0.158203 0.945231 0.158203 0.962229 0.172852 0.962229 0.172852 0.959396 0.173828 0.958451 0.173828 0.957507 0.174805 0.956563 0.175781 0.956563 0.175781 0.942398
1 0.0263672 0.188857 0.0263672 0.1983 0.0283203 0.1983 0.0292969 0.199245 0.0351562 0.199245 0.0361328 0.1983 0.0371094 0.1983 0.0380859 0.197356 0.0380859 0.188857
1 0.795898 0.664778 0.793945 0.666667 0.793945 0.667611 0.792969 0.668555 0.792969 0.6695 0.791992 0.670444 0.791992 0.677054 0.792969 0.677054 0.793945 0.677998 0.797852 0.677998 0.798828 0.677054 0.799805 0.677054 0.801758 0.675165 0.802734 0.675165 0.802734 0.664778
0 0.81543 0.194523 0.810547 0.199245 0.810547 0.210576 0.811523 0.210576 0.8125 0.209632 0.813477 0.209632 0.814453 0.208687 0.81543 0.208687 0.821289 0.203022 0.821289 0.202077 0.822266 0.201133 0.823242 0.201133 0.823242 0.194523
0 0.207031 0.838527 0.207031 0.84797 0.208008 0.848914 0.209961 0.848914 0.210938 0.849858 0.213867 0.849858 0.214844 0.850803 0.21582 0.850803 0.217773 0.852691 0.217773 0.853635 0.21875 0.85458 0.21875 0.856468 0.222656 0.856468 0.222656 0.839471 0.22168 0.838527
1 0.394531 0.0991501 0.394531 0.109537 0.395508 0.109537 0.396484 0.108593 0.398438 0.108593 0.399414 0.107649 0.401367 0.107649 0.402344 0.106704 0.40332 0.106704 0.404297 0.107649 0.407227 0.107649 0.408203 0.108593 0.40918 0.108593 0.40918 0.0991501
0 0.71582 0.296506 0.712891 0.299339 0.711914 0.299339 0.710938 0.300283 0.709961 0.300283 0.708984 0.301228 0.708008 0.301228 0.707031 0.302172 0.706055 0.302172 0.705078 0.303116 0.704102 0.303116 0.702148 0.305005 0.701172 0.305005 0.700195 0.305949 0.692383 0.305949 0.691406 0.305005 0.69043 0.305005 0.6875 0.302172 0.686523 0.302172 0.685547 0.301228 0.683594 0.301228 0.682617 0.300283 0.680664 0.300283 0.679688 0.299339 0.679688 0.313503 0.680664 0.313503 0.682617 0.315392 0.679688 0.318225 0.679688 0.328612 0.680664 0.328612 0.681641 0.327668 0.686523 0.327668 0.6875 0.326723 0.6875 0.325779 0.688477 0.324835 0.689453 0.324835 0.69043 0.32389 0.692383 0.32389 0.693359 0.322946 0.694336 0.322946 0.695312 0.322002 0.696289 0.322002 0.697266 0.321058 0.698242 0.321058 0.700195 0.319169 0.701172 0.319169 0.702148 0.318225 0.703125 0.318225 0.705078 0.316336 0.706055 0.316336 0.706055 0.315392 0.711914 0.309726 0.712891 0.309726 0.716797 0.305949 0.717773 0.305949 0.71875 0.305005 0.719727 0.305005 0.720703 0.30406 0.72168 0.30406 0.722656 0.303116 0.723633 0.303116 0.724609 0.302172 0.726562 0.302172 0.727539 0.301228 0.730469 0.301228 0.731445 0.300283 0.732422 0.300283 0.733398 0.299339 0.735352 0.299339 0.736328 0.298395 0.736328 0.296506
0 0.353516 0.153919 0.353516 0.154863 0.352539 0.155807 0.352539 0.156752 0.351562 0.157696 0.351562 0.167139 0.352539 0.168083 0.352539 0.170916 0.353516 0.17186 0.353516 0.179415 0.354492 0.180359 0.354492 0.18508 0.353516 0.186025 0.353516 0.187913 0.351562 0.189802 0.348633 0.189802 0.348633 0.197356 0.348633 0.196412 0.349609 0.195467 0.349609 0.192635 0.350586 0.19169 0.354492 0.19169 0.355469 0.192635 0.359375 0.192635 0.360352 0.19169 0.361328 0.19169 0.364258 0.188857 0.365234 0.188857 0.365234 0.187913 0.366211 0.186969 0.366211 0.162417 0.363281 0.159585 0.363281 0.15864 0.364258 0.157696 0.364258 0.156752 0.365234 0.155807 0.365234 0.153919
1 0.0966797 0.485364 0.09375 0.488196 0.0927734 0.488196 0.0917969 0.489141 0.0917969 0.490085 0.0908203 0.491029 0.0908203 0.493862 0.0898438 0.494806 0.0898438 0.496695 0.0908203 0.497639 0.0908203 0.498584 0.0917969 0.499528 0.101562 0.499528 0.103516 0.497639 0.103516 0.485364
1 0.84375 0.429651 0.842773 0.430595 0.84082 0.430595 0.839844 0.431539 0.839844 0.436261 0.848633 0.436261 0.848633 0.429651
1 0.239258 0.74882 0.238281 0.749764 0.238281 0.773371 0.249023 0.773371 0.251953 0.770538 0.251953 0.769594 0.25293 0.76865 0.25293 0.74882
0 0.291992 0.448536 0.291992 0.457035 0.292969 0.457035 0.295898 0.459868 0.295898 0.460812 0.296875 0.461756 0.296875 0.463645 0.297852 0.464589 0.297852 0.467422 0.298828 0.468366 0.298828 0.470255 0.305664 0.470255 0.30957 0.466478 0.310547 0.466478 0.310547 0.457035 0.306641 0.453258 0.306641 0.452314 0.305664 0.451369 0.305664 0.450425 0.303711 0.448536
0 0.689453 0.243626 0.686523 0.246459 0.686523 0.25779 0.6875 0.258735 0.6875 0.266289 0.688477 0.267233 0.697266 0.267233 0.695312 0.265345 0.695312 0.263456 0.696289 0.262512 0.696289 0.261568 0.697266 0.260623 0.697266 0.259679 0.701172 0.255902 0.701172 0.254957 0.702148 0.254013 0.702148 0.252125 0.703125 0.25118 0.703125 0.243626
1 0.59082 0.931067 0.59082 0.954674 0.598633 0.954674 0.599609 0.955619 0.601562 0.955619 0.602539 0.956563 0.604492 0.956563 0.605469 0.957507 0.609375 0.957507 0.616211 0.950897 0.616211 0.949953 0.617188 0.949009 0.617188 0.931067
0 0.245117 0.334278 0.245117 0.342776 0.24707 0.342776 0.248047 0.34372 0.249023 0.342776 0.266602 0.342776 0.267578 0.34372 0.272461 0.34372 0.273438 0.344665 0.274414 0.344665 0.275391 0.345609 0.275391 0.334278
0 0.619141 0.487252 0.620117 0.488196 0.620117 0.491029 0.621094 0.491974 0.621094 0.493862 0.62207 0.494806 0.62207 0.498584 0.621094 0.499528 0.621094 0.502361 0.619141 0.504249 0.619141 0.505194 0.618164 0.506138 0.618164 0.510859 0.620117 0.510859 0.621094 0.511804 0.62207 0.511804 0.623047 0.510859 0.624023 0.510859 0.625 0.509915 0.626953 0.509915 0.62793 0.508971 0.628906 0.508971 0.628906 0.508026 0.631836 0.505194 0.634766 0.505194 0.637695 0.502361 0.637695 0.494806 0.636719 0.493862 0.636719 0.492918 0.635742 0.491974 0.635742 0.491029 0.634766 0.490085 0.634766 0.491029 0.633789 0.491974 0.633789 0.492918 0.632812 0.493862 0.632812 0.495751 0.628906 0.499528 0.625977 0.499528 0.623047 0.496695 0.623047 0.492918 0.624023 0.491974 0.624023 0.489141 0.623047 0.488196 0.623047 0.487252
1 0.515625 0.589235 0.515625 0.591124 0.514648 0.592068 0.514648 0.593957 0.513672 0.594901 0.513672 0.604344 0.518555 0.604344 0.521484 0.601511 0.521484 0.600567 0.522461 0.599622 0.522461 0.589235
0 0.477539 0.360718 0.476562 0.361662 0.473633 0.361662 0.472656 0.362606 0.47168 0.362606 0.470703 0.363551 0.470703 0.372049 0.480469 0.372049 0.481445 0.372993 0.494141 0.372993 0.495117 0.372049 0.496094 0.372049 0.49707 0.371105 0.49707 0.369216 0.498047 0.368272 0.498047 0.367328 0.499023 0.366383 0.499023 0.364495 0.498047 0.364495 0.49707 0.363551 0.493164 0.363551 0.491211 0.361662 0.490234 0.361662 0.489258 0.360718
1 0.314453 0.661945 0.313477 0.66289 0.313477 0.666667 0.314453 0.667611 0.314453 0.668555 0.31543 0.6695 0.31543 0.670444 0.316406 0.671388 0.31543 0.672332 0.321289 0.672332 0.324219 0.6695 0.325195 0.6695 0.325195 0.661945
0 0.791992 0.170916 0.791016 0.17186 0.790039 0.17186 0.790039 0.172805 0.788086 0.174693 0.788086 0.175637 0.786133 0.177526 0.786133 0.181303 0.785156 0.182247 0.785156 0.184136 0.78418 0.18508 0.792969 0.18508 0.796875 0.181303 0.796875 0.170916
0 0.763672 0.533522 0.762695 0.534467 0.762695 0.535411 0.758789 0.539188 0.757812 0.539188 0.755859 0.541076 0.755859 0.542021 0.754883 0.542965 0.754883 0.548631 0.758789 0.548631 0.764648 0.554296 0.765625 0.554296 0.768555 0.557129 0.768555 0.558074 0.769531 0.559018 0.769531 0.566572 0.768555 0.567517 0.770508 0.567517 0.770508 0.564684 0.771484 0.563739 0.771484 0.560907 0.772461 0.559962 0.772461 0.548631 0.771484 0.547687 0.771484 0.546742 0.772461 0.545798 0.772461 0.542965 0.773438 0.542021 0.773438 0.535411 0.772461 0.534467 0.772461 0.533522
0 0.148438 0.107649 0.148438 0.127479 0.149414 0.128423 0.149414 0.129367 0.151367 0.131256 0.151367 0.1322 0.152344 0.133144 0.152344 0.136922 0.15332 0.137866 0.15332 0.141643 0.154297 0.142587 0.154297 0.152975 0.148438 0.15864 0.148438 0.160529 0.149414 0.161473 0.149414 0.164306 0.15625 0.164306 0.157227 0.163362 0.158203 0.163362 0.15918 0.162417 0.160156 0.162417 0.161133 0.161473 0.162109 0.161473 0.163086 0.160529 0.164062 0.160529 0.164062 0.159585 0.165039 0.15864 0.165039 0.157696 0.166016 0.156752 0.166016 0.107649
0 0.65918 0.0642115 0.65918 0.0670444 0.660156 0.0679887 0.660156 0.068933 0.662109 0.0708215 0.662109 0.0717658 0.661133 0.0727101 0.661133 0.0736544 0.660156 0.0745987 0.660156 0.075543 0.658203 0.0774315 0.658203 0.0783758 0.655273 0.0812087 0.654297 0.0812087 0.65332 0.082153 0.652344 0.082153 0.651367 0.0830973 0.651367 0.0963173 0.658203 0.0963173 0.658203 0.0915958 0.65918 0.0906516 0.65918 0.0897073 0.660156 0.088763 0.660156 0.0878187 0.661133 0.0868744 0.661133 0.0859301 0.662109 0.0849858 0.662109 0.0840416 0.663086 0.0830973 0.663086 0.082153 0.665039 0.0802644 0.666016 0.0802644 0.666992 0.0793201 0.667969 0.0793201 0.667969 0.0642115
1 0.462891 0.791313 0.460938 0.793201 0.459961 0.793201 0.459961 0.804533 0.472656 0.804533 0.472656 0.802644 0.473633 0.8017 0.473633 0.791313
1 0.62793 0.826251 0.62793 0.83475 0.628906 0.835694 0.636719 0.835694 0.636719 0.826251
1 0.84668 0.503305 0.84668 0.510859 0.847656 0.511804 0.852539 0.511804 0.853516 0.512748 0.854492 0.511804 0.855469 0.511804 0.856445 0.510859 0.857422 0.510859 0.857422 0.503305
0 0.193359 0.130312 0.193359 0.134089 0.192383 0.135033 0.192383 0.135977 0.191406 0.136922 0.191406 0.150142 0.192383 0.151086 0.192383 0.15203 0.197266 0.156752 0.197266 0.157696 0.198242 0.15864 0.198242 0.160529 0.199219 0.161473 0.199219 0.166195 0.200195 0.167139 0.200195 0.173749 0.201172 0.174693 0.201172 0.177526 0.205078 0.181303 0.206055 0.181303 0.206055 0.130312
1 0.250977 0.173749 0.25 0.174693 0.24707 0.174693 0.246094 0.175637 0.244141 0.175637 0.243164 0.176582 0.242188 0.176582 0.242188 0.189802 0.25293 0.189802 0.253906 0.188857 0.254883 0.188857 0.254883 0.187913 0.256836 0.186025 0.256836 0.175637 0.254883 0.173749
1 0.380859 0.341832 0.380859 0.354108 0.383789 0.354108 0.384766 0.355052 0.385742 0.355052 0.386719 0.355996 0.388672 0.355996 0.389648 0.356941 0.390625 0.355996 0.391602 0.355996 0.392578 0.355052 0.392578 0.341832 0.383789 0.341832 0.382812 0.342776 0.381836 0.341832
1 0.285156 0.140699 0.285156 0.149197 0.293945 0.149197 0.293945 0.140699
1 0.708008 0.0982059 0.708008 0.106704 0.716797 0.106704 0.717773 0.10576 0.719727 0.10576 0.720703 0.104816 0.720703 0.0982059
1 0.703125 0.476865 0.703125 0.485364 0.705078 0.487252 0.707031 0.487252 0.708008 0.486308 0.708984 0.486308 0.709961 0.485364 0.710938 0.485364 0.710938 0.476865
0 0.688477 0.0179415 0.688477 0.0254958 0.689453 0.02644 0.703125 0.02644 0.704102 0.0273843 0.707031 0.0273843 0.708008 0.02644 0.708984 0.02644 0.709961 0.0254958 0.709961 0.0188857 0.708984 0.0188857 0.708008 0.0179415
1 0.337891 0.92068 0.336914 0.921624 0.335938 0.921624 0.334961 0.922568 0.333984 0.922568 0.329102 0.92729 0.329102 0.930123 0.328125 0.931067 0.328125 0.94051 0.330078 0.942398 0.339844 0.942398 0.34082 0.941454 0.34375 0.941454 0.344727 0.94051 0.345703 0.94051 0.345703 0.939566 0.34668 0.938621 0.34668 0.928234 0.345703 0.92729 0.345703 0.926346 0.342773 0.923513 0.341797 0.923513 0.338867 0.92068
0 0.046875 0.414542 0.046875 0.426818 0.0478516 0.426818 0.0488281 0.427762 0.0498047 0.427762 0.0507812 0.428706 0.0527344 0.428706 0.0537109 0.429651 0.0566406 0.429651 0.0576172 0.430595 0.0664062 0.430595 0.0673828 0.429651 0.0683594 0.429651 0.0693359 0.428706 0.0703125 0.428706 0.0703125 0.414542
0 0.244141 0.864967 0.241211 0.8678 0.239258 0.865911 0.239258 0.885741 0.240234 0.885741 0.241211 0.884797 0.242188 0.885741 0.244141 0.885741 0.245117 0.886686 0.246094 0.886686 0.24707 0.88763 0.25293 0.88763 0.25293 0.873466 0.251953 0.872521 0.251953 0.868744 0.25293 0.8678 0.25293 0.864967
1 0.447266 0.710104 0.445312 0.711992 0.444336 0.711992 0.444336 0.718602 0.445312 0.719547 0.446289 0.719547 0.447266 0.720491 0.448242 0.720491 0.449219 0.721435 0.455078 0.721435 0.456055 0.720491 0.456055 0.710104
1 0.654297 0.25779 0.654297 0.272899 0.662109 0.272899 0.663086 0.271955 0.664062 0.271955 0.666992 0.269122 0.666992 0.25779
1 0.5 0.830028 0.5 0.843248 0.512695 0.843248 0.513672 0.842304 0.515625 0.842304 0.516602 0.84136 0.517578 0.84136 0.517578 0.831917 0.516602 0.831917 0.515625 0.830973 0.514648 0.830973 0.513672 0.830028
1 0.536133 0.708215 0.536133 0.716714 0.537109 0.71577 0.541992 0.71577 0.542969 0.714825 0.543945 0.714825 0.543945 0.712937 0.542969 0.711992 0.542969 0.70916 0.541992 0.708215
1 0.745117 0.885741 0.745117 0.886686 0.744141 0.88763 0.744141 0.901794 0.745117 0.902738 0.746094 0.902738 0.74707 0.903683 0.751953 0.903683 0.751953 0.902738 0.754883 0.899906 0.755859 0.899906 0.757812 0.898017 0.757812 0.885741
1 0.0517578 0.354108 0.0507812 0.355052 0.046875 0.355052 0.0458984 0.355996 0.0449219 0.355996 0.0449219 0.360718 0.0458984 0.361662 0.046875 0.361662 0.0478516 0.362606 0.0546875 0.362606 0.0546875 0.354108
1 0.125977 0.190746 0.125977 0.197356 0.126953 0.1983 0.128906 0.1983 0.129883 0.199245 0.130859 0.199245 0.131836 0.200189 0.136719 0.200189 0.137695 0.201133 0.139648 0.201133 0.140625 0.200189 0.144531 0.200189 0.146484 0.1983 0.146484 0.190746
1 0.770508 0.884797 0.767578 0.88763 0.767578 0.888574 0.766602 0.889518 0.766602 0.892351 0.767578 0.893296 0.767578 0.895184 0.772461 0.895184 0.772461 0.89424 0.773438 0.893296 0.773438 0.892351 0.774414 0.891407 0.774414 0.886686 0.773438 0.885741 0.772461 0.885741 0.771484 0.884797
1 0.833008 0.00944287 0.832031 0.0103872 0.831055 0.0103872 0.830078 0.0113314 0.828125 0.0113314 0.827148 0.0122757 0.826172 0.0122757 0.825195 0.01322 0.825195 0.0141643 0.824219 0.0151086 0.825195 0.0160529 0.825195 0.0169972 0.826172 0.0179415 0.827148 0.0179415 0.828125 0.0188857 0.829102 0.0188857 0.830078 0.0179415 0.832031 0.0179415 0.833008 0.0169972 0.833984 0.0169972 0.833984 0.00944287
0 0.673828 0.619452 0.673828 0.623229 0.674805 0.623229 0.677734 0.626062 0.677734 0.630784 0.676758 0.631728 0.673828 0.631728 0.673828 0.633617 0.672852 0.634561 0.672852 0.636449 0.670898 0.638338 0.668945 0.638338 0.667969 0.639282 0.667969 0.641171 0.672852 0.641171 0.673828 0.640227 0.673828 0.639282 0.674805 0.638338 0.674805 0.636449 0.677734 0.633617 0.677734 0.632672 0.678711 0.631728 0.680664 0.631728 0.680664 0.625118 0.679688 0.624174 0.679688 0.621341 0.677734 0.621341 0.676758 0.620397 0.675781 0.620397 0.674805 0.619452
0 0.724609 0.325779 0.723633 0.326723 0.722656 0.326723 0.719727 0.329556 0.71875 0.329556 0.717773 0.3305 0.716797 0.3305 0.71582 0.331445 0.714844 0.331445 0.712891 0.333333 0.710938 0.333333 0.710938 0.347498 0.713867 0.347498 0.713867 0.346553 0.71582 0.344665 0.71582 0.34372 0.716797 0.342776 0.716797 0.341832 0.719727 0.338999 0.719727 0.338055 0.72168 0.336166 0.722656 0.336166 0.724609 0.334278 0.727539 0.334278 0.728516 0.333333 0.732422 0.333333 0.733398 0.332389 0.734375 0.332389 0.735352 0.331445 0.736328 0.331445 0.738281 0.329556 0.738281 0.328612 0.739258 0.327668 0.739258 0.326723 0.740234 0.325779
1 0.68457 0.519358 0.683594 0.520302 0.683594 0.522191 0.681641 0.524079 0.681641 0.534467 0.683594 0.534467 0.683594 0.533522 0.686523 0.530689 0.6875 0.531634 0.69043 0.531634 0.691406 0.532578 0.693359 0.532578 0.693359 0.531634 0.695312 0.529745 0.695312 0.519358
1 0.3125 0.0368272 0.3125 0.0472144 0.31543 0.0500472 0.31543 0.0509915 0.317383 0.0528801 0.318359 0.0528801 0.320312 0.0547686 0.321289 0.0547686 0.325195 0.0585458 0.326172 0.0585458 0.327148 0.0576015 0.328125 0.0576015 0.329102 0.0566572 0.329102 0.0396601 0.328125 0.0396601 0.327148 0.0387158 0.326172 0.0387158 0.324219 0.0368272
1 0.174805 0.429651 0.173828 0.430595 0.173828 0.432483 0.172852 0.433428 0.172852 0.438149 0.173828 0.439093 0.173828 0.440038 0.177734 0.440038 0.177734 0.429651
0 0.861328 0.532578 0.861328 0.533522 0.860352 0.534467 0.858398 0.534467 0.857422 0.535411 0.855469 0.535411 0.854492 0.536355 0.854492 0.543909 0.855469 0.543909 0.857422 0.545798 0.858398 0.545798 0.859375 0.546742 0.861328 0.546742 0.864258 0.543909 0.865234 0.543909 0.866211 0.542965 0.867188 0.542965 0.868164 0.542021 0.869141 0.542021 0.873047 0.538244 0.87793 0.538244 0.87793 0.532578
1 0.22168 0.820585 0.22168 0.826251 0.222656 0.827195 0.222656 0.82814 0.225586 0.830973 0.225586 0.831917 0.226562 0.832861 0.227539 0.832861 0.228516 0.833806 0.229492 0.833806 0.230469 0.832861 0.231445 0.832861 0.232422 0.831917 0.233398 0.831917 0.234375 0.830973 0.234375 0.820585
1 0.0673828 0.809254 0.0673828 0.812087 0.0703125 0.81492 0.0712891 0.81492 0.0722656 0.815864 0.0761719 0.815864 0.0761719 0.809254
0 0.265625 0.135033 0.262695 0.137866 0.262695 0.13881 0.259766 0.141643 0.258789 0.141643 0.253906 0.146364 0.25293 0.146364 0.25293 0.152975 0.253906 0.153919 0.262695 0.153919 0.264648 0.15203 0.265625 0.15203 0.271484 0.146364 0.271484 0.144476 0.272461 0.143532 0.272461 0.135033
1 0.478516 0.74221 0.478516 0.74882 0.487305 0.74882 0.487305 0.74221
1 0.710938 0.189802 0.710938 0.202077 0.711914 0.201133 0.719727 0.201133 0.720703 0.202077 0.72168 0.202077 0.722656 0.203022 0.723633 0.203022 0.724609 0.203966 0.725586 0.203966 0.726562 0.203022 0.727539 0.203022 0.728516 0.202077 0.729492 0.202077 0.729492 0.189802
0 0.046875 0.270066 0.0439453 0.272899 0.0429688 0.272899 0.0410156 0.274788 0.0400391 0.274788 0.0371094 0.27762 0.0361328 0.27762 0.0361328 0.278565 0.0341797 0.280453 0.0332031 0.280453 0.0302734 0.283286 0.0292969 0.283286 0.0283203 0.28423 0.0263672 0.28423 0.0253906 0.285175 0.0136719 0.285175 0.0126953 0.286119 0.0117188 0.286119 0.0107422 0.287063 0.0107422 0.289896 0.00878906 0.291785 0.0078125 0.29084 0.00683594 0.29084 0.00683594 0.298395 0.0263672 0.298395 0.0283203 0.296506 0.0292969 0.296506 0.0302734 0.295562 0.03125 0.295562 0.0322266 0.294618 0.0341797 0.294618 0.0351562 0.293673 0.0361328 0.293673 0.0380859 0.291785 0.0390625 0.291785 0.0419922 0.288952 0.0419922 0.288008 0.0429688 0.287063 0.0429688 0.286119 0.0439453 0.285175 0.0439453 0.28423 0.0458984 0.282342 0.0458984 0.281398 0.0488281 0.278565 0.0488281 0.276676 0.0498047 0.275732 0.0498047 0.273843 0.0517578 0.271955 0.0517578 0.27101 0.0507812 0.270066
1 0.458008 0.108593 0.458008 0.116147 0.463867 0.116147 0.463867 0.108593
0 0.44043 0.000944287 0.44043 0.00377715 0.442383 0.00566572 0.443359 0.00566572 0.445312 0.0075543 0.446289 0.0075543 0.447266 0.00849858 0.448242 0.00849858 0.450195 0.00661001 0.451172 0.00661001 0.454102 0.00377715 0.457031 0.00661001 0.457031 0.0075543 0.458984 0.00944287 0.461914 0.00944287 0.462891 0.0103872 0.464844 0.0103872 0.46582 0.0113314 0.472656 0.0113314 0.472656 0.000944287
0 0.263672 0.000944287 0.263672 0.00944287 0.262695 0.0103872 0.262695 0.0122757 0.261719 0.01322 0.261719 0.0151086 0.260742 0.0160529 0.259766 0.0160529 0.255859 0.01983 0.254883 0.01983 0.253906 0.0207743 0.253906 0.0217186 0.250977 0.0245515 0.25 0.0245515 0.248047 0.02644 0.246094 0.02644 0.245117 0.0273843 0.243164 0.0273843 0.242188 0.0283286 0.241211 0.0283286 0.240234 0.0292729 0.238281 0.0292729 0.237305 0.0302172 0.235352 0.0302172 0.234375 0.0311615 0.231445 0.0311615 0.230469 0.0321058 0.229492 0.0321058 0.229492 0.0358829 0.25293 0.0358829 0.253906 0.0349386 0.255859 0.0349386 0.258789 0.0321058 0.259766 0.0321058 0.262695 0.0292729 0.263672 0.0292729 0.265625 0.0273843 0.265625 0.02644 0.266602 0.0254958 0.266602 0.0245515 0.269531 0.0217186 0.269531 0.0179415 0.270508 0.0169972 0.270508 0.0141643 0.271484 0.01322 0.271484 0.0122757 0.272461 0.0113314 0.272461 0.000944287
1 0.0986328 0.355996 0.0986328 0.362606 0.102539 0.362606 0.103516 0.363551 0.106445 0.363551 0.108398 0.361662 0.108398 0.355996
0 0.216797 0.619452 0.213867 0.622285 0.213867 0.623229 0.212891 0.624174 0.212891 0.625118 0.210938 0.627007 0.209961 0.627007 0.208984 0.627951 0.208984 0.628895 0.207031 0.630784 0.207031 0.631728 0.194336 0.644004 0.193359 0.644004 0.191406 0.645892 0.191406 0.646837 0.19043 0.647781 0.19043 0.648725 0.189453 0.64967 0.189453 0.651558 0.198242 0.651558 0.199219 0.650614 0.200195 0.650614 0.202148 0.648725 0.203125 0.648725 0.205078 0.646837 0.206055 0.646837 0.209961 0.643059 0.210938 0.643059 0.211914 0.642115 0.212891 0.642115 0.21582 0.639282 0.21582 0.638338 0.219727 0.634561 0.219727 0.619452
1 0.320312 0.124646 0.320312 0.12559 0.321289 0.126534 0.321289 0.128423 0.323242 0.130312 0.323242 0.131256 0.325195 0.133144 0.329102 0.129367 0.329102 0.124646
0 0.413086 0.149197 0.412109 0.150142 0.411133 0.150142 0.410156 0.151086 0.40918 0.151086 0.40625 0.153919 0.40625 0.154863 0.404297 0.156752 0.40332 0.156752 0.402344 0.157696 0.400391 0.157696 0.400391 0.174693 0.401367 0.175637 0.401367 0.177526 0.402344 0.17847 0.402344 0.179415 0.40332 0.180359 0.407227 0.180359 0.408203 0.179415 0.40918 0.179415 0.410156 0.17847 0.410156 0.164306 0.411133 0.163362 0.411133 0.162417 0.413086 0.160529 0.413086 0.159585 0.415039 0.157696 0.416016 0.157696 0.416992 0.156752 0.416992 0.149197
1 0.412109 0.02644 0.412109 0.0387158 0.413086 0.0396601 0.413086 0.0406043 0.415039 0.0424929 0.416016 0.0424929 0.416992 0.0434372 0.417969 0.0434372 0.420898 0.0462701 0.421875 0.0462701 0.422852 0.0472144 0.428711 0.0472144 0.430664 0.0453258 0.430664 0.0443815 0.432617 0.0424929 0.432617 0.0415486 0.435547 0.0387158 0.435547 0.0377715 0.4375 0.0358829 0.4375 0.0311615 0.435547 0.0292729 0.431641 0.0292729 0.430664 0.0302172 0.428711 0.0302172 0.425781 0.0273843 0.425781 0.02644
1 0 0.101983 0 0.123702 0.00488281 0.123702 0.00585938 0.122757 0.00585938 0.120869 0.00683594 0.119924 0.00683594 0.101983
1 0.163086 0.939566 0.163086 0.955619 0.174805 0.955619 0.174805 0.939566
0 0.526367 0.789424 0.526367 0.815864 0.527344 0.816808 0.527344 0.820585 0.52832 0.82153 0.52832 0.823418 0.529297 0.824363 0.537109 0.824363 0.537109 0.822474 0.536133 0.82153 0.536133 0.804533 0.537109 0.803588 0.537109 0.796034 0.538086 0.79509 0.538086 0.790368 0.537109 0.789424
1 0.436523 0.829084 0.436523 0.831917 0.438477 0.833806 0.438477 0.83475 0.439453 0.835694 0.441406 0.835694 0.442383 0.83475 0.443359 0.83475 0.444336 0.833806 0.444336 0.829084
1 0.794922 0.535411 0.793945 0.536355 0.793945 0.537299 0.792969 0.538244 0.792969 0.542965 0.793945 0.543909 0.793945 0.544854 0.794922 0.545798 0.794922 0.546742 0.797852 0.546742 0.797852 0.545798 0.799805 0.543909 0.800781 0.543909 0.802734 0.542021 0.802734 0.535411
0 0.958008 0.00283286 0.960938 0.00283286 0.961914 0.00377715 0.964844 0.00377715 0.96582 0.00283286 0.97168 0.00283286 0.976562 0.0075543 0.976562 0.00849858 0.979492 0.0113314 0.979492 0.01322 0.980469 0.0141643 0.980469 0.0169972 0.979492 0.0179415 0.979492 0.0188857 0.978516 0.01983 0.978516 0.0207743 0.977539 0.0217186 0.977539 0.0226629 0.973633 0.02644 0.972656 0.02644 0.97168 0.0273843 0.970703 0.0273843 0.970703 0.0283286 0.969727 0.0292729 0.969727 0.0311615 0.96875 0.0321058 0.96875 0.0358829 0.969727 0.0368272 0.969727 0.0387158 0.970703 0.0396601 0.970703 0.0481586 0.969727 0.0491029 0.969727 0.0557129 0.970703 0.0566572 0.970703 0.0585458 0.97168 0.0594901 0.97168 0.0632672 0.972656 0.0642115 0.972656 0.0708215 0.973633 0.0717658 0.973633 0.0783758 0.972656 0.0793201 0.972656 0.082153 0.97168 0.0830973 0.97168 0.0849858 0.96875 0.0878187 0.96875 0.088763 0.967773 0.0897073 0.967773 0.0906516 0.966797 0.0915958 0.966797 0.0925401 0.96582 0.0934844 0.96582 0.0944287 0.961914 0.0982059 0.961914 0.0991501 0.960938 0.100094 0.960938 0.101983 0.959961 0.102927 0.960938 0.103872 0.960938 0.104816 0.961914 0.10576 0.97168 0.10576 0.973633 0.103872 0.973633 0.101983 0.975586 0.100094 0.975586 0.0991501 0.976562 0.0982059 0.976562 0.0972616 0.977539 0.0963173 0.977539 0.0944287 0.978516 0.0934844 0.978516 0.0925401 0.979492 0.0915958 0.979492 0.0897073 0.980469 0.088763 0.980469 0.0868744 0.981445 0.0859301 0.981445 0.0849858 0.982422 0.0840416 0.982422 0.0812087 0.983398 0.0802644 0.983398 0.0783758 0.984375 0.0774315 0.984375 0.0745987 0.985352 0.0736544 0.985352 0.0538244 0.984375 0.0528801 0.984375 0.0519358 0.985352 0.0509915 0.985352 0.0415486 0.984375 0.0406043 0.984375 0.0396601 0.985352 0.0387158 0.985352 0.00283286
0 0.757812 0.782814 0.757812 0.783758 0.756836 0.784703 0.756836 0.786591 0.755859 0.787535 0.755859 0.789424 0.754883 0.790368 0.754883 0.791313 0.753906 0.792257 0.753906 0.793201 0.75 0.796978 0.75 0.797923 0.749023 0.798867 0.749023 0.799811 0.74707 0.8017 0.74707 0.802644 0.742188 0.807365 0.741211 0.807365 0.737305 0.811143 0.736328 0.811143 0.736328 0.816808 0.748047 0.816808 0.749023 0.815864 0.75 0.815864 0.757812 0.80831 0.757812 0.806421 0.758789 0.805477 0.758789 0.804533 0.759766 0.803588 0.759766 0.799811 0.760742 0.798867 0.760742 0.784703 0.758789 0.782814
1 0.282227 0.559962 0.282227 0.569405 0.28418 0.571294 0.285156 0.571294 0.286133 0.572238 0.292969 0.572238 0.292969 0.561851 0.291992 0.560907 0.291992 0.559962
0 0.134766 0 0.134766 0.00377715 0.135742 0.00472144 0.136719 0.00472144 0.137695 0.00566572 0.144531 0.00566572 0.145508 0.00472144 0.150391 0.00472144 0.151367 0.00377715 0.15332 0.00377715 0.154297 0.00283286 0.15625 0.00283286 0.157227 0.00188857 0.157227 0
0 0.750977 0.798867 0.749023 0.800755 0.749023 0.8017 0.744141 0.806421 0.743164 0.806421 0.738281 0.811143 0.737305 0.811143 0.737305 0.817753 0.74707 0.817753 0.748047 0.816808 0.750977 0.816808 0.756836 0.811143 0.756836 0.810198 0.758789 0.80831 0.758789 0.807365 0.759766 0.806421 0.759766 0.804533 0.760742 0.803588 0.760742 0.798867
0 0.0195312 0.472144 0.0185547 0.473088 0.0166016 0.473088 0.015625 0.474032 0.0146484 0.474032 0.0136719 0.474976 0.0136719 0.475921 0.0126953 0.476865 0.0126953 0.477809 0.0117188 0.478754 0.0117188 0.479698 0.00585938 0.485364 0.00585938 0.486308 0.00390625 0.488196 0.00390625 0.489141 0.00195312 0.491029 0.00195312 0.500472 0.0136719 0.500472 0.0146484 0.499528 0.015625 0.499528 0.0185547 0.496695 0.0185547 0.491974 0.0195312 0.491029
1 0.492188 0.619452 0.490234 0.621341 0.490234 0.622285 0.491211 0.623229 0.491211 0.625118 0.492188 0.626062 0.494141 0.626062 0.494141 0.625118 0.495117 0.624174 0.495117 0.623229 0.49707 0.621341 0.49707 0.620397 0.496094 0.619452
1 0.575195 0.720491 0.574219 0.721435 0.573242 0.721435 0.573242 0.729934 0.581055 0.729934 0.583008 0.728045 0.583008 0.720491
1 0.0712891 0.706327 0.0693359 0.708215 0.0693359 0.714825 0.0712891 0.716714 0.0771484 0.716714 0.0771484 0.706327
0 0.697266 0.210576 0.695312 0.212465 0.695312 0.213409 0.694336 0.214353 0.694336 0.216242 0.693359 0.217186 0.693359 0.219075 0.692383 0.220019 0.692383 0.220963 0.691406 0.221907 0.691406 0.222852 0.69043 0.223796 0.69043 0.226629 0.689453 0.227573 0.69043 0.228517 0.69043 0.232295 0.691406 0.233239 0.691406 0.241737 0.69043 0.242682 0.69043 0.245515 0.689453 0.246459 0.689453 0.247403 0.688477 0.248347 0.688477 0.249292 0.6875 0.250236 0.6875 0.25118 0.686523 0.252125 0.686523 0.254013 0.691406 0.258735 0.691406 0.261568 0.692383 0.262512 0.693359 0.262512 0.693359 0.259679 0.698242 0.254957 0.698242 0.254013 0.699219 0.253069 0.699219 0.249292 0.698242 0.248347 0.698242 0.247403 0.697266 0.246459 0.698242 0.245515 0.698242 0.241737 0.699219 0.240793 0.699219 0.238905 0.700195 0.23796 0.700195 0.234183 0.701172 0.233239 0.701172 0.23135 0.702148 0.230406 0.702148 0.229462 0.703125 0.228517 0.703125 0.226629 0.704102 0.225685 0.704102 0.210576
1 0.427734 0.475921 0.427734 0.487252 0.429688 0.487252 0.430664 0.486308 0.43457 0.486308 0.43457 0.475921
0 0.579102 0.848914 0.580078 0.849858 0.580078 0.853635 0.579102 0.85458 0.579102 0.860246 0.578125 0.86119 0.578125 0.866856 0.579102 0.8678 0.579102 0.873466 0.580078 0.87441 0.580078 0.886686 0.579102 0.88763 0.579102 0.888574 0.578125 0.889518 0.573242 0.889518 0.573242 0.896128 0.580078 0.896128 0.580078 0.891407 0.582031 0.889518 0.583008 0.889518 0.585938 0.892351 0.586914 0.892351 0.588867 0.89424 0.59082 0.89424 0.591797 0.893296 0.591797 0.850803 0.59082 0.849858 0.59082 0.848914
0 0.630859 0.490085 0.630859 0.495751 0.629883 0.496695 0.629883 0.497639 0.62793 0.499528 0.625977 0.499528 0.625 0.498584 0.623047 0.498584 0.62207 0.497639 0.62207 0.509915 0.625977 0.509915 0.626953 0.508971 0.62793 0.508971 0.631836 0.505194 0.634766 0.505194 0.637695 0.502361 0.637695 0.501416 0.638672 0.500472 0.638672 0.490085
1 0.388672 0.610954 0.387695 0.611898 0.386719 0.611898 0.385742 0.612842 0.384766 0.612842 0.381836 0.615675 0.381836 0.624174 0.380859 0.625118 0.392578 0.625118 0.392578 0.621341 0.394531 0.619452 0.394531 0.610954
0 0.0351562 0.412653 0.0341797 0.413598 0.0332031 0.413598 0.0332031 0.420208 0.0351562 0.422096 0.0390625 0.422096 0.0400391 0.423041 0.0419922 0.423041 0.0429688 0.423985 0.0439453 0.423985 0.0449219 0.424929 0.0458984 0.424929 0.046875 0.425873 0.0498047 0.425873 0.0498047 0.412653
0 0.97168 0.0453258 0.97168 0.0472144 0.970703 0.0481586 0.970703 0.0509915 0.969727 0.0519358 0.969727 0.0538244 0.970703 0.0547686 0.970703 0.0566572 0.97168 0.0576015 0.97168 0.0594901 0.972656 0.0604344 0.972656 0.0651558 0.973633 0.0661001 0.973633 0.0793201 0.972656 0.0802644 0.972656 0.0840416 0.97168 0.0849858 0.97168 0.0859301 0.967773 0.0897073 0.967773 0.0906516 0.966797 0.0915958 0.966797 0.0925401 0.96582 0.0934844 0.96582 0.0944287 0.962891 0.0972616 0.962891 0.0982059 0.960938 0.100094 0.960938 0.104816 0.972656 0.104816 0.972656 0.103872 0.973633 0.102927 0.973633 0.101983 0.974609 0.101039 0.974609 0.100094 0.975586 0.0991501 0.975586 0.0982059 0.976562 0.0972616 0.976562 0.0963173 0.977539 0.095373 0.977539 0.0944287 0.978516 0.0934844 0.978516 0.0915958 0.979492 0.0906516 0.979492 0.0897073 0.980469 0.088763 0.980469 0.0868744 0.981445 0.0859301 0.981445 0.0840416 0.982422 0.0830973 0.982422 0.0812087 0.983398 0.0802644 0.983398 0.0453258
0 0.763672 0.440038 0.763672 0.440982 0.759766 0.444759 0.758789 0.444759 0.757812 0.445704 0.756836 0.445704 0.755859 0.446648 0.755859 0.457035 0.759766 0.457035 0.759766 0.456091 0.760742 0.455146 0.760742 0.454202 0.764648 0.450425 0.769531 0.450425 0.770508 0.449481 0.773438 0.449481 0.773438 0.443815 0.772461 0.442871 0.772461 0.440038
1 0.626953 0.340888 0.625 0.342776 0.625 0.355996 0.634766 0.355996 0.638672 0.352219 0.638672 0.340888
1 0.69043 0.599622 0.688477 0.601511 0.688477 0.611898 0.689453 0.612842 0.69043 0.612842 0.691406 0.613787 0.693359 0.613787 0.694336 0.612842 0.695312 0.612842 0.696289 0.611898 0.697266 0.611898 0.698242 0.610954 0.699219 0.610954 0.701172 0.609065 0.702148 0.609065 0.702148 0.607177 0.703125 0.606232 0.703125 0.599622
0 0.310547 0.292729 0.310547 0.296506 0.311523 0.29745 0.311523 0.298395 0.31543 0.302172 0.31543 0.303116 0.316406 0.30406 0.316406 0.307838 0.317383 0.308782 0.317383 0.309726 0.318359 0.31067 0.318359 0.311615 0.320312 0.311615 0.321289 0.31067 0.323242 0.31067 0.324219 0.309726 0.325195 0.309726 0.325195 0.299339 0.324219 0.298395 0.324219 0.29745 0.323242 0.296506 0.323242 0.295562 0.321289 0.293673 0.321289 0.292729
0 0.862305 0.0349386 0.862305 0.0368272 0.863281 0.0377715 0.863281 0.0387158 0.865234 0.0406043 0.863281 0.0424929 0.862305 0.0424929 0.862305 0.0519358 0.864258 0.0519358 0.865234 0.0509915 0.866211 0.0509915 0.867188 0.0500472 0.868164 0.0509915 0.868164 0.0585458 0.870117 0.0604344 0.87207 0.0604344 0.873047 0.0613787 0.874023 0.0604344 0.875 0.0604344 0.876953 0.0585458 0.876953 0.0557129 0.878906 0.0538244 0.878906 0.0519358 0.87793 0.0519358 0.875977 0.0500472 0.875 0.0500472 0.874023 0.0491029 0.871094 0.0491029 0.868164 0.0462701 0.868164 0.0396601 0.873047 0.0349386
1 0.768555 0.886686 0.767578 0.88763 0.767578 0.888574 0.766602 0.889518 0.766602 0.893296 0.767578 0.89424 0.767578 0.896128 0.771484 0.896128 0.772461 0.895184 0.772461 0.89424 0.773438 0.893296 0.773438 0.886686
1 0.5 0.585458 0.499023 0.586402 0.49707 0.586402 0.496094 0.587347 0.496094 0.598678 0.506836 0.598678 0.507812 0.597734 0.507812 0.585458
1 0.282227 0.889518 0.282227 0.893296 0.285156 0.896128 0.285156 0.903683 0.286133 0.904627 0.288086 0.904627 0.289062 0.903683 0.291016 0.903683 0.291992 0.902738 0.291992 0.889518
0 0.353516 0.154863 0.353516 0.180359 0.354492 0.181303 0.354492 0.186025 0.353516 0.186969 0.353516 0.193579 0.354492 0.194523 0.355469 0.194523 0.356445 0.195467 0.357422 0.195467 0.358398 0.196412 0.359375 0.196412 0.361328 0.1983 0.362305 0.1983 0.363281 0.199245 0.363281 0.200189 0.365234 0.202077 0.365234 0.203022 0.366211 0.203966 0.366211 0.20491 0.368164 0.206799 0.368164 0.207743 0.369141 0.208687 0.369141 0.209632 0.370117 0.210576 0.370117 0.21152 0.371094 0.212465 0.37207 0.21152 0.374023 0.21152 0.375 0.210576 0.376953 0.210576 0.376953 0.209632 0.37793 0.208687 0.37793 0.207743 0.378906 0.206799 0.378906 0.205855 0.379883 0.20491 0.379883 0.203966 0.380859 0.203022 0.380859 0.201133 0.381836 0.200189 0.381836 0.19169 0.376953 0.19169 0.375977 0.190746 0.371094 0.190746 0.370117 0.189802 0.371094 0.188857 0.371094 0.180359 0.37207 0.179415 0.37207 0.176582 0.371094 0.175637 0.371094 0.169027 0.37207 0.168083 0.37207 0.167139 0.373047 0.166195 0.374023 0.166195 0.375 0.16525 0.376953 0.16525 0.376953 0.162417 0.376953 0.163362 0.375977 0.164306 0.373047 0.164306 0.37207 0.16525 0.371094 0.16525 0.365234 0.159585 0.365234 0.154863
1 0.643555 0.293673 0.641602 0.295562 0.641602 0.306893 0.642578 0.307838 0.650391 0.307838 0.652344 0.305949 0.65332 0.305949 0.65625 0.303116 0.65625 0.293673
1 0.49707 0.442871 0.495117 0.444759 0.495117 0.457979 0.496094 0.458924 0.496094 0.459868 0.49707 0.460812 0.498047 0.460812 0.499023 0.461756 0.503906 0.461756 0.504883 0.460812 0.506836 0.460812 0.508789 0.458924 0.508789 0.452314 0.509766 0.451369 0.509766 0.450425 0.510742 0.449481 0.510742 0.442871
0 0.000976562 0.530689 0.000976562 0.552408 0.00878906 0.552408 0.00878906 0.530689
0 0.259766 0.0434372 0.258789 0.0443815 0.254883 0.0443815 0.253906 0.0453258 0.25293 0.0453258 0.25 0.0481586 0.249023 0.0481586 0.24707 0.0500472 0.246094 0.0500472 0.245117 0.0509915 0.245117 0.0519358 0.244141 0.0528801 0.244141 0.0661001 0.258789 0.0661001 0.259766 0.0651558 0.260742 0.0651558 0.260742 0.0642115 0.261719 0.0632672 0.261719 0.0623229 0.263672 0.0604344 0.263672 0.0585458 0.264648 0.0576015 0.264648 0.0538244 0.265625 0.0528801 0.265625 0.0491029 0.266602 0.0481586 0.266602 0.0462701 0.265625 0.0453258 0.264648 0.0453258 0.263672 0.0443815 0.262695 0.0443815 0.261719 0.0434372
1 0.473633 0.455146 0.473633 0.465534 0.487305 0.465534 0.488281 0.464589 0.488281 0.455146
1 0.574219 0.00661001 0.574219 0.0207743 0.576172 0.0207743 0.576172 0.01983 0.577148 0.0188857 0.583008 0.0188857 0.583984 0.0179415 0.584961 0.0179415 0.587891 0.0151086 0.587891 0.01322 0.588867 0.0122757 0.588867 0.00661001
1 0.604492 0.8678 0.604492 0.868744 0.603516 0.869688 0.603516 0.880076 0.605469 0.881964 0.612305 0.881964 0.615234 0.879131 0.615234 0.8678
0 0.637695 0.89424 0.636719 0.895184 0.632812 0.895184 0.631836 0.896128 0.628906 0.896128 0.628906 0.897073 0.629883 0.897073 0.630859 0.898017 0.632812 0.898017 0.633789 0.898961 0.634766 0.898961 0.635742 0.899906 0.635742 0.90085 0.636719 0.901794 0.636719 0.902738 0.637695 0.902738 0.639648 0.904627 0.640625 0.904627 0.641602 0.905571 0.642578 0.905571 0.649414 0.912181 0.651367 0.912181 0.661133 0.921624 0.661133 0.922568 0.662109 0.923513 0.662109 0.924457 0.664062 0.926346 0.664062 0.928234 0.663086 0.929178 0.663086 0.930123 0.662109 0.931067 0.662109 0.932011 0.661133 0.932956 0.661133 0.9339 0.65918 0.935788 0.65918 0.936733 0.658203 0.937677 0.679688 0.937677 0.679688 0.936733 0.681641 0.934844 0.681641 0.921624 0.680664 0.92068 0.680664 0.916903 0.679688 0.915958 0.679688 0.915014 0.676758 0.915014 0.675781 0.91407 0.666992 0.91407 0.666016 0.913126 0.664062 0.913126 0.663086 0.912181 0.662109 0.912181 0.661133 0.911237 0.660156 0.911237 0.657227 0.908404 0.657227 0.90746 0.65625 0.906516 0.65625 0.905571 0.655273 0.904627 0.655273 0.903683 0.65332 0.901794 0.65332 0.90085 0.648438 0.896128 0.646484 0.896128 0.645508 0.895184 0.643555 0.895184 0.642578 0.89424
0 0.672852 0.632672 0.672852 0.633617 0.671875 0.634561 0.671875 0.635505 0.668945 0.638338 0.666992 0.638338 0.665039 0.640227 0.665039 0.648725 0.666992 0.650614 0.667969 0.64967 0.667969 0.648725 0.668945 0.647781 0.668945 0.646837 0.669922 0.645892 0.669922 0.644948 0.677734 0.637394 0.678711 0.637394 0.679688 0.636449 0.683594 0.640227 0.683594 0.641171 0.685547 0.643059 0.686523 0.643059 0.689453 0.645892 0.689453 0.650614 0.69043 0.651558 0.69043 0.652502 0.689453 0.653447 0.689453 0.655335 0.688477 0.65628 0.688477 0.657224 0.680664 0.664778 0.680664 0.672332 0.68457 0.672332 0.685547 0.671388 0.686523 0.671388 0.69043 0.667611 0.691406 0.667611 0.692383 0.666667 0.693359 0.666667 0.695312 0.664778 0.695312 0.663834 0.699219 0.660057 0.699219 0.644948 0.698242 0.644948 0.696289 0.643059 0.696289 0.642115 0.695312 0.641171 0.695312 0.640227 0.692383 0.637394 0.691406 0.637394 0.688477 0.634561 0.688477 0.633617 0.6875 0.632672
1 0.430664 0.855524 0.429688 0.856468 0.428711 0.856468 0.427734 0.857413 0.426758 0.857413 0.426758 0.858357 0.425781 0.859301 0.425781 0.860246 0.424805 0.86119 0.424805 0.866856 0.433594 0.866856 0.43457 0.865911 0.435547 0.865911 0.436523 0.864967 0.436523 0.855524
0 0.606445 0.435316 0.606445 0.436261 0.605469 0.437205 0.605469 0.440982 0.604492 0.441926 0.604492 0.442871 0.600586 0.446648 0.600586 0.451369 0.609375 0.451369 0.609375 0.450425 0.610352 0.449481 0.610352 0.448536 0.611328 0.447592 0.611328 0.446648 0.612305 0.445704 0.612305 0.435316
1 0.668945 0.222852 0.668945 0.235127 0.677734 0.235127 0.677734 0.234183 0.679688 0.232295 0.680664 0.232295 0.680664 0.23135 0.681641 0.230406 0.681641 0.223796 0.680664 0.223796 0.679688 0.222852
1 0.124023 0.336166 0.123047 0.33711 0.12207 0.33711 0.12207 0.348442 0.126953 0.348442 0.12793 0.347498 0.129883 0.347498 0.130859 0.346553 0.130859 0.338055 0.129883 0.33711 0.12793 0.33711 0.126953 0.336166
1 0.391602 0.236072 0.390625 0.237016 0.390625 0.246459 0.391602 0.245515 0.396484 0.245515 0.400391 0.241737 0.400391 0.236072
0 0.669922 0.221907 0.669922 0.223796 0.670898 0.22474 0.670898 0.227573 0.669922 0.228517 0.669922 0.229462 0.668945 0.230406 0.668945 0.23135 0.667969 0.232295 0.667969 0.234183 0.666992 0.235127 0.666016 0.235127 0.663086 0.23796 0.663086 0.25118 0.668945 0.25118 0.668945 0.250236 0.671875 0.247403 0.671875 0.246459 0.675781 0.242682 0.675781 0.241737 0.676758 0.240793 0.676758 0.238905 0.677734 0.23796 0.677734 0.237016 0.678711 0.236072 0.678711 0.235127 0.680664 0.233239 0.680664 0.23135 0.681641 0.230406 0.681641 0.22474 0.680664 0.223796 0.678711 0.223796 0.676758 0.221907
1 0.757812 0.206799 0.756836 0.207743 0.755859 0.207743 0.755859 0.212465 0.756836 0.213409 0.756836 0.215297 0.755859 0.216242 0.755859 0.217186 0.754883 0.21813 0.754883 0.219075 0.75293 0.220963 0.75293 0.227573 0.753906 0.227573 0.754883 0.228517 0.755859 0.228517 0.756836 0.229462 0.757812 0.229462 0.758789 0.228517 0.759766 0.228517 0.760742 0.227573 0.761719 0.227573 0.761719 0.226629 0.762695 0.225685 0.762695 0.22474 0.764648 0.222852 0.764648 0.207743 0.763672 0.206799
0 0.676758 0.580737 0.676758 0.581681 0.675781 0.582625 0.675781 0.584514 0.674805 0.585458 0.674805 0.586402 0.673828 0.587347 0.673828 0.588291 0.670898 0.591124 0.668945 0.591124 0.667969 0.592068 0.663086 0.592068 0.662109 0.593012 0.660156 0.593012 0.660156 0.599622 0.664062 0.599622 0.665039 0.600567 0.670898 0.600567 0.671875 0.599622 0.676758 0.599622 0.680664 0.595845 0.680664 0.594901 0.681641 0.593957 0.681641 0.581681 0.680664 0.580737
1 0.491211 0.381492 0.489258 0.383381 0.489258 0.384325 0.488281 0.385269 0.488281 0.389046 0.484375 0.392823 0.484375 0.400378 0.496094 0.400378 0.496094 0.390935 0.495117 0.389991 0.496094 0.389046 0.496094 0.381492
0 0.0966797 0.941454 0.0966797 0.94712 0.100586 0.950897 0.100586 0.952786 0.102539 0.954674 0.102539 0.955619 0.103516 0.956563 0.103516 0.958451 0.105469 0.96034 0.105469 0.961284 0.111328 0.961284 0.112305 0.962229 0.114258 0.96034 0.114258 0.959396 0.115234 0.958451 0.115234 0.951841 0.113281 0.949953 0.113281 0.949009 0.112305 0.948064 0.112305 0.94712 0.111328 0.946176 0.109375 0.946176 0.108398 0.945231 0.107422 0.945231 0.106445 0.944287 0.103516 0.944287 0.102539 0.943343 0.100586 0.943343 0.0986328 0.941454
1 0.248047 0.349386 0.248047 0.353163 0.249023 0.354108 0.249023 0.355052 0.25 0.355052 0.250977 0.355996 0.251953 0.355996 0.25293 0.356941 0.253906 0.356941 0.253906 0.349386
1 0.000976562 0.824363 0.000976562 0.835694 0.00683594 0.835694 0.00683594 0.824363
1 0.540039 0.70916 0.540039 0.717658 0.541016 0.718602 0.542969 0.718602 0.543945 0.719547 0.544922 0.719547 0.545898 0.718602 0.546875 0.718602 0.547852 0.717658 0.548828 0.717658 0.548828 0.70916
0 0.413086 0.0273843 0.413086 0.0406043 0.415039 0.0424929 0.416016 0.0424929 0.416992 0.0434372 0.417969 0.0434372 0.420898 0.0462701 0.421875 0.0462701 0.422852 0.0472144 0.426758 0.0472144 0.427734 0.0481586 0.428711 0.0481586 0.430664 0.0462701 0.430664 0.0453258 0.432617 0.0434372 0.432617 0.0424929 0.435547 0.0396601 0.435547 0.0387158 0.436523 0.0377715 0.436523 0.0292729 0.428711 0.0292729 0.426758 0.0273843
1 0.588867 0.267233 0.587891 0.268178 0.586914 0.268178 0.585938 0.269122 0.584961 0.269122 0.584961 0.27762 0.585938 0.27762 0.587891 0.279509 0.597656 0.279509 0.599609 0.27762 0.599609 0.276676 0.602539 0.273843 0.602539 0.267233
1 0.563477 0.680831 0.563477 0.688385 0.567383 0.688385 0.568359 0.687441 0.570312 0.687441 0.571289 0.686497 0.572266 0.686497 0.572266 0.680831
1 0.633789 0.151086 0.631836 0.152975 0.630859 0.152975 0.629883 0.153919 0.628906 0.153919 0.62793 0.154863 0.626953 0.154863 0.625977 0.155807 0.625 0.155807 0.625 0.167139 0.630859 0.167139 0.632812 0.16525 0.633789 0.16525 0.636719 0.162417 0.636719 0.161473 0.637695 0.160529 0.637695 0.159585 0.638672 0.15864 0.638672 0.157696 0.639648 0.156752 0.640625 0.156752 0.640625 0.151086
0 0.47168 0.928234 0.47168 0.929178 0.473633 0.931067 0.475586 0.931067 0.477539 0.932956 0.477539 0.934844 0.478516 0.935788 0.478516 0.936733 0.481445 0.939566 0.481445 0.945231 0.482422 0.946176 0.479492 0.949009 0.477539 0.949009 0.476562 0.949953 0.474609 0.949953 0.473633 0.950897 0.472656 0.950897 0.47168 0.949953 0.47168 0.955619 0.472656 0.956563 0.472656 0.957507 0.473633 0.958451 0.473633 0.959396 0.476562 0.962229 0.491211 0.962229 0.491211 0.95373 0.490234 0.952786 0.490234 0.946176 0.491211 0.945231 0.491211 0.928234
1 0.853516 0.537299 0.853516 0.545798 0.854492 0.545798 0.855469 0.546742 0.858398 0.546742 0.859375 0.547687 0.860352 0.547687 0.861328 0.546742 0.862305 0.546742 0.863281 0.545798 0.863281 0.544854 0.865234 0.542965 0.865234 0.537299
0 0.0761719 0.681775 0.0761719 0.691218 0.0800781 0.691218 0.0810547 0.690274 0.0839844 0.690274 0.0859375 0.688385 0.09375 0.688385 0.0957031 0.690274 0.0986328 0.690274 0.0996094 0.691218 0.101562 0.691218 0.102539 0.690274 0.106445 0.690274 0.107422 0.68933 0.107422 0.681775
0 0.120117 0.857413 0.120117 0.859301 0.118164 0.86119 0.117188 0.86119 0.115234 0.863078 0.115234 0.864967 0.113281 0.866856 0.125977 0.866856 0.125977 0.865911 0.129883 0.862134 0.129883 0.857413
0 0.477539 0.95373 0.477539 0.962229 0.478516 0.963173 0.485352 0.963173 0.486328 0.962229 0.487305 0.963173 0.495117 0.963173 0.496094 0.962229 0.499023 0.962229 0.499023 0.95373
1 0.118164 0.338999 0.118164 0.348442 0.126953 0.348442 0.12793 0.347498 0.128906 0.347498 0.128906 0.338999
1 0.373047 0.203022 0.373047 0.215297 0.376953 0.215297 0.379883 0.212465 0.379883 0.21152 0.380859 0.210576 0.380859 0.208687 0.381836 0.207743 0.381836 0.203022
1 0.0693359 0.521246 0.0693359 0.526912 0.0703125 0.527856 0.0703125 0.528801 0.0732422 0.531634 0.0742188 0.531634 0.0751953 0.530689 0.0761719 0.530689 0.0771484 0.529745 0.0791016 0.529745 0.0791016 0.521246
0 0.602539 0.7356 0.598633 0.739377 0.598633 0.759207 0.600586 0.761095 0.604492 0.761095 0.610352 0.75543 0.610352 0.754485 0.611328 0.753541 0.611328 0.7356
1 0.595703 0.830028 0.595703 0.832861 0.59668 0.833806 0.59668 0.840415 0.600586 0.844193 0.603516 0.844193 0.604492 0.843248 0.604492 0.830028
1 0.401367 0.457035 0.401367 0.459868 0.402344 0.460812 0.404297 0.460812 0.40625 0.462701 0.40625 0.463645 0.407227 0.464589 0.407227 0.465534 0.408203 0.466478 0.411133 0.466478 0.412109 0.465534 0.413086 0.465534 0.413086 0.464589 0.412109 0.463645 0.412109 0.462701 0.411133 0.461756 0.411133 0.460812 0.40918 0.458924 0.410156 0.457979 0.410156 0.457035
0 0.732422 0.727101 0.729492 0.729934 0.729492 0.741265 0.731445 0.743154 0.742188 0.743154 0.743164 0.74221 0.744141 0.74221 0.74707 0.739377 0.74707 0.738432 0.75 0.7356 0.75 0.734655 0.750977 0.733711 0.750977 0.727101
0 0.00292969 0.193579 0.00292969 0.21813 0.00488281 0.220019 0.00488281 0.220963 0.00585938 0.221907 0.00683594 0.221907 0.0078125 0.222852 0.00976562 0.222852 0.0107422 0.223796 0.0117188 0.223796 0.0126953 0.22474 0.0136719 0.22474 0.0146484 0.225685 0.015625 0.225685 0.0166016 0.226629 0.0205078 0.226629 0.0214844 0.227573 0.0283203 0.227573 0.0292969 0.228517 0.0322266 0.228517 0.0332031 0.229462 0.0361328 0.229462 0.0371094 0.230406 0.0400391 0.230406 0.0410156 0.23135 0.0429688 0.23135 0.0429688 0.220963 0.0419922 0.220019 0.0410156 0.220019 0.0400391 0.219075 0.0390625 0.219075 0.0380859 0.21813 0.0371094 0.21813 0.0361328 0.217186 0.0351562 0.217186 0.0341797 0.216242 0.03125 0.216242 0.0302734 0.215297 0.0263672 0.215297 0.0253906 0.214353 0.0244141 0.214353 0.0234375 0.213409 0.0224609 0.213409 0.0205078 0.21152 0.0205078 0.210576 0.0195312 0.209632 0.0195312 0.206799 0.0185547 0.205855 0.0185547 0.195467 0.0175781 0.194523 0.0175781 0.193579
1 0.0117188 0.872521 0.00976562 0.87441 0.00878906 0.87441 0.00878906 0.879131 0.00976562 0.880076 0.0117188 0.880076 0.0126953 0.88102 0.0166016 0.88102 0.0175781 0.880076 0.0175781 0.872521
0 0.560547 0.325779 0.557617 0.328612 0.556641 0.328612 0.554688 0.3305 0.553711 0.3305 0.552734 0.331445 0.551758 0.331445 0.550781 0.332389 0.546875 0.332389 0.546875 0.336166 0.548828 0.338055 0.551758 0.338055 0.552734 0.33711 0.554688 0.33711 0.555664 0.336166 0.558594 0.336166 0.55957 0.335222 0.561523 0.335222 0.5625 0.334278 0.563477 0.334278 0.564453 0.333333 0.56543 0.333333 0.56543 0.332389 0.566406 0.331445 0.566406 0.325779
1 0.349609 0.604344 0.349609 0.614731 0.357422 0.614731 0.360352 0.617564 0.360352 0.618508 0.365234 0.618508 0.365234 0.615675 0.366211 0.614731 0.366211 0.613787 0.367188 0.612842 0.367188 0.610954 0.368164 0.610009 0.368164 0.604344
1 0.19043 0.296506 0.188477 0.298395 0.188477 0.299339 0.1875 0.300283 0.1875 0.301228 0.186523 0.302172 0.186523 0.305949 0.1875 0.306893 0.1875 0.309726 0.186523 0.31067 0.193359 0.31067 0.194336 0.309726 0.195312 0.309726 0.197266 0.307838 0.197266 0.306893 0.198242 0.305949 0.198242 0.296506
0 0.686523 0.893296 0.683594 0.896128 0.683594 0.898017 0.682617 0.898961 0.682617 0.899906 0.681641 0.90085 0.681641 0.901794 0.680664 0.902738 0.680664 0.904627 0.679688 0.905571 0.679688 0.908404 0.678711 0.909348 0.678711 0.910293 0.677734 0.911237 0.676758 0.911237 0.675781 0.912181 0.674805 0.912181 0.673828 0.913126 0.670898 0.913126 0.669922 0.91407 0.65918 0.91407 0.658203 0.915014 0.657227 0.915014 0.658203 0.915958 0.65918 0.915958 0.662109 0.918791 0.662109 0.919736 0.663086 0.92068 0.663086 0.928234 0.661133 0.930123 0.661133 0.931067 0.65918 0.932956 0.65918 0.9339 0.658203 0.934844 0.658203 0.935788 0.657227 0.936733 0.657227 0.938621 0.65625 0.939566 0.65625 0.941454 0.654297 0.943343 0.654297 0.944287 0.65332 0.945231 0.65332 0.946176 0.652344 0.94712 0.652344 0.948064 0.647461 0.952786 0.647461 0.95373 0.645508 0.955619 0.645508 0.956563 0.644531 0.957507 0.644531 0.959396 0.658203 0.959396 0.65918 0.958451 0.660156 0.958451 0.661133 0.957507 0.663086 0.959396 0.668945 0.959396 0.672852 0.955619 0.672852 0.954674 0.673828 0.95373 0.673828 0.949009 0.674805 0.948064 0.674805 0.946176 0.676758 0.944287 0.676758 0.943343 0.678711 0.941454 0.678711 0.94051 0.681641 0.937677 0.681641 0.936733 0.68457 0.9339 0.68457 0.930123 0.685547 0.929178 0.685547 0.92068 0.686523 0.919736 0.686523 0.915958 0.6875 0.915014 0.6875 0.908404 0.689453 0.906516 0.689453 0.905571 0.69043 0.904627 0.69043 0.902738 0.691406 0.901794 0.691406 0.895184 0.689453 0.893296
0 0.501953 0 0.501953 0.0113314 0.513672 0.0113314 0.515625 0.00944287 0.515625 0
1 0.231445 0.864023 0.231445 0.872521 0.234375 0.872521 0.237305 0.869688 0.237305 0.864023
0 0.827148 0.235127 0.827148 0.23796 0.826172 0.238905 0.826172 0.239849 0.827148 0.240793 0.828125 0.240793 0.829102 0.241737 0.833984 0.241737 0.834961 0.242682 0.838867 0.242682 0.839844 0.243626 0.841797 0.243626 0.842773 0.24457 0.844727 0.24457 0.84668 0.246459 0.845703 0.247403 0.844727 0.247403 0.84375 0.248347 0.84082 0.248347 0.838867 0.250236 0.838867 0.25118 0.834961 0.254957 0.833984 0.254957 0.828125 0.260623 0.827148 0.260623 0.826172 0.261568 0.825195 0.261568 0.823242 0.263456 0.822266 0.263456 0.822266 0.270066 0.827148 0.270066 0.828125 0.269122 0.829102 0.269122 0.831055 0.267233 0.832031 0.267233 0.833008 0.266289 0.833984 0.266289 0.842773 0.25779 0.842773 0.256846 0.844727 0.254957 0.844727 0.254013 0.84668 0.252125 0.84668 0.249292 0.847656 0.248347 0.847656 0.240793 0.851562 0.237016 0.851562 0.235127
1 0.610352 0.790368 0.610352 0.798867 0.611328 0.799811 0.611328 0.800755 0.612305 0.800755 0.614258 0.802644 0.624023 0.802644 0.626953 0.799811 0.626953 0.793201 0.625977 0.792257 0.625977 0.791313 0.625 0.791313 0.624023 0.790368
0 0.31543 0.78187 0.314453 0.782814 0.314453 0.792257 0.317383 0.79509 0.318359 0.79509 0.319336 0.796034 0.321289 0.796034 0.322266 0.796978 0.324219 0.796978 0.325195 0.797923 0.329102 0.797923 0.330078 0.798867 0.334961 0.798867 0.334961 0.789424 0.333984 0.78848 0.333984 0.787535 0.331055 0.784703 0.331055 0.783758 0.330078 0.782814 0.330078 0.78187
1 0.574219 0.305005 0.574219 0.316336 0.585938 0.316336 0.585938 0.315392 0.586914 0.314448 0.586914 0.305005 0.578125 0.305005 0.577148 0.305949 0.576172 0.305005
1 0.65625 0.75543 0.65625 0.76865 0.664062 0.76865 0.666016 0.766761 0.666016 0.75543
1 0.44043 0.288952 0.44043 0.301228 0.447266 0.301228 0.449219 0.299339 0.449219 0.298395 0.450195 0.29745 0.450195 0.288952
0 0.0615234 0.206799 0.0615234 0.216242 0.0625 0.217186 0.0644531 0.217186 0.0654297 0.21813 0.0664062 0.21813 0.0673828 0.219075 0.0693359 0.219075 0.0722656 0.221907 0.0722656 0.222852 0.0800781 0.222852 0.0800781 0.208687 0.0791016 0.207743 0.078125 0.207743 0.0771484 0.206799
1 0.00976562 0.747875 0.00976562 0.756374 0.0107422 0.756374 0.0117188 0.757318 0.0136719 0.757318 0.015625 0.759207 0.0214844 0.759207 0.0224609 0.758263 0.0234375 0.758263 0.0253906 0.756374 0.0263672 0.756374 0.0263672 0.749764 0.0244141 0.747875
0 0.893555 0.000944287 0.893555 0.00849858 0.894531 0.00944287 0.895508 0.00944287 0.897461 0.0113314 0.898438 0.0113314 0.899414 0.0122757 0.899414 0.01322 0.907227 0.01322 0.90918 0.0113314 0.910156 0.0113314 0.911133 0.0103872 0.912109 0.0103872 0.913086 0.00944287 0.914062 0.00944287 0.915039 0.00849858 0.915039 0.000944287
0 0.25293 0.457035 0.25293 0.458924 0.25 0.461756 0.25 0.462701 0.248047 0.464589 0.248047 0.467422 0.249023 0.468366 0.249023 0.476865 0.25 0.477809 0.25 0.486308 0.250977 0.487252 0.250977 0.511804 0.251953 0.512748 0.251953 0.513692 0.253906 0.515581 0.254883 0.515581 0.255859 0.514636 0.256836 0.514636 0.258789 0.512748 0.259766 0.512748 0.260742 0.511804 0.260742 0.502361 0.259766 0.501416 0.259766 0.485364 0.260742 0.484419 0.260742 0.471199 0.259766 0.470255 0.259766 0.467422 0.258789 0.466478 0.258789 0.463645 0.257812 0.462701 0.257812 0.460812 0.256836 0.459868 0.256836 0.458924 0.255859 0.457979 0.255859 0.457035
1 0.547852 0.189802 0.547852 0.203022 0.566406 0.203022 0.567383 0.202077 0.567383 0.189802
1 0.365234 0.0793201 0.365234 0.0934844 0.366211 0.0944287 0.368164 0.0944287 0.369141 0.095373 0.378906 0.095373 0.378906 0.0897073 0.381836 0.0868744 0.381836 0.0793201
1 0.598633 0.816808 0.597656 0.817753 0.59668 0.817753 0.594727 0.819641 0.594727 0.825307 0.595703 0.826251 0.595703 0.829084 0.59668 0.830028 0.59668 0.830973 0.602539 0.830973 0.602539 0.816808
1 0.078125 0.779037 0.0791016 0.779981 0.0791016 0.78848 0.0810547 0.790368 0.0800781 0.791313 0.0732422 0.791313 0.0712891 0.793201 0.0703125 0.793201 0.0693359 0.794145 0.0693359 0.798867 0.0712891 0.800755 0.0742188 0.800755 0.0751953 0.799811 0.0761719 0.799811 0.0791016 0.796978 0.0869141 0.796978 0.0878906 0.796034 0.0888672 0.796034 0.0917969 0.793201 0.0927734 0.793201 0.09375 0.792257 0.09375 0.780925 0.0917969 0.779037
0 0.524414 0.791313 0.524414 0.805477 0.525391 0.806421 0.525391 0.809254 0.526367 0.810198 0.526367 0.812087 0.527344 0.813031 0.527344 0.816808 0.52832 0.817753 0.52832 0.822474 0.529297 0.823418 0.529297 0.825307 0.537109 0.825307 0.536133 0.824363 0.536133 0.82153 0.535156 0.820585 0.535156 0.80831 0.536133 0.807365 0.536133 0.803588 0.537109 0.802644 0.537109 0.797923 0.538086 0.796978 0.538086 0.791313
1 0.791016 0.84136 0.791016 0.84797 0.791992 0.848914 0.797852 0.848914 0.798828 0.84797 0.798828 0.84136
0 0.333984 0.759207 0.333984 0.766761 0.334961 0.767705 0.334961 0.769594 0.336914 0.771483 0.337891 0.771483 0.338867 0.772427 0.339844 0.772427 0.34082 0.773371 0.341797 0.773371 0.341797 0.761095 0.34082 0.760151 0.34082 0.759207
1 0.370117 0.716714 0.369141 0.717658 0.369141 0.718602 0.368164 0.719547 0.368164 0.720491 0.367188 0.721435 0.367188 0.723324 0.366211 0.724268 0.366211 0.725212 0.365234 0.726157 0.365234 0.727101 0.363281 0.72899 0.363281 0.737488 0.365234 0.737488 0.368164 0.734655 0.368164 0.733711 0.369141 0.732767 0.370117 0.732767 0.371094 0.731822 0.37207 0.731822 0.375 0.72899 0.375 0.728045 0.375977 0.727101 0.375977 0.726157 0.37793 0.724268 0.37793 0.716714
0 0.0136719 0.392823 0.0117188 0.394712 0.0117188 0.395656 0.00878906 0.398489 0.00683594 0.398489 0.00683594 0.409821 0.0146484 0.409821 0.0146484 0.407932 0.0175781 0.405099 0.0175781 0.404155 0.0185547 0.403211 0.0185547 0.401322 0.0195312 0.400378 0.0195312 0.399433 0.0205078 0.398489 0.0205078 0.397545 0.0214844 0.396601 0.0214844 0.392823
1 0.689453 0.0717658 0.689453 0.0727101 0.688477 0.0736544 0.688477 0.0745987 0.685547 0.0774315 0.68457 0.0774315 0.685547 0.0774315 0.686523 0.0783758 0.6875 0.0783758 0.689453 0.0802644 0.691406 0.0802644 0.692383 0.0812087 0.693359 0.0812087 0.695312 0.0793201 0.696289 0.0793201 0.697266 0.0783758 0.697266 0.0717658
1 0.389648 0.512748 0.389648 0.513692 0.390625 0.514636 0.390625 0.515581 0.388672 0.517469 0.388672 0.523135 0.397461 0.523135 0.397461 0.512748
0 0.438477 0.00188857 0.438477 0.00283286 0.439453 0.00377715 0.439453 0.00566572 0.44043 0.00661001 0.44043 0.0075543 0.441406 0.00849858 0.442383 0.00849858 0.443359 0.00944287 0.444336 0.00944287 0.447266 0.0122757 0.448242 0.0113314 0.448242 0.0103872 0.449219 0.00944287 0.449219 0.0075543 0.450195 0.00661001 0.450195 0.00188857
0 0.666016 0.000944287 0.666016 0.00472144 0.666992 0.00566572 0.666992 0.0075543 0.668945 0.00566572 0.669922 0.00566572 0.670898 0.00472144 0.672852 0.00472144 0.673828 0.00377715 0.674805 0.00377715 0.674805 0.00283286 0.675781 0.00188857 0.675781 0.000944287
0 0.470703 0.177526 0.470703 0.17847 0.46582 0.183192 0.464844 0.183192 0.464844 0.184136 0.463867 0.18508 0.463867 0.186025 0.460938 0.188857 0.460938 0.189802 0.459961 0.190746 0.459961 0.19169 0.458984 0.192635 0.458984 0.193579 0.458008 0.194523 0.458008 0.196412 0.457031 0.197356 0.457031 0.1983 0.455078 0.200189 0.454102 0.200189 0.453125 0.201133 0.453125 0.209632 0.459961 0.209632 0.460938 0.208687 0.460938 0.207743 0.461914 0.206799 0.461914 0.205855 0.463867 0.203966 0.464844 0.203966 0.46582 0.203022 0.466797 0.203022 0.466797 0.201133 0.46582 0.200189 0.46582 0.196412 0.467773 0.194523 0.46875 0.194523 0.469727 0.193579 0.469727 0.192635 0.470703 0.19169 0.470703 0.190746 0.47168 0.189802 0.47168 0.188857 0.472656 0.187913 0.473633 0.187913 0.474609 0.186969 0.474609 0.186025 0.478516 0.182247 0.479492 0.182247 0.479492 0.177526
0 0.173828 0.694051 0.172852 0.694995 0.172852 0.69594 0.170898 0.697828 0.169922 0.697828 0.168945 0.698772 0.168945 0.716714 0.176758 0.716714 0.178711 0.714825 0.178711 0.713881 0.182617 0.710104 0.182617 0.694051
1 0.174805 0.0349386 0.174805 0.0500472 0.188477 0.0500472 0.188477 0.0472144 0.191406 0.0443815 0.191406 0.0349386
0 0.0791016 0.18508 0.078125 0.186025 0.0742188 0.186025 0.0722656 0.187913 0.0722656 0.188857 0.0712891 0.189802 0.0712891 0.190746 0.0703125 0.19169 0.0703125 0.192635 0.0673828 0.195467 0.0605469 0.195467 0.0605469 0.197356 0.0683594 0.197356 0.0693359 0.1983 0.0703125 0.1983 0.0712891 0.199245 0.0722656 0.199245 0.0732422 0.200189 0.0751953 0.200189 0.0761719 0.199245 0.078125 0.199245 0.0791016 0.1983
1 0.321289 0.0406043 0.321289 0.0547686 0.325195 0.0585458 0.326172 0.0585458 0.327148 0.0576015 0.329102 0.0576015 0.330078 0.0566572 0.332031 0.0566572 0.333008 0.0557129 0.336914 0.0557129 0.337891 0.0547686 0.34082 0.0547686 0.341797 0.0557129 0.344727 0.0557129 0.345703 0.0547686 0.347656 0.0547686 0.348633 0.0538244 0.349609 0.0538244 0.350586 0.0528801 0.350586 0.0406043 0.34375 0.0406043 0.342773 0.0415486 0.341797 0.0415486 0.338867 0.0443815 0.335938 0.0443815 0.334961 0.0434372 0.333984 0.0434372 0.333008 0.0424929 0.332031 0.0424929 0.330078 0.0406043
1 0.303711 0.631728 0.303711 0.644004 0.304688 0.644004 0.305664 0.643059 0.306641 0.643059 0.307617 0.642115 0.308594 0.642115 0.310547 0.640227 0.311523 0.640227 0.3125 0.639282 0.316406 0.639282 0.317383 0.640227 0.318359 0.640227 0.319336 0.639282 0.320312 0.639282 0.320312 0.631728
1 0.125977 0.449481 0.125 0.450425 0.121094 0.450425 0.121094 0.451369 0.120117 0.452314 0.120117 0.454202 0.119141 0.455146 0.118164 0.455146 0.118164 0.465534 0.126953 0.465534 0.131836 0.460812 0.132812 0.460812 0.135742 0.457979 0.136719 0.457979 0.137695 0.457035 0.139648 0.457035 0.139648 0.449481
1 0.426758 0.0774315 0.423828 0.0802644 0.423828 0.0812087 0.422852 0.082153 0.422852 0.0849858 0.424805 0.0868744 0.430664 0.0868744 0.431641 0.0859301 0.431641 0.0783758 0.430664 0.0774315
1 0.398438 0.784703 0.398438 0.796034 0.405273 0.796034 0.40625 0.79509 0.408203 0.79509 0.40918 0.794145 0.411133 0.794145 0.412109 0.793201 0.413086 0.793201 0.415039 0.791313 0.416016 0.791313 0.416016 0.784703
1 0.780273 0.820585 0.780273 0.82814 0.78125 0.82814 0.782227 0.827195 0.783203 0.827195 0.78418 0.826251 0.785156 0.826251 0.788086 0.823418 0.789062 0.823418 0.790039 0.822474 0.790039 0.820585
0 0.757812 0.780925 0.757812 0.78187 0.756836 0.782814 0.756836 0.785647 0.755859 0.786591 0.755859 0.78848 0.754883 0.789424 0.754883 0.790368 0.753906 0.791313 0.753906 0.792257 0.749023 0.796978 0.749023 0.798867 0.748047 0.799811 0.748047 0.800755 0.74707 0.8017 0.74707 0.802644 0.743164 0.806421 0.742188 0.806421 0.736328 0.812087 0.735352 0.812087 0.734375 0.813031 0.734375 0.817753 0.744141 0.817753 0.745117 0.816808 0.746094 0.816808 0.748047 0.81492 0.749023 0.81492 0.75 0.813975 0.750977 0.813975 0.757812 0.807365 0.757812 0.805477 0.758789 0.804533 0.758789 0.802644 0.759766 0.8017 0.759766 0.798867 0.760742 0.797923 0.760742 0.785647 0.761719 0.784703 0.761719 0.783758 0.760742 0.782814 0.760742 0.78187 0.759766 0.780925
1 0.456055 0.896128 0.456055 0.915014 0.457031 0.915958 0.458008 0.915958 0.460938 0.918791 0.463867 0.918791 0.464844 0.919736 0.46582 0.919736 0.467773 0.921624 0.477539 0.921624 0.477539 0.918791 0.478516 0.917847 0.478516 0.915958 0.479492 0.915014 0.479492 0.91407 0.480469 0.913126 0.480469 0.912181 0.481445 0.911237 0.481445 0.896128
1 0.243164 0.708215 0.243164 0.712937 0.242188 0.713881 0.242188 0.71577 0.245117 0.718602 0.249023 0.718602 0.25 0.717658 0.25 0.708215
1 0.387695 0.949009 0.387695 0.95373 0.388672 0.954674 0.388672 0.955619 0.394531 0.961284 0.40625 0.961284 0.407227 0.96034 0.40918 0.96034 0.410156 0.959396 0.410156 0.952786 0.40918 0.951841 0.408203 0.951841 0.407227 0.950897 0.40625 0.950897 0.405273 0.949953 0.404297 0.949953 0.40332 0.949009
0 0.326172 0.547687 0.325195 0.548631 0.325195 0.549575 0.324219 0.550519 0.324219 0.551464 0.323242 0.552408 0.323242 0.554296 0.322266 0.555241 0.322266 0.556185 0.321289 0.557129 0.321289 0.558074 0.320312 0.559018 0.320312 0.559962 0.317383 0.562795 0.317383 0.563739 0.316406 0.564684 0.316406 0.576015 0.317383 0.576015 0.318359 0.576959 0.325195 0.576959 0.328125 0.574127 0.328125 0.573182 0.329102 0.572238 0.329102 0.563739 0.330078 0.562795 0.330078 0.560907 0.331055 0.559962 0.331055 0.559018 0.332031 0.558074 0.332031 0.557129 0.333008 0.556185 0.333008 0.555241 0.333984 0.554296 0.333984 0.551464 0.334961 0.550519 0.334961 0.547687
0 0.786133 0.479698 0.786133 0.480642 0.785156 0.481586 0.785156 0.483475 0.78418 0.484419 0.78418 0.486308 0.783203 0.487252 0.783203 0.520302 0.785156 0.520302 0.788086 0.517469 0.789062 0.517469 0.790039 0.516525 0.790039 0.515581 0.791016 0.514636 0.791016 0.513692 0.791992 0.512748 0.791992 0.511804 0.792969 0.510859 0.792969 0.508971 0.793945 0.508026 0.793945 0.479698
1 0.12793 0.375826 0.126953 0.376771 0.126953 0.379603 0.125977 0.380548 0.125977 0.382436 0.125 0.383381 0.125 0.386213 0.125977 0.387158 0.125977 0.389046 0.131836 0.389046 0.131836 0.375826
0 0.15625 0.847026 0.155273 0.84797 0.155273 0.856468 0.15625 0.857413 0.15625 0.859301 0.157227 0.860246 0.15918 0.860246 0.160156 0.859301 0.162109 0.859301 0.163086 0.858357 0.166016 0.858357 0.166992 0.859301 0.170898 0.859301 0.171875 0.860246 0.176758 0.860246 0.177734 0.859301 0.182617 0.859301 0.183594 0.858357 0.183594 0.847026
1 0.511719 0.528801 0.511719 0.541076 0.520508 0.541076 0.521484 0.540132 0.521484 0.539188 0.523438 0.537299 0.523438 0.528801
0 0.202148 0.94051 0.199219 0.943343 0.198242 0.943343 0.192383 0.949009 0.191406 0.949009 0.189453 0.950897 0.189453 0.964117 0.202148 0.964117 0.202148 0.963173 0.203125 0.962229 0.203125 0.959396 0.206055 0.956563 0.206055 0.955619 0.208008 0.95373 0.208008 0.952786 0.208984 0.951841 0.208984 0.94051
0 0.745117 0.311615 0.741211 0.315392 0.741211 0.316336 0.739258 0.318225 0.738281 0.318225 0.737305 0.319169 0.736328 0.319169 0.735352 0.320113 0.734375 0.320113 0.733398 0.321058 0.732422 0.321058 0.729492 0.32389 0.728516 0.32389 0.727539 0.324835 0.725586 0.324835 0.724609 0.325779 0.723633 0.325779 0.722656 0.326723 0.72168 0.326723 0.71875 0.329556 0.716797 0.329556 0.71582 0.3305 0.714844 0.3305 0.713867 0.331445 0.712891 0.331445 0.711914 0.332389 0.710938 0.332389 0.709961 0.333333 0.708984 0.333333 0.708008 0.334278 0.707031 0.334278 0.707031 0.335222 0.708008 0.336166 0.722656 0.336166 0.725586 0.333333 0.726562 0.333333 0.727539 0.332389 0.728516 0.332389 0.729492 0.331445 0.730469 0.331445 0.731445 0.3305 0.732422 0.3305 0.733398 0.329556 0.734375 0.329556 0.736328 0.327668 0.737305 0.327668 0.740234 0.324835 0.741211 0.324835 0.743164 0.322946 0.744141 0.322946 0.745117 0.322002 0.745117 0.321058 0.746094 0.320113 0.746094 0.311615
0 0.46875 0.234183 0.46875 0.237016 0.469727 0.23796 0.469727 0.248347 0.470703 0.249292 0.473633 0.249292 0.474609 0.248347 0.475586 0.248347 0.476562 0.247403 0.477539 0.247403 0.478516 0.246459 0.478516 0.237016 0.477539 0.236072 0.477539 0.234183
1 0.764648 0.364495 0.763672 0.365439 0.762695 0.365439 0.762695 0.373938 0.769531 0.373938 0.770508 0.372993 0.771484 0.372993 0.775391 0.369216 0.775391 0.368272 0.776367 0.367328 0.776367 0.364495
0 0.794922 0.00188857 0.794922 0.00283286 0.790039 0.0075543 0.790039 0.00849858 0.783203 0.0151086 0.782227 0.0151086 0.782227 0.0160529 0.791992 0.0160529 0.792969 0.0151086 0.792969 0.0141643 0.794922 0.0122757 0.795898 0.0122757 0.795898 0.0113314 0.797852 0.00944287 0.797852 0.0075543 0.798828 0.00661001 0.798828 0.00472144 0.800781 0.00283286 0.801758 0.00283286 0.801758 0.00188857
1 0.0078125 0.639282 0.0078125 0.641171 0.00683594 0.642115 0.00585938 0.642115 0.00488281 0.643059 0.00195312 0.643059 0.00195312 0.670444 0.00292969 0.670444 0.00390625 0.671388 0.00585938 0.671388 0.00683594 0.672332 0.00878906 0.672332 0.0175781 0.680831 0.0185547 0.680831 0.0214844 0.683664 0.0253906 0.683664 0.0263672 0.68272 0.0273438 0.68272 0.03125 0.678942 0.0322266 0.678942 0.0341797 0.677054 0.0351562 0.677054 0.0351562 0.67611 0.0371094 0.674221 0.0371094 0.65628 0.0351562 0.65628 0.0332031 0.658168 0.0332031 0.659112 0.0322266 0.660057 0.0322266 0.661001 0.03125 0.661945 0.03125 0.66289 0.0302734 0.663834 0.0302734 0.664778 0.0292969 0.665722 0.0224609 0.665722 0.0205078 0.663834 0.0205078 0.66289 0.0117188 0.654391 0.0107422 0.654391 0.00878906 0.652502 0.00878906 0.64967 0.00976562 0.648725 0.00976562 0.643059 0.0107422 0.642115 0.0107422 0.639282
1 0.227539 0.153919 0.225586 0.155807 0.224609 0.155807 0.223633 0.156752 0.222656 0.156752 0.22168 0.157696 0.220703 0.157696 0.220703 0.161473 0.222656 0.163362 0.226562 0.163362 0.227539 0.164306 0.238281 0.164306 0.239258 0.163362 0.240234 0.163362 0.240234 0.153919
1 0.12793 0.954674 0.126953 0.955619 0.125977 0.955619 0.125 0.956563 0.125 0.96034 0.125977 0.961284 0.130859 0.961284 0.130859 0.954674
1 0.236328 0.075543 0.236328 0.0868744 0.241211 0.0868744 0.242188 0.0878187 0.25 0.0878187 0.25 0.075543
1 0.229492 0.606232 0.229492 0.616619 0.230469 0.616619 0.231445 0.615675 0.233398 0.615675 0.234375 0.614731 0.235352 0.614731 0.236328 0.615675 0.238281 0.615675 0.239258 0.616619 0.246094 0.616619 0.246094 0.607177 0.245117 0.606232
1 0.708984 0.376771 0.708984 0.377715 0.708008 0.378659 0.708008 0.389046 0.714844 0.389046 0.717773 0.386213 0.717773 0.376771
0 0.645508 0.855524 0.645508 0.856468 0.646484 0.857413 0.646484 0.858357 0.648438 0.860246 0.648438 0.86119 0.650391 0.863078 0.650391 0.864023 0.651367 0.864967 0.651367 0.866856 0.652344 0.8678 0.652344 0.868744 0.65332 0.869688 0.65332 0.870633 0.654297 0.871577 0.654297 0.873466 0.658203 0.877243 0.658203 0.878187 0.660156 0.880076 0.661133 0.880076 0.661133 0.859301 0.65918 0.857413 0.65918 0.856468 0.658203 0.855524
1 0.328125 0.865911 0.328125 0.866856 0.327148 0.8678 0.327148 0.872521 0.329102 0.87441 0.329102 0.875354 0.330078 0.875354 0.332031 0.877243 0.334961 0.877243 0.335938 0.878187 0.337891 0.878187 0.338867 0.877243 0.339844 0.877243 0.34082 0.876298 0.34082 0.866856 0.339844 0.865911
1 0.573242 0.349386 0.574219 0.350331 0.574219 0.353163 0.572266 0.355052 0.571289 0.355052 0.570312 0.355996 0.570312 0.360718 0.579102 0.360718 0.579102 0.359773 0.580078 0.358829 0.580078 0.357885 0.581055 0.356941 0.581055 0.355996 0.582031 0.355052 0.582031 0.349386
0 0.0976562 0.946176 0.0976562 0.948064 0.0986328 0.948064 0.100586 0.949953 0.100586 0.951841 0.101562 0.952786 0.101562 0.95373 0.102539 0.954674 0.102539 0.956563 0.103516 0.957507 0.103516 0.959396 0.105469 0.961284 0.106445 0.961284 0.107422 0.962229 0.112305 0.962229 0.115234 0.959396 0.115234 0.951841 0.114258 0.950897 0.114258 0.949953 0.113281 0.949009 0.113281 0.94712 0.112305 0.946176
1 0.366211 0.583569 0.364258 0.585458 0.363281 0.585458 0.362305 0.586402 0.362305 0.594901 0.363281 0.595845 0.363281 0.596789 0.362305 0.597734 0.362305 0.603399 0.366211 0.603399 0.366211 0.602455 0.368164 0.600567 0.373047 0.600567 0.374023 0.601511 0.37793 0.601511 0.378906 0.602455 0.384766 0.602455 0.385742 0.601511 0.386719 0.601511 0.387695 0.600567 0.388672 0.600567 0.390625 0.598678 0.390625 0.587347 0.389648 0.586402 0.389648 0.585458 0.387695 0.583569
1 0.848633 0.0585458 0.848633 0.0604344 0.847656 0.0613787 0.847656 0.0632672 0.84668 0.0642115 0.84668 0.0651558 0.853516 0.0651558 0.854492 0.0642115 0.854492 0.0632672 0.855469 0.0623229 0.855469 0.0613787 0.856445 0.0604344 0.856445 0.0585458
0 0.967773 0.0557129 0.967773 0.0566572 0.96875 0.0576015 0.96875 0.0594901 0.969727 0.0604344 0.969727 0.0623229 0.970703 0.0632672 0.970703 0.0651558 0.97168 0.0661001 0.97168 0.0679887 0.972656 0.068933 0.972656 0.0802644 0.97168 0.0812087 0.97168 0.0840416 0.966797 0.088763 0.966797 0.10576 0.974609 0.10576 0.974609 0.101983 0.976562 0.100094 0.976562 0.0982059 0.977539 0.0972616 0.977539 0.0963173 0.978516 0.095373 0.978516 0.0934844 0.979492 0.0925401 0.979492 0.0906516 0.980469 0.0897073 0.980469 0.0878187 0.981445 0.0868744 0.981445 0.0849858 0.982422 0.0840416 0.982422 0.0557129
1 0.295898 0.0585458 0.294922 0.0594901 0.294922 0.0604344 0.290039 0.0651558 0.290039 0.0661001 0.293945 0.0698772 0.297852 0.0698772 0.298828 0.0708215 0.299805 0.0698772 0.300781 0.0698772 0.300781 0.068933 0.301758 0.0679887 0.301758 0.0585458
1 0.0117188 0.765817 0.0117188 0.774315 0.0214844 0.774315 0.0224609 0.773371 0.0224609 0.766761 0.0214844 0.765817
0 0.0644531 0.364495 0.0634766 0.365439 0.0625 0.365439 0.0615234 0.366383 0.0595703 0.366383 0.0585938 0.367328 0.0566406 0.367328 0.0566406 0.374882 0.0625 0.374882 0.0634766 0.373938 0.0673828 0.373938 0.0683594 0.372993 0.0712891 0.372993 0.0722656 0.372049 0.078125 0.372049 0.0791016 0.372993 0.0878906 0.372993 0.0888672 0.373938 0.0908203 0.373938 0.0917969 0.374882 0.0957031 0.374882 0.0957031 0.373938 0.0966797 0.372993 0.0966797 0.371105 0.0947266 0.369216 0.0947266 0.368272 0.0927734 0.366383 0.0917969 0.366383 0.0908203 0.365439 0.0898438 0.365439 0.0888672 0.364495
1 0.5 0.438149 0.49707 0.440982 0.49707 0.441926 0.496094 0.442871 0.496094 0.443815 0.495117 0.444759 0.495117 0.445704 0.494141 0.446648 0.495117 0.447592 0.495117 0.449481 0.49707 0.451369 0.49707 0.452314 0.498047 0.453258 0.498047 0.454202 0.500977 0.454202 0.500977 0.453258 0.50293 0.451369 0.503906 0.451369 0.504883 0.450425 0.505859 0.450425 0.506836 0.449481 0.507812 0.449481 0.508789 0.448536 0.508789 0.438149
0 0.123047 0.209632 0.123047 0.210576 0.12207 0.21152 0.12207 0.213409 0.121094 0.214353 0.121094 0.216242 0.120117 0.217186 0.120117 0.23135 0.121094 0.232295 0.12207 0.232295 0.123047 0.233239 0.124023 0.233239 0.125 0.234183 0.125977 0.234183 0.129883 0.23796 0.129883 0.238905 0.130859 0.239849 0.130859 0.240793 0.129883 0.241737 0.129883 0.242682 0.128906 0.243626 0.128906 0.24457 0.126953 0.246459 0.125977 0.246459 0.132812 0.246459 0.133789 0.245515 0.133789 0.243626 0.135742 0.241737 0.135742 0.209632
0 0.174805 0.868744 0.173828 0.869688 0.168945 0.869688 0.167969 0.870633 0.166016 0.870633 0.165039 0.871577 0.164062 0.871577 0.168945 0.876298 0.168945 0.877243 0.169922 0.877243 0.170898 0.878187 0.171875 0.878187 0.172852 0.879131 0.174805 0.879131 0.175781 0.880076 0.176758 0.880076 0.177734 0.88102 0.183594 0.88102 0.183594 0.871577 0.182617 0.870633 0.181641 0.870633 0.180664 0.869688 0.178711 0.869688 0.177734 0.868744
0 0.796875 0.203022 0.792969 0.206799 0.792969 0.223796 0.798828 0.223796 0.800781 0.221907 0.800781 0.203022
0 0.658203 0.0613787 0.658203 0.0661001 0.65918 0.0670444 0.65918 0.0679887 0.660156 0.068933 0.660156 0.0698772 0.661133 0.0708215 0.661133 0.0727101 0.660156 0.0736544 0.660156 0.075543 0.658203 0.0774315 0.658203 0.0793201 0.666016 0.0793201 0.667969 0.0774315 0.667969 0.0613787
0 0.124023 0.915958 0.124023 0.928234 0.125977 0.930123 0.126953 0.930123 0.12793 0.931067 0.129883 0.931067 0.130859 0.932011 0.131836 0.932011 0.132812 0.932956 0.133789 0.932956 0.136719 0.935788 0.137695 0.935788 0.138672 0.936733 0.139648 0.936733 0.140625 0.935788 0.144531 0.935788 0.144531 0.932011 0.143555 0.931067 0.143555 0.929178 0.142578 0.928234 0.142578 0.92729 0.141602 0.926346 0.141602 0.925401 0.140625 0.924457 0.140625 0.923513 0.139648 0.922568 0.139648 0.92068 0.138672 0.919736 0.138672 0.915958
1 0.27832 0.408876 0.27832 0.409821 0.277344 0.410765 0.277344 0.411709 0.276367 0.412653 0.276367 0.413598 0.275391 0.414542 0.275391 0.415486 0.272461 0.418319 0.272461 0.419263 0.271484 0.420208 0.271484 0.429651 0.272461 0.429651 0.273438 0.430595 0.277344 0.430595 0.27832 0.431539 0.280273 0.431539 0.282227 0.429651 0.283203 0.429651 0.285156 0.427762 0.285156 0.425873 0.286133 0.424929 0.286133 0.408876
0 0.947266 0.29745 0.947266 0.298395 0.943359 0.302172 0.943359 0.303116 0.942383 0.30406 0.942383 0.31067 0.945312 0.313503 0.945312 0.322002 0.946289 0.322946 0.946289 0.333333 0.945312 0.334278 0.945312 0.335222 0.944336 0.336166 0.939453 0.331445 0.938477 0.331445 0.936523 0.333333 0.936523 0.338055 0.9375 0.338999 0.9375 0.342776 0.936523 0.34372 0.936523 0.347498 0.9375 0.348442 0.9375 0.353163 0.938477 0.354108 0.938477 0.355996 0.939453 0.356941 0.939453 0.357885 0.941406 0.359773 0.941406 0.360718 0.942383 0.360718 0.949219 0.367328 0.949219 0.368272 0.952148 0.371105 0.952148 0.372993 0.953125 0.373938 0.953125 0.375826 0.954102 0.376771 0.954102 0.392823 0.953125 0.393768 0.953125 0.398489 0.952148 0.399433 0.952148 0.406043 0.951172 0.406988 0.951172 0.412653 0.950195 0.413598 0.950195 0.417375 0.951172 0.417375 0.951172 0.415486 0.952148 0.414542 0.952148 0.412653 0.953125 0.411709 0.954102 0.411709 0.955078 0.410765 0.957031 0.410765 0.958984 0.408876 0.958984 0.407932 0.960938 0.406043 0.960938 0.405099 0.962891 0.403211 0.962891 0.402266 0.963867 0.401322 0.963867 0.400378 0.964844 0.399433 0.964844 0.370161 0.963867 0.369216 0.963867 0.368272 0.960938 0.365439 0.960938 0.364495 0.959961 0.363551 0.959961 0.362606 0.958008 0.360718 0.958008 0.359773 0.956055 0.357885 0.956055 0.356941 0.955078 0.355996 0.955078 0.355052 0.954102 0.354108 0.954102 0.350331 0.955078 0.349386 0.955078 0.347498 0.957031 0.345609 0.957031 0.344665 0.958008 0.34372 0.958008 0.341832 0.958984 0.340888 0.958984 0.33711 0.958008 0.336166 0.958008 0.321058 0.958984 0.320113 0.958984 0.316336 0.959961 0.315392 0.959961 0.311615 0.960938 0.31067 0.960938 0.306893 0.961914 0.305949 0.961914 0.30406 0.962891 0.303116 0.962891 0.300283 0.963867 0.299339 0.963867 0.298395 0.964844 0.29745
1 0.217773 0.559018 0.217773 0.566572 0.21875 0.566572 0.219727 0.567517 0.222656 0.567517 0.223633 0.566572 0.225586 0.566572 0.226562 0.565628 0.227539 0.565628 0.227539 0.559018
1 0.0546875 0.862134 0.0537109 0.863078 0.0527344 0.863078 0.0527344 0.866856 0.0537109 0.8678 0.0546875 0.8678 0.0556641 0.868744 0.0605469 0.868744 0.0605469 0.862134
1 0.59375 0.568461 0.592773 0.569405 0.592773 0.578848 0.600586 0.578848 0.600586 0.568461
1 0.569336 0.539188 0.569336 0.557129 0.571289 0.557129 0.572266 0.556185 0.573242 0.556185 0.574219 0.555241 0.575195 0.555241 0.576172 0.554296 0.583008 0.554296 0.584961 0.552408 0.584961 0.550519 0.585938 0.549575 0.585938 0.540132 0.584961 0.539188
0 0.685547 0.245515 0.685547 0.25779 0.686523 0.258735 0.686523 0.259679 0.695312 0.259679 0.700195 0.254957 0.700195 0.245515
0 0.0703125 0.491974 0.0703125 0.502361 0.0712891 0.503305 0.0712891 0.504249 0.0722656 0.505194 0.0722656 0.506138 0.0761719 0.509915 0.0761719 0.510859 0.0771484 0.511804 0.078125 0.511804 0.0791016 0.512748 0.0820312 0.512748 0.0820312 0.491974
0 0.78418 0.581681 0.783203 0.582625 0.783203 0.596789 0.78418 0.595845 0.786133 0.595845 0.787109 0.594901 0.790039 0.594901 0.791016 0.593957 0.791992 0.593957 0.792969 0.593012 0.793945 0.593012 0.794922 0.592068 0.795898 0.592068 0.796875 0.591124 0.797852 0.591124 0.798828 0.590179 0.800781 0.590179 0.801758 0.589235 0.803711 0.589235 0.805664 0.587347 0.806641 0.587347 0.806641 0.581681
1 0.837891 0.229462 0.837891 0.239849 0.845703 0.239849 0.84668 0.238905 0.847656 0.238905 0.850586 0.236072 0.851562 0.236072 0.852539 0.235127 0.852539 0.229462
1 0.481445 0.555241 0.480469 0.556185 0.478516 0.556185 0.478516 0.565628 0.479492 0.566572 0.480469 0.566572 0.481445 0.567517 0.483398 0.567517 0.484375 0.568461 0.486328 0.568461 0.488281 0.566572 0.488281 0.556185 0.487305 0.555241
0 0.214844 0.619452 0.213867 0.620397 0.212891 0.620397 0.211914 0.621341 0.211914 0.622285 0.208984 0.625118 0.208984 0.626062 0.208008 0.627007 0.208008 0.628895 0.207031 0.629839 0.207031 0.630784 0.206055 0.631728 0.206055 0.633617 0.205078 0.634561 0.205078 0.667611 0.206055 0.668555 0.206055 0.670444 0.207031 0.671388 0.207031 0.675165 0.208008 0.67611 0.208008 0.677998 0.208984 0.677998 0.209961 0.678942 0.21582 0.678942 0.216797 0.677998 0.216797 0.67611 0.217773 0.675165 0.217773 0.673277 0.21875 0.672332 0.21875 0.670444 0.217773 0.6695 0.217773 0.666667 0.216797 0.665722 0.216797 0.663834 0.21582 0.66289 0.21582 0.661945 0.212891 0.659112 0.212891 0.645892 0.214844 0.644004 0.214844 0.643059 0.21582 0.642115 0.21582 0.640227 0.216797 0.639282 0.216797 0.637394 0.21875 0.635505 0.21875 0.634561 0.219727 0.633617 0.219727 0.619452
0 0.956055 0.143532 0.956055 0.161473 0.957031 0.162417 0.957031 0.163362 0.958008 0.164306 0.967773 0.164306 0.96875 0.163362 0.969727 0.163362 0.970703 0.162417 0.970703 0.161473 0.972656 0.159585 0.972656 0.15864 0.973633 0.157696 0.973633 0.156752 0.974609 0.155807 0.974609 0.154863 0.976562 0.152975 0.976562 0.15203 0.977539 0.151086 0.977539 0.14542 0.976562 0.144476 0.974609 0.144476 0.973633 0.143532 0.96582 0.143532 0.964844 0.144476 0.957031 0.144476
0 0.435547 0.29084 0.433594 0.292729 0.433594 0.293673 0.431641 0.295562 0.431641 0.296506 0.430664 0.29745 0.430664 0.299339 0.429688 0.300283 0.429688 0.31067 0.428711 0.311615 0.428711 0.318225 0.427734 0.319169 0.427734 0.322946 0.426758 0.32389 0.426758 0.324835 0.425781 0.325779 0.430664 0.325779 0.431641 0.324835 0.432617 0.324835 0.436523 0.321058 0.436523 0.319169 0.4375 0.318225 0.4375 0.316336 0.438477 0.315392 0.438477 0.31067 0.439453 0.309726 0.439453 0.307838 0.44043 0.306893 0.44043 0.305949 0.444336 0.302172 0.444336 0.301228 0.446289 0.299339 0.447266 0.299339 0.447266 0.29084
1 0.260742 0.0424929 0.259766 0.0434372 0.257812 0.0434372 0.256836 0.0443815 0.254883 0.0443815 0.253906 0.0453258 0.25293 0.0453258 0.25 0.0481586 0.25 0.0642115 0.260742 0.0642115 0.261719 0.0632672 0.261719 0.0623229 0.262695 0.0613787 0.262695 0.0604344 0.263672 0.0594901 0.263672 0.0576015 0.264648 0.0566572 0.264648 0.0538244 0.265625 0.0528801 0.265625 0.0509915 0.268555 0.0481586 0.269531 0.0481586 0.270508 0.0472144 0.270508 0.0462701 0.269531 0.0462701 0.268555 0.0453258 0.267578 0.0453258 0.266602 0.0443815 0.264648 0.0443815 0.263672 0.0434372 0.261719 0.0434372
0 0.128906 0.794145 0.128906 0.803588 0.129883 0.804533 0.129883 0.806421 0.130859 0.807365 0.130859 0.80831 0.131836 0.809254 0.130859 0.810198 0.130859 0.813975 0.129883 0.81492 0.129883 0.815864 0.128906 0.816808 0.140625 0.816808 0.140625 0.812087 0.141602 0.811143 0.141602 0.799811 0.140625 0.798867 0.140625 0.796978 0.139648 0.796034 0.139648 0.79509 0.138672 0.794145
0 0.87207 0.0236072 0.870117 0.0254958 0.870117 0.02644 0.862305 0.0339943 0.864258 0.0358829 0.865234 0.0358829 0.867188 0.0377715 0.869141 0.0358829 0.870117 0.0358829 0.871094 0.0349386 0.87207 0.0349386 0.875977 0.0311615 0.875977 0.0302172 0.87793 0.0283286 0.87793 0.02644 0.878906 0.0254958 0.878906 0.0236072
1 0.0576172 0.853635 0.0576172 0.85458 0.0585938 0.855524 0.0585938 0.859301 0.0576172 0.860246 0.0576172 0.86119 0.0566406 0.862134 0.0615234 0.862134 0.0615234 0.853635
1 0.324219 0.398489 0.322266 0.400378 0.321289 0.400378 0.321289 0.406043 0.325195 0.406043 0.326172 0.405099 0.327148 0.405099 0.328125 0.404155 0.329102 0.404155 0.329102 0.400378 0.328125 0.399433 0.327148 0.399433 0.326172 0.398489
1 0.321289 0.213409 0.318359 0.216242 0.317383 0.216242 0.313477 0.220019 0.313477 0.222852 0.31543 0.22474 0.316406 0.22474 0.317383 0.225685 0.319336 0.225685 0.320312 0.22474 0.321289 0.22474 0.322266 0.223796 0.324219 0.223796 0.326172 0.221907 0.327148 0.221907 0.327148 0.213409
1 0.969727 0.141643 0.96875 0.142587 0.96582 0.142587 0.963867 0.144476 0.962891 0.143532 0.958008 0.143532 0.958008 0.160529 0.97168 0.160529 0.97168 0.159585 0.972656 0.15864 0.972656 0.157696 0.973633 0.156752 0.973633 0.155807 0.974609 0.154863 0.974609 0.153919 0.976562 0.15203 0.976562 0.14542 0.974609 0.143532 0.973633 0.143532 0.972656 0.142587 0.97168 0.142587 0.970703 0.141643
1 0.540039 0.423041 0.540039 0.433428 0.541016 0.434372 0.541016 0.435316 0.541992 0.436261 0.541992 0.437205 0.543945 0.439093 0.544922 0.439093 0.545898 0.440038 0.554688 0.440038 0.556641 0.438149 0.557617 0.438149 0.557617 0.437205 0.558594 0.436261 0.558594 0.435316 0.55957 0.434372 0.55957 0.432483 0.560547 0.431539 0.560547 0.423041
1 0.646484 0.951841 0.646484 0.965061 0.658203 0.965061 0.65918 0.964117 0.660156 0.964117 0.660156 0.951841
1 0.000976562 0.108593 0.000976562 0.124646 0.00585938 0.124646 0.00585938 0.120869 0.00683594 0.119924 0.00683594 0.108593
0 0.807617 0.394712 0.806641 0.395656 0.804688 0.395656 0.803711 0.396601 0.801758 0.396601 0.799805 0.398489 0.798828 0.398489 0.797852 0.399433 0.795898 0.399433 0.793945 0.401322 0.792969 0.401322 0.791016 0.403211 0.790039 0.403211 0.786133 0.406988 0.786133 0.407932 0.782227 0.411709 0.78125 0.411709 0.780273 0.412653 0.780273 0.413598 0.776367 0.417375 0.775391 0.417375 0.773438 0.419263 0.773438 0.426818 0.774414 0.425873 0.777344 0.425873 0.779297 0.423985 0.780273 0.423985 0.78125 0.423041 0.782227 0.423041 0.790039 0.415486 0.791016 0.415486 0.791992 0.414542 0.791992 0.413598 0.793945 0.411709 0.794922 0.411709 0.799805 0.406988 0.800781 0.406988 0.801758 0.406043 0.802734 0.406043 0.806641 0.402266 0.806641 0.400378 0.808594 0.398489 0.808594 0.394712
0 0.164062 0.566572 0.164062 0.567517 0.163086 0.568461 0.163086 0.569405 0.160156 0.572238 0.160156 0.573182 0.15625 0.576959 0.15625 0.577904 0.155273 0.578848 0.155273 0.580737 0.154297 0.581681 0.154297 0.583569 0.15332 0.584514 0.15332 0.587347 0.152344 0.588291 0.152344 0.589235 0.151367 0.590179 0.15332 0.590179 0.154297 0.591124 0.15625 0.591124 0.157227 0.592068 0.158203 0.591124 0.15918 0.591124 0.161133 0.589235 0.161133 0.588291 0.163086 0.586402 0.164062 0.586402 0.164062 0.585458 0.165039 0.584514 0.165039 0.583569 0.166016 0.582625 0.166016 0.581681 0.167969 0.579792 0.167969 0.569405 0.166992 0.569405
0 0.693359 0.883853 0.691406 0.885741 0.69043 0.885741 0.686523 0.889518 0.686523 0.890463 0.68457 0.892351 0.68457 0.893296 0.683594 0.89424 0.683594 0.895184 0.682617 0.896128 0.682617 0.90085 0.681641 0.901794 0.681641 0.902738 0.68457 0.905571 0.685547 0.905571 0.686523 0.906516 0.688477 0.904627 0.689453 0.904627 0.689453 0.903683 0.691406 0.901794 0.691406 0.90085 0.694336 0.898017 0.697266 0.898017 0.698242 0.897073 0.699219 0.897073 0.706055 0.903683 0.706055 0.904627 0.708008 0.906516 0.709961 0.906516 0.710938 0.90746 0.712891 0.90746 0.713867 0.906516 0.713867 0.89424 0.712891 0.893296 0.711914 0.893296 0.709961 0.891407 0.709961 0.890463 0.708984 0.889518 0.708984 0.888574 0.706055 0.885741 0.703125 0.885741 0.702148 0.884797 0.698242 0.884797 0.697266 0.883853
1 0.426758 0.270066 0.426758 0.27101 0.424805 0.272899 0.424805 0.273843 0.423828 0.274788 0.423828 0.278565 0.422852 0.279509 0.422852 0.280453 0.427734 0.280453 0.427734 0.270066
1 0.238281 0.74882 0.238281 0.776204 0.241211 0.776204 0.242188 0.77526 0.244141 0.77526 0.245117 0.774315 0.248047 0.774315 0.249023 0.773371 0.25 0.773371 0.250977 0.772427 0.251953 0.772427 0.253906 0.770538 0.253906 0.769594 0.254883 0.76865 0.254883 0.767705 0.255859 0.766761 0.255859 0.765817 0.256836 0.764873 0.256836 0.763928 0.255859 0.762984 0.255859 0.761095 0.254883 0.760151 0.254883 0.758263 0.255859 0.757318 0.255859 0.756374 0.256836 0.75543 0.256836 0.74882
0 0.40332 0.189802 0.402344 0.190746 0.402344 0.193579 0.401367 0.194523 0.401367 0.196412 0.400391 0.197356 0.400391 0.199245 0.399414 0.200189 0.399414 0.203022 0.398438 0.203966 0.398438 0.210576 0.397461 0.21152 0.397461 0.216242 0.398438 0.217186 0.398438 0.219075 0.399414 0.220019 0.399414 0.221907 0.400391 0.222852 0.400391 0.223796 0.401367 0.22474 0.401367 0.225685 0.402344 0.226629 0.402344 0.228517 0.40332 0.229462 0.40332 0.23135 0.404297 0.232295 0.404297 0.233239 0.405273 0.234183 0.405273 0.235127 0.407227 0.237016 0.408203 0.237016 0.40918 0.23796 0.410156 0.237016 0.411133 0.237016 0.413086 0.235127 0.414062 0.235127 0.415039 0.234183 0.415039 0.225685 0.414062 0.22474 0.414062 0.213409 0.413086 0.212465 0.413086 0.203966 0.412109 0.203022 0.412109 0.1983 0.411133 0.197356 0.411133 0.196412 0.410156 0.195467 0.410156 0.194523 0.40918 0.193579 0.40918 0.192635 0.408203 0.19169 0.407227 0.19169 0.40625 0.190746 0.405273 0.190746 0.404297 0.189802
0 0.0712891 0.128423 0.0722656 0.129367 0.0722656 0.135977 0.0712891 0.136922 0.0712891 0.15203 0.0722656 0.152975 0.0722656 0.155807 0.0732422 0.156752 0.0732422 0.15864 0.0742188 0.159585 0.0742188 0.160529 0.0751953 0.161473 0.0751953 0.162417 0.0771484 0.164306 0.0771484 0.16525 0.0800781 0.168083 0.0810547 0.167139 0.0849609 0.167139 0.0859375 0.166195 0.0869141 0.166195 0.0869141 0.16525 0.0878906 0.164306 0.0878906 0.128423
0 0.673828 0.558074 0.673828 0.559962 0.672852 0.560907 0.672852 0.563739 0.671875 0.564684 0.671875 0.569405 0.670898 0.570349 0.670898 0.573182 0.667969 0.576015 0.667969 0.578848 0.671875 0.578848 0.672852 0.579792 0.673828 0.579792 0.675781 0.581681 0.675781 0.582625 0.676758 0.583569 0.676758 0.584514 0.675781 0.585458 0.675781 0.588291 0.674805 0.589235 0.674805 0.590179 0.673828 0.591124 0.672852 0.591124 0.671875 0.592068 0.668945 0.592068 0.667969 0.593012 0.667969 0.599622 0.674805 0.599622 0.675781 0.598678 0.676758 0.598678 0.677734 0.597734 0.677734 0.596789 0.680664 0.593957 0.680664 0.593012 0.681641 0.592068 0.681641 0.580737 0.677734 0.576959 0.677734 0.570349 0.678711 0.569405 0.678711 0.568461 0.679688 0.567517 0.679688 0.566572 0.680664 0.565628 0.680664 0.561851 0.681641 0.560907 0.681641 0.559018 0.680664 0.558074
1 0.84375 0.707271 0.84375 0.724268 0.848633 0.724268 0.849609 0.725212 0.850586 0.725212 0.852539 0.727101 0.853516 0.727101 0.854492 0.728045 0.857422 0.728045 0.858398 0.72899 0.861328 0.72899 0.863281 0.727101 0.864258 0.727101 0.867188 0.724268 0.868164 0.724268 0.869141 0.723324 0.870117 0.723324 0.87207 0.721435 0.87207 0.707271
0 0.0615234 0.681775 0.0615234 0.694995 0.0693359 0.694995 0.0703125 0.694051 0.0712891 0.694051 0.0722656 0.693107 0.0742188 0.693107 0.0751953 0.692162 0.0761719 0.692162 0.0771484 0.691218 0.0810547 0.691218 0.0820312 0.690274 0.0839844 0.690274 0.0849609 0.68933 0.0859375 0.68933 0.0869141 0.688385 0.0917969 0.688385 0.0927734 0.687441 0.0927734 0.681775 0.0761719 0.681775 0.0732422 0.684608 0.0703125 0.681775
1 0.419922 0.720491 0.419922 0.729934 0.426758 0.729934 0.426758 0.720491
1 0.394531 0.299339 0.393555 0.300283 0.393555 0.302172 0.392578 0.303116 0.392578 0.30406 0.390625 0.305949 0.388672 0.305949 0.388672 0.314448 0.389648 0.314448 0.390625 0.315392 0.402344 0.315392 0.40332 0.314448 0.40332 0.312559 0.404297 0.311615 0.404297 0.309726 0.405273 0.308782 0.405273 0.299339
1 0.731445 0.778093 0.731445 0.78848 0.732422 0.78848 0.734375 0.790368 0.739258 0.790368 0.740234 0.789424 0.740234 0.778093
1 0.864258 0.164306 0.864258 0.169972 0.869141 0.169972 0.871094 0.168083 0.871094 0.164306
1 0.460938 0.598678 0.459961 0.599622 0.458984 0.599622 0.458984 0.600567 0.458008 0.601511 0.458008 0.605288 0.458984 0.606232 0.458984 0.608121 0.459961 0.609065 0.464844 0.609065 0.46582 0.608121 0.467773 0.608121 0.467773 0.598678
1 0.641602 0.809254 0.641602 0.818697 0.647461 0.824363 0.65332 0.824363 0.654297 0.823418 0.655273 0.823418 0.65625 0.822474 0.65625 0.809254
0 0.0869141 0.641171 0.0869141 0.644948 0.0859375 0.645892 0.0859375 0.647781 0.0849609 0.648725 0.0849609 0.653447 0.0839844 0.654391 0.0839844 0.661945 0.0830078 0.66289 0.0830078 0.668555 0.0820312 0.6695 0.0820312 0.673277 0.0810547 0.674221 0.0810547 0.675165 0.0791016 0.677054 0.078125 0.677054 0.0771484 0.677998 0.0761719 0.677998 0.0761719 0.680831 0.0751953 0.681775 0.0751953 0.683664 0.0732422 0.685552 0.0712891 0.685552 0.0703125 0.686497 0.0693359 0.686497 0.0673828 0.688385 0.0664062 0.688385 0.0654297 0.68933 0.0654297 0.690274 0.0820312 0.690274 0.0830078 0.68933 0.0830078 0.688385 0.0839844 0.687441 0.0849609 0.687441 0.0859375 0.686497 0.09375 0.686497 0.09375 0.681775 0.0908203 0.678942 0.0908203 0.666667 0.0917969 0.665722 0.0917969 0.660057 0.0927734 0.659112 0.0927734 0.65628 0.09375 0.655335 0.09375 0.643059 0.0927734 0.642115 0.0927734 0.641171
0 0.354492 0.00377715 0.355469 0.00472144 0.355469 0.00661001 0.356445 0.0075543 0.356445 0.00944287 0.357422 0.0103872 0.357422 0.0122757 0.358398 0.01322 0.358398 0.01983 0.357422 0.0207743 0.364258 0.0273843 0.365234 0.0273843 0.365234 0.00377715
1 0.604492 0.176582 0.604492 0.179415 0.605469 0.179415 0.606445 0.180359 0.607422 0.180359 0.608398 0.181303 0.611328 0.181303 0.612305 0.180359 0.613281 0.180359 0.614258 0.179415 0.616211 0.179415 0.617188 0.17847 0.617188 0.177526 0.616211 0.177526 0.615234 0.176582
0 0.811523 0.705382 0.810547 0.706327 0.810547 0.710104 0.80957 0.711048 0.80957 0.711992 0.808594 0.712937 0.808594 0.713881 0.807617 0.714825 0.807617 0.727101 0.808594 0.728045 0.810547 0.728045 0.811523 0.727101 0.81543 0.727101 0.816406 0.726157 0.816406 0.725212 0.817383 0.724268 0.817383 0.72238 0.818359 0.721435 0.818359 0.717658 0.819336 0.716714 0.819336 0.712937 0.820312 0.711992 0.820312 0.705382
1 0.474609 0.760151 0.474609 0.769594 0.475586 0.770538 0.475586 0.771483 0.477539 0.771483 0.478516 0.772427 0.484375 0.772427 0.485352 0.771483 0.487305 0.771483 0.487305 0.770538 0.488281 0.769594 0.488281 0.76865 0.489258 0.767705 0.489258 0.765817 0.490234 0.764873 0.490234 0.762984 0.489258 0.76204 0.489258 0.760151
1 0.398438 0.731822 0.398438 0.733711 0.396484 0.7356 0.396484 0.745987 0.397461 0.745987 0.398438 0.746931 0.399414 0.746931 0.400391 0.747875 0.404297 0.747875 0.40625 0.745987 0.40625 0.745043 0.407227 0.744098 0.407227 0.731822
1 0.399414 0.785647 0.399414 0.79509 0.401367 0.79509 0.402344 0.796034 0.40332 0.79509 0.404297 0.79509 0.405273 0.794145 0.408203 0.794145 0.40918 0.793201 0.40918 0.785647
1 0.583008 0.936733 0.582031 0.937677 0.581055 0.937677 0.576172 0.942398 0.575195 0.942398 0.575195 0.955619 0.587891 0.955619 0.588867 0.954674 0.603516 0.954674 0.604492 0.955619 0.611328 0.955619 0.615234 0.951841 0.615234 0.936733
1 0.726562 0.363551 0.726562 0.368272 0.728516 0.370161 0.729492 0.370161 0.730469 0.371105 0.732422 0.371105 0.733398 0.370161 0.734375 0.370161 0.736328 0.368272 0.736328 0.363551
0 0.293945 0.0859301 0.293945 0.0897073 0.291992 0.0915958 0.291016 0.0915958 0.290039 0.0925401 0.289062 0.0925401 0.288086 0.0934844 0.287109 0.0934844 0.286133 0.0944287 0.285156 0.0944287 0.28418 0.095373 0.283203 0.095373 0.282227 0.0963173 0.282227 0.10576 0.28418 0.107649 0.285156 0.107649 0.286133 0.108593 0.291992 0.108593 0.292969 0.107649 0.293945 0.107649 0.297852 0.103872 0.297852 0.0859301
1 0.0712891 0.289896 0.0703125 0.29084 0.0703125 0.293673 0.0693359 0.294618 0.0693359 0.296506 0.0703125 0.29745 0.0703125 0.298395 0.0712891 0.299339 0.0761719 0.299339 0.0771484 0.298395 0.0771484 0.289896
0 0.621094 0.175637 0.620117 0.176582 0.606445 0.176582 0.605469 0.177526 0.604492 0.177526 0.604492 0.17847 0.605469 0.179415 0.605469 0.182247 0.606445 0.183192 0.606445 0.184136 0.608398 0.184136 0.609375 0.18508 0.610352 0.18508 0.612305 0.186969 0.612305 0.187913 0.613281 0.188857 0.613281 0.189802 0.617188 0.193579 0.618164 0.193579 0.62207 0.197356 0.62207 0.1983 0.625 0.195467 0.625977 0.195467 0.626953 0.194523 0.62793 0.194523 0.629883 0.192635 0.629883 0.175637
0 0.870117 0.448536 0.870117 0.450425 0.869141 0.451369 0.869141 0.452314 0.867188 0.454202 0.866211 0.454202 0.865234 0.455146 0.862305 0.455146 0.861328 0.456091 0.850586 0.456091 0.850586 0.461756 0.851562 0.461756 0.855469 0.465534 0.870117 0.465534 0.873047 0.462701 0.874023 0.462701 0.875 0.461756 0.875 0.460812 0.87793 0.457979 0.87793 0.448536
0 0.805664 0.447592 0.803711 0.449481 0.803711 0.450425 0.802734 0.451369 0.802734 0.452314 0.801758 0.453258 0.801758 0.455146 0.800781 0.456091 0.800781 0.457979 0.799805 0.458924 0.799805 0.461756 0.798828 0.462701 0.798828 0.465534 0.797852 0.466478 0.797852 0.468366 0.795898 0.470255 0.795898 0.473088 0.799805 0.476865 0.800781 0.476865 0.801758 0.477809 0.80957 0.477809 0.80957 0.475921 0.808594 0.474976 0.808594 0.470255 0.80957 0.469311 0.80957 0.465534 0.810547 0.464589 0.810547 0.461756 0.811523 0.460812 0.811523 0.457979 0.8125 0.457035 0.8125 0.453258 0.813477 0.452314 0.813477 0.447592
0 0.672852 0.496695 0.671875 0.497639 0.671875 0.509915 0.680664 0.509915 0.686523 0.504249 0.686523 0.499528 0.685547 0.498584 0.685547 0.497639 0.68457 0.496695
1 0.150391 0.605288 0.150391 0.623229 0.152344 0.623229 0.15332 0.622285 0.154297 0.622285 0.15625 0.620397 0.15625 0.619452 0.158203 0.617564 0.15918 0.618508 0.15918 0.620397 0.161133 0.622285 0.163086 0.622285 0.164062 0.623229 0.166016 0.621341 0.166016 0.605288
1 0.419922 0.720491 0.419922 0.732767 0.420898 0.733711 0.420898 0.734655 0.421875 0.7356 0.427734 0.7356 0.428711 0.734655 0.428711 0.720491
0 0.349609 0.782814 0.34668 0.785647 0.345703 0.785647 0.344727 0.786591 0.34375 0.786591 0.342773 0.787535 0.341797 0.787535 0.338867 0.790368 0.336914 0.790368 0.335938 0.789424 0.335938 0.81492 0.336914 0.813975 0.337891 0.813975 0.338867 0.813031 0.342773 0.813031 0.34375 0.812087 0.344727 0.812087 0.34668 0.810198 0.34668 0.806421 0.347656 0.805477 0.347656 0.802644 0.348633 0.8017 0.348633 0.800755 0.349609 0.799811 0.349609 0.798867 0.351562 0.796978 0.352539 0.797923 0.358398 0.797923 0.358398 0.782814
0 0.131836 0.794145 0.128906 0.796978 0.128906 0.802644 0.129883 0.803588 0.129883 0.806421 0.130859 0.807365 0.130859 0.813031 0.129883 0.813975 0.129883 0.815864 0.128906 0.816808 0.128906 0.817753 0.126953 0.819641 0.126953 0.820585 0.125 0.822474 0.125 0.824363 0.124023 0.825307 0.124023 0.830973 0.125 0.831917 0.125 0.833806 0.12793 0.833806 0.128906 0.83475 0.130859 0.83475 0.131836 0.835694 0.131836 0.833806 0.132812 0.832861 0.133789 0.832861 0.137695 0.829084 0.137695 0.82814 0.138672 0.827195 0.138672 0.826251 0.139648 0.825307 0.139648 0.824363 0.140625 0.823418 0.140625 0.813031 0.141602 0.812087 0.141602 0.802644 0.140625 0.8017 0.140625 0.799811 0.139648 0.798867 0.139648 0.797923 0.138672 0.796978 0.138672 0.796034 0.137695 0.796034 0.136719 0.79509 0.132812 0.79509
1 0.600586 0.7356 0.599609 0.736544 0.599609 0.756374 0.608398 0.756374 0.610352 0.754485 0.610352 0.753541 0.611328 0.752597 0.611328 0.7356
1 0.191406 0.140699 0.191406 0.154863 0.192383 0.154863 0.193359 0.155807 0.194336 0.155807 0.195312 0.156752 0.200195 0.156752 0.201172 0.155807 0.203125 0.155807 0.203125 0.140699
1 0.519531 0.479698 0.519531 0.486308 0.527344 0.486308 0.527344 0.479698
1 0.779297 0.0188857 0.779297 0.0254958 0.782227 0.0283286 0.782227 0.0292729 0.783203 0.0302172 0.783203 0.0311615 0.791016 0.0311615 0.791016 0.0188857
1 0.128906 0.950897 0.128906 0.962229 0.135742 0.962229 0.135742 0.958451 0.136719 0.957507 0.138672 0.957507 0.139648 0.956563 0.140625 0.956563 0.141602 0.955619 0.141602 0.950897
1 0.924805 0.652502 0.924805 0.674221 0.930664 0.674221 0.931641 0.673277 0.932617 0.674221 0.935547 0.674221 0.936523 0.675165 0.939453 0.675165 0.94043 0.67611 0.946289 0.67611 0.947266 0.675165 0.949219 0.675165 0.950195 0.674221 0.952148 0.674221 0.953125 0.673277 0.954102 0.673277 0.955078 0.672332 0.956055 0.672332 0.957031 0.671388 0.958984 0.671388 0.960938 0.6695 0.960938 0.654391 0.959961 0.654391 0.958008 0.652502
0 0.841797 0.082153 0.84082 0.0830973 0.839844 0.0830973 0.838867 0.0840416 0.838867 0.0849858 0.836914 0.0868744 0.835938 0.0868744 0.834961 0.0878187 0.833984 0.0878187 0.833008 0.088763 0.832031 0.088763 0.831055 0.0897073 0.830078 0.0897073 0.828125 0.0915958 0.822266 0.0915958 0.822266 0.0991501 0.826172 0.0991501 0.827148 0.0982059 0.830078 0.0982059 0.831055 0.0972616 0.832031 0.0972616 0.833984 0.095373 0.834961 0.095373 0.835938 0.0944287 0.836914 0.0944287 0.837891 0.0934844 0.838867 0.0934844 0.841797 0.0906516 0.841797 0.0897073 0.842773 0.088763 0.842773 0.0878187 0.84375 0.0868744 0.84375 0.0859301 0.844727 0.0849858 0.844727 0.0830973 0.84375 0.0830973 0.842773 0.082153
1 0.210938 0.370161 0.210938 0.379603 0.219727 0.379603 0.219727 0.378659 0.220703 0.377715 0.220703 0.376771 0.219727 0.375826 0.219727 0.371105 0.21875 0.370161
1 0.383789 0.325779 0.383789 0.336166 0.384766 0.33711 0.384766 0.341832 0.383789 0.342776 0.383789 0.350331 0.395508 0.350331 0.395508 0.349386 0.396484 0.348442 0.396484 0.325779
0 0.388672 0.610954 0.387695 0.611898 0.386719 0.611898 0.385742 0.612842 0.384766 0.612842 0.383789 0.613787 0.382812 0.613787 0.382812 0.614731 0.381836 0.615675 0.381836 0.623229 0.380859 0.624174 0.380859 0.638338 0.388672 0.638338 0.388672 0.636449 0.389648 0.635505 0.389648 0.632672 0.390625 0.631728 0.390625 0.629839 0.391602 0.628895 0.391602 0.625118 0.392578 0.624174 0.392578 0.621341 0.394531 0.619452 0.394531 0.610954
0 0.702148 0.150142 0.699219 0.152975 0.699219 0.153919 0.698242 0.154863 0.698242 0.155807 0.697266 0.156752 0.697266 0.157696 0.696289 0.15864 0.696289 0.159585 0.693359 0.162417 0.692383 0.162417 0.692383 0.168083 0.696289 0.168083 0.697266 0.169027 0.699219 0.169027 0.700195 0.168083 0.701172 0.168083 0.704102 0.16525 0.705078 0.16525 0.705078 0.164306 0.706055 0.163362 0.706055 0.162417 0.707031 0.161473 0.707031 0.160529 0.708008 0.159585 0.708008 0.156752 0.708984 0.155807 0.708984 0.151086 0.708008 0.150142
1 0.00390625 0.708215 0.00390625 0.724268 0.015625 0.724268 0.0166016 0.723324 0.0166016 0.72238 0.0205078 0.718602 0.0214844 0.718602 0.0214844 0.708215
1 0.101562 0.327668 0.100586 0.328612 0.0986328 0.328612 0.0966797 0.3305 0.0947266 0.3305 0.09375 0.331445 0.09375 0.338999 0.0957031 0.340888 0.0957031 0.341832 0.0966797 0.342776 0.0966797 0.344665 0.101562 0.344665 0.101562 0.342776 0.102539 0.341832 0.102539 0.340888 0.103516 0.339943 0.103516 0.33711 0.104492 0.336166 0.104492 0.332389 0.105469 0.331445 0.105469 0.327668
0 0.792969 0.00188857 0.792969 0.00377715 0.789062 0.0075543 0.789062 0.00849858 0.78418 0.01322 0.783203 0.01322 0.78125 0.0151086 0.78125 0.0245515 0.782227 0.0254958 0.782227 0.02644 0.78418 0.0283286 0.792969 0.0283286 0.792969 0.02644 0.791992 0.0254958 0.791992 0.0245515 0.791016 0.0236072 0.791016 0.0207743 0.791992 0.01983 0.791992 0.0188857 0.792969 0.0179415 0.792969 0.0169972 0.793945 0.0160529 0.793945 0.0151086 0.796875 0.0122757 0.796875 0.0113314 0.798828 0.00944287 0.798828 0.0075543 0.799805 0.00661001 0.799805 0.00566572 0.802734 0.00283286 0.802734 0.00188857
1 0.00292969 0.306893 0.00292969 0.318225 0.00390625 0.319169 0.00488281 0.319169 0.00585938 0.320113 0.0126953 0.320113 0.0136719 0.321058 0.015625 0.321058 0.0166016 0.320113 0.0175781 0.320113 0.0195312 0.318225 0.0195312 0.308782 0.0185547 0.307838 0.0185547 0.306893
1 0.388672 0.00188857 0.388672 0.00283286 0.386719 0.00472144 0.385742 0.00472144 0.384766 0.00566572 0.383789 0.00566572 0.382812 0.00661001 0.380859 0.00661001 0.380859 0.0188857 0.381836 0.0188857 0.382812 0.01983 0.389648 0.01983 0.391602 0.0179415 0.392578 0.0179415 0.395508 0.0151086 0.395508 0.0141643 0.394531 0.01322 0.394531 0.00472144 0.395508 0.00377715 0.395508 0.00188857
1 0.764648 0.0802644 0.764648 0.0868744 0.766602 0.0868744 0.767578 0.0878187 0.770508 0.0878187 0.772461 0.0859301 0.772461 0.0802644
0 0.432617 0.176582 0.431641 0.177526 0.429688 0.177526 0.428711 0.17847 0.427734 0.17847 0.426758 0.179415 0.425781 0.179415 0.424805 0.180359 0.423828 0.180359 0.422852 0.181303 0.421875 0.181303 0.418945 0.184136 0.417969 0.184136 0.416992 0.18508 0.416016 0.18508 0.415039 0.186025 0.413086 0.186025 0.412109 0.186969 0.410156 0.186969 0.40918 0.187913 0.408203 0.187913 0.408203 0.201133 0.412109 0.201133 0.412109 0.200189 0.417969 0.194523 0.418945 0.194523 0.420898 0.192635 0.421875 0.192635 0.422852 0.19169 0.423828 0.19169 0.424805 0.190746 0.426758 0.190746 0.427734 0.189802 0.428711 0.189802 0.428711 0.188857 0.431641 0.186025 0.432617 0.186025 0.43457 0.184136 0.435547 0.184136 0.435547 0.181303 0.436523 0.180359 0.436523 0.177526 0.435547 0.176582
1 0.282227 0.925401 0.28125 0.926346 0.280273 0.926346 0.280273 0.92729 0.277344 0.930123 0.277344 0.931067 0.276367 0.932011 0.276367 0.9339 0.275391 0.934844 0.275391 0.937677 0.274414 0.938621 0.274414 0.94051 0.275391 0.941454 0.275391 0.942398 0.279297 0.946176 0.28125 0.946176 0.282227 0.94712 0.289062 0.94712 0.291016 0.945231 0.291016 0.929178 0.290039 0.928234 0.290039 0.92729 0.288086 0.925401
0 0.514648 0.564684 0.514648 0.569405 0.515625 0.570349 0.515625 0.575071 0.516602 0.576015 0.516602 0.588291 0.515625 0.589235 0.515625 0.592068 0.514648 0.593012 0.514648 0.604344 0.517578 0.604344 0.520508 0.601511 0.520508 0.600567 0.521484 0.599622 0.521484 0.598678 0.523438 0.596789 0.523438 0.595845 0.524414 0.594901 0.524414 0.593957 0.525391 0.593012 0.525391 0.591124 0.526367 0.590179 0.526367 0.586402 0.527344 0.585458 0.527344 0.564684
0 0.155273 0.763928 0.154297 0.764873 0.154297 0.769594 0.15332 0.770538 0.15332 0.771483 0.154297 0.772427 0.154297 0.773371 0.155273 0.774315 0.155273 0.77526 0.15625 0.776204 0.15625 0.778093 0.157227 0.779037 0.157227 0.779981 0.158203 0.780925 0.158203 0.782814 0.15918 0.783758 0.15918 0.786591 0.160156 0.787535 0.160156 0.790368 0.161133 0.791313 0.161133 0.792257 0.164062 0.79509 0.166992 0.79509 0.167969 0.794145 0.169922 0.794145 0.169922 0.787535 0.168945 0.786591 0.168945 0.785647 0.167969 0.784703 0.167969 0.782814 0.166992 0.78187 0.166992 0.779037 0.166016 0.778093 0.166016 0.774315 0.165039 0.773371 0.165039 0.76865 0.164062 0.767705 0.164062 0.763928
1 0.111328 0.166195 0.111328 0.180359 0.112305 0.180359 0.117188 0.18508 0.117188 0.186025 0.118164 0.186969 0.118164 0.188857 0.123047 0.188857 0.123047 0.166195
0 0.807617 0.623229 0.806641 0.624174 0.805664 0.624174 0.804688 0.625118 0.803711 0.625118 0.802734 0.626062 0.801758 0.626062 0.799805 0.627951 0.799805 0.629839 0.798828 0.630784 0.798828 0.631728 0.797852 0.632672 0.797852 0.633617 0.796875 0.634561 0.796875 0.640227 0.804688 0.640227 0.805664 0.639282 0.805664 0.638338 0.808594 0.635505 0.80957 0.635505 0.810547 0.634561 0.814453 0.634561 0.81543 0.633617 0.822266 0.633617 0.822266 0.631728 0.823242 0.630784 0.823242 0.629839 0.824219 0.628895 0.824219 0.623229
0 0.864258 0.646837 0.864258 0.647781 0.863281 0.648725 0.863281 0.64967 0.859375 0.653447 0.859375 0.654391 0.856445 0.657224 0.855469 0.657224 0.854492 0.658168 0.853516 0.658168 0.850586 0.655335 0.850586 0.654391 0.849609 0.653447 0.849609 0.652502 0.848633 0.651558 0.848633 0.650614 0.84668 0.648725 0.84668 0.647781 0.84668 0.663834 0.847656 0.664778 0.847656 0.665722 0.852539 0.670444 0.852539 0.672332 0.853516 0.673277 0.853516 0.677054 0.854492 0.677998 0.854492 0.678942 0.855469 0.678942 0.856445 0.679887 0.857422 0.679887 0.860352 0.68272 0.860352 0.688385 0.861328 0.688385 0.861328 0.683664 0.862305 0.68272 0.862305 0.681775 0.863281 0.680831 0.863281 0.67611 0.862305 0.675165 0.862305 0.674221 0.860352 0.672332 0.860352 0.671388 0.861328 0.670444 0.861328 0.6695 0.862305 0.668555 0.862305 0.667611 0.864258 0.665722 0.864258 0.664778 0.865234 0.663834 0.865234 0.66289 0.868164 0.660057 0.868164 0.659112 0.869141 0.658168 0.869141 0.657224 0.870117 0.65628 0.870117 0.653447 0.871094 0.652502 0.871094 0.650614 0.874023 0.647781 0.875 0.647781 0.875977 0.648725 0.875977 0.646837
1 0.137695 0.728045 0.136719 0.72899 0.134766 0.72899 0.133789 0.729934 0.132812 0.729934 0.131836 0.730878 0.131836 0.736544 0.141602 0.736544 0.142578 0.7356 0.143555 0.7356 0.144531 0.734655 0.144531 0.731822 0.142578 0.729934 0.141602 0.729934 0.140625 0.72899 0.139648 0.72899 0.138672 0.728045
0 0.863281 0.646837 0.862305 0.647781 0.862305 0.648725 0.861328 0.64967 0.860352 0.64967 0.854492 0.655335 0.851562 0.652502 0.851562 0.665722 0.852539 0.666667 0.860352 0.666667 0.865234 0.661945 0.866211 0.661945 0.867188 0.661001 0.868164 0.661001 0.868164 0.646837
1 0.134766 0.248347 0.135742 0.249292 0.135742 0.25118 0.136719 0.252125 0.136719 0.253069 0.135742 0.254013 0.135742 0.25779 0.134766 0.258735 0.135742 0.259679 0.135742 0.260623 0.136719 0.261568 0.140625 0.261568 0.141602 0.260623 0.142578 0.260623 0.143555 0.259679 0.143555 0.250236 0.142578 0.250236 0.141602 0.249292 0.140625 0.249292 0.139648 0.248347
0 0.813477 0.535411 0.813477 0.536355 0.8125 0.537299 0.8125 0.554296 0.813477 0.555241 0.813477 0.557129 0.814453 0.558074 0.814453 0.559018 0.81543 0.559962 0.81543 0.560907 0.816406 0.560907 0.817383 0.559962 0.818359 0.559962 0.818359 0.537299 0.816406 0.535411
1 0.899414 0.168083 0.897461 0.169972 0.897461 0.181303 0.898438 0.180359 0.898438 0.179415 0.899414 0.17847 0.901367 0.180359 0.901367 0.181303 0.90332 0.183192 0.90332 0.187913 0.902344 0.188857 0.902344 0.192635 0.901367 0.193579 0.901367 0.195467 0.900391 0.196412 0.900391 0.197356 0.899414 0.1983 0.899414 0.199245 0.898438 0.200189 0.908203 0.200189 0.90918 0.199245 0.912109 0.199245 0.913086 0.1983 0.914062 0.1983 0.915039 0.197356 0.916016 0.197356 0.916992 0.196412 0.917969 0.196412 0.918945 0.195467 0.918945 0.194523 0.923828 0.189802 0.924805 0.189802 0.924805 0.188857 0.925781 0.187913 0.925781 0.169027 0.924805 0.168083
1 0.357422 0.666667 0.357422 0.678942 0.358398 0.678942 0.359375 0.679887 0.366211 0.679887 0.368164 0.677998 0.369141 0.677998 0.369141 0.677054 0.37207 0.674221 0.373047 0.674221 0.373047 0.666667
1 0.693359 0.213409 0.693359 0.215297 0.692383 0.216242 0.692383 0.227573 0.702148 0.227573 0.703125 0.226629 0.703125 0.225685 0.707031 0.221907 0.707031 0.213409
1 0.192383 0.0368272 0.192383 0.0472144 0.198242 0.0472144 0.199219 0.0462701 0.200195 0.0462701 0.200195 0.0443815 0.201172 0.0434372 0.201172 0.0387158 0.199219 0.0368272
1 0.739258 0.0812087 0.739258 0.0906516 0.748047 0.0906516 0.748047 0.0812087
0 0.731445 0.915014 0.731445 0.944287 0.732422 0.945231 0.732422 0.948064 0.733398 0.949009 0.733398 0.951841 0.734375 0.952786 0.734375 0.954674 0.736328 0.956563 0.736328 0.957507 0.740234 0.961284 0.741211 0.961284 0.744141 0.964117 0.74707 0.964117 0.748047 0.965061 0.753906 0.965061 0.754883 0.964117 0.754883 0.962229 0.755859 0.961284 0.755859 0.958451 0.753906 0.956563 0.753906 0.954674 0.75293 0.95373 0.75293 0.951841 0.751953 0.950897 0.751953 0.949009 0.750977 0.948064 0.750977 0.945231 0.75 0.944287 0.75 0.941454 0.749023 0.94051 0.749023 0.936733 0.748047 0.935788 0.748047 0.9339 0.74707 0.932956 0.74707 0.930123 0.746094 0.929178 0.746094 0.928234 0.745117 0.92729 0.745117 0.924457 0.746094 0.923513 0.746094 0.922568 0.74707 0.921624 0.749023 0.921624 0.746094 0.921624 0.743164 0.918791 0.743164 0.915958 0.742188 0.915014
0 0.768555 0.533522 0.767578 0.534467 0.764648 0.534467 0.758789 0.540132 0.757812 0.540132 0.757812 0.542021 0.756836 0.542965 0.756836 0.543909 0.754883 0.545798 0.754883 0.547687 0.757812 0.547687 0.759766 0.549575 0.759766 0.550519 0.760742 0.551464 0.760742 0.552408 0.763672 0.555241 0.765625 0.555241 0.766602 0.556185 0.767578 0.556185 0.769531 0.558074 0.769531 0.559018 0.770508 0.559962 0.771484 0.559962 0.772461 0.559018 0.773438 0.559018 0.774414 0.558074 0.774414 0.557129 0.775391 0.556185 0.775391 0.549575 0.774414 0.548631 0.774414 0.545798 0.775391 0.544854 0.775391 0.542021 0.776367 0.541076 0.776367 0.540132 0.774414 0.538244 0.774414 0.537299 0.770508 0.533522
1 0.174805 0.432483 0.173828 0.433428 0.173828 0.437205 0.174805 0.438149 0.174805 0.440038 0.179688 0.440038 0.180664 0.439093 0.181641 0.439093 0.182617 0.438149 0.18457 0.440038 0.18457 0.440982 0.185547 0.441926 0.185547 0.444759 0.186523 0.445704 0.186523 0.446648 0.185547 0.447592 0.185547 0.449481 0.18457 0.450425 0.18457 0.451369 0.180664 0.455146 0.179688 0.455146 0.178711 0.456091 0.177734 0.456091 0.175781 0.457979 0.174805 0.457979 0.173828 0.458924 0.173828 0.459868 0.1875 0.459868 0.1875 0.432483
1 0.347656 0.877243 0.347656 0.878187 0.34668 0.879131 0.34668 0.88102 0.345703 0.881964 0.345703 0.884797 0.344727 0.885741 0.344727 0.888574 0.352539 0.888574 0.355469 0.885741 0.355469 0.884797 0.356445 0.883853 0.356445 0.877243
1 0.50293 0.555241 0.501953 0.556185 0.500977 0.556185 0.500977 0.566572 0.503906 0.569405 0.508789 0.569405 0.509766 0.568461 0.510742 0.568461 0.511719 0.567517 0.512695 0.567517 0.513672 0.566572 0.513672 0.557129 0.512695 0.557129 0.511719 0.556185 0.509766 0.556185 0.508789 0.555241
1 0.254883 0.530689 0.254883 0.541076 0.255859 0.541076 0.256836 0.542021 0.259766 0.542021 0.260742 0.542965 0.264648 0.542965 0.265625 0.543909 0.273438 0.543909 0.274414 0.542965 0.275391 0.542965 0.276367 0.542021 0.276367 0.531634 0.275391 0.530689
0 0.200195 0.256846 0.198242 0.258735 0.198242 0.260623 0.197266 0.261568 0.197266 0.262512 0.195312 0.2644 0.195312 0.265345 0.198242 0.265345 0.199219 0.266289 0.204102 0.266289 0.205078 0.265345 0.206055 0.265345 0.208984 0.262512 0.212891 0.262512 0.212891 0.256846
0 0.946289 0.34372 0.946289 0.361662 0.948242 0.363551 0.948242 0.364495 0.950195 0.366383 0.950195 0.367328 0.951172 0.368272 0.951172 0.369216 0.952148 0.370161 0.952148 0.372049 0.953125 0.372993 0.953125 0.374882 0.954102 0.375826 0.954102 0.391879 0.953125 0.392823 0.953125 0.397545 0.952148 0.398489 0.952148 0.402266 0.951172 0.403211 0.951172 0.406043 0.950195 0.406988 0.950195 0.408876 0.949219 0.409821 0.949219 0.411709 0.957031 0.411709 0.958984 0.409821 0.958984 0.408876 0.960938 0.406988 0.960938 0.406043 0.962891 0.404155 0.962891 0.403211 0.963867 0.402266 0.963867 0.401322 0.964844 0.400378 0.964844 0.399433 0.96582 0.398489 0.96582 0.397545 0.966797 0.396601 0.966797 0.374882 0.96582 0.373938 0.96582 0.372993 0.964844 0.372049 0.964844 0.371105 0.963867 0.370161 0.963867 0.369216 0.959961 0.365439 0.959961 0.364495 0.958984 0.363551 0.958984 0.362606 0.955078 0.358829 0.955078 0.357885 0.954102 0.356941 0.954102 0.355052 0.953125 0.354108 0.953125 0.351275 0.954102 0.350331 0.954102 0.349386 0.956055 0.347498 0.956055 0.346553 0.957031 0.345609 0.957031 0.344665 0.958008 0.34372
1 0.511719 0.411709 0.510742 0.412653 0.510742 0.423985 0.514648 0.423985 0.514648 0.423041 0.516602 0.421152 0.516602 0.419263 0.517578 0.418319 0.517578 0.414542 0.515625 0.412653 0.514648 0.412653 0.513672 0.411709
1 0.775391 0.627951 0.775391 0.635505 0.782227 0.635505 0.783203 0.634561 0.783203 0.627951
1 0.816406 0.903683 0.816406 0.91407 0.822266 0.91407 0.825195 0.911237 0.825195 0.903683
1 0.157227 0.075543 0.15625 0.0764873 0.155273 0.0764873 0.155273 0.0906516 0.15625 0.0915958 0.15625 0.0925401 0.157227 0.0934844 0.160156 0.0934844 0.161133 0.0925401 0.162109 0.0925401 0.163086 0.0915958 0.163086 0.0906516 0.165039 0.088763 0.166016 0.088763 0.166016 0.0878187 0.166992 0.0868744 0.166992 0.0840416 0.167969 0.0830973 0.167969 0.075543
1 0.151367 0.316336 0.151367 0.322002 0.154297 0.322002 0.15918 0.326723 0.15918 0.327668 0.160156 0.327668 0.161133 0.328612 0.164062 0.328612 0.165039 0.327668 0.165039 0.326723 0.166016 0.325779 0.166016 0.316336
0 0.678711 0.481586 0.678711 0.484419 0.677734 0.485364 0.677734 0.489141 0.676758 0.490085 0.676758 0.491974 0.673828 0.494806 0.673828 0.508971 0.680664 0.508971 0.681641 0.508026 0.682617 0.508026 0.68457 0.506138 0.68457 0.505194 0.686523 0.503305 0.686523 0.502361 0.685547 0.501416 0.685547 0.500472 0.68457 0.499528 0.68457 0.498584 0.682617 0.496695 0.682617 0.495751 0.68457 0.493862 0.68457 0.492918 0.685547 0.491974 0.685547 0.491029 0.686523 0.490085 0.686523 0.481586
0 0.457031 0.739377 0.457031 0.740321 0.456055 0.741265 0.455078 0.741265 0.454102 0.74221 0.451172 0.74221 0.450195 0.743154 0.443359 0.743154 0.442383 0.74221 0.441406 0.74221 0.44043 0.743154 0.439453 0.743154 0.439453 0.751652 0.44043 0.751652 0.441406 0.752597 0.446289 0.752597 0.447266 0.753541 0.448242 0.753541 0.449219 0.752597 0.452148 0.752597 0.453125 0.751652 0.454102 0.751652 0.455078 0.750708 0.457031 0.750708 0.458008 0.749764 0.459961 0.749764 0.460938 0.74882 0.463867 0.74882 0.464844 0.747875 0.467773 0.747875 0.46875 0.746931 0.46875 0.740321 0.467773 0.739377
1 0.207031 0 0.207031 0.00283286 0.208008 0.00377715 0.208008 0.00472144 0.208984 0.00566572 0.208984 0.00661001 0.210938 0.00849858 0.212891 0.00849858 0.213867 0.00944287 0.216797 0.00944287 0.216797 0
1 0.768555 0.1322 0.763672 0.136922 0.762695 0.136922 0.760742 0.13881 0.760742 0.143532 0.761719 0.144476 0.761719 0.14542 0.762695 0.146364 0.765625 0.146364 0.766602 0.14542 0.767578 0.14542 0.768555 0.144476 0.770508 0.144476 0.771484 0.143532 0.772461 0.143532 0.773438 0.142587 0.774414 0.142587 0.779297 0.137866 0.779297 0.1322
0 0.232422 0.33711 0.231445 0.338055 0.231445 0.339943 0.228516 0.342776 0.227539 0.342776 0.224609 0.345609 0.224609 0.346553 0.223633 0.347498 0.223633 0.348442 0.22168 0.350331 0.220703 0.350331 0.220703 0.351275 0.219727 0.352219 0.219727 0.361662 0.220703 0.361662 0.22168 0.362606 0.222656 0.361662 0.223633 0.361662 0.224609 0.360718 0.225586 0.360718 0.226562 0.359773 0.228516 0.359773 0.228516 0.358829 0.229492 0.357885 0.229492 0.355996 0.230469 0.355052 0.230469 0.353163 0.232422 0.351275 0.232422 0.350331 0.236328 0.346553 0.236328 0.345609 0.237305 0.344665 0.237305 0.33711
1 0.423828 0.447592 0.423828 0.456091 0.425781 0.456091 0.426758 0.455146 0.428711 0.455146 0.431641 0.452314 0.431641 0.447592
0 0.0859375 0.926346 0.0849609 0.92729 0.0839844 0.92729 0.0810547 0.930123 0.0800781 0.930123 0.0791016 0.931067 0.0791016 0.941454 0.0839844 0.941454 0.0849609 0.94051 0.0878906 0.94051 0.0898438 0.942398 0.0908203 0.942398 0.09375 0.945231 0.0947266 0.945231 0.0957031 0.946176 0.0966797 0.946176 0.100586 0.949953 0.100586 0.951841 0.101562 0.952786 0.101562 0.95373 0.102539 0.954674 0.102539 0.955619 0.103516 0.956563 0.103516 0.958451 0.114258 0.958451 0.114258 0.951841 0.113281 0.950897 0.113281 0.949953 0.112305 0.949009 0.111328 0.949009 0.110352 0.948064 0.109375 0.948064 0.108398 0.94712 0.107422 0.94712 0.106445 0.946176 0.101562 0.946176 0.100586 0.945231 0.0996094 0.945231 0.0986328 0.944287 0.0976562 0.944287 0.0966797 0.943343 0.0966797 0.94051 0.0957031 0.939566 0.0957031 0.936733 0.0947266 0.935788 0.0947266 0.9339 0.0966797 0.932011 0.0976562 0.932011 0.0986328 0.931067 0.0996094 0.931067 0.102539 0.928234 0.103516 0.928234 0.104492 0.92729 0.104492 0.926346
0 0.0341797 0.440038 0.0341797 0.441926 0.0351562 0.442871 0.0351562 0.446648 0.0332031 0.448536 0.0332031 0.449481 0.0322266 0.450425 0.0322266 0.459868 0.0332031 0.460812 0.0332031 0.461756 0.0341797 0.462701 0.0341797 0.463645 0.0361328 0.465534 0.0458984 0.465534 0.0458984 0.455146 0.0449219 0.454202 0.0449219 0.440038
0 0.0732422 0.85458 0.0732422 0.862134 0.0722656 0.863078 0.0722656 0.873466 0.0732422 0.87441 0.0732422 0.876298 0.0751953 0.878187 0.078125 0.878187 0.0791016 0.879131 0.0820312 0.879131 0.0830078 0.878187 0.0869141 0.878187 0.0878906 0.877243 0.0878906 0.875354 0.0888672 0.87441 0.0888672 0.873466 0.0898438 0.872521 0.0898438 0.870633 0.0888672 0.869688 0.0888672 0.868744 0.0878906 0.8678 0.0878906 0.866856 0.0869141 0.865911 0.0869141 0.864967 0.0849609 0.864967 0.0839844 0.864023 0.0791016 0.864023 0.078125 0.863078 0.0771484 0.863078 0.0742188 0.860246 0.0742188 0.859301 0.0732422 0.858357 0.0742188 0.857413 0.0742188 0.85458
1 0.139648 0.727101 0.139648 0.728045 0.138672 0.72899 0.136719 0.72899 0.135742 0.729934 0.134766 0.729934 0.133789 0.730878 0.132812 0.730878 0.132812 0.737488 0.137695 0.737488 0.138672 0.736544 0.139648 0.737488 0.144531 0.737488 0.147461 0.734655 0.147461 0.729934 0.146484 0.72899 0.146484 0.727101
0 0.201172 0.170916 0.201172 0.177526 0.202148 0.17847 0.202148 0.179415 0.205078 0.182247 0.205078 0.183192 0.207031 0.18508 0.207031 0.190746 0.202148 0.195467 0.202148 0.196412 0.201172 0.197356 0.201172 0.1983 0.200195 0.199245 0.200195 0.200189 0.199219 0.201133 0.199219 0.203022 0.198242 0.203966 0.198242 0.205855 0.197266 0.206799 0.197266 0.207743 0.196289 0.208687 0.196289 0.219075 0.195312 0.220019 0.195312 0.221907 0.191406 0.225685 0.19043 0.225685 0.188477 0.227573 0.188477 0.228517 0.18457 0.232295 0.183594 0.232295 0.182617 0.233239 0.182617 0.236072 0.183594 0.237016 0.183594 0.238905 0.18457 0.239849 0.18457 0.254013 0.185547 0.254957 0.185547 0.255902 0.1875 0.25779 0.188477 0.25779 0.189453 0.258735 0.196289 0.252125 0.196289 0.25118 0.197266 0.250236 0.197266 0.248347 0.198242 0.247403 0.198242 0.246459 0.199219 0.245515 0.199219 0.243626 0.200195 0.242682 0.200195 0.241737 0.201172 0.240793 0.201172 0.238905 0.203125 0.237016 0.203125 0.235127 0.204102 0.234183 0.204102 0.233239 0.205078 0.232295 0.205078 0.230406 0.206055 0.229462 0.206055 0.226629 0.207031 0.225685 0.207031 0.222852 0.208008 0.221907 0.208008 0.220019 0.208984 0.219075 0.208984 0.217186 0.210938 0.215297 0.210938 0.213409 0.211914 0.212465 0.211914 0.170916
1 0.630859 0.27101 0.630859 0.285175 0.631836 0.286119 0.633789 0.286119 0.634766 0.287063 0.639648 0.287063 0.640625 0.286119 0.642578 0.286119 0.644531 0.28423 0.644531 0.27101
0 0.253906 0.829084 0.254883 0.830028 0.256836 0.830028 0.257812 0.830973 0.258789 0.830973 0.259766 0.831917 0.260742 0.831917 0.262695 0.833806 0.263672 0.833806 0.264648 0.83475 0.265625 0.83475 0.266602 0.835694 0.267578 0.835694 0.270508 0.838527 0.270508 0.839471 0.271484 0.840415 0.271484 0.84136 0.273438 0.843248 0.273438 0.844193 0.276367 0.847026 0.276367 0.84797 0.280273 0.851747 0.28125 0.850803 0.28125 0.838527 0.280273 0.837583 0.280273 0.836638 0.279297 0.836638 0.274414 0.831917 0.273438 0.831917 0.270508 0.829084
1 0.00488281 0.157696 0.00488281 0.180359 0.0146484 0.180359 0.0175781 0.177526 0.0175781 0.157696
0 0.87207 0.499528 0.870117 0.501416 0.870117 0.502361 0.869141 0.503305 0.869141 0.520302 0.871094 0.518414 0.87207 0.518414 0.874023 0.516525 0.875977 0.516525 0.876953 0.515581 0.878906 0.515581 0.879883 0.514636 0.879883 0.510859 0.880859 0.509915 0.880859 0.508971 0.881836 0.508026 0.882812 0.508026 0.883789 0.507082 0.884766 0.507082 0.885742 0.506138 0.886719 0.506138 0.887695 0.505194 0.888672 0.505194 0.890625 0.503305 0.892578 0.503305 0.892578 0.501416 0.891602 0.500472 0.891602 0.499528
0 0.0488281 0.2644 0.0380859 0.274788 0.0380859 0.275732 0.0361328 0.27762 0.0361328 0.278565 0.03125 0.283286 0.0302734 0.283286 0.0292969 0.28423 0.0283203 0.28423 0.0273438 0.285175 0.0263672 0.285175 0.0263672 0.29084 0.0410156 0.29084 0.0410156 0.289896 0.0429688 0.288008 0.0429688 0.287063 0.0439453 0.286119 0.0439453 0.285175 0.0458984 0.283286 0.0458984 0.282342 0.0488281 0.279509 0.0488281 0.278565 0.0498047 0.27762 0.0498047 0.276676 0.0517578 0.274788 0.0517578 0.273843 0.0537109 0.271955 0.0537109 0.27101 0.0546875 0.270066 0.0546875 0.269122 0.0556641 0.268178 0.0556641 0.2644
0 0.682617 0.445704 0.680664 0.447592 0.679688 0.447592 0.678711 0.448536 0.678711 0.449481 0.676758 0.451369 0.676758 0.452314 0.675781 0.453258 0.675781 0.456091 0.673828 0.457979 0.672852 0.457979 0.672852 0.461756 0.680664 0.461756 0.680664 0.460812 0.681641 0.459868 0.681641 0.457979 0.682617 0.457035 0.682617 0.456091 0.683594 0.455146 0.683594 0.454202 0.68457 0.453258 0.68457 0.445704
1 0.27832 0.411709 0.277344 0.412653 0.277344 0.414542 0.274414 0.417375 0.274414 0.430595 0.282227 0.430595 0.283203 0.429651 0.28418 0.429651 0.285156 0.428706 0.286133 0.428706 0.287109 0.427762 0.287109 0.423985 0.288086 0.423041 0.288086 0.415486 0.289062 0.414542 0.289062 0.411709
1 0.649414 0.418319 0.649414 0.421152 0.650391 0.422096 0.650391 0.423041 0.651367 0.423041 0.652344 0.423985 0.65332 0.423985 0.654297 0.424929 0.65625 0.423041 0.65625 0.418319
0 0.824219 0.140699 0.824219 0.161473 0.830078 0.161473 0.831055 0.160529 0.832031 0.160529 0.833984 0.15864 0.834961 0.15864 0.835938 0.157696 0.836914 0.157696 0.837891 0.156752 0.838867 0.156752 0.839844 0.155807 0.841797 0.155807 0.842773 0.154863 0.84375 0.154863 0.844727 0.153919 0.84668 0.153919 0.847656 0.152975 0.850586 0.152975 0.851562 0.15203 0.853516 0.15203 0.854492 0.151086 0.856445 0.151086 0.857422 0.150142 0.858398 0.150142 0.858398 0.141643 0.854492 0.141643 0.853516 0.142587 0.851562 0.142587 0.850586 0.143532 0.84668 0.143532 0.845703 0.144476 0.84375 0.144476 0.84082 0.147309 0.839844 0.147309 0.838867 0.148253 0.837891 0.148253 0.836914 0.149197 0.833008 0.149197 0.830078 0.146364 0.830078 0.14542 0.832031 0.143532 0.832031 0.142587 0.833008 0.141643 0.833008 0.140699
1 0.708008 0.367328 0.708008 0.369216 0.708984 0.370161 0.708984 0.372049 0.709961 0.372993 0.709961 0.375826 0.710938 0.376771 0.710938 0.378659 0.709961 0.379603 0.709961 0.380548 0.708008 0.382436 0.708008 0.385269 0.716797 0.385269 0.717773 0.384325 0.717773 0.380548 0.716797 0.379603 0.716797 0.378659 0.71582 0.377715 0.716797 0.376771 0.716797 0.375826 0.717773 0.374882 0.717773 0.367328
0 0.0917969 0.646837 0.0888672 0.64967 0.0869141 0.64967 0.0869141 0.650614 0.0859375 0.651558 0.0859375 0.654391 0.0849609 0.655335 0.0849609 0.666667 0.0839844 0.667611 0.0839844 0.672332 0.0830078 0.673277 0.0830078 0.67611 0.0820312 0.677054 0.0820312 0.677998 0.0810547 0.678942 0.0810547 0.679887 0.0800781 0.680831 0.0791016 0.680831 0.0742188 0.685552 0.0693359 0.685552 0.0683594 0.686497 0.0673828 0.686497 0.0664062 0.687441 0.0664062 0.688385 0.0654297 0.68933 0.0654297 0.690274 0.0673828 0.692162 0.0673828 0.693107 0.0683594 0.692162 0.0732422 0.692162 0.0742188 0.691218 0.0751953 0.691218 0.0761719 0.690274 0.0791016 0.690274 0.0800781 0.68933 0.0800781 0.688385 0.0810547 0.687441 0.0810547 0.686497 0.0830078 0.684608 0.0839844 0.684608 0.0849609 0.683664 0.0859375 0.683664 0.0869141 0.68272 0.0878906 0.68272 0.0898438 0.680831 0.0898438 0.675165 0.0908203 0.674221 0.0908203 0.661945 0.0917969 0.661001
1 0.308594 0.0793201 0.308594 0.088763 0.310547 0.0906516 0.311523 0.0906516 0.3125 0.0915958 0.319336 0.0915958 0.320312 0.0906516 0.321289 0.0906516 0.323242 0.088763 0.323242 0.0793201
1 0.540039 0.486308 0.539062 0.487252 0.538086 0.487252 0.537109 0.488196 0.537109 0.489141 0.536133 0.490085 0.536133 0.500472 0.542969 0.500472 0.543945 0.501416 0.544922 0.500472 0.545898 0.500472 0.546875 0.499528 0.547852 0.499528 0.548828 0.498584 0.549805 0.498584 0.549805 0.486308
0 0.633789 0.0292729 0.633789 0.0377715 0.641602 0.0377715 0.642578 0.0387158 0.644531 0.0387158 0.647461 0.0415486 0.65332 0.0415486 0.654297 0.0424929 0.65625 0.0406043 0.65625 0.0311615 0.655273 0.0302172 0.654297 0.0302172 0.65332 0.0292729
0 0.0537109 0.644948 0.0537109 0.663834 0.0546875 0.664778 0.0546875 0.666667 0.0556641 0.667611 0.0556641 0.670444 0.0566406 0.671388 0.0566406 0.677998 0.0576172 0.678942 0.0576172 0.684608 0.0585938 0.685552 0.0585938 0.686497 0.0595703 0.687441 0.0595703 0.690274 0.0605469 0.691218 0.0654297 0.691218 0.0654297 0.661945 0.0644531 0.661001 0.0644531 0.653447 0.0634766 0.652502 0.0634766 0.645892 0.0625 0.644948
0 0.695312 0.213409 0.694336 0.214353 0.694336 0.21813 0.693359 0.219075 0.693359 0.220963 0.692383 0.221907 0.692383 0.222852 0.691406 0.223796 0.691406 0.225685 0.69043 0.226629 0.69043 0.229462 0.691406 0.230406 0.691406 0.247403 0.69043 0.248347 0.69043 0.25118 0.689453 0.252125 0.69043 0.253069 0.69043 0.254957 0.691406 0.255902 0.691406 0.256846 0.693359 0.258735 0.693359 0.260623 0.692383 0.261568 0.692383 0.271955 0.693359 0.272899 0.694336 0.271955 0.696289 0.271955 0.696289 0.27101 0.695312 0.270066 0.695312 0.269122 0.694336 0.268178 0.694336 0.267233 0.693359 0.266289 0.693359 0.258735 0.699219 0.253069 0.699219 0.250236 0.698242 0.249292 0.698242 0.248347 0.697266 0.247403 0.697266 0.24457 0.698242 0.243626 0.698242 0.240793 0.699219 0.239849 0.699219 0.238905 0.700195 0.23796 0.700195 0.234183 0.701172 0.233239 0.701172 0.232295 0.702148 0.23135 0.702148 0.229462 0.703125 0.228517 0.703125 0.227573 0.704102 0.226629 0.704102 0.225685 0.705078 0.22474 0.705078 0.213409
1 0.00292969 0.452314 0.00292969 0.466478 0.0166016 0.466478 0.0185547 0.464589 0.0185547 0.463645 0.0195312 0.462701 0.0195312 0.453258 0.0185547 0.452314
0 0.950195 0.29084 0.950195 0.292729 0.949219 0.293673 0.949219 0.295562 0.947266 0.29745 0.947266 0.298395 0.945312 0.300283 0.945312 0.361662 0.948242 0.364495 0.948242 0.365439 0.950195 0.367328 0.950195 0.368272 0.952148 0.370161 0.952148 0.372993 0.953125 0.373938 0.953125 0.375826 0.954102 0.376771 0.954102 0.391879 0.953125 0.392823 0.953125 0.397545 0.952148 0.398489 0.952148 0.403211 0.951172 0.404155 0.951172 0.406043 0.950195 0.406988 0.950195 0.409821 0.949219 0.410765 0.949219 0.412653 0.948242 0.413598 0.948242 0.414542 0.947266 0.415486 0.947266 0.416431 0.945312 0.418319 0.945312 0.419263 0.951172 0.419263 0.951172 0.418319 0.952148 0.417375 0.952148 0.416431 0.953125 0.415486 0.953125 0.414542 0.956055 0.411709 0.957031 0.411709 0.958984 0.409821 0.958984 0.408876 0.960938 0.406988 0.960938 0.406043 0.963867 0.403211 0.963867 0.401322 0.964844 0.400378 0.964844 0.399433 0.96582 0.398489 0.96582 0.372049 0.964844 0.371105 0.964844 0.370161 0.962891 0.368272 0.962891 0.367328 0.959961 0.364495 0.959961 0.363551 0.958984 0.362606 0.958984 0.361662 0.958008 0.360718 0.958008 0.359773 0.955078 0.356941 0.955078 0.355996 0.954102 0.355052 0.954102 0.354108 0.953125 0.353163 0.953125 0.352219 0.954102 0.351275 0.954102 0.349386 0.956055 0.347498 0.956055 0.346553 0.957031 0.345609 0.957031 0.344665 0.958008 0.34372 0.958008 0.341832 0.958984 0.340888 0.958984 0.33711 0.958008 0.336166 0.958008 0.321058 0.958984 0.320113 0.958984 0.315392 0.959961 0.314448 0.959961 0.31067 0.960938 0.309726 0.960938 0.306893 0.961914 0.305949 0.961914 0.303116 0.962891 0.302172 0.962891 0.299339 0.963867 0.298395 0.963867 0.296506 0.964844 0.295562 0.964844 0.29084
1 0.791016 0.0991501 0.790039 0.100094 0.789062 0.100094 0.788086 0.101039 0.787109 0.101039 0.787109 0.113314 0.790039 0.113314 0.791016 0.114259 0.794922 0.114259 0.795898 0.115203 0.799805 0.115203 0.800781 0.116147 0.802734 0.116147 0.803711 0.115203 0.803711 0.114259 0.804688 0.113314 0.804688 0.11237 0.805664 0.111426 0.805664 0.101983 0.804688 0.101039 0.804688 0.0991501
0 0.50293 0.00188857 0.50293 0.0113314 0.503906 0.0122757 0.507812 0.0122757 0.508789 0.01322 0.512695 0.01322 0.514648 0.0113314 0.515625 0.0113314 0.516602 0.0103872 0.516602 0.00188857
1 0.933594 0.653447 0.933594 0.674221 0.936523 0.674221 0.9375 0.675165 0.939453 0.675165 0.94043 0.67611 0.947266 0.67611 0.948242 0.675165 0.950195 0.675165 0.951172 0.674221 0.952148 0.674221 0.953125 0.673277 0.954102 0.673277 0.955078 0.672332 0.956055 0.672332 0.957031 0.671388 0.958984 0.671388 0.960938 0.6695 0.960938 0.653447
1 0.538086 0.567517 0.538086 0.576959 0.539062 0.576959 0.540039 0.577904 0.546875 0.577904 0.549805 0.575071 0.549805 0.567517
1 0.268555 0.201133 0.268555 0.208687 0.274414 0.208687 0.275391 0.207743 0.275391 0.206799 0.276367 0.205855 0.276367 0.201133
0 0.0830078 0.639282 0.0830078 0.641171 0.0839844 0.642115 0.0839844 0.644948 0.0849609 0.645892 0.0849609 0.652502 0.0839844 0.653447 0.0839844 0.659112 0.0830078 0.660057 0.0830078 0.683664 0.0947266 0.683664 0.0947266 0.680831 0.09375 0.679887 0.0927734 0.679887 0.0917969 0.678942 0.0917969 0.66289 0.0927734 0.661945 0.0927734 0.658168 0.09375 0.657224 0.09375 0.655335 0.0947266 0.654391 0.0947266 0.639282
0 0.21875 0.243626 0.21875 0.262512 0.228516 0.262512 0.231445 0.259679 0.231445 0.258735 0.235352 0.254957 0.235352 0.245515 0.234375 0.24457 0.232422 0.24457 0.231445 0.243626
0 0.238281 0.336166 0.237305 0.33711 0.235352 0.33711 0.233398 0.338999 0.233398 0.339943 0.232422 0.340888 0.232422 0.351275 0.236328 0.347498 0.236328 0.346553 0.239258 0.34372 0.240234 0.34372 0.241211 0.342776 0.244141 0.342776 0.245117 0.34372 0.256836 0.34372 0.257812 0.342776 0.263672 0.342776 0.264648 0.34372 0.270508 0.34372 0.271484 0.344665 0.272461 0.344665 0.273438 0.345609 0.274414 0.345609 0.275391 0.346553 0.28125 0.346553 0.28125 0.336166
1 0.139648 0.645892 0.139648 0.660057 0.140625 0.660057 0.141602 0.661001 0.145508 0.661001 0.146484 0.661945 0.152344 0.661945 0.155273 0.659112 0.155273 0.645892
1 0.745117 0.107649 0.745117 0.116147 0.746094 0.116147 0.748047 0.118036 0.749023 0.118036 0.75 0.11898 0.75293 0.11898 0.753906 0.119924 0.755859 0.119924 0.757812 0.121813 0.763672 0.121813 0.763672 0.109537 0.762695 0.108593 0.763672 0.107649
1 0.540039 0.254957 0.540039 0.259679 0.539062 0.260623 0.539062 0.274788 0.541992 0.274788 0.541992 0.273843 0.548828 0.267233 0.548828 0.266289 0.549805 0.265345 0.549805 0.263456 0.550781 0.262512 0.550781 0.261568 0.551758 0.260623 0.551758 0.254957
0 0.416992 0.890463 0.416016 0.891407 0.416016 0.892351 0.415039 0.893296 0.415039 0.898017 0.416016 0.898961 0.416016 0.899906 0.416992 0.90085 0.416992 0.902738 0.418945 0.904627 0.418945 0.905571 0.419922 0.906516 0.420898 0.906516 0.424805 0.910293 0.424805 0.911237 0.43457 0.92068 0.435547 0.919736 0.435547 0.90746 0.43457 0.906516 0.433594 0.906516 0.430664 0.903683 0.430664 0.902738 0.426758 0.898961 0.426758 0.898017 0.425781 0.897073 0.425781 0.893296 0.426758 0.892351 0.426758 0.891407 0.427734 0.890463
0 0.223633 0.886686 0.222656 0.88763 0.222656 0.888574 0.22168 0.889518 0.22168 0.905571 0.223633 0.90746 0.223633 0.908404 0.224609 0.908404 0.226562 0.910293 0.228516 0.910293 0.229492 0.911237 0.231445 0.911237 0.232422 0.912181 0.234375 0.912181 0.235352 0.913126 0.242188 0.913126 0.243164 0.912181 0.244141 0.912181 0.245117 0.911237 0.246094 0.911237 0.246094 0.899906 0.244141 0.898017 0.242188 0.898017 0.241211 0.897073 0.240234 0.897073 0.235352 0.892351 0.235352 0.891407 0.234375 0.890463 0.234375 0.888574 0.236328 0.886686
0 0.461914 0.864967 0.461914 0.871577 0.46582 0.875354 0.46582 0.876298 0.467773 0.878187 0.46875 0.878187 0.469727 0.879131 0.470703 0.879131 0.47168 0.880076 0.474609 0.880076 0.475586 0.879131 0.476562 0.879131 0.478516 0.877243 0.479492 0.877243 0.480469 0.876298 0.482422 0.878187 0.482422 0.879131 0.483398 0.880076 0.483398 0.88102 0.484375 0.881964 0.484375 0.884797 0.482422 0.886686 0.482422 0.88763 0.481445 0.888574 0.481445 0.889518 0.479492 0.891407 0.478516 0.891407 0.476562 0.893296 0.475586 0.893296 0.472656 0.896128 0.47168 0.896128 0.470703 0.897073 0.469727 0.897073 0.469727 0.898017 0.46875 0.898961 0.46875 0.899906 0.466797 0.901794 0.460938 0.901794 0.459961 0.902738 0.458984 0.902738 0.458984 0.903683 0.458008 0.904627 0.458008 0.90746 0.457031 0.908404 0.457031 0.909348 0.458008 0.910293 0.458008 0.913126 0.458984 0.91407 0.458984 0.915014 0.462891 0.918791 0.463867 0.918791 0.466797 0.921624 0.467773 0.921624 0.46875 0.922568 0.470703 0.922568 0.47168 0.923513 0.473633 0.923513 0.474609 0.922568 0.474609 0.921624 0.475586 0.92068 0.475586 0.919736 0.478516 0.916903 0.478516 0.915958 0.479492 0.915014 0.479492 0.91407 0.480469 0.913126 0.480469 0.910293 0.481445 0.909348 0.481445 0.906516 0.482422 0.905571 0.482422 0.903683 0.489258 0.897073 0.489258 0.896128 0.490234 0.895184 0.490234 0.868744 0.487305 0.865911 0.485352 0.865911 0.484375 0.864967
0 0.832031 0.0519358 0.832031 0.0594901 0.831055 0.0604344 0.831055 0.0613787 0.828125 0.0642115 0.828125 0.0661001 0.827148 0.0670444 0.827148 0.0679887 0.826172 0.068933 0.826172 0.0698772 0.825195 0.0708215 0.825195 0.0764873 0.831055 0.0764873 0.831055 0.0745987 0.832031 0.0736544 0.832031 0.0727101 0.833008 0.0717658 0.833008 0.0708215 0.833984 0.0698772 0.833984 0.0670444 0.834961 0.0661001 0.834961 0.0642115 0.835938 0.0632672 0.835938 0.0519358
0 0.000976562 0.196412 0.000976562 0.21813 0.00195312 0.21813 0.00390625 0.220019 0.00390625 0.220963 0.00488281 0.221907 0.00585938 0.221907 0.00683594 0.222852 0.00878906 0.222852 0.00976562 0.223796 0.0126953 0.223796 0.0136719 0.22474 0.0185547 0.22474 0.0185547 0.21152 0.0175781 0.210576 0.0175781 0.20491 0.0185547 0.203966 0.0185547 0.196412
1 0.68457 0.501416 0.68457 0.508026 0.6875 0.505194 0.689453 0.505194 0.691406 0.503305 0.691406 0.502361 0.69043 0.502361 0.689453 0.501416
1 0.0771484 0.780925 0.078125 0.78187 0.078125 0.786591 0.0771484 0.787535 0.0771484 0.78848 0.0751953 0.790368 0.0742188 0.790368 0.0732422 0.791313 0.0722656 0.791313 0.0712891 0.792257 0.0712891 0.797923 0.0810547 0.797923 0.0820312 0.796978 0.0849609 0.796978 0.0859375 0.796034 0.0878906 0.796034 0.0888672 0.79509 0.0908203 0.79509 0.0908203 0.780925
1 0.00585938 0.300283 0.00585938 0.319169 0.0185547 0.319169 0.0195312 0.318225 0.0195312 0.307838 0.0185547 0.306893 0.0185547 0.302172 0.0195312 0.301228 0.0195312 0.300283
0 0.0517578 0.826251 0.0517578 0.833806 0.0507812 0.83475 0.0498047 0.83475 0.0488281 0.835694 0.0478516 0.835694 0.046875 0.83475 0.0458984 0.83475 0.0458984 0.851747 0.0595703 0.851747 0.0605469 0.852691 0.0615234 0.851747 0.0654297 0.851747 0.0664062 0.850803 0.0673828 0.850803 0.0712891 0.847026 0.0712891 0.846081 0.0722656 0.845137 0.0722656 0.844193 0.0742188 0.842304 0.0742188 0.826251 0.0732422 0.826251 0.0722656 0.827195 0.0703125 0.827195 0.0673828 0.830028 0.0654297 0.830028 0.0644531 0.830973 0.0625 0.830973 0.0615234 0.831917 0.0605469 0.831917 0.0585938 0.830028 0.0585938 0.829084 0.0576172 0.82814 0.0576172 0.826251
1 0.243164 0.431539 0.243164 0.441926 0.246094 0.444759 0.24707 0.444759 0.248047 0.445704 0.253906 0.445704 0.254883 0.444759 0.255859 0.444759 0.255859 0.431539
0 0.868164 0.644004 0.867188 0.644948 0.866211 0.644948 0.858398 0.652502 0.858398 0.653447 0.854492 0.657224 0.851562 0.657224 0.851562 0.667611 0.854492 0.670444 0.854492 0.672332 0.854492 0.671388 0.855469 0.670444 0.860352 0.670444 0.87207 0.659112 0.873047 0.659112 0.873047 0.654391 0.87207 0.653447 0.87207 0.652502 0.874023 0.650614 0.879883 0.650614 0.879883 0.64967 0.880859 0.648725 0.880859 0.645892 0.879883 0.644948 0.869141 0.644948
1 0.46875 0.256846 0.46875 0.268178 0.470703 0.268178 0.47168 0.269122 0.473633 0.269122 0.474609 0.270066 0.475586 0.270066 0.476562 0.27101 0.478516 0.27101 0.479492 0.271955 0.481445 0.271955 0.482422 0.27101 0.483398 0.27101 0.483398 0.258735 0.482422 0.25779 0.481445 0.25779 0.480469 0.256846
1 0.458984 0.737488 0.457031 0.739377 0.457031 0.740321 0.455078 0.74221 0.455078 0.749764 0.457031 0.749764 0.458008 0.74882 0.460938 0.74882 0.461914 0.747875 0.466797 0.747875 0.466797 0.739377 0.46582 0.738432 0.463867 0.738432 0.462891 0.737488
1 0.407227 0.482531 0.407227 0.492918 0.408203 0.493862 0.408203 0.495751 0.40918 0.496695 0.419922 0.496695 0.419922 0.493862 0.418945 0.493862 0.417969 0.492918 0.416016 0.492918 0.414062 0.491029 0.414062 0.490085 0.415039 0.489141 0.416016 0.489141 0.418945 0.486308 0.418945 0.485364 0.419922 0.484419 0.419922 0.482531
1 0.0439453 0.338055 0.0429688 0.338999 0.0429688 0.339943 0.0419922 0.340888 0.0419922 0.346553 0.0498047 0.346553 0.0498047 0.338055
1 0.12207 0.339943 0.12207 0.348442 0.131836 0.348442 0.132812 0.347498 0.132812 0.346553 0.133789 0.345609 0.133789 0.339943
0 0.875977 0.526912 0.875977 0.538244 0.876953 0.538244 0.879883 0.541076 0.880859 0.540132 0.882812 0.540132 0.883789 0.539188 0.883789 0.538244 0.884766 0.537299 0.884766 0.536355 0.885742 0.535411 0.885742 0.526912
0 0.728516 0.3305 0.728516 0.334278 0.730469 0.334278 0.731445 0.335222 0.733398 0.335222 0.738281 0.339943 0.739258 0.338999 0.739258 0.33711 0.740234 0.336166 0.740234 0.3305
1 0.713867 0.599622 0.713867 0.610009 0.714844 0.610954 0.719727 0.610954 0.719727 0.609065 0.72168 0.607177 0.72168 0.599622
1 0.355469 0.85458 0.355469 0.856468 0.354492 0.857413 0.354492 0.863078 0.355469 0.864023 0.362305 0.864023 0.363281 0.863078 0.363281 0.85458
1 0.421875 0.119924 0.420898 0.120869 0.419922 0.120869 0.419922 0.127479 0.420898 0.128423 0.428711 0.128423 0.428711 0.119924
1 0.539062 0.420208 0.539062 0.424929 0.540039 0.425873 0.540039 0.427762 0.541016 0.428706 0.541016 0.433428 0.541992 0.434372 0.541992 0.435316 0.542969 0.436261 0.542969 0.437205 0.545898 0.440038 0.547852 0.440038 0.548828 0.440982 0.551758 0.440982 0.556641 0.436261 0.556641 0.420208 0.548828 0.420208 0.544922 0.423985 0.541992 0.423985 0.541016 0.423041 0.541016 0.422096 0.540039 0.421152 0.540039 0.420208
1 0.0400391 0.703494 0.0400391 0.719547 0.0419922 0.721435 0.0439453 0.721435 0.0449219 0.72238 0.0537109 0.72238 0.0566406 0.719547 0.0566406 0.718602 0.0576172 0.717658 0.0576172 0.704438 0.0566406 0.703494
0 0.699219 0.115203 0.699219 0.120869 0.705078 0.120869 0.706055 0.121813 0.705078 0.122757 0.699219 0.122757 0.699219 0.133144 0.708008 0.133144 0.708984 0.1322 0.709961 0.1322 0.710938 0.131256 0.711914 0.131256 0.712891 0.130312 0.713867 0.130312 0.714844 0.129367 0.716797 0.129367 0.717773 0.128423 0.719727 0.128423 0.720703 0.127479 0.720703 0.120869 0.716797 0.117092 0.716797 0.116147 0.71582 0.115203
1 0.0458984 0.926346 0.0458984 0.935788 0.046875 0.934844 0.046875 0.9339 0.0478516 0.932956 0.0498047 0.934844 0.0498047 0.935788 0.0576172 0.935788 0.0576172 0.926346
1 0.306641 0.72899 0.306641 0.729934 0.305664 0.730878 0.305664 0.732767 0.304688 0.733711 0.305664 0.734655 0.305664 0.7356 0.308594 0.7356 0.30957 0.734655 0.311523 0.734655 0.3125 0.733711 0.3125 0.72899
1 0.463867 0.252125 0.463867 0.265345 0.464844 0.265345 0.46582 0.266289 0.466797 0.266289 0.467773 0.267233 0.469727 0.267233 0.470703 0.268178 0.472656 0.268178 0.473633 0.269122 0.476562 0.269122 0.477539 0.270066 0.478516 0.270066 0.479492 0.27101 0.480469 0.27101 0.480469 0.258735 0.479492 0.25779 0.476562 0.25779 0.475586 0.256846 0.474609 0.256846 0.473633 0.255902 0.472656 0.255902 0.469727 0.253069 0.469727 0.252125
0 0.0273438 0.817753 0.0253906 0.819641 0.0244141 0.819641 0.0224609 0.82153 0.0234375 0.822474 0.0234375 0.823418 0.0244141 0.824363 0.0244141 0.825307 0.0322266 0.832861 0.0322266 0.833806 0.0332031 0.83475 0.0332031 0.835694 0.0351562 0.837583 0.0361328 0.837583 0.0380859 0.839471 0.0380859 0.84136 0.0390625 0.842304 0.0390625 0.846081 0.0576172 0.846081 0.0576172 0.817753 0.0527344 0.817753 0.0507812 0.819641 0.0498047 0.819641 0.0488281 0.820585 0.0410156 0.820585 0.0400391 0.819641 0.0380859 0.819641 0.0371094 0.818697 0.0361328 0.818697 0.0351562 0.817753
1 0.633789 0.470255 0.632812 0.471199 0.631836 0.471199 0.630859 0.472144 0.630859 0.477809 0.631836 0.477809 0.633789 0.479698 0.635742 0.479698 0.635742 0.470255
1 0.0351562 0.414542 0.0341797 0.415486 0.0341797 0.417375 0.0351562 0.418319 0.0351562 0.421152 0.0361328 0.421152 0.0410156 0.416431 0.0439453 0.419263 0.0439453 0.421152 0.0439453 0.414542 0.0429688 0.414542 0.0419922 0.415486 0.0371094 0.415486 0.0361328 0.414542
0 0.112305 0.853635 0.112305 0.857413 0.117188 0.857413 0.118164 0.856468 0.119141 0.856468 0.120117 0.857413 0.120117 0.859301 0.116211 0.863078 0.116211 0.864023 0.12793 0.864023 0.129883 0.862134 0.129883 0.853635
0 0.891602 0 0.891602 0.00944287 0.892578 0.0103872 0.893555 0.0103872 0.894531 0.0113314 0.895508 0.0113314 0.899414 0.0151086 0.900391 0.0151086 0.901367 0.0141643 0.904297 0.0141643 0.90625 0.0122757 0.907227 0.0122757 0.907227 0
0 0.873047 0.498584 0.869141 0.502361 0.869141 0.504249 0.867188 0.506138 0.864258 0.506138 0.863281 0.505194 0.862305 0.505194 0.861328 0.504249 0.861328 0.503305 0.860352 0.502361 0.859375 0.502361 0.859375 0.529745 0.862305 0.529745 0.862305 0.527856 0.863281 0.526912 0.863281 0.525968 0.864258 0.525024 0.864258 0.524079 0.867188 0.521246 0.868164 0.521246 0.868164 0.520302 0.874023 0.514636 0.875 0.514636 0.875 0.512748 0.875977 0.511804 0.875977 0.510859 0.876953 0.509915 0.876953 0.508971 0.879883 0.506138 0.883789 0.506138 0.884766 0.505194 0.886719 0.505194 0.887695 0.504249 0.888672 0.504249 0.889648 0.503305 0.889648 0.500472 0.887695 0.498584
1 0.116211 0.308782 0.116211 0.309726 0.115234 0.31067 0.115234 0.311615 0.114258 0.312559 0.114258 0.313503 0.113281 0.314448 0.113281 0.32389 0.114258 0.32389 0.115234 0.324835 0.119141 0.324835 0.120117 0.325779 0.123047 0.325779 0.124023 0.326723 0.125977 0.326723 0.129883 0.322946 0.129883 0.308782
0 0.0107422 0.747875 0.0107422 0.757318 0.0126953 0.757318 0.0146484 0.759207 0.0146484 0.760151 0.0136719 0.761095 0.0195312 0.761095 0.0214844 0.759207 0.0224609 0.759207 0.0234375 0.758263 0.0273438 0.758263 0.0283203 0.757318 0.0351562 0.757318 0.0351562 0.751652 0.0341797 0.750708 0.0322266 0.750708 0.03125 0.749764 0.0292969 0.749764 0.0273438 0.747875
0 0.329102 0.210576 0.328125 0.21152 0.327148 0.21152 0.326172 0.212465 0.324219 0.212465 0.323242 0.213409 0.322266 0.213409 0.321289 0.214353 0.321289 0.215297 0.319336 0.217186 0.318359 0.217186 0.317383 0.21813 0.316406 0.21813 0.31543 0.219075 0.314453 0.219075 0.3125 0.220963 0.3125 0.221907 0.314453 0.223796 0.31543 0.223796 0.316406 0.22474 0.317383 0.22474 0.318359 0.225685 0.319336 0.225685 0.320312 0.22474 0.321289 0.22474 0.322266 0.223796 0.325195 0.223796 0.329102 0.220019
1 0.46582 0.305005 0.464844 0.305949 0.464844 0.306893 0.463867 0.307838 0.463867 0.313503 0.462891 0.314448 0.462891 0.315392 0.461914 0.316336 0.460938 0.316336 0.460938 0.318225 0.463867 0.318225 0.464844 0.31728 0.466797 0.31728 0.467773 0.316336 0.469727 0.316336 0.470703 0.315392 0.472656 0.315392 0.472656 0.305005
0 0.148438 0.359773 0.148438 0.362606 0.147461 0.363551 0.147461 0.366383 0.148438 0.367328 0.148438 0.369216 0.149414 0.370161 0.149414 0.372049 0.148438 0.372993 0.148438 0.373938 0.147461 0.374882 0.147461 0.377715 0.146484 0.378659 0.146484 0.381492 0.144531 0.383381 0.144531 0.385269 0.143555 0.386213 0.143555 0.393768 0.144531 0.394712 0.144531 0.395656 0.144531 0.394712 0.146484 0.392823 0.146484 0.391879 0.147461 0.390935 0.147461 0.389991 0.149414 0.388102 0.150391 0.388102 0.151367 0.387158 0.151367 0.386213 0.15332 0.384325 0.15332 0.383381 0.154297 0.382436 0.154297 0.381492 0.155273 0.380548 0.155273 0.379603 0.15625 0.378659 0.15625 0.376771 0.157227 0.375826 0.157227 0.373938 0.158203 0.372993 0.158203 0.359773
0 0.681641 0.898961 0.681641 0.899906 0.679688 0.901794 0.679688 0.902738 0.678711 0.903683 0.678711 0.905571 0.677734 0.906516 0.677734 0.90746 0.676758 0.908404 0.676758 0.909348 0.672852 0.913126 0.671875 0.913126 0.666016 0.918791 0.666016 0.919736 0.665039 0.92068 0.665039 0.922568 0.664062 0.923513 0.664062 0.925401 0.663086 0.926346 0.663086 0.92729 0.662109 0.928234 0.662109 0.929178 0.661133 0.930123 0.660156 0.930123 0.660156 0.952786 0.671875 0.952786 0.671875 0.951841 0.672852 0.950897 0.672852 0.949953 0.673828 0.949009 0.673828 0.948064 0.674805 0.94712 0.674805 0.946176 0.675781 0.945231 0.675781 0.944287 0.678711 0.941454 0.678711 0.94051 0.680664 0.938621 0.680664 0.937677 0.683594 0.934844 0.683594 0.9339 0.68457 0.932956 0.68457 0.930123 0.685547 0.929178 0.685547 0.92068 0.686523 0.919736 0.686523 0.898961
0 0.945312 0.358829 0.945312 0.361662 0.949219 0.365439 0.949219 0.366383 0.951172 0.368272 0.951172 0.369216 0.952148 0.370161 0.952148 0.372049 0.953125 0.372993 0.953125 0.374882 0.954102 0.375826 0.954102 0.376771 0.955078 0.377715 0.955078 0.388102 0.954102 0.389046 0.954102 0.394712 0.953125 0.395656 0.953125 0.400378 0.952148 0.401322 0.952148 0.405099 0.951172 0.406043 0.951172 0.407932 0.950195 0.408876 0.950195 0.410765 0.949219 0.411709 0.949219 0.413598 0.948242 0.414542 0.948242 0.415486 0.947266 0.416431 0.947266 0.417375 0.953125 0.417375 0.953125 0.416431 0.954102 0.415486 0.954102 0.414542 0.956055 0.412653 0.957031 0.412653 0.959961 0.409821 0.959961 0.408876 0.961914 0.406988 0.961914 0.406043 0.963867 0.404155 0.963867 0.403211 0.964844 0.402266 0.964844 0.401322 0.96582 0.400378 0.96582 0.398489 0.966797 0.397545 0.966797 0.396601 0.967773 0.395656 0.967773 0.393768 0.96875 0.392823 0.96875 0.379603 0.967773 0.378659 0.967773 0.376771 0.966797 0.375826 0.966797 0.374882 0.96582 0.373938 0.96582 0.372993 0.964844 0.372049 0.964844 0.371105 0.963867 0.370161 0.963867 0.369216 0.961914 0.367328 0.961914 0.366383 0.960938 0.365439 0.960938 0.364495 0.959961 0.363551 0.959961 0.362606 0.958984 0.361662 0.958984 0.360718 0.957031 0.358829
1 0.203125 0.406988 0.203125 0.416431 0.208008 0.416431 0.208984 0.415486 0.209961 0.416431 0.21582 0.416431 0.216797 0.417375 0.21875 0.417375 0.219727 0.418319 0.220703 0.418319 0.22168 0.419263 0.223633 0.419263 0.223633 0.406988
0 0.620117 0.245515 0.620117 0.247403 0.619141 0.248347 0.619141 0.249292 0.618164 0.250236 0.618164 0.25118 0.615234 0.254013 0.615234 0.261568 0.623047 0.261568 0.625 0.259679 0.625 0.258735 0.62793 0.255902 0.628906 0.255902 0.631836 0.253069 0.631836 0.245515
0 0.75 0.88102 0.749023 0.881964 0.749023 0.882908 0.748047 0.883853 0.748047 0.884797 0.74707 0.885741 0.74707 0.886686 0.745117 0.888574 0.745117 0.891407 0.744141 0.892351 0.744141 0.898961 0.746094 0.90085 0.751953 0.90085 0.751953 0.881964 0.750977 0.88102
0 0.807617 0.625118 0.806641 0.626062 0.805664 0.626062 0.804688 0.627007 0.802734 0.627007 0.801758 0.627951 0.801758 0.629839 0.800781 0.630784 0.800781 0.631728 0.799805 0.632672 0.799805 0.633617 0.798828 0.634561 0.798828 0.636449 0.797852 0.637394 0.797852 0.638338 0.796875 0.639282 0.796875 0.640227 0.795898 0.641171 0.795898 0.643059 0.794922 0.644004 0.793945 0.644004 0.792969 0.644948 0.791016 0.644948 0.790039 0.645892 0.789062 0.645892 0.789062 0.646837 0.787109 0.648725 0.787109 0.64967 0.78418 0.652502 0.78418 0.653447 0.783203 0.654391 0.783203 0.655335 0.78125 0.657224 0.78125 0.658168 0.780273 0.659112 0.780273 0.660057 0.779297 0.661001 0.779297 0.661945 0.77832 0.66289 0.777344 0.66289 0.776367 0.663834 0.774414 0.663834 0.773438 0.664778 0.771484 0.664778 0.769531 0.666667 0.769531 0.667611 0.767578 0.6695 0.767578 0.670444 0.766602 0.671388 0.766602 0.672332 0.765625 0.673277 0.765625 0.675165 0.764648 0.67611 0.764648 0.679887 0.765625 0.680831 0.765625 0.681775 0.766602 0.68272 0.766602 0.683664 0.769531 0.686497 0.770508 0.686497 0.772461 0.684608 0.772461 0.683664 0.776367 0.679887 0.776367 0.678942 0.777344 0.677998 0.777344 0.677054 0.779297 0.675165 0.779297 0.674221 0.78125 0.672332 0.78125 0.671388 0.78418 0.668555 0.78418 0.667611 0.785156 0.666667 0.785156 0.665722 0.786133 0.664778 0.786133 0.663834 0.791992 0.658168 0.791992 0.657224 0.792969 0.65628 0.792969 0.655335 0.794922 0.653447 0.794922 0.650614 0.795898 0.64967 0.795898 0.648725 0.797852 0.646837 0.798828 0.646837 0.803711 0.642115 0.803711 0.641171 0.804688 0.640227 0.805664 0.640227 0.805664 0.639282 0.808594 0.636449 0.80957 0.636449 0.8125 0.633617 0.813477 0.633617 0.813477 0.632672 0.81543 0.630784 0.81543 0.629839 0.816406 0.628895 0.817383 0.628895 0.819336 0.627007 0.819336 0.625118
0 0.428711 0.175637 0.427734 0.176582 0.426758 0.176582 0.424805 0.17847 0.423828 0.17847 0.416992 0.18508 0.416016 0.18508 0.415039 0.186025 0.414062 0.186025 0.414062 0.192635 0.420898 0.192635 0.421875 0.19169 0.422852 0.19169 0.423828 0.190746 0.425781 0.190746 0.430664 0.186025 0.431641 0.186025 0.43457 0.183192 0.43457 0.175637
1 0.320312 0.809254 0.320312 0.831917 0.327148 0.831917 0.328125 0.830973 0.329102 0.830973 0.332031 0.82814 0.332031 0.809254
0 0.255859 0.659112 0.255859 0.663834 0.256836 0.664778 0.256836 0.667611 0.257812 0.668555 0.257812 0.677998 0.251953 0.683664 0.251953 0.692162 0.264648 0.692162 0.264648 0.691218 0.266602 0.68933 0.266602 0.659112
0 0.875977 0.169027 0.875977 0.170916 0.874023 0.172805 0.871094 0.172805 0.869141 0.170916 0.869141 0.169972 0.869141 0.186025 0.870117 0.186025 0.871094 0.18508 0.87207 0.18508 0.880859 0.176582 0.881836 0.176582 0.882812 0.175637 0.883789 0.175637 0.884766 0.174693 0.888672 0.174693 0.889648 0.175637 0.889648 0.176582 0.889648 0.169027
0 0.0664062 0.643059 0.0644531 0.644948 0.0634766 0.644948 0.0625 0.645892 0.0605469 0.645892 0.0595703 0.646837 0.0595703 0.647781 0.0576172 0.64967 0.0576172 0.651558 0.0566406 0.652502 0.0566406 0.655335 0.0556641 0.65628 0.0556641 0.666667 0.0566406 0.667611 0.0566406 0.6695 0.0576172 0.670444 0.0576172 0.674221 0.0585938 0.675165 0.0585938 0.681775 0.0595703 0.68272 0.0595703 0.685552 0.0605469 0.686497 0.0605469 0.688385 0.0615234 0.68933 0.0615234 0.690274 0.0634766 0.692162 0.0703125 0.692162 0.0712891 0.691218 0.0722656 0.691218 0.0732422 0.690274 0.0800781 0.690274 0.0810547 0.68933 0.0810547 0.688385 0.0830078 0.686497 0.0830078 0.678942 0.0830078 0.679887 0.0810547 0.681775 0.0800781 0.681775 0.0791016 0.68272 0.078125 0.68272 0.0771484 0.683664 0.0771484 0.684608 0.0761719 0.685552 0.0761719 0.686497 0.0742188 0.688385 0.0693359 0.683664 0.0703125 0.68272 0.0703125 0.67611 0.0693359 0.675165 0.0693359 0.672332 0.0683594 0.671388 0.0683594 0.6695 0.0673828 0.668555 0.0673828 0.666667 0.0664062 0.665722 0.0664062 0.664778 0.0654297 0.663834 0.0654297 0.660057 0.0644531 0.659112 0.0644531 0.658168 0.0654297 0.657224 0.0654297 0.652502 0.0673828 0.650614 0.0673828 0.64967 0.0683594 0.648725 0.0683594 0.647781 0.0703125 0.645892 0.0703125 0.644004 0.0693359 0.643059
0 0.147461 0.876298 0.148438 0.877243 0.148438 0.879131 0.147461 0.880076 0.147461 0.883853 0.144531 0.886686 0.141602 0.886686 0.140625 0.88763 0.139648 0.88763 0.139648 0.891407 0.142578 0.89424 0.143555 0.89424 0.144531 0.895184 0.146484 0.893296 0.147461 0.893296 0.148438 0.892351 0.149414 0.892351 0.150391 0.891407 0.151367 0.891407 0.151367 0.876298
1 0.37793 0.891407 0.37793 0.90746 0.378906 0.90746 0.379883 0.908404 0.380859 0.908404 0.381836 0.909348 0.383789 0.909348 0.384766 0.910293 0.385742 0.910293 0.387695 0.912181 0.388672 0.912181 0.389648 0.913126 0.396484 0.913126 0.397461 0.912181 0.397461 0.902738 0.396484 0.901794 0.396484 0.899906 0.395508 0.898961 0.395508 0.898017 0.394531 0.897073 0.394531 0.891407
0 0.397461 0.791313 0.397461 0.792257 0.396484 0.793201 0.396484 0.794145 0.395508 0.79509 0.395508 0.796034 0.390625 0.800755 0.390625 0.807365 0.391602 0.80831 0.391602 0.813975 0.390625 0.81492 0.390625 0.827195 0.391602 0.82814 0.393555 0.82814 0.394531 0.829084 0.40918 0.829084 0.411133 0.827195 0.411133 0.826251 0.416016 0.82153 0.416016 0.818697 0.416992 0.817753 0.416992 0.813031 0.417969 0.812087 0.417969 0.802644 0.416016 0.800755 0.414062 0.800755 0.413086 0.799811 0.412109 0.799811 0.411133 0.798867 0.411133 0.797923 0.410156 0.796978 0.413086 0.794145 0.414062 0.794145 0.416992 0.791313
1 0.741211 0.578848 0.741211 0.590179 0.744141 0.590179 0.746094 0.588291 0.74707 0.588291 0.748047 0.587347 0.749023 0.587347 0.75 0.586402 0.750977 0.586402 0.750977 0.578848
0 0.336914 0.496695 0.336914 0.498584 0.339844 0.501416 0.339844 0.502361 0.338867 0.503305 0.338867 0.504249 0.337891 0.505194 0.336914 0.505194 0.336914 0.515581 0.348633 0.515581 0.351562 0.512748 0.351562 0.511804 0.354492 0.508971 0.354492 0.497639 0.353516 0.496695
1 0.744141 0.124646 0.738281 0.130312 0.736328 0.130312 0.733398 0.133144 0.733398 0.141643 0.734375 0.142587 0.734375 0.143532 0.735352 0.144476 0.735352 0.146364 0.736328 0.147309 0.736328 0.148253 0.738281 0.150142 0.739258 0.149197 0.741211 0.149197 0.742188 0.148253 0.744141 0.148253 0.74707 0.14542 0.74707 0.143532 0.748047 0.142587 0.748047 0.141643 0.749023 0.140699 0.749023 0.135033 0.75 0.134089 0.75 0.1322 0.750977 0.131256 0.750977 0.124646
0 0.356445 0.00283286 0.356445 0.00849858 0.357422 0.00944287 0.357422 0.0122757 0.358398 0.01322 0.358398 0.0217186 0.359375 0.0226629 0.359375 0.0236072 0.360352 0.0245515 0.360352 0.0254958 0.364258 0.0292729 0.365234 0.0292729 0.366211 0.0302172 0.367188 0.0302172 0.371094 0.0339943 0.37207 0.0339943 0.37207 0.0236072 0.370117 0.0217186 0.370117 0.0207743 0.369141 0.01983 0.369141 0.0160529 0.368164 0.0151086 0.368164 0.01322 0.369141 0.0122757 0.369141 0.00566572 0.37207 0.00283286
0 0.544922 0.578848 0.544922 0.580737 0.545898 0.581681 0.545898 0.582625 0.546875 0.583569 0.546875 0.586402 0.545898 0.587347 0.545898 0.591124 0.549805 0.594901 0.550781 0.594901 0.552734 0.593012 0.552734 0.592068 0.553711 0.591124 0.553711 0.578848
1 0.308594 0.96034 0.307617 0.961284 0.305664 0.961284 0.305664 0.967894 0.314453 0.967894 0.31543 0.96695 0.316406 0.96695 0.317383 0.966006 0.317383 0.96034
0 0.483398 0.169972 0.480469 0.172805 0.478516 0.172805 0.477539 0.173749 0.475586 0.173749 0.474609 0.174693 0.473633 0.174693 0.470703 0.177526 0.470703 0.17847 0.466797 0.182247 0.46582 0.182247 0.464844 0.183192 0.464844 0.184136 0.462891 0.186025 0.462891 0.186969 0.459961 0.189802 0.459961 0.190746 0.458984 0.19169 0.458984 0.193579 0.458008 0.194523 0.458008 0.195467 0.457031 0.196412 0.457031 0.197356 0.456055 0.1983 0.456055 0.199245 0.455078 0.200189 0.454102 0.200189 0.453125 0.201133 0.453125 0.202077 0.452148 0.203022 0.452148 0.205855 0.451172 0.206799 0.451172 0.209632 0.459961 0.209632 0.460938 0.208687 0.460938 0.207743 0.461914 0.206799 0.461914 0.205855 0.46582 0.202077 0.46582 0.196412 0.470703 0.19169 0.470703 0.189802 0.472656 0.187913 0.473633 0.187913 0.474609 0.186969 0.474609 0.186025 0.478516 0.182247 0.479492 0.182247 0.480469 0.181303 0.481445 0.181303 0.483398 0.179415 0.484375 0.179415 0.484375 0.169972
1 0.542969 0.160529 0.541016 0.162417 0.540039 0.162417 0.537109 0.16525 0.537109 0.167139 0.536133 0.168083 0.536133 0.17186 0.541992 0.177526 0.541992 0.17847 0.541016 0.179415 0.544922 0.179415 0.545898 0.17847 0.545898 0.177526 0.547852 0.175637 0.547852 0.174693 0.551758 0.170916 0.551758 0.169972 0.552734 0.169027 0.552734 0.160529
1 0.203125 0.660057 0.203125 0.666667 0.204102 0.667611 0.204102 0.6695 0.205078 0.670444 0.205078 0.673277 0.206055 0.674221 0.206055 0.677998 0.208984 0.680831 0.213867 0.680831 0.214844 0.679887 0.216797 0.679887 0.217773 0.678942 0.217773 0.664778 0.216797 0.663834 0.216797 0.66289 0.213867 0.660057
0 0.341797 0.189802 0.337891 0.193579 0.336914 0.193579 0.334961 0.195467 0.334961 0.203966 0.342773 0.203966 0.342773 0.203022 0.345703 0.200189 0.34668 0.200189 0.350586 0.196412 0.350586 0.195467 0.351562 0.194523 0.351562 0.189802
1 0.257812 0.764873 0.257812 0.772427 0.258789 0.773371 0.258789 0.774315 0.260742 0.776204 0.260742 0.777148 0.262695 0.779037 0.262695 0.779981 0.263672 0.780925 0.263672 0.78187 0.266602 0.78187 0.266602 0.764873
1 0.451172 0.128423 0.451172 0.13881 0.457031 0.13881 0.458008 0.137866 0.460938 0.137866 0.463867 0.135033 0.463867 0.128423
0 0.0625 0.00472144 0.0615234 0.00566572 0.0615234 0.00944287 0.0605469 0.0103872 0.0605469 0.0113314 0.0595703 0.0122757 0.0595703 0.0141643 0.0585938 0.0151086 0.0585938 0.0179415 0.0576172 0.0188857 0.0576172 0.0236072 0.0566406 0.0245515 0.0566406 0.0283286 0.0556641 0.0292729 0.0556641 0.0311615 0.0546875 0.0321058 0.0546875 0.03305 0.0537109 0.0339943 0.0537109 0.0349386 0.0507812 0.0377715 0.0507812 0.0387158 0.0458984 0.0434372 0.0449219 0.0434372 0.0439453 0.0443815 0.0410156 0.0443815 0.0400391 0.0453258 0.0390625 0.0453258 0.0380859 0.0462701 0.0371094 0.0462701 0.0361328 0.0472144 0.0351562 0.0472144 0.0351562 0.0585458 0.0410156 0.0528801 0.0439453 0.0528801 0.0449219 0.0538244 0.0449219 0.0547686 0.0458984 0.0557129 0.0458984 0.0661001 0.046875 0.0670444 0.0478516 0.0670444 0.0498047 0.0651558 0.0498047 0.0642115 0.0517578 0.0623229 0.0527344 0.0623229 0.0537109 0.0613787 0.0546875 0.0613787 0.0546875 0.0604344 0.0556641 0.0594901 0.0556641 0.0585458 0.0566406 0.0576015 0.0566406 0.0557129 0.0576172 0.0547686 0.0576172 0.0538244 0.0585938 0.0528801 0.0585938 0.0509915 0.0595703 0.0500472 0.0595703 0.0491029 0.0605469 0.0481586 0.0605469 0.0472144 0.0615234 0.0462701 0.0615234 0.0453258 0.0634766 0.0434372 0.0634766 0.0424929 0.0654297 0.0406043 0.0654297 0.0396601 0.0664062 0.0387158 0.0664062 0.00472144
1 0.368164 0.30406 0.368164 0.305949 0.367188 0.306893 0.367188 0.307838 0.366211 0.308782 0.366211 0.31067 0.367188 0.311615 0.367188 0.314448 0.368164 0.315392 0.368164 0.31728 0.37207 0.31728 0.37207 0.314448 0.374023 0.312559 0.374023 0.30406
1 0.750977 0.844193 0.750977 0.850803 0.756836 0.856468 0.759766 0.856468 0.760742 0.855524 0.761719 0.855524 0.762695 0.85458 0.764648 0.85458 0.765625 0.853635 0.765625 0.844193
1 0.456055 0.478754 0.454102 0.480642 0.454102 0.486308 0.456055 0.488196 0.457031 0.488196 0.458008 0.489141 0.462891 0.489141 0.463867 0.488196 0.46582 0.488196 0.466797 0.487252 0.467773 0.487252 0.46875 0.486308 0.46875 0.478754
0 0.405273 0.000944287 0.405273 0.00283286 0.40918 0.00661001 0.410156 0.00661001 0.411133 0.00566572 0.421875 0.00566572 0.422852 0.00472144 0.423828 0.00472144 0.425781 0.00283286 0.425781 0.000944287
0 0.0644531 0 0.0644531 0.00283286 0.0634766 0.00377715 0.0634766 0.00566572 0.0625 0.00661001 0.0625 0.00849858 0.0615234 0.00944287 0.0615234 0.0113314 0.0605469 0.0122757 0.0605469 0.01322 0.0595703 0.0141643 0.0595703 0.0169972 0.0585938 0.0179415 0.0585938 0.0207743 0.0576172 0.0217186 0.0576172 0.0254958 0.0566406 0.02644 0.0566406 0.0292729 0.0556641 0.0302172 0.0556641 0.0321058 0.0546875 0.03305 0.0546875 0.0339943 0.0537109 0.0349386 0.0537109 0.0358829 0.0527344 0.0368272 0.0527344 0.0377715 0.0507812 0.0396601 0.0507812 0.0406043 0.0498047 0.0415486 0.0498047 0.0424929 0.0488281 0.0434372 0.0488281 0.0443815 0.0478516 0.0453258 0.046875 0.0453258 0.0458984 0.0462701 0.0400391 0.0462701 0.0380859 0.0481586 0.0371094 0.0481586 0.0361328 0.0491029 0.0351562 0.0491029 0.0351562 0.0566572 0.0361328 0.0566572 0.0419922 0.0509915 0.0429688 0.0509915 0.0449219 0.0528801 0.0449219 0.0538244 0.0458984 0.0547686 0.0458984 0.0613787 0.046875 0.0623229 0.046875 0.0642115 0.0478516 0.0651558 0.0478516 0.0642115 0.0507812 0.0613787 0.0527344 0.0613787 0.0556641 0.0585458 0.0556641 0.0566572 0.0566406 0.0557129 0.0566406 0.0547686 0.0576172 0.0538244 0.0576172 0.0519358 0.0585938 0.0509915 0.0585938 0.0481586 0.0595703 0.0472144 0.0595703 0.0462701 0.0605469 0.0453258 0.0605469 0.0443815 0.0615234 0.0434372 0.0615234 0.0424929 0.0634766 0.0406043 0.0634766 0.0396601 0.0644531 0.0387158 0.0644531 0.0377715 0.0654297 0.0368272 0.0654297 0.0358829 0.0664062 0.0349386 0.0664062 0.0339943 0.0673828 0.03305 0.0673828 0.0311615 0.0683594 0.0302172 0.0683594 0.0283286 0.0693359 0.0273843 0.0693359 0
1 0.628906 0.720491 0.626953 0.72238 0.626953 0.723324 0.625 0.725212 0.625 0.729934 0.631836 0.729934 0.632812 0.72899 0.632812 0.728045 0.633789 0.727101 0.633789 0.720491
1 0.453125 0.896128 0.453125 0.910293 0.454102 0.911237 0.454102 0.913126 0.473633 0.913126 0.473633 0.896128
1 0.662109 0.137866 0.662109 0.144476 0.665039 0.147309 0.666016 0.147309 0.666992 0.148253 0.674805 0.148253 0.676758 0.146364 0.676758 0.137866
0 0.750977 0.378659 0.750977 0.379603 0.75 0.380548 0.75 0.382436 0.749023 0.383381 0.749023 0.386213 0.748047 0.387158 0.748047 0.395656 0.74707 0.396601 0.74707 0.401322 0.746094 0.402266 0.748047 0.404155 0.75 0.404155 0.750977 0.405099 0.750977 0.404155 0.751953 0.403211 0.751953 0.401322 0.75293 0.400378 0.75293 0.398489 0.753906 0.397545 0.753906 0.392823 0.754883 0.391879 0.754883 0.389046 0.758789 0.385269 0.759766 0.385269 0.760742 0.384325 0.760742 0.383381 0.761719 0.382436 0.761719 0.378659
0 0.44043 0.652502 0.44043 0.66289 0.441406 0.66289 0.445312 0.666667 0.446289 0.666667 0.447266 0.667611 0.448242 0.667611 0.449219 0.668555 0.453125 0.668555 0.454102 0.6695 0.458008 0.665722 0.458008 0.663834 0.455078 0.661001 0.454102 0.661001 0.453125 0.660057 0.453125 0.659112 0.451172 0.657224 0.451172 0.65628 0.450195 0.655335 0.450195 0.654391 0.449219 0.653447 0.449219 0.652502
1 0.171875 0.0339943 0.171875 0.0434372 0.172852 0.0443815 0.172852 0.0462701 0.173828 0.0472144 0.173828 0.0481586 0.186523 0.0481586 0.186523 0.0472144 0.1875 0.0462701 0.1875 0.0339943
0 0.03125 0.376771 0.03125 0.377715 0.0302734 0.378659 0.0302734 0.379603 0.0292969 0.380548 0.0292969 0.381492 0.0283203 0.382436 0.0283203 0.383381 0.0273438 0.384325 0.0283203 0.385269 0.0283203 0.386213 0.0341797 0.391879 0.0341797 0.392823 0.0390625 0.397545 0.0400391 0.397545 0.0410156 0.398489 0.0419922 0.398489 0.0439453 0.396601 0.0439453 0.395656 0.0449219 0.394712 0.0449219 0.391879 0.0458984 0.390935 0.0458984 0.386213 0.046875 0.385269 0.046875 0.384325 0.0498047 0.381492 0.0498047 0.376771
0 0.0126953 0.394712 0.0117188 0.395656 0.0117188 0.396601 0.00976562 0.398489 0.00683594 0.398489 0.00585938 0.399433 0.00488281 0.399433 0.00390625 0.400378 0.00390625 0.402266 0.00195312 0.404155 0.000976562 0.404155 0.000976562 0.423041 0.00878906 0.423041 0.0117188 0.420208 0.0117188 0.419263 0.0126953 0.418319 0.0126953 0.417375 0.0136719 0.416431 0.0136719 0.410765 0.0126953 0.409821 0.0126953 0.408876 0.0136719 0.407932 0.0136719 0.406988 0.0175781 0.403211 0.0175781 0.401322 0.0185547 0.400378 0.0185547 0.394712
0 0.0546875 0.367328 0.0537109 0.368272 0.0537109 0.369216 0.0527344 0.370161 0.0527344 0.372049 0.0498047 0.374882 0.0488281 0.374882 0.0478516 0.375826 0.0478516 0.380548 0.0517578 0.380548 0.0527344 0.379603 0.0546875 0.379603 0.0556641 0.378659 0.0566406 0.378659 0.0566406 0.377715 0.0576172 0.376771 0.0585938 0.376771 0.0595703 0.375826 0.0615234 0.375826 0.0625 0.374882 0.0673828 0.374882 0.0683594 0.373938 0.0712891 0.373938 0.0722656 0.372993 0.0839844 0.372993 0.0839844 0.367328
0 0.0615234 0.825307 0.0615234 0.851747 0.0654297 0.851747 0.0664062 0.850803 0.0673828 0.850803 0.0703125 0.84797 0.0703125 0.847026 0.0732422 0.844193 0.0732422 0.843248 0.0742188 0.842304 0.0742188 0.84136 0.0751953 0.840415 0.0751953 0.838527 0.0761719 0.837583 0.0761719 0.825307 0.0703125 0.825307 0.0693359 0.826251 0.0683594 0.826251 0.0673828 0.827195 0.0644531 0.827195 0.0625 0.825307
1 0.268555 0.174693 0.268555 0.175637 0.264648 0.179415 0.264648 0.180359 0.263672 0.181303 0.263672 0.18508 0.265625 0.186969 0.265625 0.187913 0.266602 0.188857 0.269531 0.188857 0.270508 0.187913 0.273438 0.187913 0.273438 0.174693
0 0.807617 0.624174 0.804688 0.627007 0.803711 0.627007 0.801758 0.628895 0.801758 0.629839 0.799805 0.631728 0.799805 0.632672 0.796875 0.635505 0.796875 0.636449 0.795898 0.637394 0.795898 0.638338 0.794922 0.639282 0.794922 0.641171 0.791016 0.644948 0.790039 0.644948 0.790039 0.645892 0.786133 0.64967 0.786133 0.650614 0.78418 0.652502 0.78418 0.653447 0.782227 0.655335 0.782227 0.65628 0.780273 0.658168 0.780273 0.659112 0.777344 0.661945 0.776367 0.661945 0.775391 0.66289 0.774414 0.66289 0.773438 0.663834 0.771484 0.663834 0.769531 0.665722 0.769531 0.666667 0.767578 0.668555 0.767578 0.6695 0.766602 0.670444 0.766602 0.671388 0.765625 0.672332 0.765625 0.674221 0.764648 0.675165 0.764648 0.67611 0.763672 0.677054 0.763672 0.677998 0.764648 0.678942 0.764648 0.680831 0.765625 0.681775 0.765625 0.68272 0.767578 0.684608 0.767578 0.685552 0.768555 0.686497 0.768555 0.687441 0.769531 0.688385 0.770508 0.688385 0.771484 0.687441 0.771484 0.686497 0.772461 0.685552 0.772461 0.684608 0.777344 0.679887 0.777344 0.677998 0.779297 0.67611 0.779297 0.675165 0.782227 0.672332 0.782227 0.671388 0.78418 0.6695 0.78418 0.668555 0.787109 0.665722 0.787109 0.664778 0.791016 0.661001 0.791016 0.660057 0.792969 0.658168 0.792969 0.657224 0.794922 0.655335 0.794922 0.654391 0.796875 0.652502 0.796875 0.651558 0.800781 0.647781 0.801758 0.647781 0.803711 0.645892 0.803711 0.644948 0.80957 0.639282 0.80957 0.638338 0.8125 0.635505 0.813477 0.635505 0.814453 0.634561 0.81543 0.634561 0.817383 0.632672 0.817383 0.624174
0 0.59082 0.925401 0.589844 0.926346 0.589844 0.928234 0.586914 0.931067 0.586914 0.932011 0.577148 0.941454 0.576172 0.941454 0.574219 0.943343 0.573242 0.943343 0.572266 0.944287 0.571289 0.944287 0.570312 0.945231 0.570312 0.95373 0.599609 0.95373 0.600586 0.952786 0.602539 0.952786 0.603516 0.95373 0.607422 0.95373 0.607422 0.932011 0.606445 0.932011 0.604492 0.930123 0.604492 0.926346 0.605469 0.925401
1 0.202148 0.94051 0.200195 0.942398 0.199219 0.942398 0.196289 0.945231 0.195312 0.945231 0.192383 0.948064 0.192383 0.961284 0.202148 0.961284 0.203125 0.96034 0.203125 0.959396 0.205078 0.957507 0.205078 0.956563 0.207031 0.954674 0.207031 0.95373 0.208008 0.952786 0.208008 0.951841 0.208984 0.950897 0.208984 0.94051
0 0.136719 0.871577 0.134766 0.873466 0.134766 0.87441 0.132812 0.876298 0.129883 0.876298 0.128906 0.875354 0.12793 0.875354 0.126953 0.87441 0.125 0.87441 0.124023 0.873466 0.124023 0.881964 0.131836 0.881964 0.132812 0.882908 0.138672 0.882908 0.141602 0.880076 0.141602 0.879131 0.144531 0.876298 0.146484 0.876298 0.148438 0.878187 0.148438 0.88102 0.147461 0.881964 0.147461 0.884797 0.144531 0.88763 0.142578 0.88763 0.140625 0.889518 0.140625 0.890463 0.141602 0.891407 0.142578 0.891407 0.144531 0.893296 0.145508 0.892351 0.146484 0.892351 0.147461 0.891407 0.149414 0.891407 0.150391 0.890463 0.151367 0.890463 0.151367 0.871577
1 0.175781 0.0273843 0.175781 0.0491029 0.183594 0.0491029 0.18457 0.0481586 0.18457 0.0472144 0.186523 0.0453258 0.1875 0.0453258 0.192383 0.0406043 0.192383 0.0302172 0.191406 0.0302172 0.19043 0.0292729 0.189453 0.0292729 0.188477 0.0283286 0.18457 0.0283286 0.183594 0.0273843
1 0.443359 0.661945 0.443359 0.664778 0.444336 0.665722 0.445312 0.665722 0.447266 0.667611 0.448242 0.667611 0.449219 0.668555 0.450195 0.668555 0.451172 0.6695 0.452148 0.6695 0.453125 0.670444 0.455078 0.670444 0.458008 0.667611 0.458008 0.661945
1 0.532227 0.0859301 0.532227 0.0963173 0.536133 0.0963173 0.537109 0.095373 0.538086 0.095373 0.539062 0.0944287 0.540039 0.0944287 0.541992 0.0925401 0.541992 0.0859301
1 0.591797 0.309726 0.591797 0.316336 0.589844 0.318225 0.589844 0.329556 0.59375 0.329556 0.594727 0.328612 0.595703 0.328612 0.59668 0.327668 0.59668 0.326723 0.598633 0.324835 0.598633 0.32389 0.601562 0.321058 0.601562 0.319169 0.602539 0.318225 0.602539 0.309726
0 0.961914 0.176582 0.961914 0.177526 0.960938 0.17847 0.958984 0.17847 0.958008 0.179415 0.956055 0.179415 0.955078 0.180359 0.954102 0.180359 0.952148 0.182247 0.952148 0.186025 0.953125 0.186969 0.953125 0.200189 0.952148 0.201133 0.952148 0.209632 0.951172 0.210576 0.951172 0.212465 0.950195 0.213409 0.950195 0.215297 0.949219 0.216242 0.949219 0.217186 0.948242 0.21813 0.948242 0.233239 0.949219 0.233239 0.950195 0.234183 0.951172 0.234183 0.952148 0.235127 0.953125 0.235127 0.957031 0.238905 0.957031 0.247403 0.958008 0.248347 0.958008 0.2644 0.957031 0.265345 0.957031 0.268178 0.956055 0.269122 0.956055 0.27101 0.955078 0.271955 0.955078 0.273843 0.954102 0.274788 0.954102 0.27762 0.953125 0.278565 0.953125 0.280453 0.952148 0.281398 0.952148 0.288952 0.951172 0.289896 0.951172 0.292729 0.950195 0.293673 0.950195 0.295562 0.948242 0.29745 0.948242 0.299339 0.963867 0.299339 0.964844 0.298395 0.964844 0.296506 0.96582 0.295562 0.96582 0.291785 0.966797 0.29084 0.966797 0.288008 0.967773 0.287063 0.967773 0.285175 0.96875 0.28423 0.96875 0.280453 0.969727 0.279509 0.969727 0.276676 0.970703 0.275732 0.970703 0.273843 0.97168 0.272899 0.97168 0.27101 0.972656 0.270066 0.972656 0.266289 0.973633 0.265345 0.973633 0.25779 0.972656 0.256846 0.972656 0.254957 0.97168 0.254013 0.97168 0.252125 0.970703 0.25118 0.970703 0.249292 0.969727 0.248347 0.969727 0.245515 0.96875 0.24457 0.96875 0.243626 0.967773 0.242682 0.967773 0.240793 0.966797 0.239849 0.966797 0.23796 0.964844 0.236072 0.963867 0.236072 0.959961 0.232295 0.959961 0.23135 0.958984 0.230406 0.958984 0.227573 0.958008 0.226629 0.958008 0.222852 0.957031 0.221907 0.958008 0.220963 0.958008 0.21813 0.958984 0.217186 0.958984 0.213409 0.959961 0.212465 0.959961 0.210576 0.960938 0.209632 0.960938 0.207743 0.961914 0.206799 0.961914 0.20491 0.962891 0.203966 0.962891 0.203022 0.963867 0.202077 0.963867 0.200189 0.964844 0.199245 0.964844 0.1983 0.96582 0.197356 0.96582 0.194523 0.966797 0.193579 0.966797 0.192635 0.967773 0.19169 0.967773 0.189802 0.969727 0.187913 0.969727 0.186969 0.97168 0.18508 0.97168 0.184136 0.972656 0.183192 0.972656 0.179415 0.973633 0.17847 0.973633 0.176582
0 0.69043 0.422096 0.69043 0.423041 0.689453 0.423985 0.689453 0.424929 0.688477 0.425873 0.688477 0.433428 0.686523 0.435316 0.686523 0.440038 0.691406 0.440038 0.692383 0.439093 0.692383 0.438149 0.693359 0.437205 0.693359 0.436261 0.694336 0.435316 0.694336 0.433428 0.697266 0.430595 0.697266 0.429651 0.699219 0.427762 0.699219 0.424929 0.698242 0.423985 0.698242 0.422096
0 0.112305 0.260623 0.111328 0.261568 0.110352 0.261568 0.104492 0.267233 0.103516 0.267233 0.102539 0.268178 0.100586 0.268178 0.0996094 0.269122 0.0986328 0.269122 0.0976562 0.270066 0.0966797 0.270066 0.0957031 0.27101 0.0957031 0.271955 0.0947266 0.272899 0.0947266 0.279509 0.0996094 0.279509 0.100586 0.278565 0.101562 0.278565 0.104492 0.275732 0.105469 0.275732 0.106445 0.274788 0.107422 0.274788 0.108398 0.273843 0.110352 0.273843 0.111328 0.272899 0.113281 0.272899 0.114258 0.271955 0.117188 0.271955 0.118164 0.27101 0.120117 0.27101 0.121094 0.270066 0.125 0.270066 0.125 0.268178 0.125977 0.267233 0.125977 0.2644 0.125 0.263456 0.124023 0.263456 0.123047 0.262512 0.12207 0.262512 0.120117 0.260623
0 0.000976562 0.845137 0.000976562 0.870633 0.00390625 0.870633 0.00488281 0.869688 0.00585938 0.869688 0.00683594 0.868744 0.0078125 0.868744 0.0078125 0.845137
1 0.335938 0.506138 0.334961 0.507082 0.333984 0.507082 0.332031 0.508971 0.331055 0.508971 0.330078 0.509915 0.329102 0.509915 0.327148 0.511804 0.327148 0.512748 0.326172 0.513692 0.326172 0.515581 0.327148 0.515581 0.330078 0.518414 0.331055 0.518414 0.332031 0.519358 0.344727 0.519358 0.34668 0.517469 0.347656 0.517469 0.347656 0.506138
1 0.313477 0.254957 0.3125 0.255902 0.311523 0.255902 0.310547 0.256846 0.30957 0.256846 0.30957 0.271955 0.317383 0.271955 0.318359 0.27101 0.319336 0.27101 0.319336 0.269122 0.320312 0.268178 0.320312 0.267233 0.321289 0.266289 0.321289 0.2644 0.322266 0.263456 0.322266 0.254957
1 0.469727 0.104816 0.469727 0.113314 0.470703 0.114259 0.47168 0.114259 0.472656 0.115203 0.474609 0.115203 0.475586 0.116147 0.482422 0.116147 0.483398 0.115203 0.484375 0.115203 0.485352 0.114259 0.485352 0.113314 0.487305 0.111426 0.489258 0.113314 0.489258 0.115203 0.489258 0.104816
0 0.291992 0.445704 0.291016 0.446648 0.291016 0.447592 0.287109 0.451369 0.287109 0.458924 0.290039 0.458924 0.291016 0.459868 0.292969 0.459868 0.293945 0.460812 0.293945 0.461756 0.295898 0.463645 0.295898 0.468366 0.294922 0.469311 0.294922 0.471199 0.292969 0.473088 0.292969 0.475921 0.291992 0.476865 0.291992 0.482531 0.292969 0.483475 0.292969 0.484419 0.293945 0.484419 0.294922 0.483475 0.296875 0.483475 0.297852 0.482531 0.298828 0.482531 0.299805 0.481586 0.299805 0.479698 0.300781 0.478754 0.300781 0.476865 0.301758 0.475921 0.301758 0.474976 0.302734 0.474032 0.302734 0.473088 0.305664 0.470255 0.305664 0.469311 0.307617 0.467422 0.307617 0.457035 0.306641 0.456091 0.306641 0.455146 0.305664 0.454202 0.305664 0.452314 0.303711 0.450425 0.303711 0.449481 0.302734 0.448536 0.302734 0.447592 0.301758 0.446648 0.301758 0.445704
0 0.0732422 0.210576 0.0732422 0.246459 0.0800781 0.253069 0.0800781 0.254013 0.0810547 0.254957 0.0810547 0.255902 0.0830078 0.25779 0.0869141 0.25779 0.0878906 0.258735 0.0878906 0.260623 0.0869141 0.261568 0.0859375 0.261568 0.0849609 0.260623 0.0800781 0.260623 0.0771484 0.263456 0.0888672 0.263456 0.0898438 0.262512 0.0917969 0.262512 0.0957031 0.258735 0.0957031 0.248347 0.0947266 0.247403 0.0947266 0.246459 0.09375 0.246459 0.0917969 0.24457 0.0908203 0.24457 0.0878906 0.241737 0.0869141 0.241737 0.0849609 0.239849 0.0849609 0.237016 0.0839844 0.236072 0.0839844 0.233239 0.0830078 0.232295 0.0830078 0.228517 0.0820312 0.227573 0.0820312 0.22474 0.0810547 0.223796 0.0810547 0.215297 0.0800781 0.214353 0.0800781 0.213409 0.078125 0.21152 0.0761719 0.21152 0.0751953 0.210576
0 0.865234 0.644004 0.858398 0.650614 0.857422 0.650614 0.856445 0.651558 0.856445 0.665722 0.861328 0.665722 0.863281 0.663834 0.864258 0.663834 0.866211 0.661945 0.867188 0.661945 0.868164 0.661001 0.869141 0.661001 0.870117 0.660057 0.871094 0.660057 0.873047 0.658168 0.873047 0.65628 0.874023 0.655335 0.87793 0.655335 0.87793 0.644004
1 0.350586 0.898961 0.350586 0.913126 0.351562 0.91407 0.351562 0.915014 0.360352 0.915014 0.360352 0.898961
0 0.115234 0.000944287 0.115234 0.00283286 0.114258 0.00377715 0.114258 0.00472144 0.113281 0.00566572 0.113281 0.0075543 0.112305 0.00849858 0.110352 0.00849858 0.113281 0.0113314 0.113281 0.0160529 0.112305 0.0169972 0.112305 0.0217186 0.111328 0.0226629 0.111328 0.0245515 0.110352 0.0254958 0.110352 0.0283286 0.109375 0.0292729 0.109375 0.0368272 0.118164 0.0368272 0.118164 0.0358829 0.119141 0.0349386 0.119141 0.0339943 0.120117 0.03305 0.120117 0.0321058 0.121094 0.0311615 0.121094 0.0302172 0.12207 0.0292729 0.12207 0.0283286 0.123047 0.0273843 0.123047 0.0254958 0.124023 0.0245515 0.124023 0.0226629 0.125 0.0217186 0.125 0.0188857 0.125977 0.0179415 0.125977 0.0141643 0.126953 0.01322 0.126953 0.000944287
1 0.459961 0.90085 0.459961 0.918791 0.460938 0.919736 0.462891 0.919736 0.463867 0.92068 0.464844 0.92068 0.467773 0.923513 0.467773 0.924457 0.46875 0.925401 0.46875 0.926346 0.469727 0.92729 0.475586 0.92729 0.475586 0.926346 0.476562 0.925401 0.476562 0.924457 0.477539 0.923513 0.477539 0.922568 0.478516 0.921624 0.478516 0.92068 0.479492 0.919736 0.479492 0.916903 0.480469 0.915958 0.480469 0.913126 0.481445 0.912181 0.481445 0.910293 0.482422 0.909348 0.482422 0.90085
1 0.208984 0.549575 0.208008 0.550519 0.208984 0.550519
1 0.28418 0.895184 0.285156 0.896128 0.285156 0.899906 0.28418 0.90085 0.28418 0.904627 0.285156 0.905571 0.285156 0.906516 0.287109 0.906516 0.288086 0.905571 0.290039 0.905571 0.291016 0.904627 0.291992 0.904627 0.291992 0.895184
0 0.873047 0.644004 0.87207 0.644948 0.868164 0.644948 0.867188 0.645892 0.866211 0.645892 0.864258 0.647781 0.864258 0.648725 0.862305 0.650614 0.861328 0.650614 0.858398 0.653447 0.858398 0.654391 0.854492 0.658168 0.853516 0.658168 0.851562 0.660057 0.851562 0.66289 0.850586 0.663834 0.850586 0.664778 0.853516 0.667611 0.853516 0.668555 0.854492 0.6695 0.861328 0.6695 0.863281 0.667611 0.863281 0.666667 0.868164 0.661945 0.869141 0.661945 0.870117 0.661001 0.871094 0.661001 0.87207 0.660057 0.875 0.660057 0.875977 0.659112 0.879883 0.659112 0.879883 0.658168 0.880859 0.657224 0.880859 0.654391 0.881836 0.653447 0.881836 0.646837 0.880859 0.645892 0.880859 0.644948 0.87793 0.644948 0.876953 0.644004
1 0.701172 0.751652 0.701172 0.752597 0.700195 0.753541 0.700195 0.76204 0.701172 0.762984 0.701172 0.764873 0.702148 0.764873 0.703125 0.765817 0.707031 0.765817 0.710938 0.76204 0.711914 0.76204 0.712891 0.761095 0.712891 0.751652
1 0.195312 0.338999 0.194336 0.339943 0.193359 0.339943 0.192383 0.340888 0.192383 0.341832 0.191406 0.342776 0.191406 0.357885 0.192383 0.357885 0.193359 0.356941 0.193359 0.355996 0.194336 0.355052 0.194336 0.353163 0.196289 0.351275 0.200195 0.351275 0.201172 0.352219 0.203125 0.352219 0.205078 0.350331 0.205078 0.349386 0.206055 0.348442 0.206055 0.340888 0.204102 0.338999
1 0.263672 0.095373 0.262695 0.0963173 0.261719 0.0963173 0.260742 0.0972616 0.260742 0.10576 0.261719 0.106704 0.262695 0.106704 0.263672 0.107649 0.274414 0.107649 0.275391 0.106704 0.275391 0.095373
1 0.323242 0.805477 0.321289 0.807365 0.321289 0.822474 0.333008 0.822474 0.333008 0.805477
1 0.0244141 0.857413 0.0244141 0.864023 0.0263672 0.865911 0.0283203 0.865911 0.0292969 0.866856 0.0302734 0.866856 0.03125 0.8678 0.0332031 0.8678 0.0341797 0.868744 0.0371094 0.868744 0.0380859 0.8678 0.0390625 0.8678 0.0400391 0.866856 0.0400391 0.862134 0.0390625 0.86119 0.0390625 0.860246 0.0380859 0.859301 0.0380859 0.857413
1 0.327148 0.359773 0.327148 0.369216 0.328125 0.370161 0.328125 0.371105 0.335938 0.371105 0.335938 0.363551 0.334961 0.362606 0.334961 0.359773
1 0.561523 0.228517 0.55957 0.230406 0.55957 0.23135 0.558594 0.232295 0.558594 0.236072 0.557617 0.237016 0.557617 0.240793 0.558594 0.241737 0.558594 0.242682 0.55957 0.243626 0.561523 0.243626 0.5625 0.24457 0.568359 0.24457 0.569336 0.243626 0.571289 0.243626 0.572266 0.242682 0.572266 0.228517
1 0.581055 0.169972 0.578125 0.172805 0.578125 0.173749 0.574219 0.177526 0.574219 0.180359 0.583984 0.180359 0.583984 0.169972
0 0.000976562 0.570349 0.000976562 0.592068 0.00488281 0.592068 0.00585938 0.591124 0.00585938 0.590179 0.0078125 0.588291 0.00878906 0.588291 0.00976562 0.587347 0.00976562 0.570349
1 0.131836 0.442871 0.128906 0.445704 0.128906 0.446648 0.125 0.450425 0.123047 0.450425 0.121094 0.452314 0.121094 0.463645 0.12793 0.463645 0.129883 0.461756 0.130859 0.461756 0.132812 0.459868 0.133789 0.459868 0.135742 0.457979 0.136719 0.457979 0.137695 0.457035 0.139648 0.457035 0.140625 0.456091 0.142578 0.456091 0.143555 0.455146 0.145508 0.455146 0.146484 0.454202 0.147461 0.454202 0.148438 0.453258 0.148438 0.445704 0.145508 0.442871
1 0.366211 0.0462701 0.363281 0.0491029 0.363281 0.0594901 0.364258 0.0594901 0.365234 0.0604344 0.369141 0.0604344 0.370117 0.0613787 0.371094 0.0604344 0.37207 0.0604344 0.375 0.0576015 0.375 0.0462701
0 0.496094 0.832861 0.496094 0.843248 0.49707 0.844193 0.49707 0.845137 0.498047 0.846081 0.498047 0.84797 0.499023 0.848914 0.499023 0.849858 0.5 0.850803 0.5 0.852691 0.500977 0.853635 0.500977 0.85458 0.501953 0.855524 0.501953 0.857413 0.50293 0.858357 0.50293 0.86119 0.503906 0.862134 0.503906 0.864967 0.504883 0.865911 0.504883 0.8678 0.505859 0.868744 0.505859 0.869688 0.506836 0.869688 0.507812 0.870633 0.508789 0.870633 0.510742 0.872521 0.511719 0.872521 0.512695 0.873466 0.514648 0.873466 0.515625 0.872521 0.517578 0.872521 0.518555 0.871577 0.518555 0.864023 0.517578 0.863078 0.517578 0.862134 0.516602 0.86119 0.516602 0.859301 0.514648 0.857413 0.514648 0.856468 0.510742 0.852691 0.510742 0.848914 0.509766 0.84797 0.509766 0.837583 0.508789 0.836638 0.508789 0.835694 0.506836 0.833806 0.501953 0.833806 0.500977 0.832861
0 0.0771484 0.25118 0.078125 0.252125 0.078125 0.254957 0.0771484 0.255902 0.0771484 0.256846 0.0732422 0.260623 0.0732422 0.27101 0.0751953 0.272899 0.0751953 0.273843 0.0771484 0.275732 0.0771484 0.27762 0.0820312 0.282342 0.0820312 0.283286 0.0830078 0.28423 0.09375 0.28423 0.09375 0.279509 0.0869141 0.272899 0.0869141 0.271955 0.0859375 0.27101 0.0869141 0.270066 0.0869141 0.269122 0.09375 0.262512 0.09375 0.25118
1 0.75293 0.840415 0.75293 0.84797 0.758789 0.853635 0.764648 0.853635 0.766602 0.851747 0.766602 0.850803 0.767578 0.849858 0.767578 0.848914 0.768555 0.84797 0.768555 0.845137 0.764648 0.84136 0.763672 0.84136 0.762695 0.842304 0.760742 0.842304 0.759766 0.843248 0.758789 0.843248 0.757812 0.844193 0.756836 0.844193 0.755859 0.843248 0.754883 0.843248 0.75293 0.84136
0 0.625977 0.154863 0.625 0.155807 0.623047 0.155807 0.62207 0.156752 0.621094 0.156752 0.620117 0.157696 0.619141 0.157696 0.618164 0.15864 0.618164 0.168083 0.619141 0.168083 0.620117 0.169027 0.621094 0.169027 0.62207 0.169972 0.623047 0.169027 0.625977 0.169027 0.626953 0.168083 0.62793 0.168083 0.631836 0.164306 0.632812 0.164306 0.637695 0.159585 0.637695 0.154863
1 0.191406 0.769594 0.1875 0.773371 0.1875 0.784703 0.200195 0.784703 0.200195 0.783758 0.202148 0.78187 0.203125 0.78187 0.204102 0.780925 0.204102 0.769594
0 0.581055 0.365439 0.581055 0.369216 0.582031 0.370161 0.582031 0.371105 0.583008 0.372049 0.583008 0.372993 0.583984 0.372993 0.584961 0.373938 0.588867 0.373938 0.588867 0.368272 0.585938 0.365439
0 0.978516 0.01983 0.977539 0.0207743 0.977539 0.0217186 0.97168 0.0273843 0.970703 0.0273843 0.970703 0.0283286 0.969727 0.0292729 0.969727 0.0302172 0.96875 0.0311615 0.96875 0.03305 0.967773 0.0339943 0.967773 0.0349386 0.96875 0.0358829 0.96875 0.0377715 0.969727 0.0387158 0.969727 0.0424929 0.970703 0.0434372 0.970703 0.0481586 0.969727 0.0491029 0.969727 0.0557129 0.970703 0.0566572 0.970703 0.0576015 0.97168 0.0585458 0.97168 0.0594901 0.972656 0.0604344 0.972656 0.0632672 0.973633 0.0642115 0.973633 0.0802644 0.972656 0.0812087 0.972656 0.0840416 0.97168 0.0849858 0.97168 0.0859301 0.967773 0.0897073 0.967773 0.0906516 0.966797 0.0915958 0.966797 0.0925401 0.96582 0.0934844 0.96582 0.0944287 0.963867 0.0963173 0.962891 0.0963173 0.959961 0.0991501 0.959961 0.100094 0.958984 0.101039 0.958984 0.103872 0.959961 0.104816 0.959961 0.10576 0.962891 0.108593 0.96582 0.108593 0.966797 0.107649 0.969727 0.107649 0.972656 0.104816 0.972656 0.103872 0.973633 0.102927 0.973633 0.101983 0.974609 0.101039 0.974609 0.100094 0.976562 0.0982059 0.976562 0.0972616 0.977539 0.0963173 0.977539 0.095373 0.978516 0.0944287 0.978516 0.0925401 0.979492 0.0915958 0.979492 0.0906516 0.980469 0.0897073 0.980469 0.0878187 0.981445 0.0868744 0.981445 0.0849858 0.982422 0.0840416 0.982422 0.082153 0.983398 0.0812087 0.983398 0.0783758 0.984375 0.0774315 0.984375 0.0538244 0.983398 0.0528801 0.983398 0.0509915 0.984375 0.0500472 0.984375 0.0443815 0.983398 0.0434372 0.983398 0.0424929 0.981445 0.0406043 0.981445 0.0396601 0.982422 0.0387158 0.983398 0.0387158 0.984375 0.0377715 0.984375 0.01983
0 0.836914 0.253069 0.833984 0.255902 0.833008 0.255902 0.827148 0.261568 0.826172 0.261568 0.825195 0.262512 0.824219 0.262512 0.823242 0.263456 0.821289 0.263456 0.820312 0.2644 0.818359 0.2644 0.81543 0.267233 0.81543 0.274788 0.817383 0.274788 0.818359 0.273843 0.822266 0.273843 0.826172 0.270066 0.827148 0.270066 0.829102 0.268178 0.830078 0.268178 0.831055 0.267233 0.832031 0.267233 0.833984 0.265345 0.834961 0.265345 0.835938 0.2644 0.835938 0.263456 0.839844 0.259679 0.84082 0.259679 0.841797 0.258735 0.841797 0.25779 0.844727 0.254957 0.844727 0.254013 0.845703 0.253069
0 0.580078 0.111426 0.579102 0.11237 0.577148 0.11237 0.575195 0.114259 0.574219 0.114259 0.573242 0.115203 0.573242 0.116147 0.567383 0.121813 0.566406 0.121813 0.564453 0.123702 0.563477 0.123702 0.561523 0.12559 0.560547 0.12559 0.55957 0.126534 0.558594 0.126534 0.554688 0.130312 0.553711 0.130312 0.551758 0.1322 0.550781 0.1322 0.549805 0.133144 0.548828 0.133144 0.545898 0.135977 0.544922 0.135977 0.542969 0.137866 0.542969 0.14542 0.544922 0.14542 0.546875 0.143532 0.547852 0.143532 0.548828 0.142587 0.550781 0.142587 0.552734 0.140699 0.552734 0.139754 0.555664 0.136922 0.557617 0.136922 0.55957 0.135033 0.560547 0.135033 0.566406 0.129367 0.568359 0.129367 0.569336 0.128423 0.570312 0.128423 0.571289 0.127479 0.572266 0.127479 0.572266 0.126534 0.574219 0.124646 0.575195 0.124646 0.576172 0.123702 0.577148 0.123702 0.579102 0.121813 0.580078 0.121813 0.583008 0.11898 0.583984 0.11898 0.583984 0.118036 0.585938 0.116147 0.585938 0.114259 0.586914 0.113314 0.586914 0.11237 0.587891 0.111426 0.588867 0.111426
1 0.268555 0.908404 0.266602 0.910293 0.265625 0.909348 0.264648 0.909348 0.264648 0.929178 0.266602 0.929178 0.269531 0.926346 0.269531 0.925401 0.271484 0.923513 0.272461 0.923513 0.274414 0.921624 0.275391 0.921624 0.276367 0.92068 0.277344 0.92068 0.27832 0.919736 0.279297 0.919736 0.280273 0.918791 0.280273 0.917847 0.28125 0.916903 0.28125 0.915958 0.282227 0.915014 0.282227 0.911237 0.283203 0.910293 0.283203 0.908404
1 0.15918 0.220019 0.15918 0.227573 0.165039 0.227573 0.166016 0.228517 0.169922 0.228517 0.169922 0.220019
1 0.201172 0.797923 0.201172 0.80831 0.202148 0.809254 0.205078 0.809254 0.206055 0.80831 0.207031 0.80831 0.208008 0.807365 0.209961 0.807365 0.210938 0.806421 0.210938 0.797923
1 0.078125 0.245515 0.078125 0.25118 0.0791016 0.252125 0.0791016 0.254013 0.078125 0.254957 0.078125 0.263456 0.09375 0.263456 0.0966797 0.260623 0.0966797 0.248347 0.0957031 0.247403 0.0957031 0.246459 0.0947266 0.245515
1 0.0849609 0.303116 0.0849609 0.30406 0.0839844 0.305005 0.0839844 0.318225 0.0869141 0.321058 0.0888672 0.321058 0.0898438 0.322002 0.0917969 0.322002 0.0927734 0.322946 0.09375 0.322002 0.0947266 0.322002 0.0976562 0.319169 0.0976562 0.318225 0.0986328 0.31728 0.0986328 0.315392 0.0996094 0.314448 0.0996094 0.311615 0.100586 0.31067 0.100586 0.308782 0.101562 0.307838 0.101562 0.305949 0.103516 0.30406 0.103516 0.303116
1 0.55957 0.730878 0.55957 0.737488 0.560547 0.738432 0.5625 0.738432 0.563477 0.739377 0.56543 0.737488 0.56543 0.736544 0.566406 0.7356 0.566406 0.734655 0.567383 0.733711 0.567383 0.730878
1 0.394531 0.774315 0.394531 0.782814 0.405273 0.782814 0.405273 0.774315
0 0.579102 0.939566 0.576172 0.942398 0.575195 0.942398 0.574219 0.943343 0.573242 0.943343 0.572266 0.944287 0.571289 0.944287 0.570312 0.945231 0.570312 0.954674 0.583984 0.954674 0.584961 0.95373 0.59375 0.95373 0.594727 0.952786 0.597656 0.952786 0.597656 0.943343 0.59668 0.943343 0.59375 0.94051 0.59375 0.939566
0 0.896484 0.000944287 0.896484 0.00849858 0.899414 0.0113314 0.900391 0.0113314 0.902344 0.01322 0.90332 0.01322 0.904297 0.0141643 0.90625 0.0141643 0.90918 0.0113314 0.910156 0.0113314 0.911133 0.0103872 0.913086 0.0103872 0.919922 0.00377715 0.920898 0.00377715 0.921875 0.00283286 0.921875 0.000944287
0 0.692383 0.222852 0.692383 0.223796 0.691406 0.22474 0.691406 0.226629 0.69043 0.227573 0.691406 0.228517 0.691406 0.240793 0.69043 0.241737 0.69043 0.242682 0.686523 0.246459 0.686523 0.256846 0.688477 0.258735 0.688477 0.259679 0.689453 0.260623 0.689453 0.269122 0.698242 0.269122 0.694336 0.265345 0.694336 0.2644 0.695312 0.263456 0.695312 0.261568 0.696289 0.260623 0.696289 0.259679 0.700195 0.255902 0.700195 0.254957 0.701172 0.254013 0.701172 0.253069 0.702148 0.252125 0.702148 0.248347 0.703125 0.247403 0.703125 0.243626 0.704102 0.242682 0.704102 0.239849 0.702148 0.23796 0.702148 0.236072 0.701172 0.235127 0.701172 0.233239 0.702148 0.232295 0.702148 0.229462 0.703125 0.228517 0.703125 0.226629 0.704102 0.225685 0.704102 0.222852
1 0.37207 0.520302 0.371094 0.521246 0.371094 0.522191 0.370117 0.523135 0.370117 0.524079 0.369141 0.525024 0.369141 0.525968 0.368164 0.526912 0.368164 0.527856 0.369141 0.528801 0.369141 0.529745 0.375977 0.529745 0.375977 0.520302
0 0.820312 0.14542 0.820312 0.16525 0.829102 0.16525 0.831055 0.163362 0.831055 0.162417 0.832031 0.161473 0.833008 0.161473 0.834961 0.159585 0.835938 0.159585 0.837891 0.157696 0.838867 0.157696 0.839844 0.156752 0.84082 0.156752 0.84082 0.146364 0.839844 0.147309 0.838867 0.147309 0.837891 0.148253 0.835938 0.148253 0.834961 0.149197 0.833984 0.148253 0.832031 0.148253 0.830078 0.146364 0.830078 0.14542
0 0.511719 0.764873 0.510742 0.765817 0.510742 0.76865 0.509766 0.769594 0.509766 0.771483 0.510742 0.771483 0.511719 0.772427 0.511719 0.773371 0.513672 0.77526 0.513672 0.777148 0.514648 0.778093 0.515625 0.778093 0.523438 0.785647 0.523438 0.786591 0.527344 0.790368 0.530273 0.790368 0.530273 0.782814 0.529297 0.78187 0.52832 0.78187 0.526367 0.779981 0.526367 0.779037 0.525391 0.778093 0.525391 0.777148 0.523438 0.777148 0.522461 0.776204 0.521484 0.776204 0.518555 0.773371 0.516602 0.773371 0.514648 0.771483 0.514648 0.769594 0.513672 0.76865 0.513672 0.765817 0.512695 0.764873
0 0.466797 0.153919 0.461914 0.15864 0.461914 0.159585 0.462891 0.160529 0.462891 0.163362 0.463867 0.164306 0.463867 0.16525 0.464844 0.16525 0.46582 0.166195 0.467773 0.166195 0.46875 0.167139 0.472656 0.167139 0.473633 0.168083 0.475586 0.166195 0.476562 0.166195 0.476562 0.156752 0.474609 0.154863 0.474609 0.153919
1 0.265625 0.570349 0.265625 0.572238 0.268555 0.575071 0.270508 0.575071 0.271484 0.576015 0.273438 0.576015 0.273438 0.570349
0 0.213867 0.84136 0.211914 0.843248 0.211914 0.844193 0.210938 0.845137 0.210938 0.846081 0.212891 0.84797 0.213867 0.84797 0.216797 0.850803 0.216797 0.851747 0.217773 0.852691 0.217773 0.855524 0.21875 0.856468 0.21875 0.858357 0.219727 0.859301 0.219727 0.86119 0.220703 0.862134 0.220703 0.863078 0.22168 0.864023 0.22168 0.864967 0.222656 0.864967 0.223633 0.864023 0.223633 0.863078 0.224609 0.862134 0.224609 0.86119 0.225586 0.860246 0.225586 0.851747 0.224609 0.850803 0.224609 0.847026 0.223633 0.846081 0.223633 0.84136
0 0.549805 0.331445 0.549805 0.338999 0.552734 0.338999 0.554688 0.33711 0.555664 0.33711 0.556641 0.336166 0.558594 0.336166 0.55957 0.335222 0.561523 0.335222 0.5625 0.334278 0.56543 0.334278 0.567383 0.332389 0.567383 0.331445
1 0.111328 0.734655 0.111328 0.7356 0.110352 0.736544 0.110352 0.738432 0.109375 0.739377 0.109375 0.740321 0.112305 0.743154 0.113281 0.743154 0.115234 0.745043 0.116211 0.745043 0.119141 0.747875 0.126953 0.747875 0.12793 0.746931 0.128906 0.746931 0.129883 0.745987 0.130859 0.745987 0.130859 0.734655
0 0.701172 0.101039 0.700195 0.101983 0.700195 0.102927 0.699219 0.103872 0.699219 0.120869 0.702148 0.120869 0.703125 0.121813 0.702148 0.122757 0.700195 0.122757 0.699219 0.123702 0.699219 0.1322 0.708008 0.1322 0.708984 0.131256 0.709961 0.131256 0.710938 0.130312 0.711914 0.130312 0.712891 0.129367 0.714844 0.129367 0.71582 0.128423 0.717773 0.128423 0.71875 0.127479 0.719727 0.127479 0.719727 0.121813 0.71875 0.120869 0.71875 0.117092 0.717773 0.116147 0.717773 0.113314 0.716797 0.11237 0.716797 0.110482 0.71582 0.109537 0.71582 0.108593 0.72168 0.102927 0.722656 0.102927 0.722656 0.101983 0.72168 0.101039
1 0.15918 0.320113 0.15918 0.329556 0.164062 0.329556 0.166016 0.327668 0.166016 0.325779 0.167969 0.32389 0.167969 0.322946 0.168945 0.322002 0.168945 0.320113
1 0.540039 0.916903 0.540039 0.921624 0.541016 0.922568 0.541016 0.923513 0.541992 0.924457 0.550781 0.924457 0.550781 0.916903
0 0.875 0.528801 0.874023 0.529745 0.873047 0.529745 0.87207 0.530689 0.871094 0.530689 0.870117 0.531634 0.866211 0.531634 0.866211 0.542965 0.868164 0.542965 0.874023 0.537299 0.875 0.538244 0.875977 0.538244 0.87793 0.540132 0.878906 0.540132 0.879883 0.541076 0.880859 0.541076 0.881836 0.540132 0.881836 0.528801
1 0.177734 0 0.177734 0.00472144 0.178711 0.00566572 0.178711 0.00849858 0.179688 0.00944287 0.179688 0.0103872 0.181641 0.0122757 0.181641 0.01322 0.183594 0.0151086 0.19043 0.0151086 0.192383 0.01322 0.192383 0
0 0.646484 0.910293 0.646484 0.912181 0.647461 0.913126 0.647461 0.924457 0.648438 0.925401 0.648438 0.928234 0.650391 0.930123 0.650391 0.931067 0.651367 0.932011 0.651367 0.932956 0.652344 0.9339 0.652344 0.94051 0.651367 0.941454 0.651367 0.944287 0.650391 0.945231 0.650391 0.94712 0.646484 0.950897 0.645508 0.950897 0.642578 0.95373 0.654297 0.95373 0.654297 0.910293
1 0.702148 0.679887 0.700195 0.681775 0.699219 0.681775 0.697266 0.683664 0.697266 0.684608 0.696289 0.685552 0.696289 0.686497 0.695312 0.687441 0.695312 0.694995 0.700195 0.694995 0.701172 0.694051 0.703125 0.694051 0.704102 0.693107 0.706055 0.693107 0.708008 0.691218 0.708008 0.679887
1 0.677734 0.342776 0.677734 0.351275 0.688477 0.351275 0.688477 0.350331 0.69043 0.348442 0.69043 0.342776
1 0.212891 0.553352 0.212891 0.563739 0.214844 0.563739 0.216797 0.565628 0.217773 0.565628 0.21875 0.566572 0.220703 0.566572 0.22168 0.567517 0.222656 0.567517 0.223633 0.566572 0.225586 0.566572 0.226562 0.565628 0.227539 0.565628 0.228516 0.564684 0.228516 0.560907 0.227539 0.559962 0.227539 0.557129 0.225586 0.555241 0.224609 0.555241 0.223633 0.554296 0.21875 0.554296 0.217773 0.553352
1 0.431641 0.950897 0.431641 0.963173 0.441406 0.963173 0.442383 0.962229 0.443359 0.962229 0.444336 0.961284 0.445312 0.961284 0.446289 0.96034 0.447266 0.96034 0.448242 0.959396 0.448242 0.950897
0 0.0810547 0.595845 0.078125 0.598678 0.0771484 0.598678 0.0742188 0.601511 0.0732422 0.601511 0.0722656 0.602455 0.0722656 0.603399 0.0703125 0.605288 0.0693359 0.605288 0.0683594 0.606232 0.0683594 0.611898 0.0742188 0.611898 0.0751953 0.610954 0.0761719 0.610954 0.0771484 0.610009 0.078125 0.610009 0.0810547 0.607177 0.0820312 0.607177 0.0830078 0.606232 0.0849609 0.606232 0.0859375 0.605288 0.0878906 0.605288 0.0888672 0.604344 0.0908203 0.604344 0.0917969 0.603399 0.09375 0.603399 0.0947266 0.602455 0.0966797 0.602455 0.0976562 0.601511 0.0976562 0.595845
1 0.521484 0.412653 0.519531 0.414542 0.519531 0.422096 0.520508 0.423041 0.521484 0.423041 0.523438 0.424929 0.523438 0.425873 0.527344 0.429651 0.52832 0.429651 0.529297 0.430595 0.532227 0.430595 0.533203 0.429651 0.53418 0.429651 0.535156 0.428706 0.535156 0.413598 0.53418 0.412653
1 0.587891 0.517469 0.587891 0.535411 0.59668 0.535411 0.598633 0.533522 0.598633 0.532578 0.599609 0.531634 0.599609 0.529745 0.600586 0.528801 0.600586 0.523135 0.599609 0.522191 0.599609 0.517469
0 0.367188 0.0793201 0.364258 0.082153 0.363281 0.082153 0.363281 0.0925401 0.364258 0.0925401 0.365234 0.0934844 0.367188 0.0934844 0.368164 0.0944287 0.369141 0.0944287 0.370117 0.095373 0.371094 0.095373 0.375 0.0991501 0.375 0.101039 0.375977 0.101983 0.382812 0.101983 0.382812 0.101039 0.381836 0.101039 0.380859 0.100094 0.380859 0.0991501 0.379883 0.0982059 0.379883 0.0972616 0.378906 0.0963173 0.378906 0.095373 0.379883 0.0944287 0.379883 0.0897073 0.380859 0.088763 0.380859 0.0878187 0.381836 0.0868744 0.381836 0.0859301 0.382812 0.0849858 0.382812 0.0793201
1 0.0761719 0.714825 0.0761719 0.718602 0.0771484 0.719547 0.0771484 0.727101 0.0761719 0.728045 0.0761719 0.734655 0.0791016 0.734655 0.0791016 0.733711 0.0810547 0.731822 0.0820312 0.731822 0.0830078 0.730878 0.0849609 0.730878 0.0859375 0.729934 0.0869141 0.729934 0.0878906 0.730878 0.0898438 0.730878 0.0908203 0.731822 0.0947266 0.731822 0.0957031 0.730878 0.0976562 0.730878 0.0986328 0.729934 0.0996094 0.729934 0.0996094 0.714825
1 0.160156 0.570349 0.160156 0.579792 0.168945 0.579792 0.168945 0.570349
1 0.0214844 0.0963173 0.0205078 0.0972616 0.0195312 0.0972616 0.0185547 0.0982059 0.0185547 0.0991501 0.0175781 0.100094 0.0175781 0.101039 0.0166016 0.101983 0.0166016 0.106704 0.0175781 0.107649 0.0175781 0.108593 0.0185547 0.109537 0.0195312 0.109537 0.0205078 0.110482 0.03125 0.110482 0.03125 0.0963173
0 0.046875 0.265345 0.0410156 0.27101 0.0400391 0.27101 0.0380859 0.272899 0.0380859 0.273843 0.0361328 0.275732 0.0361328 0.276676 0.0332031 0.279509 0.0332031 0.28423 0.0449219 0.28423 0.0449219 0.283286 0.0488281 0.279509 0.0488281 0.278565 0.0507812 0.276676 0.0507812 0.275732 0.0527344 0.273843 0.0527344 0.272899 0.0546875 0.27101 0.0546875 0.270066 0.0556641 0.269122 0.0556641 0.265345
1 0.355469 0.451369 0.355469 0.467422 0.366211 0.467422 0.367188 0.466478 0.368164 0.466478 0.369141 0.465534 0.370117 0.465534 0.371094 0.464589 0.371094 0.463645 0.375977 0.458924 0.375977 0.451369 0.37207 0.451369 0.370117 0.453258 0.369141 0.453258 0.368164 0.454202 0.367188 0.454202 0.366211 0.455146 0.365234 0.455146 0.364258 0.456091 0.361328 0.456091 0.360352 0.455146 0.358398 0.455146 0.355469 0.452314
1 0.521484 0.420208 0.521484 0.421152 0.524414 0.423985 0.524414 0.424929 0.525391 0.425873 0.525391 0.427762 0.526367 0.427762 0.527344 0.428706 0.530273 0.428706 0.53125 0.429651 0.532227 0.428706 0.532227 0.423985 0.53125 0.423041 0.529297 0.423041 0.52832 0.422096 0.52832 0.421152 0.529297 0.420208
0 0.40918 0.437205 0.40918 0.457035 0.412109 0.454202 0.413086 0.454202 0.415039 0.452314 0.416992 0.454202 0.417969 0.454202 0.418945 0.455146 0.419922 0.455146 0.420898 0.456091 0.422852 0.456091 0.423828 0.455146 0.424805 0.455146 0.425781 0.454202 0.427734 0.454202 0.429688 0.452314 0.429688 0.445704 0.428711 0.444759 0.426758 0.444759 0.425781 0.443815 0.424805 0.443815 0.423828 0.442871 0.422852 0.442871 0.420898 0.440982 0.420898 0.440038 0.419922 0.439093 0.419922 0.437205
1 0.369141 0.0661001 0.369141 0.0774315 0.382812 0.0774315 0.382812 0.0661001
0 0.849609 0.00377715 0.849609 0.00472144 0.848633 0.00566572 0.848633 0.00661001 0.84668 0.00849858 0.84668 0.00944287 0.847656 0.0103872 0.847656 0.0151086 0.852539 0.01983 0.853516 0.01983 0.854492 0.0207743 0.854492 0.01983 0.856445 0.0179415 0.857422 0.0179415 0.858398 0.0169972 0.858398 0.00377715
0 0.888672 0.217186 0.888672 0.21813 0.890625 0.21813 0.891602 0.219075 0.892578 0.219075 0.894531 0.220963 0.894531 0.221907 0.895508 0.221907 0.897461 0.223796 0.898438 0.223796 0.899414 0.22474 0.900391 0.22474 0.90332 0.227573 0.90332 0.230406 0.900391 0.233239 0.899414 0.233239 0.895508 0.237016 0.893555 0.237016 0.889648 0.240793 0.889648 0.246459 0.891602 0.248347 0.891602 0.249292 0.892578 0.250236 0.892578 0.25118 0.895508 0.25118 0.896484 0.250236 0.898438 0.250236 0.899414 0.249292 0.900391 0.249292 0.90332 0.246459 0.904297 0.246459 0.904297 0.245515 0.907227 0.242682 0.908203 0.242682 0.90918 0.241737 0.910156 0.241737 0.911133 0.240793 0.912109 0.240793 0.913086 0.239849 0.913086 0.238905 0.914062 0.23796 0.914062 0.227573 0.913086 0.226629 0.913086 0.225685 0.90918 0.221907 0.90918 0.220963 0.907227 0.219075 0.90625 0.219075 0.904297 0.217186
0 0.417969 0.329556 0.416992 0.3305 0.416992 0.331445 0.414062 0.334278 0.414062 0.335222 0.413086 0.336166 0.413086 0.33711 0.412109 0.338055 0.412109 0.342776 0.413086 0.342776 0.414062 0.34372 0.417969 0.34372 0.418945 0.342776 0.421875 0.342776 0.422852 0.341832 0.422852 0.329556
0 0.693359 0.886686 0.692383 0.88763 0.688477 0.88763 0.6875 0.888574 0.686523 0.888574 0.686523 0.889518 0.685547 0.890463 0.685547 0.891407 0.68457 0.892351 0.68457 0.893296 0.683594 0.89424 0.683594 0.895184 0.682617 0.896128 0.682617 0.898017 0.681641 0.898961 0.681641 0.90085 0.679688 0.902738 0.680664 0.903683 0.680664 0.904627 0.683594 0.90746 0.6875 0.90746 0.688477 0.906516 0.688477 0.905571 0.69043 0.903683 0.69043 0.901794 0.691406 0.90085 0.691406 0.899906 0.692383 0.898961 0.692383 0.898017 0.695312 0.895184 0.695312 0.89424 0.696289 0.893296 0.697266 0.893296 0.699219 0.891407 0.702148 0.89424 0.702148 0.895184 0.703125 0.896128 0.703125 0.897073 0.704102 0.898017 0.704102 0.886686 0.703125 0.886686 0.702148 0.88763 0.701172 0.88763 0.700195 0.888574 0.698242 0.888574 0.697266 0.88763 0.694336 0.88763
0 0.249023 0.472144 0.249023 0.474032 0.25 0.474976 0.25 0.483475 0.250977 0.484419 0.250977 0.495751 0.251953 0.496695 0.251953 0.511804 0.25293 0.512748 0.25293 0.513692 0.253906 0.514636 0.259766 0.514636 0.261719 0.512748 0.261719 0.509915 0.262695 0.508971 0.261719 0.508026 0.261719 0.503305 0.260742 0.502361 0.260742 0.496695 0.259766 0.495751 0.259766 0.494806 0.260742 0.493862 0.260742 0.484419 0.261719 0.483475 0.261719 0.480642 0.262695 0.479698 0.262695 0.472144
0 0.459961 0.539188 0.458008 0.541076 0.458008 0.542021 0.456055 0.543909 0.456055 0.544854 0.455078 0.545798 0.455078 0.546742 0.454102 0.547687 0.452148 0.547687 0.451172 0.548631 0.451172 0.550519 0.450195 0.551464 0.450195 0.553352 0.449219 0.554296 0.448242 0.554296 0.443359 0.559018 0.443359 0.559962 0.441406 0.561851 0.44043 0.561851 0.438477 0.563739 0.4375 0.563739 0.435547 0.565628 0.43457 0.565628 0.43457 0.566572 0.448242 0.566572 0.455078 0.559962 0.456055 0.559962 0.457031 0.559018 0.457031 0.558074 0.459961 0.555241
0 0.0664062 0.000944287 0.0664062 0.00377715 0.0654297 0.00472144 0.0654297 0.00661001 0.0644531 0.0075543 0.0644531 0.0122757 0.0654297 0.01322 0.0654297 0.0160529 0.0644531 0.0169972 0.0644531 0.01983 0.0634766 0.0207743 0.0634766 0.0236072 0.0625 0.0245515 0.0625 0.0273843 0.0683594 0.0273843 0.0693359 0.02644 0.0693359 0.0254958 0.0703125 0.0245515 0.0703125 0.0236072 0.0712891 0.0226629 0.0722656 0.0226629 0.0732422 0.0217186 0.0810547 0.0217186 0.0820312 0.0207743 0.0830078 0.0207743 0.0849609 0.0188857 0.0869141 0.0188857 0.0878906 0.0179415 0.0898438 0.0179415 0.0908203 0.0169972 0.09375 0.0169972 0.0947266 0.0160529 0.0966797 0.0160529 0.0976562 0.0151086 0.0996094 0.0151086 0.100586 0.0141643 0.101562 0.0141643 0.102539 0.01322 0.104492 0.01322 0.105469 0.0122757 0.109375 0.0122757 0.110352 0.0113314 0.113281 0.0113314 0.114258 0.0103872 0.115234 0.0103872 0.116211 0.00944287 0.117188 0.00944287 0.117188 0.000944287 0.101562 0.000944287 0.101562 0.00283286 0.100586 0.00377715 0.0976562 0.00377715 0.0966797 0.00472144 0.09375 0.00472144 0.0927734 0.00566572 0.0888672 0.00566572 0.0878906 0.00661001 0.0849609 0.00661001 0.0839844 0.0075543 0.0830078 0.0075543 0.0800781 0.0103872 0.0791016 0.0103872 0.078125 0.00944287 0.0771484 0.00944287 0.0761719 0.00849858 0.0761719 0.00661001 0.0751953 0.00566572 0.0751953 0.000944287
1 0.604492 0.110482 0.604492 0.121813 0.609375 0.121813 0.613281 0.118036 0.613281 0.117092 0.614258 0.116147 0.614258 0.11237 0.612305 0.110482
1 0.791992 0.355052 0.791992 0.357885 0.792969 0.358829 0.791992 0.359773 0.791992 0.372049 0.797852 0.372049 0.798828 0.371105 0.798828 0.369216 0.799805 0.368272 0.799805 0.367328 0.800781 0.366383 0.800781 0.365439 0.801758 0.364495 0.801758 0.362606 0.802734 0.361662 0.802734 0.355052
1 0.619141 0.453258 0.619141 0.454202 0.618164 0.455146 0.618164 0.457979 0.617188 0.458924 0.618164 0.459868 0.618164 0.460812 0.624023 0.460812 0.625 0.459868 0.625 0.453258
1 0.754883 0.21813 0.751953 0.220963 0.751953 0.221907 0.750977 0.222852 0.750977 0.228517 0.751953 0.228517 0.75293 0.229462 0.753906 0.229462 0.754883 0.230406 0.758789 0.230406 0.759766 0.229462 0.760742 0.229462 0.761719 0.228517 0.762695 0.228517 0.762695 0.21813
0 0.100586 0.389991 0.100586 0.390935 0.0996094 0.391879 0.0996094 0.393768 0.0986328 0.394712 0.0986328 0.398489 0.0976562 0.399433 0.0976562 0.403211 0.0966797 0.404155 0.0966797 0.415486 0.0976562 0.416431 0.0976562 0.418319 0.0986328 0.419263 0.0986328 0.420208 0.0996094 0.421152 0.0996094 0.422096 0.100586 0.422096 0.101562 0.423041 0.103516 0.423041 0.104492 0.423985 0.106445 0.423985 0.108398 0.422096 0.108398 0.421152 0.112305 0.417375 0.112305 0.414542 0.113281 0.413598 0.113281 0.400378 0.114258 0.399433 0.114258 0.389991
1 0.0556641 0.388102 0.0556641 0.406043 0.0556641 0.404155 0.0585938 0.401322 0.0595703 0.401322 0.0605469 0.400378 0.0615234 0.401322 0.0625 0.401322 0.0644531 0.403211 0.0654297 0.403211 0.0664062 0.404155 0.0683594 0.404155 0.0693359 0.405099 0.0771484 0.405099 0.078125 0.404155 0.0800781 0.404155 0.0810547 0.403211 0.0810547 0.402266 0.0820312 0.401322 0.0820312 0.393768 0.0810547 0.392823 0.0810547 0.391879 0.0800781 0.390935 0.0732422 0.390935 0.0712891 0.389046 0.0712891 0.388102
0 0.489258 0.690274 0.488281 0.691218 0.488281 0.692162 0.486328 0.694051 0.485352 0.694051 0.484375 0.694995 0.483398 0.694995 0.481445 0.696884 0.481445 0.697828 0.480469 0.698772 0.480469 0.699717 0.479492 0.700661 0.479492 0.706327 0.480469 0.707271 0.480469 0.708215 0.481445 0.70916 0.481445 0.710104 0.482422 0.711048 0.494141 0.711048 0.495117 0.711992 0.49707 0.711992 0.498047 0.712937 0.5 0.712937 0.5 0.701605 0.499023 0.700661 0.49707 0.700661 0.496094 0.699717 0.494141 0.699717 0.491211 0.696884 0.491211 0.69594 0.492188 0.694995 0.493164 0.694995 0.494141 0.694051 0.496094 0.694051 0.49707 0.693107 0.498047 0.693107 0.499023 0.692162 0.499023 0.691218 0.5 0.690274
1 0.208984 0.405099 0.208008 0.406043 0.206055 0.406043 0.204102 0.407932 0.204102 0.416431 0.21582 0.416431 0.216797 0.417375 0.217773 0.417375 0.21875 0.418319 0.220703 0.418319 0.22168 0.419263 0.226562 0.419263 0.227539 0.418319 0.229492 0.418319 0.230469 0.417375 0.230469 0.405099
1 0.369141 0.583569 0.368164 0.584514 0.367188 0.584514 0.366211 0.585458 0.365234 0.585458 0.364258 0.586402 0.363281 0.586402 0.362305 0.587347 0.362305 0.588291 0.361328 0.589235 0.361328 0.590179 0.362305 0.591124 0.362305 0.593012 0.363281 0.593957 0.363281 0.598678 0.361328 0.600567 0.357422 0.600567 0.357422 0.602455 0.364258 0.602455 0.367188 0.599622 0.369141 0.599622 0.370117 0.598678 0.371094 0.599622 0.373047 0.599622 0.374023 0.600567 0.375977 0.600567 0.376953 0.601511 0.379883 0.601511 0.379883 0.583569
1 0.114258 0.70255 0.114258 0.71577 0.12207 0.71577 0.12207 0.713881 0.123047 0.712937 0.123047 0.70255
0 0.0537109 0.259679 0.0527344 0.260623 0.0517578 0.260623 0.0507812 0.261568 0.0498047 0.261568 0.0488281 0.262512 0.0478516 0.262512 0.046875 0.263456 0.0458984 0.263456 0.0458984 0.2644 0.0449219 0.265345 0.0449219 0.266289 0.0410156 0.270066 0.0400391 0.270066 0.0400391 0.27101 0.0390625 0.271955 0.0390625 0.272899 0.0380859 0.273843 0.0380859 0.274788 0.0371094 0.275732 0.0371094 0.276676 0.0361328 0.27762 0.0361328 0.278565 0.03125 0.283286 0.03125 0.29084 0.0419922 0.29084 0.0419922 0.289896 0.0439453 0.288008 0.0439453 0.287063 0.0449219 0.286119 0.0449219 0.285175 0.046875 0.283286 0.046875 0.282342 0.0488281 0.280453 0.0488281 0.279509 0.0507812 0.27762 0.0507812 0.276676 0.0546875 0.272899 0.0546875 0.271955 0.0566406 0.270066 0.0566406 0.268178 0.0576172 0.267233 0.0576172 0.266289 0.0585938 0.265345 0.0585938 0.2644 0.0576172 0.263456 0.0576172 0.261568 0.0556641 0.259679
1 0.269531 0.173749 0.268555 0.174693 0.268555 0.176582 0.266602 0.17847 0.265625 0.17847 0.264648 0.179415 0.264648 0.186025 0.266602 0.187913 0.274414 0.187913 0.275391 0.186969 0.275391 0.173749
0 0.72168 0.852691 0.720703 0.853635 0.720703 0.85458 0.716797 0.858357 0.716797 0.859301 0.71582 0.860246 0.71582 0.862134 0.714844 0.863078 0.714844 0.864023 0.713867 0.864967 0.713867 0.880076 0.717773 0.883853 0.717773 0.889518 0.714844 0.892351 0.713867 0.892351 0.713867 0.919736 0.714844 0.919736 0.714844 0.918791 0.71582 0.917847 0.71582 0.912181 0.716797 0.911237 0.716797 0.909348 0.717773 0.908404 0.717773 0.906516 0.720703 0.903683 0.72168 0.903683 0.722656 0.902738 0.724609 0.902738 0.725586 0.901794 0.725586 0.898961 0.726562 0.898017 0.726562 0.893296 0.727539 0.892351 0.727539 0.875354 0.726562 0.87441 0.726562 0.872521 0.725586 0.871577 0.726562 0.870633 0.726562 0.868744 0.727539 0.8678 0.727539 0.866856 0.728516 0.865911 0.728516 0.864967 0.729492 0.864023 0.729492 0.863078 0.732422 0.860246 0.732422 0.859301 0.734375 0.857413 0.734375 0.856468 0.735352 0.855524 0.735352 0.85458 0.736328 0.853635 0.736328 0.852691
1 0.353516 0.153919 0.353516 0.154863 0.352539 0.155807 0.352539 0.156752 0.351562 0.157696 0.351562 0.15864 0.350586 0.159585 0.351562 0.160529 0.351562 0.164306 0.352539 0.16525 0.352539 0.166195 0.353516 0.167139 0.353516 0.169972 0.360352 0.169972 0.360352 0.153919
0 0.354492 0.153919 0.354492 0.154863 0.353516 0.155807 0.353516 0.156752 0.352539 0.157696 0.352539 0.163362 0.351562 0.164306 0.351562 0.16525 0.352539 0.166195 0.352539 0.169027 0.353516 0.169972 0.353516 0.174693 0.354492 0.175637 0.354492 0.186025 0.353516 0.186969 0.353516 0.187913 0.352539 0.188857 0.351562 0.188857 0.350586 0.189802 0.34375 0.189802 0.34375 0.190746 0.34082 0.193579 0.339844 0.193579 0.338867 0.194523 0.338867 0.205855 0.341797 0.205855 0.34375 0.203966 0.34375 0.203022 0.350586 0.196412 0.350586 0.194523 0.351562 0.193579 0.353516 0.193579 0.354492 0.192635 0.359375 0.192635 0.360352 0.19169 0.361328 0.19169 0.363281 0.189802 0.364258 0.189802 0.366211 0.187913 0.366211 0.186969 0.367188 0.186025 0.367188 0.18508 0.368164 0.184136 0.368164 0.168083 0.367188 0.167139 0.367188 0.166195 0.366211 0.16525 0.366211 0.164306 0.364258 0.162417 0.364258 0.161473 0.363281 0.160529 0.363281 0.157696 0.364258 0.156752 0.364258 0.155807 0.365234 0.154863 0.365234 0.153919
0 0.751953 0.287063 0.750977 0.288008 0.750977 0.288952 0.75 0.289896 0.75 0.293673 0.750977 0.294618 0.750977 0.29745 0.75 0.298395 0.75 0.299339 0.749023 0.300283 0.749023 0.303116 0.748047 0.30406 0.748047 0.305949 0.74707 0.306893 0.74707 0.308782 0.741211 0.314448 0.741211 0.315392 0.740234 0.316336 0.740234 0.31728 0.739258 0.318225 0.738281 0.318225 0.735352 0.321058 0.733398 0.321058 0.731445 0.322946 0.731445 0.32389 0.729492 0.325779 0.728516 0.325779 0.727539 0.326723 0.724609 0.326723 0.723633 0.327668 0.722656 0.327668 0.722656 0.328612 0.720703 0.3305 0.719727 0.3305 0.719727 0.334278 0.723633 0.334278 0.727539 0.3305 0.728516 0.3305 0.729492 0.329556 0.731445 0.329556 0.732422 0.328612 0.734375 0.328612 0.735352 0.327668 0.737305 0.327668 0.739258 0.325779 0.739258 0.324835 0.741211 0.322946 0.742188 0.322946 0.743164 0.322002 0.744141 0.322002 0.745117 0.321058 0.745117 0.320113 0.751953 0.313503 0.751953 0.312559 0.755859 0.308782 0.755859 0.305949 0.756836 0.305005 0.756836 0.30406 0.757812 0.303116 0.757812 0.302172 0.763672 0.296506 0.764648 0.296506 0.764648 0.294618 0.765625 0.293673 0.765625 0.288008 0.764648 0.288952 0.762695 0.287063
1 0.84082 0.230406 0.84082 0.240793 0.844727 0.240793 0.84668 0.238905 0.847656 0.238905 0.848633 0.23796 0.849609 0.23796 0.852539 0.235127 0.852539 0.230406
0 0.317383 0.143532 0.317383 0.146364 0.31543 0.148253 0.314453 0.148253 0.313477 0.149197 0.310547 0.149197 0.30957 0.150142 0.305664 0.150142 0.304688 0.151086 0.303711 0.151086 0.302734 0.15203 0.301758 0.15203 0.299805 0.153919 0.298828 0.153919 0.297852 0.154863 0.296875 0.154863 0.294922 0.156752 0.294922 0.157696 0.293945 0.15864 0.293945 0.162417 0.304688 0.162417 0.306641 0.160529 0.307617 0.160529 0.308594 0.159585 0.30957 0.159585 0.310547 0.15864 0.311523 0.15864 0.313477 0.156752 0.314453 0.156752 0.316406 0.154863 0.317383 0.154863
1 0.445312 0.0774315 0.444336 0.0783758 0.444336 0.0793201 0.442383 0.0812087 0.442383 0.0915958 0.456055 0.0915958 0.456055 0.0774315
1 0.189453 0.404155 0.189453 0.415486 0.19043 0.415486 0.191406 0.416431 0.194336 0.416431 0.195312 0.417375 0.196289 0.417375 0.197266 0.416431 0.198242 0.416431 0.199219 0.415486 0.200195 0.415486 0.200195 0.413598 0.198242 0.411709 0.197266 0.411709 0.196289 0.410765 0.194336 0.410765 0.192383 0.408876 0.194336 0.406988 0.194336 0.406043 0.195312 0.405099 0.195312 0.404155
0 0.173828 0.253069 0.173828 0.254013 0.172852 0.254957 0.172852 0.258735 0.171875 0.259679 0.171875 0.261568 0.170898 0.262512 0.170898 0.263456 0.169922 0.2644 0.169922 0.265345 0.165039 0.270066 0.164062 0.270066 0.163086 0.27101 0.161133 0.27101 0.161133 0.272899 0.162109 0.273843 0.162109 0.274788 0.163086 0.275732 0.164062 0.275732 0.165039 0.276676 0.166016 0.276676 0.166992 0.27762 0.170898 0.27762 0.170898 0.276676 0.174805 0.272899 0.175781 0.272899 0.176758 0.271955 0.176758 0.253069
1 0.21582 0.866856 0.21582 0.87441 0.219727 0.87441 0.220703 0.875354 0.22168 0.875354 0.222656 0.876298 0.223633 0.876298 0.224609 0.877243 0.225586 0.877243 0.226562 0.878187 0.226562 0.866856
0 0.109375 0.263456 0.108398 0.2644 0.108398 0.265345 0.107422 0.266289 0.106445 0.266289 0.105469 0.267233 0.104492 0.267233 0.103516 0.268178 0.101562 0.268178 0.100586 0.269122 0.0986328 0.269122 0.0947266 0.272899 0.0947266 0.273843 0.09375 0.274788 0.0908203 0.274788 0.0898438 0.273843 0.0878906 0.273843 0.0878906 0.28423 0.09375 0.28423 0.0976562 0.280453 0.0986328 0.280453 0.102539 0.276676 0.103516 0.276676 0.104492 0.275732 0.106445 0.275732 0.107422 0.274788 0.108398 0.274788 0.109375 0.273843 0.111328 0.273843 0.112305 0.272899 0.116211 0.272899 0.117188 0.271955 0.12207 0.271955 0.12207 0.263456
0 0.0332031 0.605288 0.0332031 0.610954 0.0322266 0.611898 0.0322266 0.616619 0.03125 0.617564 0.03125 0.620397 0.0302734 0.621341 0.03125 0.622285 0.03125 0.639282 0.0322266 0.640227 0.0322266 0.642115 0.0332031 0.643059 0.0332031 0.644004 0.0351562 0.645892 0.0371094 0.645892 0.0380859 0.644948 0.0410156 0.644948 0.0410156 0.644004 0.0419922 0.643059 0.0419922 0.642115 0.0429688 0.641171 0.0429688 0.634561 0.0419922 0.633617 0.0419922 0.629839 0.0410156 0.628895 0.0410156 0.627007 0.0419922 0.626062 0.0458984 0.626062 0.046875 0.625118 0.0478516 0.625118 0.0488281 0.626062 0.0488281 0.605288
1 0.108398 0.770538 0.108398 0.779037 0.114258 0.779037 0.115234 0.778093 0.115234 0.777148 0.117188 0.77526 0.117188 0.770538
0 0.130859 0.793201 0.12793 0.796034 0.12793 0.798867 0.128906 0.799811 0.128906 0.802644 0.129883 0.803588 0.129883 0.805477 0.130859 0.806421 0.130859 0.807365 0.131836 0.80831 0.131836 0.809254 0.130859 0.810198 0.130859 0.813975 0.129883 0.81492 0.129883 0.815864 0.128906 0.816808 0.128906 0.817753 0.126953 0.819641 0.126953 0.822474 0.141602 0.822474 0.141602 0.819641 0.140625 0.818697 0.140625 0.811143 0.141602 0.810198 0.141602 0.799811 0.140625 0.798867 0.140625 0.797923 0.139648 0.796978 0.139648 0.796034 0.137695 0.794145 0.134766 0.794145 0.133789 0.793201
0 0.000976562 0.449481 0.000976562 0.466478 0.015625 0.466478 0.0175781 0.464589 0.0175781 0.453258 0.0166016 0.452314 0.0166016 0.451369 0.0146484 0.449481
1 0.217773 0.239849 0.217773 0.242682 0.216797 0.243626 0.216797 0.24457 0.21582 0.245515 0.21582 0.249292 0.214844 0.250236 0.214844 0.255902 0.233398 0.255902 0.233398 0.243626 0.229492 0.239849
1 0.592773 0.177526 0.592773 0.184136 0.594727 0.186025 0.597656 0.186025 0.600586 0.183192 0.600586 0.181303 0.601562 0.180359 0.601562 0.177526
0 0.515625 0.646837 0.509766 0.652502 0.509766 0.661001 0.510742 0.661945 0.510742 0.663834 0.511719 0.664778 0.511719 0.666667 0.512695 0.667611 0.512695 0.668555 0.514648 0.670444 0.514648 0.671388 0.515625 0.672332 0.516602 0.672332 0.517578 0.673277 0.518555 0.673277 0.519531 0.674221 0.520508 0.673277 0.525391 0.673277 0.527344 0.671388 0.527344 0.667611 0.52832 0.666667 0.52832 0.664778 0.527344 0.663834 0.527344 0.66289 0.526367 0.661945 0.526367 0.660057 0.525391 0.659112 0.525391 0.655335 0.526367 0.654391 0.526367 0.648725 0.527344 0.647781 0.527344 0.646837
0 0.786133 0.474032 0.786133 0.474976 0.785156 0.475921 0.785156 0.479698 0.78418 0.480642 0.78418 0.483475 0.783203 0.484419 0.783203 0.495751 0.792969 0.495751 0.792969 0.474032
1 0.0449219 0.542965 0.0439453 0.543909 0.0439453 0.555241 0.0546875 0.555241 0.0556641 0.554296 0.0556641 0.553352 0.0566406 0.552408 0.0566406 0.542965
1 0.522461 0.620397 0.521484 0.621341 0.521484 0.629839 0.53125 0.629839 0.53125 0.620397
1 0.421875 0.74221 0.420898 0.743154 0.418945 0.743154 0.417969 0.744098 0.416016 0.744098 0.415039 0.745043 0.414062 0.745043 0.414062 0.76204 0.415039 0.762984 0.422852 0.762984 0.426758 0.759207 0.426758 0.758263 0.427734 0.757318 0.427734 0.745987 0.425781 0.744098 0.424805 0.744098 0.423828 0.743154 0.422852 0.743154
1 0.245117 0.705382 0.244141 0.706327 0.244141 0.708215 0.243164 0.70916 0.244141 0.710104 0.244141 0.71577 0.245117 0.716714 0.250977 0.716714 0.250977 0.705382
0 0.0625 0.00472144 0.0625 0.0075543 0.0615234 0.00849858 0.0615234 0.0103872 0.0605469 0.0113314 0.0605469 0.0122757 0.0595703 0.01322 0.0595703 0.0151086 0.0585938 0.0160529 0.0585938 0.01983 0.0576172 0.0207743 0.0576172 0.0254958 0.0566406 0.02644 0.0566406 0.0292729 0.0556641 0.0302172 0.0556641 0.0321058 0.0546875 0.03305 0.0546875 0.0339943 0.0527344 0.0358829 0.0527344 0.0368272 0.0488281 0.0406043 0.0488281 0.0415486 0.0458984 0.0443815 0.0449219 0.0443815 0.0439453 0.0453258 0.0410156 0.0453258 0.0400391 0.0462701 0.0390625 0.0462701 0.0371094 0.0481586 0.0361328 0.0481586 0.0351562 0.0491029 0.0341797 0.0491029 0.0322266 0.0509915 0.0322266 0.0519358 0.03125 0.0528801 0.03125 0.0557129 0.0292969 0.0576015 0.0283203 0.0576015 0.0283203 0.0585458 0.0273438 0.0594901 0.0283203 0.0604344 0.0283203 0.0613787 0.0322266 0.0576015 0.0341797 0.0576015 0.0351562 0.0566572 0.0361328 0.0566572 0.0400391 0.0528801 0.0400391 0.0519358 0.0419922 0.0500472 0.0429688 0.0509915 0.0458984 0.0509915 0.0478516 0.0528801 0.0458984 0.0547686 0.0458984 0.0651558 0.046875 0.0661001 0.0478516 0.0661001 0.0498047 0.0642115 0.0498047 0.0632672 0.0507812 0.0623229 0.0517578 0.0623229 0.0527344 0.0613787 0.0537109 0.0613787 0.0546875 0.0604344 0.0546875 0.0594901 0.0556641 0.0585458 0.0556641 0.0576015 0.0566406 0.0566572 0.0566406 0.0557129 0.0576172 0.0547686 0.0576172 0.0538244 0.0585938 0.0528801 0.0585938 0.0500472 0.0595703 0.0491029 0.0595703 0.0481586 0.0605469 0.0472144 0.0605469 0.0462701 0.0615234 0.0453258 0.0615234 0.0443815 0.0634766 0.0424929 0.0634766 0.0415486 0.0644531 0.0406043 0.0644531 0.0396601 0.0654297 0.0387158 0.0654297 0.0377715 0.0664062 0.0368272 0.0664062 0.0358829 0.0673828 0.0349386 0.0673828 0.03305 0.0683594 0.0321058 0.0683594 0.0302172 0.0693359 0.0292729 0.0693359 0.0273843 0.0703125 0.02644 0.0703125 0.00472144
1 0.466797 0.345609 0.466797 0.355052 0.473633 0.355052 0.474609 0.354108 0.475586 0.354108 0.475586 0.345609
1 0.380859 0.565628 0.380859 0.572238 0.382812 0.574127 0.383789 0.574127 0.383789 0.565628
1 0.387695 0.0283286 0.386719 0.0292729 0.385742 0.0292729 0.384766 0.0302172 0.383789 0.0302172 0.382812 0.0311615 0.381836 0.0311615 0.381836 0.0387158 0.390625 0.0387158 0.391602 0.0377715 0.392578 0.0377715 0.395508 0.0349386 0.395508 0.0283286
0 0.450195 0.245515 0.450195 0.246459 0.449219 0.247403 0.449219 0.248347 0.446289 0.25118 0.446289 0.253069 0.445312 0.254013 0.445312 0.265345 0.444336 0.266289 0.444336 0.280453 0.451172 0.280453 0.454102 0.27762 0.454102 0.275732 0.455078 0.274788 0.455078 0.267233 0.456055 0.266289 0.456055 0.262512 0.457031 0.261568 0.457031 0.260623 0.458984 0.258735 0.458984 0.256846 0.459961 0.255902 0.459961 0.253069 0.460938 0.252125 0.461914 0.253069 0.463867 0.253069 0.46582 0.254957 0.46582 0.252125 0.463867 0.252125 0.461914 0.250236 0.461914 0.246459 0.460938 0.245515
0 0.0771484 0.344665 0.0761719 0.345609 0.0761719 0.346553 0.0751953 0.347498 0.0742188 0.347498 0.0732422 0.348442 0.0732422 0.349386 0.0722656 0.350331 0.0722656 0.351275 0.0712891 0.352219 0.0712891 0.355996 0.0703125 0.356941 0.0703125 0.358829 0.0673828 0.361662 0.0664062 0.361662 0.0654297 0.362606 0.0634766 0.362606 0.0625 0.363551 0.0625 0.364495 0.0605469 0.366383 0.0585938 0.366383 0.0585938 0.376771 0.0595703 0.376771 0.0605469 0.375826 0.0664062 0.375826 0.0673828 0.374882 0.0683594 0.374882 0.0693359 0.373938 0.0712891 0.373938 0.0722656 0.372993 0.0869141 0.372993 0.0878906 0.373938 0.0898438 0.373938 0.0917969 0.375826 0.0927734 0.375826 0.0947266 0.377715 0.0976562 0.377715 0.0976562 0.370161 0.09375 0.366383 0.0927734 0.366383 0.0917969 0.365439 0.0908203 0.365439 0.0888672 0.363551 0.0878906 0.363551 0.0869141 0.362606 0.0859375 0.362606 0.0849609 0.361662 0.0839844 0.361662 0.0820312 0.359773 0.0820312 0.355996 0.0830078 0.355052 0.0830078 0.352219 0.0839844 0.351275 0.0839844 0.350331 0.0869141 0.347498 0.0869141 0.346553 0.0878906 0.345609 0.0878906 0.344665
0 0.801758 0.627951 0.801758 0.628895 0.800781 0.629839 0.800781 0.630784 0.799805 0.631728 0.799805 0.632672 0.797852 0.634561 0.797852 0.637394 0.796875 0.638338 0.796875 0.639282 0.795898 0.640227 0.795898 0.641171 0.791016 0.645892 0.790039 0.645892 0.789062 0.646837 0.789062 0.647781 0.787109 0.64967 0.787109 0.650614 0.785156 0.652502 0.785156 0.653447 0.78418 0.654391 0.78418 0.655335 0.782227 0.657224 0.782227 0.658168 0.777344 0.66289 0.776367 0.66289 0.775391 0.663834 0.773438 0.663834 0.772461 0.664778 0.771484 0.664778 0.769531 0.666667 0.769531 0.667611 0.765625 0.671388 0.765625 0.672332 0.764648 0.673277 0.764648 0.675165 0.763672 0.67611 0.763672 0.684608 0.765625 0.686497 0.768555 0.686497 0.769531 0.687441 0.770508 0.687441 0.773438 0.684608 0.773438 0.683664 0.774414 0.68272 0.774414 0.681775 0.777344 0.678942 0.777344 0.677054 0.77832 0.67611 0.77832 0.675165 0.780273 0.673277 0.780273 0.672332 0.786133 0.666667 0.786133 0.665722 0.790039 0.661945 0.790039 0.661001 0.791992 0.659112 0.791992 0.658168 0.792969 0.657224 0.792969 0.65628 0.793945 0.655335 0.793945 0.654391 0.795898 0.652502 0.795898 0.651558 0.798828 0.648725 0.799805 0.648725 0.800781 0.647781 0.801758 0.647781
1 0.262695 0.6695 0.262695 0.679887 0.273438 0.679887 0.273438 0.67611 0.272461 0.675165 0.272461 0.673277 0.271484 0.672332 0.271484 0.670444 0.270508 0.6695
1 0.520508 0.969783 0.520508 0.976393 0.523438 0.976393 0.525391 0.978281 0.525391 0.979226 0.524414 0.98017 0.524414 0.981114 0.525391 0.981114 0.525391 0.976393 0.526367 0.975449 0.526367 0.974504 0.529297 0.971671 0.529297 0.969783
0 0.678711 0.580737 0.676758 0.582625 0.676758 0.583569 0.675781 0.584514 0.675781 0.586402 0.674805 0.587347 0.674805 0.588291 0.671875 0.591124 0.669922 0.591124 0.668945 0.592068 0.666016 0.592068 0.665039 0.593012 0.661133 0.593012 0.65918 0.594901 0.65918 0.598678 0.660156 0.598678 0.661133 0.599622 0.674805 0.599622 0.675781 0.598678 0.676758 0.598678 0.677734 0.597734 0.678711 0.597734 0.680664 0.595845 0.680664 0.580737
0 0.741211 0.489141 0.741211 0.492918 0.742188 0.493862 0.742188 0.499528 0.741211 0.500472 0.741211 0.503305 0.735352 0.508971 0.735352 0.509915 0.733398 0.511804 0.732422 0.511804 0.729492 0.514636 0.728516 0.514636 0.726562 0.516525 0.725586 0.516525 0.724609 0.517469 0.724609 0.518414 0.72168 0.521246 0.72168 0.522191 0.720703 0.523135 0.720703 0.524079 0.719727 0.525024 0.71875 0.525024 0.717773 0.525968 0.717773 0.526912 0.716797 0.527856 0.716797 0.529745 0.71582 0.530689 0.726562 0.530689 0.727539 0.529745 0.727539 0.527856 0.728516 0.526912 0.728516 0.525968 0.729492 0.525024 0.729492 0.524079 0.730469 0.523135 0.730469 0.522191 0.732422 0.520302 0.732422 0.519358 0.735352 0.516525 0.736328 0.516525 0.737305 0.515581 0.738281 0.515581 0.739258 0.514636 0.739258 0.513692 0.742188 0.510859 0.742188 0.489141
1 0.743164 0.423041 0.743164 0.432483 0.75 0.432483 0.750977 0.431539 0.751953 0.431539 0.753906 0.429651 0.753906 0.423041
1 0.75293 0.11237 0.75293 0.11898 0.753906 0.11898 0.756836 0.121813 0.757812 0.121813 0.758789 0.122757 0.765625 0.122757 0.766602 0.121813 0.766602 0.11237
1 0.206055 0.114259 0.204102 0.116147 0.202148 0.116147 0.200195 0.118036 0.199219 0.118036 0.198242 0.11898 0.198242 0.119924 0.197266 0.120869 0.197266 0.121813 0.195312 0.123702 0.195312 0.129367 0.205078 0.129367 0.205078 0.128423 0.208008 0.12559 0.208984 0.12559 0.210938 0.123702 0.211914 0.123702 0.214844 0.120869 0.214844 0.119924 0.21582 0.11898 0.21582 0.114259
1 0.105469 0.891407 0.104492 0.892351 0.103516 0.892351 0.102539 0.893296 0.101562 0.893296 0.100586 0.89424 0.0996094 0.89424 0.0996094 0.898017 0.102539 0.90085 0.103516 0.90085 0.104492 0.901794 0.107422 0.901794 0.110352 0.898961 0.110352 0.893296 0.109375 0.892351 0.107422 0.892351 0.106445 0.891407
0 0.24707 0.864023 0.245117 0.865911 0.244141 0.865911 0.243164 0.866856 0.243164 0.885741 0.244141 0.886686 0.245117 0.886686 0.246094 0.88763 0.246094 0.888574 0.24707 0.889518 0.24707 0.893296 0.253906 0.893296 0.254883 0.892351 0.254883 0.889518 0.255859 0.888574 0.255859 0.88763 0.256836 0.886686 0.256836 0.884797 0.257812 0.883853 0.257812 0.88102 0.258789 0.880076 0.258789 0.869688 0.255859 0.872521 0.254883 0.872521 0.253906 0.873466 0.250977 0.873466 0.250977 0.878187 0.249023 0.880076 0.249023 0.88102 0.248047 0.881964 0.246094 0.880076 0.246094 0.87441 0.24707 0.873466 0.24707 0.872521 0.248047 0.871577 0.249023 0.871577 0.25 0.870633 0.25 0.869688 0.250977 0.868744 0.250977 0.864967 0.249023 0.864967 0.248047 0.864023
0 0.699219 0.0519358 0.700195 0.0528801 0.700195 0.0538244 0.705078 0.0585458 0.706055 0.0585458 0.707031 0.0594901 0.707031 0.0604344 0.711914 0.0651558 0.711914 0.0679887 0.712891 0.068933 0.712891 0.0717658 0.711914 0.0727101 0.711914 0.0736544 0.710938 0.0745987 0.710938 0.075543 0.709961 0.0764873 0.709961 0.0774315 0.708984 0.0783758 0.708984 0.0812087 0.708008 0.082153 0.708008 0.0840416 0.709961 0.0859301 0.713867 0.0859301 0.716797 0.0830973 0.716797 0.082153 0.71875 0.0802644 0.71875 0.0576015 0.717773 0.0566572 0.716797 0.0566572 0.712891 0.0528801 0.712891 0.0519358
1 0.520508 0.919736 0.520508 0.926346 0.521484 0.926346 0.522461 0.92729 0.520508 0.929178 0.520508 0.930123 0.52832 0.930123 0.527344 0.929178 0.526367 0.929178 0.525391 0.928234 0.525391 0.92729 0.526367 0.926346 0.527344 0.926346 0.52832 0.925401 0.529297 0.925401 0.530273 0.924457 0.53125 0.924457 0.53125 0.919736
1 0.663086 0.0576015 0.663086 0.0679887 0.668945 0.0679887 0.668945 0.0651558 0.669922 0.0642115 0.669922 0.0623229 0.670898 0.0613787 0.670898 0.0604344 0.671875 0.0594901 0.671875 0.0585458 0.670898 0.0576015
1 0.169922 0.698772 0.168945 0.699717 0.168945 0.707271 0.167969 0.708215 0.167969 0.714825 0.178711 0.714825 0.179688 0.713881 0.179688 0.712937 0.181641 0.711048 0.181641 0.698772
0 0.401367 0.78848 0.401367 0.793201 0.400391 0.794145 0.400391 0.796978 0.399414 0.797923 0.398438 0.797923 0.396484 0.799811 0.395508 0.799811 0.392578 0.802644 0.393555 0.803588 0.393555 0.807365 0.394531 0.80831 0.394531 0.810198 0.393555 0.811143 0.393555 0.81492 0.392578 0.815864 0.392578 0.816808 0.391602 0.817753 0.391602 0.818697 0.389648 0.820585 0.389648 0.822474 0.395508 0.82814 0.401367 0.82814 0.402344 0.829084 0.40332 0.829084 0.404297 0.82814 0.40918 0.82814 0.411133 0.826251 0.411133 0.825307 0.414062 0.822474 0.415039 0.822474 0.416016 0.82153 0.416016 0.819641 0.416992 0.818697 0.416992 0.815864 0.417969 0.81492 0.417969 0.811143 0.418945 0.810198 0.418945 0.807365 0.417969 0.806421 0.417969 0.805477 0.416992 0.804533 0.416992 0.803588 0.413086 0.803588 0.411133 0.805477 0.411133 0.807365 0.410156 0.80831 0.410156 0.81492 0.408203 0.816808 0.407227 0.816808 0.405273 0.818697 0.404297 0.818697 0.40332 0.819641 0.402344 0.819641 0.398438 0.815864 0.398438 0.80831 0.401367 0.805477 0.402344 0.805477 0.40332 0.804533 0.405273 0.804533 0.407227 0.802644 0.407227 0.796978 0.40918 0.79509 0.413086 0.79509 0.414062 0.794145 0.416016 0.794145 0.416992 0.793201 0.418945 0.793201 0.420898 0.791313 0.420898 0.78848
1 0.731445 0.273843 0.730469 0.274788 0.729492 0.274788 0.727539 0.276676 0.727539 0.278565 0.728516 0.279509 0.728516 0.280453 0.729492 0.281398 0.735352 0.281398 0.736328 0.280453 0.737305 0.280453 0.739258 0.278565 0.739258 0.276676 0.737305 0.274788 0.734375 0.274788 0.733398 0.273843
0 0.148438 0.537299 0.148438 0.538244 0.147461 0.539188 0.147461 0.541076 0.146484 0.542021 0.146484 0.542965 0.144531 0.544854 0.143555 0.544854 0.143555 0.546742 0.140625 0.549575 0.140625 0.550519 0.139648 0.551464 0.139648 0.552408 0.138672 0.553352 0.138672 0.554296 0.136719 0.556185 0.151367 0.556185 0.151367 0.549575 0.152344 0.548631 0.152344 0.546742 0.157227 0.542021 0.158203 0.542021 0.15918 0.542965 0.161133 0.542965 0.162109 0.543909 0.163086 0.543909 0.164062 0.544854 0.165039 0.544854 0.165039 0.542965 0.166016 0.542021 0.166016 0.540132 0.165039 0.540132 0.164062 0.539188 0.162109 0.539188 0.161133 0.538244 0.158203 0.538244 0.157227 0.537299
0 0.763672 0.532578 0.763672 0.533522 0.756836 0.540132 0.755859 0.540132 0.755859 0.541076 0.75293 0.543909 0.751953 0.543909 0.750977 0.544854 0.75 0.544854 0.749023 0.545798 0.749023 0.548631 0.750977 0.550519 0.751953 0.549575 0.757812 0.549575 0.764648 0.556185 0.765625 0.556185 0.767578 0.558074 0.767578 0.565628 0.766602 0.566572 0.765625 0.566572 0.764648 0.567517 0.763672 0.567517 0.761719 0.569405 0.760742 0.569405 0.758789 0.571294 0.758789 0.575071 0.765625 0.575071 0.769531 0.571294 0.769531 0.570349 0.770508 0.569405 0.770508 0.568461 0.771484 0.567517 0.771484 0.565628 0.772461 0.564684 0.772461 0.562795 0.773438 0.561851 0.773438 0.559962 0.774414 0.559018 0.774414 0.558074 0.773438 0.557129 0.773438 0.551464 0.772461 0.550519 0.772461 0.542021 0.773438 0.541076 0.773438 0.539188 0.772461 0.538244 0.772461 0.532578
1 0.380859 0.692162 0.380859 0.705382 0.382812 0.705382 0.383789 0.706327 0.385742 0.706327 0.386719 0.705382 0.391602 0.705382 0.393555 0.703494 0.393555 0.698772 0.392578 0.697828 0.392578 0.69594 0.393555 0.694995 0.393555 0.694051 0.394531 0.693107 0.396484 0.693107 0.397461 0.692162 0.399414 0.692162
1 0.410156 0.786591 0.410156 0.794145 0.412109 0.794145 0.413086 0.793201 0.416992 0.793201 0.417969 0.794145 0.420898 0.794145 0.426758 0.799811 0.427734 0.799811 0.428711 0.800755 0.428711 0.786591
0 0.481445 0.169972 0.481445 0.170916 0.479492 0.172805 0.478516 0.172805 0.477539 0.173749 0.476562 0.173749 0.474609 0.175637 0.473633 0.175637 0.47168 0.177526 0.47168 0.17847 0.464844 0.18508 0.464844 0.186969 0.461914 0.189802 0.460938 0.189802 0.460938 0.190746 0.459961 0.19169 0.459961 0.192635 0.458984 0.193579 0.458984 0.194523 0.458008 0.195467 0.458008 0.196412 0.457031 0.197356 0.457031 0.1983 0.456055 0.199245 0.456055 0.201133 0.466797 0.201133 0.46582 0.200189 0.46582 0.199245 0.464844 0.1983 0.464844 0.195467 0.466797 0.193579 0.467773 0.193579 0.46875 0.192635 0.46875 0.190746 0.469727 0.189802 0.469727 0.188857 0.47168 0.186969 0.472656 0.186969 0.477539 0.182247 0.478516 0.182247 0.479492 0.181303 0.480469 0.181303 0.481445 0.180359 0.482422 0.180359 0.485352 0.177526 0.486328 0.177526 0.490234 0.173749 0.491211 0.173749 0.492188 0.172805 0.494141 0.172805 0.494141 0.169972
1 0.737305 0.170916 0.729492 0.17847 0.729492 0.179415 0.737305 0.179415
0 0.34668 0.514636 0.34668 0.518414 0.347656 0.519358 0.348633 0.519358 0.350586 0.521246 0.348633 0.523135 0.348633 0.525024 0.347656 0.525968 0.347656 0.537299 0.348633 0.538244 0.357422 0.538244 0.357422 0.521246 0.355469 0.521246 0.354492 0.520302 0.353516 0.520302 0.352539 0.519358 0.352539 0.518414 0.351562 0.517469 0.351562 0.514636
0 0.769531 0.283286 0.769531 0.312559 0.770508 0.311615 0.772461 0.311615 0.773438 0.31067 0.776367 0.31067 0.777344 0.309726 0.77832 0.309726 0.779297 0.31067 0.783203 0.31067 0.788086 0.315392 0.793945 0.315392 0.794922 0.314448 0.795898 0.314448 0.795898 0.313503 0.796875 0.312559 0.796875 0.31067 0.797852 0.309726 0.797852 0.302172 0.795898 0.300283 0.794922 0.301228 0.792969 0.301228 0.791992 0.302172 0.791016 0.302172 0.790039 0.303116 0.785156 0.303116 0.78418 0.30406 0.783203 0.30406 0.782227 0.303116 0.782227 0.302172 0.775391 0.295562 0.775391 0.294618 0.774414 0.293673 0.774414 0.292729 0.773438 0.291785 0.773438 0.289896 0.777344 0.286119 0.777344 0.285175 0.779297 0.283286
1 0.000976562 0.0207743 0.000976562 0.0368272 0.00976562 0.0368272 0.00976562 0.0339943 0.0117188 0.0321058 0.0117188 0.0207743
0 0.297852 0.0708215 0.296875 0.0717658 0.295898 0.0717658 0.294922 0.0727101 0.294922 0.0736544 0.293945 0.0745987 0.293945 0.075543 0.292969 0.0764873 0.292969 0.0793201 0.293945 0.0802644 0.293945 0.0840416 0.294922 0.0849858 0.294922 0.0878187 0.295898 0.088763 0.295898 0.0906516 0.294922 0.0915958 0.294922 0.0925401 0.292969 0.0944287 0.291992 0.0944287 0.290039 0.0963173 0.288086 0.0963173 0.288086 0.102927 0.290039 0.102927 0.291016 0.103872 0.291992 0.103872 0.292969 0.104816 0.296875 0.101039 0.296875 0.100094 0.297852 0.0991501 0.298828 0.0991501 0.298828 0.0982059 0.299805 0.0972616 0.299805 0.0944287 0.300781 0.0934844 0.300781 0.0708215
1 0.514648 0.212465 0.514648 0.219075 0.515625 0.220019 0.516602 0.220019 0.517578 0.220963 0.517578 0.221907 0.519531 0.221907 0.520508 0.220963 0.521484 0.220963 0.522461 0.220019 0.525391 0.220019 0.527344 0.21813 0.527344 0.212465 0.519531 0.212465 0.518555 0.213409 0.517578 0.212465
1 0.588867 0.285175 0.588867 0.294618 0.595703 0.294618 0.599609 0.29084 0.599609 0.288952 0.597656 0.287063 0.597656 0.286119 0.59668 0.285175
1 0.0761719 0.247403 0.0761719 0.250236 0.078125 0.252125 0.078125 0.254013 0.0771484 0.254957 0.0771484 0.255902 0.0761719 0.256846 0.0761719 0.268178 0.0888672 0.268178 0.0888672 0.267233 0.0898438 0.266289 0.0908203 0.266289 0.0947266 0.262512 0.0947266 0.247403
1 0.227539 0.862134 0.227539 0.872521 0.232422 0.872521 0.232422 0.871577 0.233398 0.870633 0.234375 0.870633 0.235352 0.869688 0.236328 0.869688 0.236328 0.862134
1 0.0458984 0.410765 0.0449219 0.411709 0.0439453 0.411709 0.0429688 0.412653 0.0390625 0.412653 0.0380859 0.413598 0.0361328 0.413598 0.0361328 0.421152 0.0371094 0.422096 0.0380859 0.422096 0.0410156 0.424929 0.0429688 0.424929 0.0439453 0.425873 0.0449219 0.425873 0.0458984 0.426818 0.0478516 0.426818 0.0488281 0.427762 0.0537109 0.427762 0.0546875 0.428706 0.0566406 0.428706 0.0566406 0.417375 0.0556641 0.417375 0.0546875 0.418319 0.0517578 0.415486 0.0517578 0.414542 0.0507812 0.413598 0.0507812 0.410765
0 0.189453 0.136922 0.189453 0.15203 0.19043 0.152975 0.191406 0.152975 0.193359 0.154863 0.194336 0.154863 0.195312 0.155807 0.203125 0.155807 0.205078 0.153919 0.205078 0.152975 0.206055 0.15203 0.206055 0.137866 0.205078 0.136922
1 0.644531 0.359773 0.644531 0.376771 0.652344 0.376771 0.652344 0.374882 0.651367 0.373938 0.651367 0.372993 0.650391 0.372049 0.650391 0.371105 0.652344 0.369216 0.652344 0.368272 0.65332 0.367328 0.654297 0.367328 0.654297 0.366383 0.655273 0.365439 0.655273 0.359773
0 0.0537109 0.260623 0.0527344 0.261568 0.0517578 0.261568 0.0507812 0.262512 0.0488281 0.262512 0.0478516 0.263456 0.046875 0.263456 0.046875 0.2644 0.0449219 0.266289 0.0449219 0.267233 0.0390625 0.272899 0.0390625 0.273843 0.0380859 0.274788 0.0380859 0.275732 0.0371094 0.276676 0.0371094 0.27762 0.0361328 0.278565 0.0361328 0.279509 0.0332031 0.282342 0.0322266 0.282342 0.0302734 0.28423 0.0292969 0.28423 0.0283203 0.285175 0.0244141 0.285175 0.0244141 0.295562 0.0341797 0.295562 0.0351562 0.294618 0.0361328 0.294618 0.0380859 0.292729 0.0390625 0.292729 0.0400391 0.291785 0.0410156 0.291785 0.0429688 0.289896 0.0429688 0.288952 0.0439453 0.288008 0.0439453 0.287063 0.0458984 0.285175 0.0458984 0.28423 0.0478516 0.282342 0.0478516 0.281398 0.0498047 0.279509 0.0498047 0.278565 0.0507812 0.27762 0.0507812 0.276676 0.0537109 0.273843 0.0537109 0.272899 0.0556641 0.27101 0.0556641 0.270066 0.0566406 0.269122 0.0566406 0.268178 0.0576172 0.267233 0.0576172 0.263456 0.0566406 0.262512 0.0566406 0.261568 0.0556641 0.260623
0 0.211914 0.482531 0.210938 0.483475 0.210938 0.491974 0.211914 0.492918 0.211914 0.495751 0.212891 0.496695 0.212891 0.500472 0.213867 0.501416 0.213867 0.508026 0.214844 0.508971 0.214844 0.509915 0.213867 0.510859 0.213867 0.514636 0.212891 0.515581 0.212891 0.520302 0.211914 0.521246 0.212891 0.522191 0.212891 0.523135 0.22168 0.523135 0.22168 0.520302 0.220703 0.519358 0.220703 0.518414 0.219727 0.517469 0.219727 0.515581 0.21875 0.514636 0.21875 0.504249 0.219727 0.503305 0.219727 0.492918 0.220703 0.491974 0.220703 0.486308 0.22168 0.485364 0.22168 0.483475 0.220703 0.482531
0 0.571289 0.406988 0.570312 0.407932 0.56543 0.407932 0.564453 0.408876 0.563477 0.408876 0.561523 0.410765 0.561523 0.422096 0.5625 0.422096 0.564453 0.420208 0.56543 0.420208 0.566406 0.421152 0.569336 0.421152 0.570312 0.422096 0.570312 0.421152 0.571289 0.420208 0.573242 0.420208 0.574219 0.419263 0.575195 0.419263 0.575195 0.406988
1 0.442383 0.082153 0.441406 0.0830973 0.441406 0.0934844 0.442383 0.0934844 0.443359 0.0944287 0.448242 0.0944287 0.449219 0.0934844 0.450195 0.0934844 0.451172 0.0925401 0.452148 0.0925401 0.452148 0.082153
1 0.301758 0.374882 0.301758 0.389991 0.302734 0.389991 0.302734 0.389046 0.301758 0.388102 0.301758 0.384325 0.303711 0.382436 0.304688 0.382436 0.305664 0.381492 0.306641 0.381492 0.308594 0.383381 0.308594 0.385269 0.307617 0.386213 0.307617 0.388102 0.306641 0.389046 0.306641 0.389991 0.30957 0.392823 0.310547 0.392823 0.311523 0.393768 0.313477 0.393768 0.314453 0.392823 0.318359 0.392823 0.318359 0.377715 0.317383 0.377715 0.31543 0.375826 0.31543 0.374882
1 0.355469 0.108593 0.355469 0.116147 0.356445 0.115203 0.357422 0.115203 0.358398 0.116147 0.359375 0.116147 0.362305 0.11898 0.363281 0.11898 0.364258 0.119924 0.365234 0.119924 0.366211 0.120869 0.369141 0.120869 0.369141 0.108593
0 0.297852 0.360718 0.297852 0.362606 0.296875 0.363551 0.296875 0.372049 0.295898 0.372993 0.295898 0.373938 0.294922 0.374882 0.294922 0.375826 0.292969 0.377715 0.291016 0.377715 0.291016 0.389046 0.298828 0.389046 0.298828 0.388102 0.299805 0.387158 0.299805 0.386213 0.305664 0.380548 0.306641 0.380548 0.30957 0.377715 0.30957 0.376771 0.310547 0.375826 0.310547 0.374882 0.311523 0.373938 0.311523 0.372993 0.3125 0.372049 0.3125 0.371105 0.311523 0.370161 0.311523 0.369216 0.310547 0.368272 0.310547 0.366383 0.30957 0.365439 0.30957 0.362606 0.308594 0.361662 0.308594 0.360718
1 0.198242 0.258735 0.198242 0.259679 0.194336 0.263456 0.194336 0.265345 0.195312 0.266289 0.196289 0.266289 0.197266 0.267233 0.205078 0.267233 0.206055 0.266289 0.206055 0.258735
1 0.393555 0.378659 0.393555 0.398489 0.40332 0.398489 0.404297 0.397545 0.404297 0.378659
1 0.694336 0.597734 0.691406 0.600567 0.691406 0.611898 0.697266 0.611898 0.698242 0.610954 0.700195 0.610954 0.702148 0.609065 0.702148 0.597734
1 0.265625 0.549575 0.263672 0.551464 0.263672 0.552408 0.262695 0.553352 0.262695 0.563739 0.274414 0.563739 0.275391 0.562795 0.275391 0.559018 0.276367 0.558074 0.276367 0.550519 0.275391 0.549575
1 0.672852 0.538244 0.672852 0.544854 0.673828 0.545798 0.680664 0.545798 0.681641 0.544854 0.682617 0.544854 0.683594 0.543909 0.68457 0.543909 0.68457 0.538244
1 0.201172 0.554296 0.200195 0.555241 0.200195 0.556185 0.199219 0.557129 0.199219 0.558074 0.198242 0.559018 0.200195 0.560907 0.201172 0.560907 0.202148 0.561851 0.204102 0.561851 0.205078 0.560907 0.207031 0.560907 0.207031 0.554296
0 0.498047 0.833806 0.498047 0.84797 0.499023 0.848914 0.499023 0.849858 0.5 0.850803 0.5 0.852691 0.500977 0.853635 0.500977 0.855524 0.501953 0.856468 0.501953 0.858357 0.50293 0.859301 0.50293 0.863078 0.503906 0.864023 0.503906 0.866856 0.504883 0.8678 0.504883 0.868744 0.507812 0.871577 0.508789 0.871577 0.509766 0.872521 0.510742 0.872521 0.511719 0.873466 0.515625 0.873466 0.516602 0.872521 0.517578 0.872521 0.517578 0.871577 0.518555 0.870633 0.518555 0.866856 0.519531 0.865911 0.518555 0.864967 0.518555 0.864023 0.517578 0.863078 0.517578 0.862134 0.516602 0.86119 0.516602 0.860246 0.515625 0.859301 0.515625 0.858357 0.514648 0.857413 0.514648 0.856468 0.511719 0.853635 0.511719 0.852691 0.510742 0.851747 0.510742 0.84797 0.509766 0.847026 0.509766 0.846081 0.510742 0.845137 0.510742 0.843248 0.513672 0.840415 0.514648 0.840415 0.514648 0.839471 0.511719 0.836638 0.511719 0.835694 0.509766 0.833806
1 0.384766 0.842304 0.384766 0.851747 0.385742 0.852691 0.391602 0.852691 0.391602 0.851747 0.392578 0.850803 0.392578 0.849858 0.393555 0.848914 0.393555 0.842304
0 0.260742 0.90746 0.258789 0.909348 0.258789 0.91407 0.257812 0.915014 0.257812 0.928234 0.258789 0.929178 0.258789 0.931067 0.259766 0.932011 0.263672 0.932011 0.267578 0.928234 0.267578 0.92729 0.268555 0.926346 0.268555 0.925401 0.269531 0.924457 0.269531 0.923513 0.270508 0.922568 0.270508 0.921624 0.276367 0.915958 0.276367 0.911237 0.274414 0.909348 0.273438 0.909348 0.271484 0.911237 0.270508 0.911237 0.269531 0.912181 0.266602 0.912181 0.263672 0.909348 0.262695 0.909348
0 0.664062 0.216242 0.665039 0.217186 0.665039 0.219075 0.666016 0.220019 0.666016 0.220963 0.667969 0.222852 0.668945 0.222852 0.669922 0.223796 0.670898 0.223796 0.673828 0.226629 0.673828 0.227573 0.672852 0.228517 0.671875 0.228517 0.670898 0.229462 0.669922 0.229462 0.668945 0.230406 0.668945 0.23135 0.667969 0.232295 0.667969 0.233239 0.665039 0.236072 0.664062 0.236072 0.664062 0.25118 0.668945 0.25118 0.669922 0.250236 0.669922 0.249292 0.670898 0.248347 0.670898 0.247403 0.675781 0.242682 0.675781 0.241737 0.676758 0.240793 0.676758 0.239849 0.677734 0.238905 0.677734 0.222852 0.675781 0.220963 0.676758 0.220019 0.676758 0.217186 0.677734 0.216242
0 0.0664062 0 0.0664062 0.00377715 0.0654297 0.00472144 0.0654297 0.00566572 0.0634766 0.0075543 0.0634766 0.0122757 0.0644531 0.01322 0.0644531 0.0151086 0.0654297 0.0160529 0.0654297 0.0169972 0.0683594 0.01983 0.0693359 0.01983 0.0712891 0.0217186 0.078125 0.0217186 0.0791016 0.0207743 0.0800781 0.0207743 0.0839844 0.0169972 0.0859375 0.0169972 0.0869141 0.0160529 0.09375 0.0160529 0.0947266 0.0151086 0.0966797 0.0151086 0.0976562 0.0141643 0.0986328 0.0141643 0.0996094 0.01322 0.102539 0.01322 0.103516 0.0122757 0.110352 0.0122757 0.111328 0.0113314 0.118164 0.0113314 0.119141 0.0103872 0.121094 0.0103872 0.12207 0.00944287 0.12207 0.0075543 0.121094 0.00661001 0.120117 0.00661001 0.119141 0.00566572 0.118164 0.00566572 0.117188 0.00472144 0.116211 0.00472144 0.115234 0.00377715 0.114258 0.00377715 0.113281 0.00283286 0.113281 0 0.105469 0 0.105469 0.00283286 0.104492 0.00377715 0.101562 0.00377715 0.100586 0.00472144 0.0986328 0.00472144 0.0976562 0.00566572 0.0957031 0.00566572 0.0947266 0.00661001 0.0927734 0.00661001 0.0917969 0.0075543 0.0898438 0.0075543 0.0888672 0.00849858 0.0878906 0.00849858 0.0869141 0.00944287 0.0859375 0.00944287 0.0849609 0.00849858 0.0830078 0.00849858 0.0810547 0.00661001 0.0800781 0.00661001 0.0761719 0.00283286 0.0761719 0
0 0.441406 0.831917 0.44043 0.832861 0.44043 0.833806 0.441406 0.83475 0.442383 0.83475 0.443359 0.833806 0.444336 0.833806 0.443359 0.832861 0.442383 0.832861
1 0.870117 0.386213 0.870117 0.389991 0.871094 0.390935 0.871094 0.395656 0.87793 0.395656 0.87793 0.386213
0 0.291992 0.439093 0.291016 0.440038 0.290039 0.440038 0.290039 0.440982 0.289062 0.441926 0.289062 0.442871 0.28125 0.450425 0.280273 0.450425 0.27832 0.452314 0.277344 0.452314 0.273438 0.456091 0.272461 0.456091 0.271484 0.457035 0.270508 0.457035 0.270508 0.466478 0.271484 0.466478 0.272461 0.465534 0.273438 0.465534 0.274414 0.464589 0.274414 0.463645 0.277344 0.460812 0.279297 0.460812 0.280273 0.459868 0.286133 0.459868 0.287109 0.458924 0.292969 0.458924 0.297852 0.463645 0.297852 0.465534 0.298828 0.466478 0.298828 0.470255 0.299805 0.471199 0.299805 0.472144 0.298828 0.473088 0.298828 0.474032 0.299805 0.474032 0.299805 0.472144 0.301758 0.470255 0.302734 0.470255 0.303711 0.469311 0.305664 0.469311 0.308594 0.466478 0.30957 0.466478 0.30957 0.457035 0.308594 0.456091 0.308594 0.455146 0.307617 0.454202 0.307617 0.453258 0.305664 0.451369 0.305664 0.450425 0.303711 0.448536 0.303711 0.447592 0.302734 0.446648 0.302734 0.444759 0.301758 0.443815 0.301758 0.440982 0.299805 0.439093
0 0.755859 0.447592 0.755859 0.448536 0.753906 0.450425 0.753906 0.451369 0.751953 0.453258 0.751953 0.454202 0.750977 0.455146 0.750977 0.457035 0.75 0.457979 0.75 0.481586 0.750977 0.481586 0.750977 0.480642 0.751953 0.479698 0.751953 0.478754 0.753906 0.476865 0.754883 0.476865 0.755859 0.475921 0.756836 0.475921 0.757812 0.474976 0.757812 0.474032 0.758789 0.473088 0.758789 0.471199 0.759766 0.470255 0.759766 0.462701 0.758789 0.461756 0.758789 0.457979 0.760742 0.456091 0.760742 0.455146 0.764648 0.451369 0.767578 0.451369 0.768555 0.450425 0.769531 0.450425 0.770508 0.449481 0.772461 0.451369 0.772461 0.447592
0 0.745117 0.0122757 0.743164 0.0141643 0.743164 0.0151086 0.741211 0.0169972 0.740234 0.0169972 0.738281 0.0188857 0.738281 0.0273843 0.745117 0.0273843 0.746094 0.02644 0.74707 0.02644 0.748047 0.0254958 0.75 0.0254958 0.751953 0.0236072 0.75293 0.0236072 0.754883 0.0217186 0.755859 0.0217186 0.756836 0.0207743 0.757812 0.0207743 0.758789 0.01983 0.760742 0.01983 0.761719 0.0188857 0.763672 0.0188857 0.764648 0.0179415 0.765625 0.0179415 0.766602 0.0169972 0.766602 0.0122757
0 0.924805 0.912181 0.923828 0.913126 0.923828 0.915014 0.916992 0.921624 0.916992 0.922568 0.916016 0.923513 0.916016 0.924457 0.912109 0.928234 0.912109 0.929178 0.911133 0.930123 0.911133 0.931067 0.90918 0.932956 0.90918 0.9339 0.907227 0.935788 0.90625 0.935788 0.905273 0.936733 0.905273 0.937677 0.902344 0.94051 0.902344 0.941454 0.900391 0.943343 0.900391 0.955619 0.90625 0.949953 0.90625 0.949009 0.90918 0.946176 0.90918 0.945231 0.913086 0.941454 0.913086 0.94051 0.914062 0.939566 0.914062 0.938621 0.915039 0.937677 0.915039 0.936733 0.917969 0.9339 0.918945 0.9339 0.918945 0.932956 0.919922 0.932011 0.919922 0.931067 0.921875 0.929178 0.921875 0.928234 0.922852 0.92729 0.922852 0.926346 0.923828 0.925401 0.924805 0.925401 0.928711 0.921624 0.928711 0.919736 0.929688 0.918791 0.929688 0.917847 0.932617 0.915014 0.932617 0.912181
0 0.505859 0.750708 0.503906 0.752597 0.50293 0.752597 0.50293 0.75543 0.501953 0.756374 0.501953 0.759207 0.50293 0.760151 0.50293 0.761095 0.503906 0.76204 0.503906 0.762984 0.509766 0.76865 0.509766 0.769594 0.512695 0.772427 0.514648 0.772427 0.515625 0.773371 0.515625 0.778093 0.519531 0.78187 0.519531 0.782814 0.521484 0.784703 0.521484 0.785647 0.525391 0.789424 0.525391 0.790368 0.521484 0.794145 0.520508 0.794145 0.519531 0.79509 0.516602 0.79509 0.515625 0.796034 0.512695 0.796034 0.512695 0.796978 0.513672 0.797923 0.518555 0.797923 0.519531 0.798867 0.537109 0.798867 0.537109 0.790368 0.535156 0.78848 0.535156 0.787535 0.53418 0.786591 0.53418 0.784703 0.53125 0.78187 0.530273 0.78187 0.526367 0.778093 0.526367 0.777148 0.525391 0.776204 0.522461 0.776204 0.521484 0.77526 0.520508 0.77526 0.518555 0.773371 0.515625 0.773371 0.514648 0.772427 0.514648 0.771483 0.515625 0.770538 0.515625 0.769594 0.516602 0.76865 0.516602 0.767705 0.517578 0.766761 0.517578 0.763928 0.516602 0.762984 0.516602 0.76204 0.515625 0.761095 0.515625 0.760151 0.514648 0.759207 0.515625 0.758263 0.515625 0.75543 0.516602 0.754485 0.516602 0.753541 0.517578 0.752597 0.513672 0.752597 0.512695 0.751652 0.508789 0.751652 0.507812 0.750708
1 0.764648 0.696884 0.763672 0.697828 0.763672 0.70255 0.765625 0.704438 0.766602 0.704438 0.767578 0.705382 0.771484 0.705382 0.772461 0.704438 0.772461 0.696884
1 0.0576172 0.827195 0.0576172 0.848914 0.0693359 0.848914 0.0693359 0.84797 0.0712891 0.846081 0.0712891 0.845137 0.0732422 0.843248 0.0732422 0.842304 0.0742188 0.84136 0.0742188 0.840415 0.0751953 0.839471 0.0751953 0.827195 0.0683594 0.827195 0.0673828 0.82814 0.0644531 0.82814 0.0634766 0.829084 0.0625 0.829084 0.0615234 0.830028 0.0605469 0.830028 0.0585938 0.82814 0.0585938 0.827195
1 0.749023 0.840415 0.749023 0.848914 0.75 0.84797 0.750977 0.84797 0.757812 0.85458 0.759766 0.85458 0.760742 0.853635 0.763672 0.853635 0.766602 0.850803 0.766602 0.843248 0.765625 0.842304 0.755859 0.842304 0.753906 0.840415
0 0.790039 0.404155 0.786133 0.407932 0.786133 0.408876 0.785156 0.409821 0.78418 0.409821 0.782227 0.411709 0.78125 0.411709 0.779297 0.413598 0.779297 0.414542 0.777344 0.416431 0.776367 0.416431 0.775391 0.417375 0.773438 0.417375 0.772461 0.418319 0.771484 0.418319 0.769531 0.420208 0.768555 0.420208 0.767578 0.421152 0.767578 0.425873 0.777344 0.425873 0.779297 0.423985 0.780273 0.423985 0.78125 0.423041 0.782227 0.423041 0.78418 0.421152 0.78418 0.420208 0.790039 0.414542 0.790039 0.413598 0.791992 0.411709 0.791992 0.405099 0.791016 0.405099
0 0.413086 0.432483 0.413086 0.433428 0.412109 0.434372 0.412109 0.435316 0.40918 0.438149 0.40918 0.439093 0.408203 0.440038 0.408203 0.441926 0.407227 0.442871 0.407227 0.443815 0.40625 0.444759 0.405273 0.444759 0.404297 0.445704 0.40332 0.445704 0.402344 0.446648 0.402344 0.450425 0.413086 0.450425 0.415039 0.448536 0.416016 0.448536 0.416016 0.432483
1 0.731445 0.365439 0.731445 0.372049 0.732422 0.372049 0.733398 0.371105 0.735352 0.371105 0.736328 0.370161 0.738281 0.370161 0.739258 0.369216 0.739258 0.368272 0.740234 0.367328 0.740234 0.366383 0.741211 0.365439
1 0.178711 0.679887 0.181641 0.68272 0.181641 0.684608 0.175781 0.690274 0.175781 0.691218 0.174805 0.692162 0.174805 0.693107 0.173828 0.694051 0.173828 0.70916 0.183594 0.70916 0.183594 0.708215 0.18457 0.707271 0.18457 0.706327 0.185547 0.705382 0.185547 0.704438 0.186523 0.703494 0.186523 0.70255 0.1875 0.701605 0.1875 0.700661 0.189453 0.698772 0.189453 0.679887
0 0.814453 0.393768 0.811523 0.396601 0.811523 0.404155 0.8125 0.405099 0.8125 0.409821 0.811523 0.410765 0.811523 0.416431 0.8125 0.417375 0.8125 0.418319 0.813477 0.419263 0.814453 0.419263 0.81543 0.420208 0.817383 0.418319 0.817383 0.417375 0.818359 0.416431 0.818359 0.415486 0.819336 0.414542 0.819336 0.412653 0.820312 0.411709 0.820312 0.409821 0.821289 0.408876 0.821289 0.407932 0.822266 0.406988 0.822266 0.393768
1 0.43457 0.565628 0.433594 0.566572 0.432617 0.566572 0.430664 0.568461 0.430664 0.570349 0.429688 0.571294 0.429688 0.572238 0.430664 0.573182 0.430664 0.577904 0.431641 0.577904 0.432617 0.578848 0.438477 0.578848 0.439453 0.577904 0.44043 0.577904 0.441406 0.576959 0.441406 0.576015 0.442383 0.575071 0.442383 0.565628
0 0.0419922 0.564684 0.0419922 0.572238 0.0410156 0.573182 0.0410156 0.582625 0.0400391 0.583569 0.0400391 0.590179 0.0390625 0.591124 0.0390625 0.592068 0.0380859 0.593012 0.0380859 0.593957 0.0371094 0.594901 0.0371094 0.625118 0.0507812 0.625118 0.0507812 0.564684
0 0.0351562 0.446648 0.0341797 0.447592 0.0341797 0.448536 0.0332031 0.449481 0.0332031 0.451369 0.0322266 0.452314 0.0322266 0.455146 0.03125 0.456091 0.03125 0.459868 0.0322266 0.460812 0.0322266 0.462701 0.0332031 0.463645 0.0332031 0.464589 0.0351562 0.466478 0.0371094 0.466478 0.0380859 0.467422 0.0390625 0.467422 0.0400391 0.468366 0.0449219 0.468366 0.0458984 0.467422 0.0458984 0.457979 0.0449219 0.457035 0.0449219 0.455146 0.0439453 0.454202 0.0439453 0.446648
0 0.487305 0.000944287 0.487305 0.00661001 0.489258 0.00849858 0.492188 0.00849858 0.493164 0.00944287 0.499023 0.00944287 0.5 0.0103872 0.512695 0.0103872 0.513672 0.00944287 0.513672 0.000944287
0 0.305664 0.285175 0.305664 0.291785 0.306641 0.291785 0.310547 0.295562 0.310547 0.296506 0.316406 0.302172 0.316406 0.306893 0.317383 0.307838 0.317383 0.309726 0.319336 0.311615 0.320312 0.31067 0.323242 0.31067 0.324219 0.309726 0.325195 0.309726 0.325195 0.308782 0.326172 0.307838 0.326172 0.300283 0.324219 0.298395 0.324219 0.29745 0.323242 0.296506 0.323242 0.295562 0.316406 0.288952 0.316406 0.288008 0.314453 0.286119 0.314453 0.285175
1 0.260742 0.711992 0.261719 0.712937 0.261719 0.713881 0.262695 0.714825 0.262695 0.71577 0.263672 0.716714 0.263672 0.718602 0.264648 0.719547 0.264648 0.721435 0.267578 0.724268 0.268555 0.724268 0.269531 0.723324 0.270508 0.723324 0.270508 0.714825 0.269531 0.713881 0.269531 0.712937 0.268555 0.711992
0 0.233398 0.922568 0.233398 0.930123 0.234375 0.931067 0.235352 0.931067 0.236328 0.932011 0.238281 0.932011 0.239258 0.932956 0.241211 0.932956 0.242188 0.932011 0.242188 0.922568
1 0.555664 0.535411 0.555664 0.542021 0.556641 0.542965 0.55957 0.542965 0.560547 0.542021 0.563477 0.542021 0.563477 0.535411
1 0.176758 0.438149 0.177734 0.439093 0.178711 0.438149 0.182617 0.438149 0.18457 0.440038 0.18457 0.441926 0.185547 0.442871 0.185547 0.448536 0.18457 0.449481 0.18457 0.451369 0.180664 0.455146 0.179688 0.455146 0.177734 0.457035 0.176758 0.457035 0.174805 0.458924 0.175781 0.459868 0.175781 0.461756 0.178711 0.464589 0.189453 0.464589 0.192383 0.461756 0.192383 0.438149
1 0.601562 0.347498 0.601562 0.354108 0.602539 0.355052 0.607422 0.355052 0.608398 0.355996 0.616211 0.355996 0.617188 0.355052 0.617188 0.347498
1 0.105469 0.598678 0.105469 0.602455 0.106445 0.602455 0.107422 0.603399 0.108398 0.603399 0.109375 0.604344 0.110352 0.604344 0.111328 0.605288 0.113281 0.605288 0.113281 0.598678
0 0.0654297 0.000944287 0.0654297 0.00283286 0.0644531 0.00377715 0.0644531 0.00566572 0.0634766 0.00661001 0.0634766 0.00849858 0.0625 0.00944287 0.0625 0.0113314 0.0634766 0.0122757 0.0634766 0.0151086 0.0625 0.0160529 0.0625 0.0217186 0.0615234 0.0226629 0.0615234 0.0254958 0.0605469 0.02644 0.0605469 0.0311615 0.0595703 0.0321058 0.0595703 0.0349386 0.0556641 0.0387158 0.0654297 0.0387158 0.0673828 0.0368272 0.0673828 0.0339943 0.0683594 0.03305 0.0683594 0.0311615 0.0693359 0.0302172 0.0693359 0.0283286 0.0703125 0.0273843 0.0703125 0.02644 0.0742188 0.0226629 0.0751953 0.0226629 0.0761719 0.0217186 0.0800781 0.0217186 0.0810547 0.0207743 0.0820312 0.0207743 0.0849609 0.0179415 0.0859375 0.0179415 0.0869141 0.0169972 0.0898438 0.0169972 0.0908203 0.0160529 0.0947266 0.0160529 0.0957031 0.0151086 0.0986328 0.0151086 0.0996094 0.0141643 0.100586 0.0141643 0.101562 0.01322 0.103516 0.01322 0.104492 0.0122757 0.109375 0.0122757 0.110352 0.0113314 0.114258 0.0113314 0.115234 0.0103872 0.115234 0.000944287 0.104492 0.000944287 0.104492 0.00188857 0.102539 0.00377715 0.100586 0.00377715 0.0996094 0.00472144 0.0976562 0.00472144 0.0966797 0.00566572 0.09375 0.00566572 0.0927734 0.00661001 0.0888672 0.00661001 0.0878906 0.0075543 0.0800781 0.0075543 0.0791016 0.00661001 0.0791016 0.00566572 0.078125 0.00472144 0.078125 0.000944287
0 0.464844 0.864967 0.464844 0.877243 0.46582 0.878187 0.466797 0.878187 0.467773 0.879131 0.47168 0.879131 0.472656 0.880076 0.473633 0.880076 0.476562 0.877243 0.477539 0.877243 0.478516 0.876298 0.479492 0.876298 0.480469 0.875354 0.481445 0.876298 0.484375 0.876298 0.485352 0.877243 0.486328 0.877243 0.488281 0.879131 0.488281 0.880076 0.489258 0.880076 0.492188 0.882908 0.493164 0.882908 0.493164 0.88102 0.494141 0.880076 0.494141 0.870633 0.492188 0.868744 0.491211 0.868744 0.489258 0.866856 0.488281 0.866856 0.486328 0.864967
1 0.0458984 0.338999 0.0458984 0.347498 0.0488281 0.350331 0.0488281 0.351275 0.0498047 0.352219 0.0488281 0.353163 0.0488281 0.354108 0.0478516 0.355052 0.046875 0.355052 0.0458984 0.355996 0.0585938 0.355996 0.0585938 0.338999
1 0.0791016 0.703494 0.0771484 0.705382 0.0761719 0.705382 0.0751953 0.706327 0.0732422 0.706327 0.0722656 0.707271 0.0712891 0.707271 0.0693359 0.70916 0.0703125 0.710104 0.0703125 0.712937 0.0712891 0.713881 0.0712891 0.71577 0.0751953 0.71577 0.0761719 0.714825 0.0761719 0.713881 0.0771484 0.712937 0.078125 0.712937 0.0800781 0.711048 0.0810547 0.711048 0.0820312 0.710104 0.0830078 0.710104 0.0830078 0.703494
1 0.000976562 0.336166 0.000976562 0.371105 0.0146484 0.371105 0.0136719 0.370161 0.0136719 0.368272 0.0126953 0.367328 0.0126953 0.359773 0.015625 0.356941 0.015625 0.355996 0.0175781 0.354108 0.0175781 0.336166
1 0.793945 0.534467 0.792969 0.535411 0.792969 0.536355 0.791992 0.537299 0.791992 0.538244 0.791016 0.539188 0.791016 0.541076 0.791992 0.542021 0.791992 0.542965 0.792969 0.543909 0.792969 0.544854 0.793945 0.545798 0.793945 0.546742 0.797852 0.546742 0.801758 0.542965 0.801758 0.534467
1 0.740234 0.0519358 0.740234 0.0538244 0.739258 0.0547686 0.739258 0.0651558 0.740234 0.0661001 0.741211 0.0661001 0.742188 0.0670444 0.74707 0.0670444 0.748047 0.0661001 0.75 0.0661001 0.751953 0.0642115 0.751953 0.0632672 0.75293 0.0623229 0.75293 0.0613787 0.753906 0.0604344 0.753906 0.0547686 0.75293 0.0538244 0.75293 0.0519358
1 0.148438 0.31067 0.147461 0.311615 0.147461 0.313503 0.146484 0.314448 0.146484 0.315392 0.148438 0.31728 0.148438 0.318225 0.150391 0.320113 0.150391 0.321058 0.151367 0.322002 0.15625 0.322002 0.15625 0.31067
0 0.0800781 0.116147 0.0791016 0.117092 0.0732422 0.117092 0.0722656 0.118036 0.0703125 0.118036 0.0703125 0.127479 0.0712891 0.128423 0.0712891 0.130312 0.0722656 0.131256 0.0722656 0.137866 0.0712891 0.13881 0.0712891 0.150142 0.0722656 0.151086 0.0722656 0.154863 0.0732422 0.155807 0.0732422 0.156752 0.0742188 0.157696 0.0742188 0.15864 0.0751953 0.159585 0.0751953 0.160529 0.0771484 0.162417 0.078125 0.162417 0.0800781 0.164306 0.0820312 0.164306 0.0830078 0.163362 0.0849609 0.163362 0.0869141 0.161473 0.0869141 0.159585 0.0878906 0.15864 0.0878906 0.141643 0.0888672 0.140699 0.0888672 0.11898 0.0869141 0.117092 0.0820312 0.117092 0.0810547 0.116147
0 0.0136719 0 0.0136719 0.0207743 0.0166016 0.0207743 0.0185547 0.0188857 0.0195312 0.0188857 0.0205078 0.0179415 0.0214844 0.0179415 0.0244141 0.0151086 0.0244141 0.0141643 0.0253906 0.01322 0.0253906 0.0122757 0.0263672 0.0113314 0.0263672 0.0103872 0.0292969 0.0075543 0.0292969 0.00661001 0.0322266 0.00377715 0.0322266 0
1 0.0976562 0.17186 0.0957031 0.173749 0.0957031 0.174693 0.0927734 0.177526 0.0927734 0.186025 0.100586 0.186025 0.100586 0.18508 0.0996094 0.184136 0.100586 0.183192 0.101562 0.183192 0.102539 0.182247 0.102539 0.17186
1 0.53125 0.708215 0.53125 0.719547 0.533203 0.719547 0.53418 0.718602 0.535156 0.718602 0.536133 0.717658 0.537109 0.717658 0.538086 0.716714 0.540039 0.716714 0.540039 0.708215
1 0.177734 0.333333 0.177734 0.338055 0.178711 0.338999 0.178711 0.340888 0.179688 0.341832 0.179688 0.342776 0.180664 0.342776 0.181641 0.34372 0.188477 0.34372 0.189453 0.342776 0.189453 0.333333
0 0.0976562 0.380548 0.0976562 0.382436 0.0986328 0.383381 0.0986328 0.386213 0.0996094 0.387158 0.0996094 0.389046 0.100586 0.389991 0.0996094 0.390935 0.0996094 0.391879 0.0986328 0.392823 0.0986328 0.393768 0.0976562 0.394712 0.0976562 0.395656 0.0966797 0.396601 0.0966797 0.397545 0.111328 0.397545 0.111328 0.381492 0.110352 0.380548
0 0.211914 0.482531 0.210938 0.483475 0.210938 0.491974 0.211914 0.492918 0.211914 0.495751 0.212891 0.496695 0.212891 0.500472 0.213867 0.501416 0.213867 0.507082 0.214844 0.508026 0.214844 0.509915 0.213867 0.510859 0.213867 0.514636 0.212891 0.515581 0.212891 0.518414 0.21875 0.518414 0.21875 0.482531
1 0.208008 0.749764 0.207031 0.750708 0.203125 0.750708 0.200195 0.753541 0.200195 0.758263 0.199219 0.759207 0.199219 0.760151 0.196289 0.762984 0.196289 0.774315 0.205078 0.774315 0.206055 0.773371 0.206055 0.772427 0.207031 0.771483 0.207031 0.769594 0.208008 0.76865 0.208008 0.766761 0.208984 0.765817 0.208984 0.749764
1 0.259766 0.0434372 0.258789 0.0443815 0.255859 0.0443815 0.254883 0.0453258 0.253906 0.0453258 0.25293 0.0462701 0.251953 0.0462701 0.25 0.0481586 0.249023 0.0481586 0.24707 0.0500472 0.246094 0.0500472 0.245117 0.0509915 0.245117 0.0679887 0.255859 0.0679887 0.256836 0.0670444 0.257812 0.0670444 0.258789 0.0661001 0.259766 0.0661001 0.261719 0.0642115 0.261719 0.0632672 0.262695 0.0623229 0.262695 0.0613787 0.263672 0.0604344 0.263672 0.0594901 0.264648 0.0585458 0.264648 0.0528801 0.265625 0.0519358 0.265625 0.0472144 0.266602 0.0462701 0.265625 0.0462701 0.263672 0.0443815 0.261719 0.0443815 0.260742 0.0434372
1 0.521484 0.416431 0.521484 0.427762 0.523438 0.429651 0.524414 0.429651 0.525391 0.430595 0.532227 0.430595 0.533203 0.429651 0.53418 0.429651 0.536133 0.427762 0.536133 0.417375 0.535156 0.416431
1 0.0546875 0.419263 0.0546875 0.429651 0.0566406 0.429651 0.0576172 0.430595 0.0673828 0.430595 0.0673828 0.419263
0 0.804688 0.164306 0.804688 0.175637 0.806641 0.175637 0.808594 0.173749 0.810547 0.173749 0.811523 0.172805 0.81543 0.172805 0.817383 0.170916 0.817383 0.169972 0.818359 0.169027 0.818359 0.168083 0.820312 0.166195 0.820312 0.164306
1 0.425781 0.0122757 0.425781 0.0179415 0.424805 0.0188857 0.424805 0.01983 0.423828 0.0207743 0.423828 0.0245515 0.424805 0.0245515 0.426758 0.0226629 0.429688 0.0226629 0.430664 0.0217186 0.43457 0.0217186 0.43457 0.0207743 0.433594 0.01983 0.433594 0.0179415 0.432617 0.0169972 0.432617 0.0122757
1 0.0996094 0.509915 0.0976562 0.511804 0.0976562 0.512748 0.0966797 0.513692 0.0966797 0.517469 0.0957031 0.518414 0.0957031 0.521246 0.0996094 0.525024 0.100586 0.524079 0.101562 0.524079 0.103516 0.522191 0.103516 0.521246 0.104492 0.520302 0.104492 0.518414 0.105469 0.517469 0.105469 0.513692 0.104492 0.512748 0.104492 0.511804 0.103516 0.510859 0.102539 0.510859 0.101562 0.509915
0 0.583008 0.935788 0.577148 0.941454 0.576172 0.941454 0.574219 0.943343 0.573242 0.943343 0.572266 0.944287 0.571289 0.944287 0.570312 0.945231 0.568359 0.945231 0.567383 0.946176 0.56543 0.946176 0.563477 0.948064 0.563477 0.956563 0.576172 0.956563 0.576172 0.95373 0.578125 0.951841 0.581055 0.951841 0.582031 0.950897 0.586914 0.950897 0.587891 0.949953 0.587891 0.949009 0.588867 0.948064 0.588867 0.945231 0.589844 0.944287 0.589844 0.943343 0.59082 0.942398 0.59082 0.94051 0.591797 0.939566 0.591797 0.938621 0.594727 0.935788
1 0.583008 0.249292 0.583008 0.255902 0.583984 0.256846 0.584961 0.256846 0.585938 0.25779 0.586914 0.25779 0.589844 0.260623 0.59082 0.259679 0.59082 0.258735 0.591797 0.25779 0.591797 0.249292
1 0.157227 0.910293 0.15625 0.911237 0.155273 0.911237 0.154297 0.912181 0.15332 0.912181 0.151367 0.91407 0.150391 0.91407 0.149414 0.915014 0.149414 0.915958 0.150391 0.916903 0.150391 0.917847 0.151367 0.918791 0.151367 0.919736 0.152344 0.92068 0.152344 0.922568 0.15332 0.923513 0.15332 0.925401 0.154297 0.926346 0.154297 0.92729 0.155273 0.928234 0.15625 0.928234 0.157227 0.929178 0.158203 0.928234 0.15918 0.928234 0.161133 0.926346 0.162109 0.926346 0.162109 0.910293
1 0.210938 0.820585 0.210938 0.824363 0.21582 0.824363 0.216797 0.823418 0.219727 0.823418 0.220703 0.822474 0.22168 0.822474 0.22168 0.820585
0 0.679688 0.767705 0.678711 0.76865 0.678711 0.770538 0.677734 0.771483 0.677734 0.778093 0.676758 0.779037 0.676758 0.780925 0.675781 0.78187 0.675781 0.783758 0.672852 0.786591 0.672852 0.8017 0.673828 0.802644 0.675781 0.802644 0.676758 0.803588 0.681641 0.803588 0.685547 0.799811 0.685547 0.798867 0.686523 0.797923 0.686523 0.77526 0.685547 0.774315 0.685547 0.773371 0.683594 0.771483 0.683594 0.770538 0.680664 0.767705
1 0.730469 0.72899 0.726562 0.732767 0.726562 0.736544 0.727539 0.737488 0.727539 0.739377 0.731445 0.743154 0.738281 0.743154 0.739258 0.74221 0.742188 0.74221 0.744141 0.740321 0.745117 0.740321 0.745117 0.739377 0.74707 0.737488 0.74707 0.72899
0 0.800781 0.631728 0.800781 0.639282 0.801758 0.640227 0.800781 0.641171 0.800781 0.642115 0.798828 0.644004 0.796875 0.644004 0.794922 0.645892 0.792969 0.645892 0.791992 0.646837 0.790039 0.646837 0.789062 0.647781 0.789062 0.648725 0.788086 0.64967 0.788086 0.650614 0.786133 0.652502 0.786133 0.653447 0.783203 0.65628 0.783203 0.657224 0.782227 0.658168 0.782227 0.659112 0.78125 0.660057 0.78125 0.661001 0.780273 0.661945 0.780273 0.66289 0.77832 0.664778 0.77832 0.665722 0.776367 0.667611 0.775391 0.667611 0.774414 0.668555 0.774414 0.6695 0.773438 0.670444 0.773438 0.672332 0.769531 0.67611 0.769531 0.681775 0.770508 0.68272 0.770508 0.683664 0.770508 0.68272 0.771484 0.681775 0.771484 0.679887 0.773438 0.677998 0.773438 0.677054 0.775391 0.675165 0.776367 0.675165 0.777344 0.674221 0.777344 0.673277 0.779297 0.671388 0.779297 0.670444 0.78125 0.668555 0.783203 0.668555 0.78418 0.667611 0.78418 0.666667 0.786133 0.664778 0.786133 0.663834 0.791016 0.659112 0.791016 0.658168 0.791992 0.657224 0.791992 0.655335 0.792969 0.654391 0.792969 0.653447 0.793945 0.652502 0.793945 0.650614 0.797852 0.646837 0.799805 0.646837 0.800781 0.645892 0.802734 0.645892 0.802734 0.642115 0.803711 0.641171 0.803711 0.640227 0.806641 0.637394 0.807617 0.637394 0.808594 0.636449 0.80957 0.636449 0.810547 0.635505 0.811523 0.635505 0.8125 0.634561 0.814453 0.634561 0.81543 0.633617 0.816406 0.633617 0.817383 0.632672 0.818359 0.632672 0.819336 0.631728
0 0.136719 0.8678 0.136719 0.871577 0.135742 0.872521 0.135742 0.87441 0.133789 0.876298 0.133789 0.877243 0.132812 0.878187 0.135742 0.88102 0.136719 0.88102 0.137695 0.881964 0.140625 0.879131 0.140625 0.878187 0.143555 0.875354 0.146484 0.875354 0.148438 0.877243 0.148438 0.880076 0.147461 0.88102 0.147461 0.883853 0.146484 0.884797 0.146484 0.885741 0.145508 0.886686 0.144531 0.886686 0.143555 0.88763 0.141602 0.88763 0.141602 0.888574 0.140625 0.889518 0.140625 0.891407 0.141602 0.892351 0.141602 0.893296 0.146484 0.893296 0.147461 0.892351 0.148438 0.892351 0.149414 0.891407 0.150391 0.891407 0.152344 0.889518 0.152344 0.888574 0.15332 0.88763 0.15332 0.8678
0 0.352539 0.156752 0.352539 0.170916 0.353516 0.17186 0.353516 0.175637 0.354492 0.176582 0.354492 0.186969 0.353516 0.187913 0.353516 0.188857 0.352539 0.189802 0.352539 0.190746 0.354492 0.192635 0.355469 0.192635 0.356445 0.193579 0.358398 0.193579 0.359375 0.194523 0.360352 0.194523 0.361328 0.195467 0.361328 0.196412 0.368164 0.196412 0.368164 0.192635 0.367188 0.192635 0.366211 0.19169 0.365234 0.19169 0.364258 0.190746 0.367188 0.187913 0.367188 0.186969 0.368164 0.186025 0.368164 0.162417 0.367188 0.162417 0.366211 0.161473 0.365234 0.161473 0.363281 0.159585 0.363281 0.157696 0.364258 0.156752
0 0.0078125 0.483475 0.00585938 0.485364 0.00585938 0.486308 0.00390625 0.488196 0.00390625 0.490085 0.00292969 0.491029 0.000976562 0.491029 0.000976562 0.524079 0.00488281 0.524079 0.00488281 0.520302 0.00585938 0.519358 0.00585938 0.518414 0.00878906 0.515581 0.00878906 0.513692 0.0078125 0.512748 0.0078125 0.507082 0.00878906 0.506138 0.00878906 0.505194 0.00976562 0.504249 0.00976562 0.503305 0.0126953 0.500472 0.0136719 0.500472 0.0166016 0.497639 0.0166016 0.483475
0 0.388672 0.798867 0.388672 0.829084 0.390625 0.829084 0.391602 0.830028 0.402344 0.830028 0.40332 0.829084 0.408203 0.829084 0.40918 0.82814 0.410156 0.82814 0.411133 0.827195 0.411133 0.826251 0.416016 0.82153 0.416016 0.820585 0.416992 0.819641 0.416992 0.798867 0.391602 0.798867 0.389648 0.800755 0.388672 0.799811
0 0.583008 0.10576 0.581055 0.107649 0.580078 0.107649 0.579102 0.108593 0.579102 0.109537 0.578125 0.110482 0.577148 0.110482 0.576172 0.111426 0.576172 0.123702 0.581055 0.123702 0.581055 0.121813 0.583008 0.119924 0.584961 0.119924 0.586914 0.118036 0.586914 0.116147 0.587891 0.115203 0.587891 0.114259 0.588867 0.113314 0.595703 0.113314 0.595703 0.10576
1 0.833984 0.0122757 0.833984 0.01322 0.833008 0.0141643 0.828125 0.0141643 0.827148 0.0151086 0.826172 0.0151086 0.827148 0.0160529 0.831055 0.0160529 0.832031 0.0151086 0.833984 0.0151086
1 0.56543 0.408876 0.564453 0.409821 0.563477 0.409821 0.561523 0.411709 0.560547 0.411709 0.55957 0.412653 0.557617 0.412653 0.556641 0.413598 0.555664 0.413598 0.555664 0.421152 0.5625 0.421152 0.563477 0.420208 0.564453 0.420208 0.56543 0.419263 0.569336 0.419263 0.570312 0.418319 0.573242 0.418319 0.574219 0.417375 0.577148 0.417375 0.577148 0.408876
1 0.306641 0.117092 0.305664 0.118036 0.305664 0.130312 0.310547 0.130312 0.311523 0.129367 0.313477 0.129367 0.316406 0.126534 0.316406 0.117092
1 0.157227 0.418319 0.155273 0.420208 0.155273 0.422096 0.15332 0.423985 0.15332 0.424929 0.150391 0.427762 0.150391 0.431539 0.149414 0.432483 0.149414 0.434372 0.150391 0.435316 0.162109 0.435316 0.162109 0.422096 0.158203 0.418319
0 0.458984 0.629839 0.458984 0.634561 0.459961 0.635505 0.460938 0.635505 0.461914 0.636449 0.461914 0.637394 0.462891 0.638338 0.462891 0.639282 0.463867 0.640227 0.463867 0.642115 0.464844 0.643059 0.464844 0.644948 0.46582 0.645892 0.46582 0.648725 0.469727 0.648725 0.469727 0.629839
0 0.647461 0.738432 0.646484 0.739377 0.645508 0.739377 0.643555 0.741265 0.643555 0.74221 0.641602 0.744098 0.641602 0.745043 0.640625 0.745987 0.652344 0.745987 0.652344 0.743154 0.651367 0.743154 0.649414 0.741265 0.649414 0.740321
0 0.262695 0.0103872 0.262695 0.0141643 0.259766 0.0169972 0.258789 0.0169972 0.255859 0.01983 0.255859 0.0207743 0.253906 0.0226629 0.25293 0.0226629 0.250977 0.0245515 0.25 0.0245515 0.248047 0.02644 0.246094 0.02644 0.245117 0.0273843 0.243164 0.0273843 0.242188 0.0283286 0.240234 0.0283286 0.239258 0.0292729 0.237305 0.0292729 0.236328 0.0302172 0.233398 0.0302172 0.232422 0.0311615 0.230469 0.0311615 0.229492 0.0321058 0.227539 0.0321058 0.226562 0.0311615 0.226562 0.0349386 0.255859 0.0349386 0.257812 0.03305 0.258789 0.03305 0.260742 0.0311615 0.261719 0.0311615 0.262695 0.0302172
1 0.475586 0.600567 0.475586 0.607177 0.476562 0.608121 0.476562 0.610009 0.477539 0.610954 0.477539 0.611898 0.478516 0.612842 0.479492 0.612842 0.480469 0.613787 0.481445 0.612842 0.484375 0.612842 0.485352 0.611898 0.487305 0.611898 0.489258 0.610009 0.489258 0.600567
0 0.878906 0.135977 0.878906 0.154863 0.880859 0.156752 0.880859 0.159585 0.881836 0.160529 0.881836 0.161473 0.882812 0.161473 0.883789 0.162417 0.886719 0.162417 0.888672 0.160529 0.888672 0.159585 0.889648 0.15864 0.889648 0.157696 0.890625 0.156752 0.890625 0.155807 0.891602 0.154863 0.891602 0.153919 0.892578 0.152975 0.892578 0.135977
0 0.0830078 0.675165 0.0820312 0.67611 0.0820312 0.677998 0.0800781 0.679887 0.0800781 0.690274 0.0820312 0.690274 0.0839844 0.688385 0.0849609 0.688385 0.0859375 0.687441 0.0898438 0.687441 0.0908203 0.688385 0.09375 0.688385 0.0957031 0.690274 0.106445 0.690274 0.107422 0.68933 0.107422 0.68272 0.106445 0.681775 0.101562 0.681775 0.100586 0.68272 0.0996094 0.68272 0.0986328 0.681775 0.0976562 0.681775 0.0966797 0.680831 0.0957031 0.680831 0.0947266 0.679887 0.09375 0.679887 0.0917969 0.677998 0.0917969 0.67611 0.0908203 0.675165
1 0.368164 0.720491 0.367188 0.721435 0.367188 0.723324 0.366211 0.724268 0.366211 0.729934 0.374023 0.729934 0.375 0.72899 0.375 0.727101 0.375977 0.726157 0.375977 0.720491
0 0.772461 0.262512 0.770508 0.2644 0.770508 0.27101 0.769531 0.271955 0.769531 0.272899 0.768555 0.273843 0.768555 0.274788 0.767578 0.275732 0.767578 0.312559 0.768555 0.311615 0.770508 0.311615 0.771484 0.31067 0.774414 0.31067 0.775391 0.309726 0.782227 0.309726 0.783203 0.308782 0.786133 0.311615 0.786133 0.312559 0.787109 0.313503 0.787109 0.314448 0.795898 0.314448 0.795898 0.312559 0.796875 0.311615 0.796875 0.309726 0.797852 0.308782 0.797852 0.306893 0.796875 0.305949 0.796875 0.303116 0.795898 0.302172 0.792969 0.305005 0.791992 0.305005 0.791016 0.305949 0.790039 0.305949 0.789062 0.306893 0.785156 0.306893 0.78418 0.307838 0.783203 0.307838 0.782227 0.306893 0.782227 0.305949 0.78125 0.305005 0.78125 0.302172 0.779297 0.300283 0.779297 0.299339 0.77832 0.298395 0.77832 0.29745 0.777344 0.296506 0.777344 0.294618 0.776367 0.293673 0.776367 0.288952 0.777344 0.288008 0.777344 0.287063 0.779297 0.285175 0.779297 0.28423 0.780273 0.283286 0.780273 0.282342 0.78125 0.281398 0.78125 0.280453 0.782227 0.279509 0.782227 0.278565 0.783203 0.27762 0.783203 0.275732 0.787109 0.271955 0.789062 0.271955 0.790039 0.27101 0.789062 0.27101 0.788086 0.270066 0.787109 0.270066 0.783203 0.266289 0.783203 0.265345 0.782227 0.2644 0.78125 0.2644 0.779297 0.262512
1 0.248047 0.215297 0.24707 0.216242 0.246094 0.216242 0.244141 0.21813 0.244141 0.219075 0.243164 0.220019 0.243164 0.225685 0.242188 0.226629 0.242188 0.227573 0.243164 0.228517 0.243164 0.229462 0.244141 0.230406 0.244141 0.23135 0.245117 0.232295 0.245117 0.233239 0.25 0.233239 0.250977 0.232295 0.250977 0.23135 0.25293 0.229462 0.25293 0.215297
1 0.832031 0.119924 0.832031 0.126534 0.834961 0.126534 0.836914 0.124646 0.836914 0.123702 0.838867 0.121813 0.838867 0.119924
0 0.678711 0.579792 0.676758 0.581681 0.676758 0.585458 0.675781 0.586402 0.675781 0.588291 0.674805 0.589235 0.674805 0.590179 0.673828 0.591124 0.672852 0.591124 0.671875 0.592068 0.669922 0.592068 0.668945 0.593012 0.666016 0.593012 0.665039 0.593957 0.663086 0.593957 0.662109 0.594901 0.661133 0.594901 0.660156 0.595845 0.660156 0.596789 0.661133 0.597734 0.662109 0.597734 0.663086 0.598678 0.674805 0.598678 0.675781 0.597734 0.676758 0.597734 0.678711 0.595845
0 0.526367 0.793201 0.526367 0.813975 0.527344 0.81492 0.527344 0.819641 0.52832 0.820585 0.52832 0.824363 0.529297 0.825307 0.529297 0.82814 0.530273 0.829084 0.530273 0.830028 0.53125 0.830973 0.551758 0.830973 0.552734 0.830028 0.552734 0.829084 0.553711 0.82814 0.553711 0.827195 0.551758 0.825307 0.550781 0.825307 0.549805 0.826251 0.548828 0.826251 0.546875 0.82814 0.545898 0.82814 0.544922 0.829084 0.543945 0.829084 0.542969 0.82814 0.541992 0.82814 0.540039 0.826251 0.539062 0.826251 0.537109 0.824363 0.537109 0.822474 0.536133 0.82153 0.536133 0.807365 0.537109 0.806421 0.537109 0.803588 0.538086 0.802644 0.538086 0.793201
1 0.521484 0.470255 0.522461 0.470255 0.525391 0.473088 0.525391 0.472144 0.527344 0.470255
1 0.131836 0.559018 0.130859 0.559962 0.129883 0.559962 0.128906 0.560907 0.126953 0.560907 0.125977 0.561851 0.124023 0.561851 0.12207 0.563739 0.12207 0.566572 0.121094 0.567517 0.121094 0.569405 0.120117 0.570349 0.120117 0.572238 0.121094 0.573182 0.121094 0.574127 0.123047 0.576015 0.124023 0.576015 0.125 0.576959 0.125977 0.576959 0.126953 0.576015 0.128906 0.576015 0.129883 0.575071 0.131836 0.575071 0.133789 0.573182 0.133789 0.559962 0.132812 0.559962
1 0.651367 0.547687 0.649414 0.549575 0.648438 0.549575 0.642578 0.555241 0.642578 0.562795 0.651367 0.562795 0.652344 0.561851 0.65332 0.561851 0.655273 0.559962 0.655273 0.559018 0.657227 0.557129 0.657227 0.556185 0.658203 0.555241 0.658203 0.547687
0 0.705078 0.391879 0.705078 0.392823 0.704102 0.393768 0.704102 0.396601 0.703125 0.397545 0.703125 0.398489 0.702148 0.399433 0.702148 0.400378 0.701172 0.401322 0.701172 0.402266 0.700195 0.403211 0.700195 0.404155 0.696289 0.407932 0.696289 0.408876 0.695312 0.409821 0.695312 0.414542 0.702148 0.414542 0.704102 0.412653 0.705078 0.412653 0.708984 0.408876 0.708984 0.407932 0.709961 0.406988 0.709961 0.406043 0.710938 0.405099 0.710938 0.391879
0 0.728516 0.633617 0.722656 0.639282 0.722656 0.640227 0.72168 0.641171 0.72168 0.642115 0.720703 0.643059 0.720703 0.646837 0.728516 0.646837 0.730469 0.644948 0.731445 0.644948 0.734375 0.642115 0.735352 0.642115 0.736328 0.641171 0.737305 0.641171 0.738281 0.640227 0.738281 0.633617
0 0.000976562 0.69594 0.000976562 0.723324 0.0117188 0.723324 0.0117188 0.72238 0.0126953 0.721435 0.0126953 0.711992 0.00976562 0.70916 0.00976562 0.708215 0.0107422 0.707271 0.0107422 0.705382 0.0117188 0.704438 0.0117188 0.698772 0.0126953 0.697828 0.0126953 0.69594
0 0.00976562 0.632672 0.00878906 0.633617 0.0078125 0.633617 0.00683594 0.634561 0.00683594 0.637394 0.00292969 0.641171 0.000976562 0.641171 0.000976562 0.672332 0.00488281 0.672332 0.00585938 0.673277 0.0078125 0.673277 0.00878906 0.674221 0.00976562 0.674221 0.0107422 0.675165 0.0107422 0.67611 0.0126953 0.677998 0.0136719 0.677998 0.0175781 0.681775 0.0292969 0.681775 0.0332031 0.677998 0.0341797 0.677998 0.0361328 0.67611 0.0361328 0.675165 0.0380859 0.673277 0.0380859 0.672332 0.0390625 0.671388 0.0390625 0.6695 0.0400391 0.668555 0.0400391 0.666667 0.0410156 0.665722 0.0410156 0.65628 0.0400391 0.65628 0.0380859 0.654391 0.0361328 0.654391 0.0351562 0.653447 0.0341797 0.654391 0.0341797 0.655335 0.0332031 0.65628 0.0332031 0.657224 0.0322266 0.658168 0.0322266 0.659112 0.03125 0.660057 0.03125 0.661001 0.0302734 0.661945 0.0302734 0.66289 0.0292969 0.663834 0.0292969 0.664778 0.0283203 0.665722 0.0214844 0.665722 0.0205078 0.664778 0.0205078 0.663834 0.0107422 0.654391 0.00976562 0.654391 0.0078125 0.652502 0.0078125 0.651558 0.00878906 0.650614 0.00878906 0.64967 0.00976562 0.648725 0.00976562 0.647781 0.0107422 0.646837 0.0107422 0.644004 0.0117188 0.643059 0.0117188 0.640227 0.0126953 0.639282 0.0126953 0.638338 0.0136719 0.637394 0.0136719 0.636449 0.015625 0.634561 0.015625 0.633617 0.0117188 0.633617 0.0107422 0.632672
0 0.673828 0.619452 0.673828 0.622285 0.676758 0.625118 0.676758 0.628895 0.674805 0.630784 0.673828 0.630784 0.673828 0.631728 0.672852 0.632672 0.672852 0.633617 0.671875 0.634561 0.671875 0.635505 0.668945 0.638338 0.666992 0.638338 0.665039 0.640227 0.665039 0.642115 0.664062 0.643059 0.664062 0.644004 0.663086 0.644948 0.663086 0.645892 0.662109 0.646837 0.662109 0.647781 0.660156 0.64967 0.660156 0.650614 0.65918 0.651558 0.65918 0.65628 0.658203 0.657224 0.658203 0.665722 0.660156 0.665722 0.661133 0.664778 0.661133 0.659112 0.666016 0.654391 0.666992 0.654391 0.666992 0.653447 0.667969 0.652502 0.667969 0.650614 0.668945 0.64967 0.668945 0.648725 0.669922 0.647781 0.669922 0.646837 0.671875 0.644948 0.671875 0.644004 0.672852 0.643059 0.673828 0.643059 0.673828 0.642115 0.675781 0.640227 0.675781 0.639282 0.676758 0.638338 0.676758 0.637394 0.679688 0.634561 0.680664 0.634561 0.68457 0.638338 0.68457 0.639282 0.688477 0.643059 0.688477 0.644004 0.689453 0.644948 0.689453 0.646837 0.69043 0.647781 0.69043 0.653447 0.689453 0.654391 0.689453 0.65628 0.688477 0.657224 0.688477 0.658168 0.681641 0.664778 0.681641 0.665722 0.682617 0.666667 0.682617 0.667611 0.683594 0.667611 0.68457 0.668555 0.6875 0.668555 0.689453 0.666667 0.69043 0.666667 0.691406 0.665722 0.692383 0.665722 0.692383 0.638338 0.691406 0.638338 0.69043 0.637394 0.689453 0.637394 0.6875 0.635505 0.6875 0.633617 0.686523 0.632672 0.68457 0.632672 0.682617 0.630784 0.682617 0.629839 0.681641 0.628895 0.681641 0.627007 0.680664 0.626062 0.680664 0.622285 0.679688 0.621341 0.679688 0.620397 0.675781 0.620397 0.674805 0.619452
1 0.751953 0.282342 0.750977 0.283286 0.750977 0.28423 0.75 0.285175 0.75 0.286119 0.749023 0.287063 0.749023 0.296506 0.75 0.29745 0.750977 0.29745 0.751953 0.298395 0.75293 0.298395 0.753906 0.299339 0.758789 0.299339 0.759766 0.298395 0.761719 0.298395 0.762695 0.29745 0.763672 0.29745 0.765625 0.295562 0.765625 0.294618 0.766602 0.293673 0.766602 0.292729 0.767578 0.291785 0.767578 0.282342
1 0.47168 0.452314 0.470703 0.453258 0.470703 0.454202 0.46875 0.456091 0.46875 0.457035 0.467773 0.457979 0.467773 0.465534 0.486328 0.465534 0.486328 0.452314
1 0.714844 0.408876 0.714844 0.409821 0.711914 0.412653 0.710938 0.411709 0.710938 0.421152 0.711914 0.422096 0.712891 0.422096 0.713867 0.423041 0.720703 0.423041 0.72168 0.422096 0.723633 0.422096 0.724609 0.421152 0.725586 0.421152 0.728516 0.418319 0.728516 0.417375 0.729492 0.416431 0.729492 0.413598 0.728516 0.412653 0.728516 0.411709 0.727539 0.410765 0.727539 0.408876
0 0.141602 0.811143 0.141602 0.830028 0.142578 0.829084 0.148438 0.829084 0.149414 0.82814 0.151367 0.82814 0.152344 0.829084 0.154297 0.829084 0.155273 0.830028 0.157227 0.830028 0.158203 0.830973 0.15918 0.830973 0.160156 0.831917 0.161133 0.831917 0.164062 0.83475 0.164062 0.835694 0.165039 0.83475 0.166992 0.83475 0.167969 0.833806 0.170898 0.833806 0.170898 0.830028 0.171875 0.829084 0.171875 0.82814 0.169922 0.826251 0.168945 0.826251 0.166992 0.824363 0.166016 0.824363 0.161133 0.819641 0.161133 0.818697 0.157227 0.81492 0.15625 0.81492 0.155273 0.815864 0.151367 0.815864 0.149414 0.817753 0.148438 0.817753 0.147461 0.818697 0.146484 0.818697 0.145508 0.819641 0.144531 0.819641 0.143555 0.818697 0.143555 0.817753 0.141602 0.815864
1 0.585938 0.413598 0.585938 0.423985 0.587891 0.425873 0.591797 0.425873 0.592773 0.424929 0.59375 0.424929 0.594727 0.423985 0.595703 0.423985 0.59668 0.423041 0.597656 0.423041 0.599609 0.421152 0.600586 0.421152 0.600586 0.413598
1 0.772461 0.359773 0.771484 0.360718 0.770508 0.360718 0.769531 0.361662 0.768555 0.361662 0.767578 0.362606 0.766602 0.362606 0.762695 0.366383 0.762695 0.372993 0.771484 0.372993 0.772461 0.372049 0.773438 0.372049 0.773438 0.371105 0.774414 0.370161 0.774414 0.369216 0.776367 0.367328 0.776367 0.359773
1 0.767578 0.648725 0.766602 0.64967 0.766602 0.653447 0.767578 0.654391 0.767578 0.655335 0.768555 0.65628 0.768555 0.657224 0.769531 0.658168 0.770508 0.658168 0.771484 0.657224 0.771484 0.65628 0.772461 0.655335 0.772461 0.64967 0.771484 0.648725
