1 0.369756 0.68272 0.369756 0.701605 0.373659 0.705382 0.374634 0.705382 0.37561 0.706327 0.376585 0.706327 0.383415 0.712937 0.38439 0.712937 0.385366 0.713881 0.387317 0.713881 0.389268 0.71577 0.390244 0.71577 0.392195 0.713881 0.393171 0.713881 0.394146 0.712937 0.395122 0.712937 0.396098 0.711992 0.397073 0.711992 0.399024 0.710104 0.4 0.710104 0.4 0.70916 0.401951 0.707271 0.401951 0.690274 0.400976 0.68933 0.400976 0.688385 0.398049 0.685552 0.398049 0.684608 0.397073 0.683664 0.397073 0.68272
1 0.926829 0.271955 0.924878 0.273843 0.922927 0.273843 0.922927 0.289896 0.923902 0.29084 0.925854 0.29084 0.926829 0.291785 0.941463 0.291785 0.943415 0.289896 0.94439 0.289896 0.947317 0.287063 0.947317 0.271955
0 0.724878 0.266289 0.724878 0.27101 0.727805 0.273843 0.727805 0.274788 0.729756 0.276676 0.729756 0.27762 0.731707 0.279509 0.731707 0.280453 0.733659 0.282342 0.733659 0.28423 0.734634 0.285175 0.734634 0.288008 0.73561 0.288952 0.73561 0.29084 0.738537 0.293673 0.740488 0.293673 0.741463 0.294618 0.743415 0.294618 0.743415 0.282342 0.742439 0.281398 0.742439 0.279509 0.741463 0.278565 0.741463 0.276676 0.740488 0.275732 0.740488 0.274788 0.739512 0.273843 0.739512 0.272899 0.738537 0.271955 0.738537 0.27101 0.737561 0.270066 0.737561 0.269122 0.736585 0.268178 0.736585 0.267233 0.73561 0.266289
1 0.487805 0.493862 0.486829 0.494806 0.485854 0.494806 0.484878 0.495751 0.483902 0.495751 0.483902 0.520302 0.484878 0.520302 0.485854 0.521246 0.487805 0.521246 0.48878 0.522191 0.490732 0.522191 0.491707 0.523135 0.492683 0.523135 0.493659 0.524079 0.502439 0.524079 0.503415 0.523135 0.50439 0.523135 0.509268 0.518414 0.509268 0.495751 0.508293 0.494806 0.508293 0.493862
1 0.156098 0.289896 0.155122 0.29084 0.155122 0.291785 0.149268 0.29745 0.149268 0.298395 0.147317 0.300283 0.147317 0.301228 0.146341 0.302172 0.146341 0.303116 0.145366 0.30406 0.145366 0.316336 0.146341 0.31728 0.147317 0.31728 0.148293 0.318225 0.161951 0.318225 0.162927 0.31728 0.163902 0.31728 0.164878 0.316336 0.165854 0.316336 0.166829 0.315392 0.16878 0.315392 0.173659 0.31067 0.174634 0.31067 0.17561 0.309726 0.176585 0.309726 0.177561 0.308782 0.178537 0.308782 0.178537 0.306893 0.179512 0.305949 0.179512 0.289896
1 0.0809756 0.272899 0.0809756 0.285175 0.084878 0.288952 0.084878 0.289896 0.0956098 0.289896 0.0965854 0.288952 0.097561 0.288952 0.101463 0.285175 0.101463 0.272899
1 0.0263415 0.69594 0.0243902 0.697828 0.0243902 0.698772 0.022439 0.700661 0.022439 0.701605 0.0214634 0.70255 0.0214634 0.706327 0.022439 0.707271 0.022439 0.70916 0.0253659 0.711992 0.0253659 0.712937 0.0292683 0.716714 0.0302439 0.716714 0.0312195 0.717658 0.0321951 0.717658 0.0331707 0.718602 0.0341463 0.718602 0.035122 0.719547 0.0468293 0.719547 0.0478049 0.718602 0.0487805 0.718602 0.0497561 0.717658 0.0507317 0.717658 0.0517073 0.716714 0.0517073 0.699717 0.0487805 0.696884 0.0487805 0.69594
0 0.134634 0.660057 0.133659 0.661001 0.132683 0.661001 0.127805 0.665722 0.127805 0.666667 0.125854 0.668555 0.125854 0.681775 0.126829 0.68272 0.126829 0.683664 0.127805 0.684608 0.127805 0.685552 0.12878 0.686497 0.12878 0.688385 0.129756 0.68933 0.129756 0.698772 0.12878 0.699717 0.12878 0.706327 0.127805 0.707271 0.127805 0.70916 0.139512 0.70916 0.139512 0.708215 0.141463 0.706327 0.141463 0.705382 0.145366 0.701605 0.145366 0.700661 0.146341 0.699717 0.146341 0.698772 0.147317 0.697828 0.147317 0.696884 0.148293 0.69594 0.148293 0.693107 0.149268 0.692162 0.149268 0.691218 0.15122 0.68933 0.15122 0.686497 0.152195 0.685552 0.152195 0.68272 0.153171 0.681775 0.153171 0.680831 0.155122 0.678942 0.157073 0.678942 0.158049 0.677998 0.158049 0.666667 0.157073 0.665722 0.157073 0.664778 0.156098 0.664778 0.155122 0.663834 0.154146 0.663834 0.152195 0.661945 0.15122 0.661945 0.150244 0.661001 0.149268 0.661001 0.148293 0.660057
0 0.407805 0.0179415 0.404878 0.0207743 0.403902 0.0207743 0.402927 0.0217186 0.402927 0.0226629 0.4 0.0254958 0.4 0.02644 0.393171 0.03305 0.393171 0.0339943 0.392195 0.0349386 0.392195 0.0358829 0.39122 0.0368272 0.39122 0.0377715 0.387317 0.0415486 0.387317 0.0424929 0.386341 0.0434372 0.386341 0.0509915 0.388293 0.0528801 0.397073 0.0528801 0.399024 0.0509915 0.399024 0.0491029 0.4 0.0481586 0.4 0.0472144 0.400976 0.0462701 0.400976 0.0453258 0.401951 0.0443815 0.401951 0.0434372 0.402927 0.0424929 0.402927 0.0406043 0.403902 0.0396601 0.403902 0.0377715 0.404878 0.0368272 0.404878 0.0358829 0.406829 0.0339943 0.406829 0.03305 0.409756 0.0302172 0.410732 0.0302172 0.412683 0.0283286 0.414634 0.0283286 0.41561 0.0273843 0.416585 0.0273843 0.419512 0.0245515 0.420488 0.0245515 0.421463 0.0236072 0.422439 0.0236072 0.423415 0.0226629 0.42439 0.0226629 0.42439 0.0179415
1 0.150244 0.704438 0.149268 0.705382 0.148293 0.705382 0.147317 0.706327 0.147317 0.726157 0.149268 0.726157 0.150244 0.727101 0.152195 0.727101 0.153171 0.728045 0.155122 0.728045 0.156098 0.72899 0.164878 0.72899 0.165854 0.728045 0.166829 0.728045 0.16878 0.726157 0.169756 0.726157 0.169756 0.706327 0.167805 0.704438
0 0.183415 0.298395 0.183415 0.302172 0.185366 0.30406 0.185366 0.305005 0.186341 0.305949 0.186341 0.308782 0.187317 0.309726 0.187317 0.319169 0.186341 0.320113 0.186341 0.32389 0.185366 0.324835 0.185366 0.327668 0.18439 0.328612 0.18439 0.342776 0.185366 0.34372 0.185366 0.346553 0.186341 0.347498 0.186341 0.348442 0.187317 0.349386 0.187317 0.350331 0.190244 0.353163 0.195122 0.353163 0.196098 0.352219 0.196098 0.351275 0.197073 0.350331 0.197073 0.339943 0.198049 0.338999 0.198049 0.329556 0.197073 0.328612 0.197073 0.319169 0.198049 0.318225 0.198049 0.315392 0.199024 0.314448 0.199024 0.313503 0.202927 0.309726 0.206829 0.309726 0.207805 0.308782 0.20878 0.308782 0.209756 0.309726 0.211707 0.309726 0.212683 0.31067 0.213659 0.31067 0.21561 0.312559 0.216585 0.312559 0.219512 0.315392 0.219512 0.316336 0.221463 0.318225 0.221463 0.319169 0.222439 0.320113 0.223415 0.320113 0.228293 0.324835 0.229268 0.324835 0.230244 0.325779 0.23122 0.325779 0.233171 0.327668 0.233171 0.328612 0.234146 0.329556 0.234146 0.331445 0.235122 0.332389 0.235122 0.335222 0.236098 0.336166 0.236098 0.338055 0.237073 0.338999 0.237073 0.346553 0.236098 0.347498 0.236098 0.348442 0.232195 0.352219 0.232195 0.353163 0.227317 0.357885 0.226341 0.357885 0.222439 0.361662 0.221463 0.361662 0.213659 0.354108 0.213659 0.353163 0.212683 0.352219 0.212683 0.351275 0.211707 0.350331 0.211707 0.349386 0.210732 0.348442 0.20878 0.348442 0.20878 0.349386 0.207805 0.350331 0.207805 0.351275 0.206829 0.352219 0.206829 0.353163 0.205854 0.354108 0.205854 0.355052 0.203902 0.356941 0.199024 0.356941 0.197073 0.358829 0.198049 0.358829 0.199024 0.359773 0.2 0.359773 0.205854 0.365439 0.207805 0.365439 0.20878 0.366383 0.227317 0.366383 0.228293 0.365439 0.229268 0.365439 0.23122 0.363551 0.232195 0.363551 0.233171 0.362606 0.234146 0.362606 0.235122 0.361662 0.236098 0.361662 0.237073 0.360718 0.238049 0.360718 0.239024 0.359773 0.24 0.359773 0.240976 0.358829 0.241951 0.358829 0.241951 0.357885 0.247805 0.352219 0.247805 0.351275 0.24878 0.350331 0.24878 0.325779 0.247805 0.324835 0.247805 0.32389 0.240976 0.31728 0.24 0.31728 0.239024 0.316336 0.238049 0.316336 0.237073 0.315392 0.235122 0.315392 0.234146 0.314448 0.232195 0.314448 0.23122 0.313503 0.230244 0.313503 0.229268 0.312559 0.228293 0.312559 0.225366 0.309726 0.225366 0.308782 0.22439 0.308782 0.21561 0.300283 0.21561 0.299339 0.214634 0.299339 0.213659 0.298395
1 0.0097561 0.796978 0.0097561 0.818697 0.0107317 0.819641 0.0107317 0.820585 0.0117073 0.82153 0.0126829 0.82153 0.0146341 0.823418 0.0156098 0.823418 0.0165854 0.824363 0.017561 0.824363 0.0185366 0.825307 0.0195122 0.825307 0.0204878 0.826251 0.022439 0.826251 0.0234146 0.827195 0.0253659 0.827195 0.0263415 0.82814 0.0370732 0.82814 0.0380488 0.827195 0.0390244 0.827195 0.04 0.826251 0.0409756 0.826251 0.044878 0.822474 0.044878 0.806421 0.0429268 0.804533 0.0429268 0.803588 0.0360976 0.796978
1 0.667317 0.862134 0.667317 0.876298 0.669268 0.878187 0.670244 0.878187 0.67122 0.879131 0.673171 0.879131 0.674146 0.880076 0.684878 0.880076 0.685854 0.879131 0.685854 0.862134
0 0.529756 0.569405 0.52878 0.570349 0.52878 0.584514 0.529756 0.584514 0.531707 0.586402 0.532683 0.586402 0.533659 0.587347 0.533659 0.588291 0.536585 0.591124 0.537561 0.591124 0.539512 0.593012 0.540488 0.593012 0.542439 0.594901 0.543415 0.594901 0.545366 0.596789 0.548293 0.596789 0.549268 0.597734 0.55122 0.597734 0.552195 0.598678 0.565854 0.598678 0.566829 0.597734 0.570732 0.597734 0.571707 0.596789 0.57561 0.596789 0.576585 0.595845 0.577561 0.595845 0.580488 0.593012 0.581463 0.593012 0.58439 0.590179 0.58439 0.582625 0.583415 0.581681 0.583415 0.579792 0.582439 0.578848 0.581463 0.578848 0.580488 0.577904 0.57561 0.577904 0.574634 0.578848 0.572683 0.578848 0.571707 0.579792 0.569756 0.579792 0.56878 0.580737 0.565854 0.580737 0.564878 0.581681 0.554146 0.581681 0.553171 0.580737 0.550244 0.580737 0.549268 0.579792 0.548293 0.579792 0.546341 0.577904 0.545366 0.577904 0.54439 0.576959 0.54439 0.576015 0.542439 0.574127 0.542439 0.573182 0.541463 0.572238 0.541463 0.571294 0.539512 0.569405
1 0.132683 0.883853 0.131707 0.884797 0.129756 0.884797 0.12878 0.885741 0.126829 0.885741 0.126829 0.898961 0.127805 0.899906 0.12878 0.899906 0.129756 0.90085 0.131707 0.90085 0.132683 0.901794 0.133659 0.901794 0.134634 0.902738 0.13561 0.902738 0.136585 0.903683 0.145366 0.903683 0.146341 0.902738 0.148293 0.902738 0.149268 0.901794 0.15122 0.901794 0.155122 0.898017 0.156098 0.898017 0.156098 0.88763 0.155122 0.886686 0.155122 0.885741 0.153171 0.883853
1 0.0721951 0.879131 0.0712195 0.880076 0.0702439 0.880076 0.0692683 0.88102 0.0692683 0.883853 0.0682927 0.884797 0.0682927 0.898961 0.0692683 0.899906 0.0897561 0.899906 0.0907317 0.898961 0.0917073 0.898961 0.0936585 0.897073 0.0936585 0.881964 0.0907317 0.879131
0 0.494634 0.322002 0.494634 0.322946 0.49561 0.32389 0.49561 0.326723 0.497561 0.328612 0.497561 0.329556 0.499512 0.331445 0.499512 0.332389 0.500488 0.333333 0.500488 0.334278 0.499512 0.335222 0.499512 0.336166 0.498537 0.33711 0.498537 0.338055 0.492683 0.34372 0.491707 0.34372 0.490732 0.344665 0.489756 0.344665 0.48878 0.345609 0.487805 0.345609 0.486829 0.346553 0.48 0.346553 0.479024 0.345609 0.477073 0.345609 0.476098 0.344665 0.474146 0.344665 0.474146 0.354108 0.476098 0.355996 0.477073 0.355996 0.478049 0.356941 0.496585 0.356941 0.497561 0.355996 0.498537 0.355996 0.499512 0.355052 0.500488 0.355052 0.509268 0.346553 0.509268 0.345609 0.513171 0.341832 0.513171 0.322002
1 0.0965854 0.813031 0.0965854 0.827195 0.097561 0.82814 0.110244 0.82814 0.110244 0.827195 0.112195 0.825307 0.113171 0.825307 0.113171 0.813031
1 0.868293 0.359773 0.867317 0.360718 0.866341 0.360718 0.861463 0.365439 0.861463 0.383381 0.862439 0.384325 0.862439 0.385269 0.86439 0.387158 0.86439 0.388102 0.868293 0.391879 0.869268 0.391879 0.87122 0.393768 0.872195 0.393768 0.873171 0.394712 0.886829 0.394712 0.887805 0.393768 0.88878 0.393768 0.891707 0.390935 0.892683 0.390935 0.893659 0.389991 0.893659 0.389046 0.894634 0.388102 0.894634 0.387158 0.89561 0.386213 0.89561 0.385269 0.896585 0.384325 0.896585 0.365439 0.893659 0.362606 0.893659 0.361662 0.891707 0.359773
1 0.788293 0.904627 0.787317 0.905571 0.785366 0.905571 0.782439 0.908404 0.781463 0.908404 0.780488 0.909348 0.780488 0.924457 0.781463 0.925401 0.782439 0.925401 0.783415 0.926346 0.78439 0.926346 0.785366 0.92729 0.786341 0.92729 0.787317 0.928234 0.788293 0.928234 0.789268 0.929178 0.790244 0.929178 0.79122 0.930123 0.792195 0.930123 0.793171 0.931067 0.794146 0.931067 0.795122 0.932011 0.798049 0.932011 0.799024 0.932956 0.803902 0.932956 0.804878 0.932011 0.80878 0.932011 0.809756 0.931067 0.810732 0.931067 0.811707 0.930123 0.812683 0.930123 0.813659 0.929178 0.814634 0.929178 0.818537 0.925401 0.818537 0.912181 0.817561 0.911237 0.817561 0.910293 0.813659 0.906516 0.813659 0.905571 0.812683 0.904627
1 0.956098 0.627007 0.956098 0.638338 0.957073 0.639282 0.966829 0.639282 0.967805 0.638338 0.968781 0.638338 0.969756 0.637394 0.969756 0.627007
1 0.23122 0.450425 0.23122 0.474976 0.232195 0.475921 0.234146 0.475921 0.235122 0.476865 0.236098 0.475921 0.239024 0.475921 0.24 0.474976 0.240976 0.474976 0.242927 0.473088 0.243902 0.473088 0.244878 0.472144 0.245854 0.472144 0.247805 0.470255 0.250732 0.470255 0.251707 0.471199 0.253659 0.471199 0.256585 0.474032 0.258537 0.474032 0.259512 0.474976 0.260488 0.474976 0.261463 0.474032 0.261463 0.450425 0.24878 0.450425 0.249756 0.450425 0.254634 0.455146 0.254634 0.456091 0.25561 0.457035 0.25561 0.461756 0.253659 0.463645 0.252683 0.462701 0.250732 0.462701 0.249756 0.461756 0.247805 0.461756 0.244878 0.458924 0.244878 0.455146 0.243902 0.454202 0.243902 0.451369 0.244878 0.450425
1 0.872195 0.490085 0.872195 0.504249 0.874146 0.506138 0.876098 0.506138 0.877073 0.507082 0.88878 0.507082 0.891707 0.504249 0.891707 0.490085
0 0.598049 0.326723 0.598049 0.336166 0.597073 0.33711 0.597073 0.338999 0.596098 0.339943 0.596098 0.340888 0.595122 0.341832 0.595122 0.342776 0.594146 0.34372 0.594146 0.344665 0.593171 0.345609 0.593171 0.347498 0.592195 0.348442 0.592195 0.351275 0.591219 0.352219 0.591219 0.355996 0.590244 0.356941 0.590244 0.362606 0.589268 0.363551 0.589268 0.366383 0.590244 0.367328 0.590244 0.368272 0.591219 0.369216 0.591219 0.372049 0.592195 0.372993 0.592195 0.373938 0.594146 0.375826 0.599024 0.375826 0.6 0.374882 0.600976 0.374882 0.602927 0.372993 0.602927 0.372049 0.603902 0.371105 0.603902 0.366383 0.604878 0.365439 0.604878 0.360718 0.603902 0.359773 0.604878 0.358829 0.604878 0.353163 0.605854 0.352219 0.605854 0.350331 0.606829 0.349386 0.606829 0.348442 0.607805 0.347498 0.607805 0.326723
1 0.939512 0.782814 0.939512 0.802644 0.941463 0.804533 0.942439 0.804533 0.943415 0.805477 0.947317 0.805477 0.948293 0.806421 0.952195 0.806421 0.956098 0.802644 0.956098 0.782814
1 0.428293 0.666667 0.427317 0.667611 0.427317 0.685552 0.428293 0.686497 0.429268 0.686497 0.430244 0.687441 0.43122 0.687441 0.432195 0.688385 0.434146 0.688385 0.435122 0.68933 0.442927 0.68933 0.443902 0.688385 0.444878 0.688385 0.445854 0.687441 0.446829 0.687441 0.447805 0.686497 0.44878 0.686497 0.450732 0.684608 0.450732 0.667611 0.449756 0.666667
1 0.903415 0.432483 0.902439 0.433428 0.902439 0.446648 0.905366 0.449481 0.906341 0.449481 0.907317 0.450425 0.909268 0.450425 0.910244 0.451369 0.918049 0.451369 0.92 0.449481 0.92 0.448536 0.920976 0.447592 0.920976 0.433428 0.92 0.432483
1 0.898537 0.79509 0.897561 0.796034 0.897561 0.796978 0.893659 0.800755 0.892683 0.800755 0.891707 0.8017 0.890732 0.8017 0.889756 0.802644 0.88878 0.802644 0.88878 0.818697 0.920976 0.818697 0.923902 0.815864 0.923902 0.800755 0.921951 0.798867 0.921951 0.797923 0.919024 0.79509
1 0.108293 0.392823 0.108293 0.394712 0.107317 0.395656 0.107317 0.397545 0.10439 0.400378 0.10439 0.401322 0.103415 0.402266 0.103415 0.412653 0.10439 0.413598 0.105366 0.413598 0.106341 0.414542 0.110244 0.414542 0.11122 0.415486 0.114146 0.415486 0.115122 0.414542 0.119024 0.414542 0.120976 0.412653 0.121951 0.412653 0.122927 0.411709 0.123902 0.411709 0.126829 0.408876 0.126829 0.392823
1 0.510244 0.749764 0.510244 0.750708 0.509268 0.751652 0.509268 0.752597 0.507317 0.754485 0.506341 0.754485 0.505366 0.75543 0.50439 0.75543 0.50439 0.771483 0.505366 0.772427 0.506341 0.772427 0.507317 0.773371 0.508293 0.773371 0.509268 0.774315 0.510244 0.774315 0.51122 0.77526 0.512195 0.77526 0.513171 0.776204 0.514146 0.776204 0.515122 0.777148 0.516098 0.777148 0.517073 0.778093 0.524878 0.778093 0.525854 0.777148 0.526829 0.777148 0.527805 0.776204 0.52878 0.776204 0.529756 0.77526 0.530732 0.77526 0.533659 0.772427 0.533659 0.75543 0.532683 0.754485 0.532683 0.753541 0.531707 0.752597 0.531707 0.751652 0.530732 0.750708 0.530732 0.749764
1 0.13561 0.750708 0.13561 0.751652 0.134634 0.752597 0.134634 0.754485 0.133659 0.75543 0.133659 0.765817 0.136585 0.76865 0.137561 0.76865 0.138537 0.769594 0.139512 0.769594 0.140488 0.770538 0.147317 0.770538 0.148293 0.769594 0.149268 0.769594 0.15122 0.767705 0.15122 0.750708
0 0.303415 0.912181 0.302439 0.913126 0.300488 0.913126 0.298537 0.915014 0.298537 0.916903 0.297561 0.917847 0.297561 0.919736 0.296585 0.92068 0.296585 0.921624 0.294634 0.923513 0.293659 0.923513 0.291707 0.925401 0.290732 0.925401 0.289756 0.926346 0.28878 0.926346 0.286829 0.928234 0.285854 0.928234 0.281951 0.932011 0.280976 0.932011 0.277073 0.935788 0.276098 0.935788 0.275122 0.936733 0.274146 0.936733 0.273171 0.937677 0.272195 0.937677 0.27122 0.938621 0.270244 0.938621 0.269268 0.939566 0.268293 0.939566 0.266341 0.941454 0.265366 0.941454 0.263415 0.943343 0.262439 0.943343 0.261463 0.944287 0.260488 0.944287 0.259512 0.945231 0.258537 0.945231 0.257561 0.946176 0.256585 0.946176 0.256585 0.94712 0.253659 0.949953 0.252683 0.949953 0.250732 0.951841 0.250732 0.958451 0.25561 0.958451 0.256585 0.957507 0.259512 0.957507 0.260488 0.956563 0.269268 0.956563 0.270244 0.955619 0.273171 0.955619 0.274146 0.954674 0.276098 0.954674 0.277073 0.95373 0.278049 0.95373 0.279024 0.952786 0.28 0.952786 0.281951 0.950897 0.282927 0.950897 0.284878 0.949009 0.285854 0.949009 0.286829 0.948064 0.287805 0.948064 0.28878 0.94712 0.290732 0.94712 0.291707 0.946176 0.292683 0.946176 0.293659 0.945231 0.294634 0.945231 0.29561 0.944287 0.296585 0.944287 0.297561 0.943343 0.298537 0.943343 0.299512 0.942398 0.300488 0.942398 0.306341 0.936733 0.306341 0.935788 0.313171 0.929178 0.313171 0.912181
1 0.72 0.862134 0.72 0.872521 0.733659 0.872521 0.734634 0.871577 0.734634 0.862134
1 0.982439 0.752597 0.982439 0.76204 0.99122 0.76204 0.992195 0.761095 0.992195 0.752597
0 0.468293 0.252125 0.468293 0.254957 0.469268 0.255902 0.469268 0.27101 0.468293 0.271955 0.468293 0.273843 0.467317 0.274788 0.467317 0.275732 0.466341 0.276676 0.466341 0.27762 0.46439 0.279509 0.46439 0.280453 0.463415 0.281398 0.463415 0.282342 0.462439 0.283286 0.462439 0.285175 0.461463 0.286119 0.461463 0.287063 0.459512 0.288952 0.459512 0.29084 0.458537 0.291785 0.458537 0.294618 0.457561 0.295562 0.457561 0.306893 0.458537 0.307838 0.458537 0.308782 0.459512 0.309726 0.459512 0.31067 0.462439 0.313503 0.462439 0.314448 0.46439 0.316336 0.46439 0.31728 0.465366 0.318225 0.465366 0.319169 0.469268 0.322946 0.469268 0.32389 0.473171 0.327668 0.475122 0.327668 0.476098 0.326723 0.476098 0.325779 0.477073 0.324835 0.477073 0.322002 0.478049 0.321058 0.478049 0.319169 0.477073 0.318225 0.477073 0.312559 0.476098 0.311615 0.476098 0.309726 0.475122 0.308782 0.475122 0.306893 0.474146 0.305949 0.474146 0.30406 0.473171 0.303116 0.473171 0.293673 0.474146 0.292729 0.474146 0.289896 0.475122 0.288952 0.475122 0.286119 0.476098 0.285175 0.476098 0.282342 0.477073 0.281398 0.477073 0.279509 0.478049 0.278565 0.478049 0.275732 0.479024 0.274788 0.479024 0.252125
0 0.0185366 0.546742 0.0136585 0.551464 0.0136585 0.552408 0.0126829 0.553352 0.0117073 0.553352 0.0097561 0.555241 0.00878049 0.555241 0.00585366 0.558074 0.00585366 0.559962 0.00487805 0.560907 0.00487805 0.565628 0.0097561 0.570349 0.0107317 0.570349 0.0117073 0.571294 0.0126829 0.571294 0.0165854 0.575071 0.0165854 0.576015 0.017561 0.576959 0.017561 0.577904 0.0214634 0.581681 0.0214634 0.582625 0.0243902 0.585458 0.0243902 0.586402 0.0253659 0.587347 0.0253659 0.590179 0.0263415 0.591124 0.0263415 0.601511 0.0273171 0.602455 0.0263415 0.603399 0.0263415 0.604344 0.0253659 0.605288 0.0253659 0.606232 0.0243902 0.607177 0.0243902 0.608121 0.0204878 0.611898 0.0195122 0.611898 0.0185366 0.612842 0.017561 0.612842 0.0156098 0.614731 0.0146341 0.614731 0.0136585 0.613787 0.0097561 0.613787 0.00878049 0.612842 0.00780488 0.612842 0.00292683 0.608121 0.00097561 0.608121 0.00097561 0.635505 0.00585366 0.635505 0.00682927 0.636449 0.0136585 0.636449 0.0146341 0.635505 0.0204878 0.635505 0.0214634 0.634561 0.022439 0.634561 0.0234146 0.633617 0.0243902 0.633617 0.0321951 0.626062 0.0321951 0.625118 0.0360976 0.621341 0.0360976 0.593957 0.035122 0.593012 0.035122 0.589235 0.0341463 0.588291 0.0341463 0.587347 0.0331707 0.586402 0.0331707 0.585458 0.0321951 0.584514 0.0321951 0.583569 0.0312195 0.582625 0.0312195 0.581681 0.0302439 0.580737 0.0302439 0.578848 0.0292683 0.577904 0.0292683 0.576959 0.0302439 0.576015 0.0302439 0.573182 0.0312195 0.572238 0.0312195 0.571294 0.035122 0.567517 0.035122 0.566572 0.0360976 0.565628 0.0360976 0.546742
0 0.601951 0.644004 0.599024 0.646837 0.599024 0.647781 0.597073 0.64967 0.596098 0.64967 0.592195 0.653447 0.591219 0.653447 0.590244 0.654391 0.589268 0.654391 0.587317 0.65628 0.586341 0.65628 0.585366 0.657224 0.58439 0.657224 0.581463 0.660057 0.581463 0.661001 0.577561 0.664778 0.577561 0.665722 0.576585 0.666667 0.576585 0.667611 0.570732 0.673277 0.569756 0.673277 0.567805 0.675165 0.566829 0.675165 0.565854 0.67611 0.564878 0.67611 0.561951 0.678942 0.560976 0.678942 0.559024 0.680831 0.558049 0.680831 0.557073 0.681775 0.556098 0.680831 0.555122 0.680831 0.554146 0.679887 0.553171 0.679887 0.55122 0.677998 0.55122 0.677054 0.550244 0.677054 0.549268 0.677998 0.54439 0.677998 0.543415 0.678942 0.542439 0.678942 0.540488 0.680831 0.539512 0.680831 0.53561 0.684608 0.53561 0.686497 0.534634 0.687441 0.534634 0.688385 0.533659 0.68933 0.533659 0.690274 0.532683 0.691218 0.532683 0.692162 0.531707 0.693107 0.531707 0.694051 0.530732 0.694995 0.530732 0.69594 0.529756 0.696884 0.529756 0.697828 0.525854 0.701605 0.525854 0.70255 0.521951 0.706327 0.520976 0.706327 0.519024 0.708215 0.517073 0.708215 0.516098 0.70916 0.512195 0.70916 0.51122 0.710104 0.509268 0.710104 0.508293 0.711048 0.505366 0.711048 0.50439 0.711992 0.503415 0.711992 0.501463 0.713881 0.500488 0.713881 0.499512 0.714825 0.499512 0.716714 0.501463 0.718602 0.501463 0.719547 0.502439 0.720491 0.503415 0.720491 0.50439 0.721435 0.507317 0.721435 0.508293 0.72238 0.51122 0.72238 0.512195 0.723324 0.524878 0.723324 0.525854 0.72238 0.527805 0.72238 0.52878 0.721435 0.529756 0.721435 0.530732 0.720491 0.531707 0.720491 0.532683 0.719547 0.533659 0.719547 0.542439 0.711048 0.543415 0.711048 0.545366 0.70916 0.546341 0.70916 0.549268 0.706327 0.550244 0.706327 0.552195 0.704438 0.553171 0.704438 0.56 0.697828 0.560976 0.697828 0.574634 0.684608 0.57561 0.684608 0.576585 0.683664 0.577561 0.683664 0.579512 0.681775 0.581463 0.681775 0.582439 0.680831 0.583415 0.680831 0.585366 0.678942 0.586341 0.678942 0.592195 0.673277 0.592195 0.672332 0.599024 0.665722 0.599024 0.663834 0.6 0.66289 0.6 0.661945 0.600976 0.661001 0.600976 0.660057 0.601951 0.659112 0.601951 0.65628 0.602927 0.655335 0.602927 0.644004
0 0.819512 0.295562 0.819512 0.300283 0.820488 0.301228 0.820488 0.303116 0.821463 0.30406 0.821463 0.305949 0.822439 0.306893 0.822439 0.307838 0.823415 0.308782 0.823415 0.309726 0.82439 0.31067 0.82439 0.311615 0.825366 0.312559 0.825366 0.313503 0.826341 0.314448 0.826341 0.315392 0.827317 0.316336 0.827317 0.31728 0.830244 0.320113 0.830244 0.321058 0.831219 0.322002 0.831219 0.32389 0.832195 0.324835 0.832195 0.326723 0.833171 0.327668 0.832195 0.328612 0.832195 0.329556 0.826341 0.335222 0.825366 0.335222 0.82439 0.336166 0.823415 0.336166 0.822439 0.33711 0.821463 0.33711 0.819512 0.338999 0.818537 0.338999 0.817561 0.339943 0.81561 0.339943 0.814634 0.340888 0.813659 0.340888 0.812683 0.341832 0.811707 0.341832 0.810732 0.342776 0.80878 0.342776 0.807805 0.34372 0.806829 0.34372 0.806829 0.344665 0.805854 0.345609 0.805854 0.347498 0.804878 0.348442 0.804878 0.361662 0.814634 0.361662 0.819512 0.356941 0.820488 0.356941 0.822439 0.355052 0.823415 0.355052 0.826341 0.352219 0.827317 0.352219 0.829268 0.350331 0.830244 0.350331 0.834146 0.346553 0.834146 0.345609 0.836098 0.34372 0.836098 0.342776 0.84 0.338999 0.84 0.338055 0.840976 0.33711 0.840976 0.316336 0.84 0.315392 0.84 0.314448 0.839024 0.313503 0.839024 0.312559 0.838049 0.311615 0.838049 0.31067 0.837073 0.309726 0.837073 0.307838 0.836098 0.306893 0.836098 0.305949 0.834146 0.30406 0.834146 0.303116 0.833171 0.302172 0.833171 0.301228 0.832195 0.300283 0.832195 0.299339 0.831219 0.298395 0.831219 0.29745 0.829268 0.295562
1 0.328781 0.208687 0.328781 0.221907 0.329756 0.222852 0.330732 0.222852 0.331707 0.223796 0.333659 0.223796 0.334634 0.22474 0.336585 0.22474 0.337561 0.225685 0.34439 0.225685 0.346341 0.223796 0.346341 0.208687
1 0.822439 0.601511 0.825366 0.604344 0.825366 0.605288 0.828293 0.608121 0.828293 0.609065 0.827317 0.610009 0.826341 0.610009 0.825366 0.610954 0.82439 0.610954 0.822439 0.612842 0.820488 0.612842 0.819512 0.613787 0.819512 0.614731 0.818537 0.615675 0.818537 0.629839 0.830244 0.629839 0.831219 0.628895 0.832195 0.628895 0.833171 0.627951 0.834146 0.627951 0.835122 0.627007 0.836098 0.627007 0.837073 0.627951 0.851707 0.627951 0.852683 0.627007 0.854634 0.627007 0.85561 0.626062 0.856585 0.626062 0.857561 0.625118 0.858537 0.625118 0.859512 0.624174 0.860488 0.624174 0.862439 0.622285 0.862439 0.604344 0.859512 0.601511
1 0.267317 0.210576 0.267317 0.214353 0.268293 0.215297 0.267317 0.216242 0.267317 0.227573 0.268293 0.228517 0.28 0.228517 0.281951 0.226629 0.281951 0.225685 0.283902 0.223796 0.283902 0.210576
1 0.72 0.361662 0.714146 0.367328 0.713171 0.367328 0.712195 0.368272 0.711219 0.368272 0.710244 0.369216 0.709268 0.369216 0.705366 0.372993 0.705366 0.384325 0.707317 0.386213 0.708293 0.386213 0.709268 0.387158 0.710244 0.387158 0.711219 0.388102 0.712195 0.388102 0.713171 0.389046 0.720976 0.389046 0.722927 0.387158 0.722927 0.386213 0.723902 0.385269 0.723902 0.381492 0.722927 0.380548 0.722927 0.377715 0.723902 0.376771 0.724878 0.376771 0.725854 0.375826 0.726829 0.376771 0.728781 0.376771 0.729756 0.377715 0.728781 0.378659 0.728781 0.381492 0.727805 0.382436 0.727805 0.384325 0.729756 0.386213 0.729756 0.387158 0.730732 0.387158 0.731707 0.388102 0.731707 0.387158 0.738537 0.380548 0.738537 0.379603 0.739512 0.378659 0.739512 0.362606 0.738537 0.361662
0 0.380488 0.20491 0.380488 0.205855 0.381463 0.206799 0.381463 0.209632 0.380488 0.210576 0.380488 0.212465 0.379512 0.213409 0.379512 0.215297 0.378537 0.216242 0.378537 0.217186 0.37561 0.220019 0.37561 0.220963 0.374634 0.221907 0.374634 0.222852 0.372683 0.22474 0.372683 0.225685 0.371707 0.226629 0.371707 0.228517 0.370732 0.229462 0.370732 0.230406 0.369756 0.23135 0.369756 0.232295 0.36878 0.233239 0.36878 0.234183 0.367805 0.235127 0.367805 0.236072 0.366829 0.237016 0.366829 0.249292 0.377561 0.249292 0.377561 0.248347 0.378537 0.247403 0.378537 0.246459 0.379512 0.245515 0.379512 0.234183 0.380488 0.233239 0.380488 0.230406 0.381463 0.229462 0.381463 0.228517 0.382439 0.227573 0.382439 0.226629 0.38439 0.22474 0.38439 0.223796 0.385366 0.222852 0.385366 0.221907 0.386341 0.220963 0.386341 0.20491
0 0.413659 0.576015 0.413659 0.576959 0.412683 0.577904 0.412683 0.581681 0.411707 0.582625 0.411707 0.586402 0.410732 0.587347 0.410732 0.590179 0.409756 0.591124 0.40878 0.591124 0.40878 0.592068 0.406829 0.593957 0.406829 0.594901 0.405854 0.595845 0.405854 0.597734 0.404878 0.598678 0.404878 0.599622 0.401951 0.602455 0.401951 0.603399 0.400976 0.604344 0.400976 0.612842 0.410732 0.612842 0.412683 0.610954 0.412683 0.610009 0.413659 0.609065 0.413659 0.608121 0.414634 0.607177 0.414634 0.605288 0.41561 0.604344 0.41561 0.602455 0.416585 0.601511 0.416585 0.576015
1 0.044878 0.294618 0.044878 0.295562 0.0439024 0.296506 0.0439024 0.31067 0.044878 0.311615 0.044878 0.313503 0.0458537 0.314448 0.0458537 0.315392 0.0478049 0.31728 0.0497561 0.31728 0.0507317 0.316336 0.0526829 0.316336 0.0546341 0.314448 0.0565854 0.314448 0.057561 0.313503 0.062439 0.313503 0.0634146 0.314448 0.0643902 0.314448 0.0653659 0.315392 0.0673171 0.315392 0.0682927 0.314448 0.0692683 0.314448 0.0702439 0.313503 0.0712195 0.313503 0.0721951 0.312559 0.0741463 0.312559 0.0760976 0.31067 0.0770732 0.31067 0.0809756 0.306893 0.0809756 0.294618
1 0.794146 0.736544 0.792195 0.738432 0.792195 0.753541 0.802927 0.753541 0.804878 0.751652 0.805854 0.751652 0.80878 0.74882 0.80878 0.736544
0 0.228293 0.604344 0.228293 0.607177 0.227317 0.608121 0.227317 0.613787 0.226341 0.614731 0.226341 0.617564 0.225366 0.618508 0.225366 0.620397 0.22439 0.621341 0.22439 0.622285 0.223415 0.623229 0.223415 0.624174 0.221463 0.626062 0.221463 0.627007 0.212683 0.635505 0.211707 0.635505 0.210732 0.636449 0.209756 0.636449 0.20878 0.637394 0.207805 0.637394 0.206829 0.638338 0.205854 0.638338 0.204878 0.639282 0.204878 0.647781 0.221463 0.647781 0.222439 0.646837 0.223415 0.646837 0.225366 0.644948 0.226341 0.644948 0.234146 0.637394 0.234146 0.636449 0.236098 0.634561 0.236098 0.604344
1 0.330732 0.677054 0.329756 0.677998 0.329756 0.678942 0.327805 0.680831 0.327805 0.681775 0.324878 0.684608 0.324878 0.697828 0.325854 0.698772 0.326829 0.698772 0.327805 0.699717 0.328781 0.699717 0.33561 0.706327 0.347317 0.706327 0.353171 0.700661 0.353171 0.678942 0.352195 0.677998 0.352195 0.677054
0 0.466341 0.182247 0.465366 0.183192 0.465366 0.184136 0.463415 0.186025 0.463415 0.186969 0.461463 0.188857 0.461463 0.189802 0.458537 0.192635 0.458537 0.193579 0.456585 0.195467 0.456585 0.206799 0.45561 0.207743 0.45561 0.215297 0.457561 0.217186 0.458537 0.217186 0.459512 0.21813 0.460488 0.21813 0.461463 0.219075 0.462439 0.219075 0.463415 0.220019 0.46439 0.220019 0.465366 0.220963 0.468293 0.220963 0.469268 0.221907 0.498537 0.221907 0.499512 0.220963 0.507317 0.220963 0.509268 0.219075 0.510244 0.219075 0.51122 0.21813 0.512195 0.21813 0.513171 0.217186 0.514146 0.217186 0.516098 0.215297 0.517073 0.215297 0.518049 0.214353 0.519024 0.214353 0.521951 0.21152 0.521951 0.202077 0.52 0.200189 0.518049 0.200189 0.517073 0.199245 0.508293 0.199245 0.507317 0.200189 0.505366 0.200189 0.501463 0.203966 0.500488 0.203966 0.499512 0.20491 0.498537 0.20491 0.497561 0.203966 0.492683 0.203966 0.491707 0.203022 0.489756 0.203022 0.48878 0.202077 0.487805 0.202077 0.486829 0.201133 0.485854 0.201133 0.484878 0.200189 0.482927 0.200189 0.481951 0.199245 0.480976 0.199245 0.478049 0.196412 0.478049 0.193579 0.477073 0.192635 0.477073 0.186025 0.478049 0.18508 0.478049 0.182247
0 0.734634 0.785647 0.733659 0.786591 0.732683 0.786591 0.731707 0.787535 0.730732 0.787535 0.725854 0.792257 0.724878 0.792257 0.722927 0.794145 0.721951 0.794145 0.717073 0.798867 0.716098 0.798867 0.713171 0.8017 0.713171 0.802644 0.712195 0.803588 0.710244 0.803588 0.710244 0.816808 0.711219 0.817753 0.714146 0.817753 0.715122 0.816808 0.717073 0.816808 0.718049 0.815864 0.719024 0.815864 0.721951 0.813031 0.721951 0.811143 0.722927 0.810198 0.722927 0.809254 0.726829 0.805477 0.727805 0.805477 0.727805 0.804533 0.732683 0.799811 0.733659 0.799811 0.73561 0.797923 0.73561 0.796978 0.739512 0.793201 0.739512 0.785647
0 0.521951 0.868744 0.520976 0.869688 0.52 0.869688 0.519024 0.870633 0.518049 0.870633 0.517073 0.871577 0.516098 0.871577 0.514146 0.873466 0.513171 0.873466 0.512195 0.87441 0.51122 0.87441 0.510244 0.875354 0.507317 0.875354 0.506341 0.876298 0.501463 0.876298 0.500488 0.877243 0.498537 0.877243 0.497561 0.876298 0.497561 0.885741 0.499512 0.885741 0.500488 0.886686 0.501463 0.886686 0.502439 0.88763 0.503415 0.88763 0.505366 0.889518 0.531707 0.889518 0.532683 0.888574 0.533659 0.888574 0.534634 0.88763 0.536585 0.88763 0.537561 0.886686 0.538537 0.886686 0.540488 0.884797 0.541463 0.884797 0.543415 0.882908 0.543415 0.881964 0.54439 0.88102 0.54439 0.880076 0.545366 0.879131 0.545366 0.868744
0 0.983415 0.109537 0.979512 0.113314 0.978537 0.113314 0.977561 0.114259 0.977561 0.115203 0.973659 0.11898 0.973659 0.119924 0.972683 0.120869 0.972683 0.121813 0.966829 0.127479 0.966829 0.128423 0.962927 0.1322 0.962927 0.133144 0.96 0.135977 0.96 0.136922 0.957073 0.139754 0.957073 0.140699 0.956098 0.141643 0.956098 0.142587 0.955122 0.143532 0.955122 0.144476 0.954146 0.14542 0.954146 0.146364 0.951219 0.149197 0.951219 0.150142 0.949268 0.15203 0.949268 0.152975 0.948293 0.153919 0.948293 0.154863 0.942439 0.160529 0.942439 0.161473 0.937561 0.166195 0.93561 0.166195 0.934634 0.167139 0.931707 0.167139 0.931707 0.168083 0.930732 0.169027 0.930732 0.169972 0.929756 0.170916 0.929756 0.17186 0.92878 0.172805 0.92878 0.173749 0.927805 0.174693 0.927805 0.177526 0.926829 0.17847 0.926829 0.181303 0.925854 0.182247 0.925854 0.18508 0.924878 0.186025 0.924878 0.187913 0.923902 0.188857 0.923902 0.189802 0.922927 0.190746 0.922927 0.193579 0.921951 0.194523 0.921951 0.196412 0.920976 0.197356 0.920976 0.202077 0.92 0.203022 0.920976 0.203966 0.920976 0.20491 0.921951 0.205855 0.921951 0.206799 0.922927 0.207743 0.925854 0.207743 0.925854 0.206799 0.92878 0.203966 0.929756 0.203966 0.931707 0.202077 0.931707 0.201133 0.932683 0.200189 0.932683 0.1983 0.933659 0.197356 0.933659 0.195467 0.934634 0.194523 0.934634 0.192635 0.93561 0.19169 0.93561 0.186025 0.936585 0.18508 0.936585 0.176582 0.937561 0.175637 0.937561 0.174693 0.938537 0.173749 0.938537 0.172805 0.939512 0.17186 0.940488 0.17186 0.942439 0.169972 0.94439 0.169972 0.945366 0.169027 0.945366 0.168083 0.946341 0.167139 0.947317 0.167139 0.949268 0.16525 0.951219 0.16525 0.951219 0.164306 0.958049 0.157696 0.958049 0.156752 0.959024 0.155807 0.959024 0.154863 0.960976 0.152975 0.960976 0.15203 0.961951 0.151086 0.961951 0.149197 0.963902 0.147309 0.963902 0.146364 0.964878 0.14542 0.964878 0.144476 0.974634 0.135033 0.97561 0.135033 0.977561 0.133144 0.978537 0.133144 0.979512 0.1322 0.980488 0.1322 0.982439 0.130312 0.983415 0.130312 0.985366 0.128423 0.986341 0.128423 0.989268 0.12559 0.989268 0.109537
1 0.440976 0.612842 0.440976 0.625118 0.441951 0.625118 0.442927 0.626062 0.44878 0.626062 0.449756 0.625118 0.450732 0.625118 0.450732 0.612842
1 0.447805 0.339943 0.447805 0.347498 0.44878 0.348442 0.449756 0.348442 0.450732 0.349386 0.451707 0.349386 0.452683 0.350331 0.458537 0.350331 0.459512 0.349386 0.459512 0.339943
0 0.00195122 0.361662 0.00195122 0.413598 0.00292683 0.413598 0.00585366 0.416431 0.00585366 0.417375 0.0234146 0.417375 0.0243902 0.416431 0.0263415 0.416431 0.0273171 0.415486 0.0282927 0.415486 0.0321951 0.411709 0.0331707 0.411709 0.0360976 0.408876 0.0370732 0.408876 0.0370732 0.407932 0.0380488 0.406988 0.0380488 0.406043 0.0409756 0.403211 0.0409756 0.376771 0.0360976 0.372049 0.0360976 0.371105 0.0331707 0.368272 0.0321951 0.368272 0.0292683 0.365439 0.0292683 0.364495 0.0282927 0.363551 0.0273171 0.363551 0.0263415 0.362606 0.0253659 0.362606 0.0243902 0.361662
0 0.00487805 0.309726 0.00487805 0.338999 0.00585366 0.338999 0.00682927 0.338055 0.0146341 0.338055 0.0156098 0.338999 0.0165854 0.338055 0.022439 0.338055 0.0234146 0.33711 0.0282927 0.33711 0.0292683 0.336166 0.0302439 0.336166 0.0312195 0.335222 0.0321951 0.335222 0.0331707 0.334278 0.0341463 0.334278 0.0341463 0.313503 0.0302439 0.309726
1 0.702439 0.530689 0.701463 0.531634 0.701463 0.532578 0.700488 0.533522 0.700488 0.534467 0.699512 0.535411 0.698537 0.534467 0.698537 0.533522 0.698537 0.546742 0.701463 0.546742 0.702439 0.547687 0.708293 0.547687 0.709268 0.546742 0.712195 0.546742 0.712195 0.530689
0 0.981463 0.167139 0.981463 0.169972 0.980488 0.170916 0.980488 0.174693 0.979512 0.175637 0.979512 0.17847 0.978537 0.179415 0.978537 0.180359 0.977561 0.181303 0.977561 0.182247 0.976585 0.183192 0.976585 0.18508 0.97561 0.186025 0.97561 0.187913 0.974634 0.188857 0.974634 0.189802 0.973659 0.190746 0.973659 0.192635 0.972683 0.193579 0.972683 0.195467 0.971707 0.196412 0.971707 0.197356 0.970732 0.1983 0.970732 0.199245 0.968781 0.201133 0.968781 0.222852 0.969756 0.223796 0.969756 0.225685 0.970732 0.226629 0.970732 0.227573 0.977561 0.234183 0.978537 0.234183 0.979512 0.235127 0.980488 0.235127 0.981463 0.236072 0.982439 0.236072 0.983415 0.237016 0.986341 0.237016 0.987317 0.236072 0.990244 0.236072 0.99122 0.235127 0.992195 0.235127 0.993171 0.234183 0.995122 0.234183 0.996098 0.233239 0.996098 0.226629 0.992195 0.226629 0.99122 0.225685 0.989268 0.225685 0.988293 0.22474 0.987317 0.22474 0.986341 0.223796 0.985366 0.223796 0.98439 0.222852 0.983415 0.222852 0.982439 0.221907 0.982439 0.220963 0.980488 0.219075 0.980488 0.217186 0.979512 0.216242 0.979512 0.205855 0.980488 0.20491 0.980488 0.203022 0.981463 0.202077 0.981463 0.200189 0.982439 0.199245 0.982439 0.197356 0.983415 0.196412 0.983415 0.195467 0.98439 0.194523 0.98439 0.193579 0.985366 0.192635 0.985366 0.190746 0.986341 0.189802 0.986341 0.187913 0.987317 0.186969 0.987317 0.18508 0.988293 0.184136 0.988293 0.17847 0.989268 0.177526 0.988293 0.176582 0.988293 0.173749 0.987317 0.172805 0.987317 0.169972 0.989268 0.168083 0.989268 0.167139
0 0.88 0.101039 0.879024 0.101983 0.879024 0.102927 0.878049 0.103872 0.878049 0.10576 0.877073 0.106704 0.877073 0.109537 0.876098 0.110482 0.876098 0.111426 0.875122 0.11237 0.875122 0.113314 0.874146 0.114259 0.874146 0.115203 0.873171 0.116147 0.873171 0.118036 0.872195 0.11898 0.872195 0.122757 0.87122 0.123702 0.87122 0.126534 0.870244 0.127479 0.870244 0.130312 0.869268 0.131256 0.869268 0.133144 0.868293 0.134089 0.868293 0.135033 0.867317 0.135977 0.858537 0.135977 0.857561 0.135033 0.85561 0.135033 0.85561 0.153919 0.856585 0.153919 0.857561 0.152975 0.865366 0.152975 0.866341 0.153919 0.867317 0.153919 0.868293 0.152975 0.870244 0.152975 0.87122 0.15203 0.872195 0.15203 0.874146 0.150142 0.875122 0.150142 0.878049 0.147309 0.879024 0.147309 0.88 0.146364 0.88 0.14542 0.880976 0.144476 0.880976 0.142587 0.881951 0.141643 0.881951 0.140699 0.882927 0.139754 0.882927 0.136922 0.883902 0.135977 0.883902 0.135033 0.884878 0.134089 0.884878 0.126534 0.883902 0.12559 0.883902 0.114259 0.884878 0.113314 0.884878 0.109537 0.885854 0.108593 0.884878 0.107649 0.884878 0.104816 0.883902 0.103872 0.883902 0.102927 0.882927 0.102927 0.880976 0.101039
1 0.76878 0.632672 0.76878 0.647781 0.769756 0.648725 0.785366 0.648725 0.786341 0.647781 0.787317 0.647781 0.787317 0.632672
0 0.609756 0.469311 0.597073 0.481586 0.596098 0.481586 0.590244 0.487252 0.589268 0.487252 0.588293 0.488196 0.588293 0.489141 0.587317 0.490085 0.587317 0.491029 0.586341 0.491974 0.586341 0.494806 0.585366 0.495751 0.585366 0.526912 0.592195 0.526912 0.592195 0.525968 0.593171 0.525024 0.593171 0.522191 0.594146 0.521246 0.594146 0.520302 0.595122 0.519358 0.595122 0.517469 0.596098 0.516525 0.596098 0.510859 0.595122 0.509915 0.595122 0.501416 0.596098 0.500472 0.596098 0.499528 0.597073 0.498584 0.597073 0.497639 0.598049 0.496695 0.598049 0.495751 0.6 0.493862 0.6 0.492918 0.600976 0.491974 0.600976 0.491029 0.607805 0.484419 0.607805 0.483475 0.608781 0.482531 0.610732 0.482531 0.611707 0.481586 0.613659 0.481586 0.61561 0.479698 0.616585 0.480642 0.617561 0.480642 0.621463 0.484419 0.622439 0.484419 0.623415 0.483475 0.62439 0.483475 0.626341 0.481586 0.626341 0.469311
0 0.654634 0.624174 0.652683 0.626062 0.652683 0.627007 0.651707 0.627951 0.651707 0.634561 0.652683 0.635505 0.652683 0.638338 0.653659 0.639282 0.653659 0.641171 0.654634 0.642115 0.654634 0.643059 0.657561 0.645892 0.657561 0.646837 0.658537 0.647781 0.659512 0.647781 0.660488 0.648725 0.661463 0.648725 0.66439 0.651558 0.665366 0.651558 0.669268 0.655335 0.670244 0.655335 0.673171 0.658168 0.673171 0.663834 0.672195 0.664778 0.672195 0.667611 0.67122 0.668555 0.67122 0.670444 0.670244 0.671388 0.670244 0.678942 0.67122 0.679887 0.67122 0.681775 0.672195 0.68272 0.672195 0.684608 0.674146 0.686497 0.676098 0.686497 0.68 0.690274 0.680976 0.690274 0.685854 0.694995 0.685854 0.697828 0.686829 0.698772 0.686829 0.699717 0.68878 0.701605 0.68878 0.703494 0.686829 0.705382 0.685854 0.705382 0.684878 0.706327 0.682927 0.706327 0.681951 0.707271 0.68 0.707271 0.679024 0.708215 0.689756 0.708215 0.690732 0.707271 0.690732 0.692162 0.689756 0.691218 0.689756 0.690274 0.686829 0.687441 0.684878 0.687441 0.681951 0.684608 0.681951 0.683664 0.680976 0.68272 0.68 0.68272 0.678049 0.680831 0.678049 0.679887 0.677073 0.678942 0.677073 0.6695 0.678049 0.668555 0.678049 0.667611 0.679024 0.666667 0.684878 0.666667 0.685854 0.667611 0.686829 0.667611 0.687805 0.666667 0.68878 0.666667 0.689756 0.665722 0.689756 0.664778 0.68878 0.663834 0.68878 0.66289 0.687805 0.661945 0.687805 0.660057 0.681951 0.654391 0.681951 0.653447 0.68 0.651558 0.679024 0.651558 0.676098 0.648725 0.675122 0.648725 0.674146 0.647781 0.674146 0.646837 0.673171 0.646837 0.670244 0.644004 0.669268 0.644004 0.665366 0.640227 0.665366 0.638338 0.66439 0.637394 0.66439 0.636449 0.663415 0.635505 0.663415 0.633617 0.662439 0.632672 0.662439 0.630784 0.656585 0.625118 0.65561 0.625118
0 0.00585366 0.911237 0.00585366 0.929178 0.00682927 0.929178 0.00780488 0.930123 0.00878049 0.930123 0.0126829 0.9339 0.0126829 0.934844 0.0136585 0.935788 0.0136585 0.937677 0.0156098 0.939566 0.0165854 0.939566 0.0185366 0.941454 0.0204878 0.941454 0.0214634 0.942398 0.022439 0.942398 0.0253659 0.939566 0.0253659 0.9339 0.0234146 0.932011 0.0234146 0.931067 0.0214634 0.929178 0.0214634 0.92729 0.0204878 0.926346 0.0204878 0.921624 0.022439 0.919736 0.0243902 0.919736 0.0253659 0.918791 0.0282927 0.918791 0.0292683 0.917847 0.0321951 0.917847 0.0331707 0.916903 0.0341463 0.916903 0.0341463 0.911237
1 0.67122 0.903683 0.67122 0.911237 0.68 0.911237 0.68 0.903683
1 0.678049 0.811143 0.677073 0.812087 0.677073 0.813031 0.676098 0.813975 0.676098 0.81492 0.675122 0.815864 0.675122 0.816808 0.674146 0.817753 0.674146 0.829084 0.675122 0.830028 0.676098 0.830028 0.677073 0.830973 0.678049 0.830973 0.679024 0.831917 0.687805 0.831917 0.691707 0.82814 0.691707 0.811143
1 0.953171 0.94712 0.952195 0.948064 0.952195 0.950897 0.951219 0.951841 0.951219 0.95373 0.952195 0.954674 0.952195 0.958451 0.956098 0.962229 0.957073 0.962229 0.958049 0.963173 0.967805 0.963173 0.968781 0.962229 0.969756 0.962229 0.970732 0.961284 0.970732 0.94712
0 0.902439 0.706327 0.902439 0.710104 0.905366 0.710104 0.906341 0.711048 0.907317 0.711048 0.908293 0.711992 0.909268 0.711992 0.910244 0.712937 0.912195 0.712937 0.913171 0.713881 0.915122 0.713881 0.916098 0.714825 0.919024 0.714825 0.920976 0.716714 0.921951 0.716714 0.922927 0.717658 0.923902 0.717658 0.924878 0.718602 0.925854 0.718602 0.926829 0.719547 0.927805 0.719547 0.929756 0.721435 0.929756 0.723324 0.930732 0.724268 0.930732 0.726157 0.931707 0.727101 0.931707 0.734655 0.93561 0.734655 0.936585 0.733711 0.937561 0.733711 0.937561 0.716714 0.936585 0.71577 0.936585 0.714825 0.93561 0.714825 0.932683 0.711992 0.931707 0.711992 0.930732 0.711048 0.929756 0.711048 0.927805 0.70916 0.926829 0.70916 0.925854 0.708215 0.924878 0.708215 0.923902 0.707271 0.921951 0.707271 0.920976 0.706327
1 0.628293 0.113314 0.628293 0.12559 0.632195 0.12559 0.633171 0.126534 0.635122 0.126534 0.636098 0.12559 0.639024 0.12559 0.64 0.124646 0.640976 0.124646 0.641951 0.123702 0.641951 0.113314
1 0.763902 0.352219 0.762927 0.353163 0.762927 0.362606 0.770732 0.362606 0.771707 0.361662 0.772683 0.361662 0.773659 0.360718 0.773659 0.352219
1 0.598049 0.258735 0.598049 0.259679 0.596098 0.261568 0.596098 0.275732 0.597073 0.276676 0.599024 0.276676 0.6 0.27762 0.602927 0.27762 0.603902 0.276676 0.604878 0.276676 0.605854 0.275732 0.606829 0.275732 0.607805 0.274788 0.608781 0.274788 0.609756 0.273843 0.609756 0.258735
0 0.0839024 0.819641 0.0790244 0.824363 0.0790244 0.825307 0.0770732 0.827195 0.0770732 0.82814 0.0760976 0.829084 0.075122 0.829084 0.0741463 0.830028 0.0731707 0.830028 0.0712195 0.831917 0.0702439 0.831917 0.0682927 0.833806 0.0682927 0.83475 0.0673171 0.835694 0.0673171 0.836638 0.0663415 0.837583 0.0663415 0.838527 0.0653659 0.839471 0.0653659 0.840415 0.0643902 0.84136 0.0643902 0.843248 0.0634146 0.844193 0.0634146 0.846081 0.062439 0.847026 0.062439 0.849858 0.0614634 0.850803 0.0614634 0.852691 0.0585366 0.855524 0.0585366 0.856468 0.057561 0.857413 0.057561 0.859301 0.0565854 0.860246 0.0565854 0.863078 0.0556098 0.864023 0.0556098 0.866856 0.0546341 0.8678 0.0546341 0.869688 0.0536585 0.870633 0.0536585 0.872521 0.0526829 0.873466 0.0526829 0.875354 0.0517073 0.876298 0.0517073 0.878187 0.0507317 0.879131 0.0507317 0.885741 0.062439 0.885741 0.062439 0.884797 0.0634146 0.883853 0.0634146 0.882908 0.0663415 0.880076 0.0663415 0.879131 0.0673171 0.878187 0.0673171 0.877243 0.0682927 0.876298 0.0682927 0.875354 0.0692683 0.87441 0.0692683 0.873466 0.0702439 0.872521 0.0702439 0.871577 0.0712195 0.870633 0.0712195 0.869688 0.0721951 0.868744 0.0721951 0.8678 0.0731707 0.866856 0.0731707 0.865911 0.0741463 0.864967 0.0741463 0.862134 0.075122 0.86119 0.075122 0.858357 0.0760976 0.857413 0.0760976 0.85458 0.0770732 0.853635 0.0770732 0.851747 0.0780488 0.850803 0.0780488 0.84797 0.0790244 0.847026 0.0790244 0.845137 0.08 0.844193 0.08 0.842304 0.0809756 0.84136 0.0809756 0.839471 0.0819512 0.838527 0.0819512 0.837583 0.0829268 0.836638 0.0829268 0.835694 0.084878 0.833806 0.084878 0.819641
1 0.66439 0.389046 0.661463 0.391879 0.661463 0.402266 0.662439 0.403211 0.674146 0.403211 0.675122 0.402266 0.676098 0.402266 0.68 0.398489 0.68 0.389046
1 0.179512 0.411709 0.179512 0.423041 0.181463 0.424929 0.182439 0.424929 0.183415 0.425873 0.185366 0.425873 0.186341 0.426818 0.188293 0.426818 0.189268 0.427762 0.190244 0.427762 0.19122 0.426818 0.195122 0.426818 0.196098 0.425873 0.197073 0.425873 0.197073 0.413598 0.195122 0.411709
1 0.732683 0.939566 0.729756 0.942398 0.729756 0.96034 0.730732 0.961284 0.731707 0.961284 0.732683 0.962229 0.734634 0.962229 0.73561 0.963173 0.743415 0.963173 0.74439 0.962229 0.745366 0.962229 0.748293 0.959396 0.749268 0.959396 0.75122 0.957507 0.75122 0.956563 0.752195 0.955619 0.752195 0.939566
1 0.0390244 0.151086 0.0390244 0.169027 0.04 0.169027 0.0409756 0.169972 0.0556098 0.169972 0.057561 0.168083 0.0585366 0.168083 0.0595122 0.167139 0.0595122 0.151086
0 0.983415 0.429651 0.982439 0.430595 0.982439 0.431539 0.981463 0.432483 0.981463 0.433428 0.979512 0.435316 0.979512 0.436261 0.977561 0.438149 0.977561 0.439093 0.97561 0.440982 0.97561 0.466478 0.976585 0.467422 0.976585 0.469311 0.977561 0.470255 0.977561 0.471199 0.979512 0.473088 0.979512 0.474032 0.980488 0.474976 0.980488 0.476865 0.982439 0.478754 0.982439 0.479698 0.98439 0.481586 0.98439 0.482531 0.985366 0.483475 0.985366 0.484419 0.987317 0.486308 0.987317 0.487252 0.988293 0.488196 0.988293 0.489141 0.989268 0.490085 0.989268 0.491974 0.990244 0.492918 0.990244 0.493862 0.99122 0.494806 0.99122 0.495751 0.992195 0.496695 0.992195 0.499528 0.993171 0.500472 0.993171 0.502361 0.997073 0.502361 0.997073 0.476865 0.996098 0.476865 0.995122 0.475921 0.995122 0.474976 0.994146 0.474032 0.994146 0.473088 0.992195 0.471199 0.992195 0.470255 0.99122 0.469311 0.99122 0.467422 0.990244 0.466478 0.990244 0.465534 0.988293 0.463645 0.988293 0.462701 0.987317 0.461756 0.987317 0.459868 0.986341 0.458924 0.986341 0.456091 0.985366 0.455146 0.985366 0.449481 0.986341 0.448536 0.986341 0.444759 0.987317 0.443815 0.987317 0.441926 0.988293 0.440982 0.988293 0.439093 0.989268 0.438149 0.989268 0.437205 0.996098 0.430595 0.997073 0.430595 0.997073 0.429651
1 0.660488 0.758263 0.660488 0.77526 0.665366 0.779981 0.667317 0.779981 0.668293 0.780925 0.681951 0.780925 0.682927 0.779981 0.682927 0.758263
0 0.303415 0.696884 0.303415 0.70255 0.305366 0.704438 0.306341 0.704438 0.309268 0.707271 0.310244 0.707271 0.31122 0.708215 0.312195 0.708215 0.313171 0.70916 0.313171 0.710104 0.314146 0.711048 0.314146 0.712937 0.315122 0.713881 0.315122 0.717658 0.316098 0.718602 0.316098 0.72238 0.317073 0.723324 0.317073 0.724268 0.318049 0.725212 0.318049 0.726157 0.319024 0.727101 0.32 0.726157 0.32 0.725212 0.321951 0.723324 0.321951 0.708215 0.320976 0.707271 0.320976 0.706327 0.32 0.705382 0.32 0.704438 0.319024 0.703494 0.319024 0.70255 0.318049 0.701605 0.317073 0.701605 0.314146 0.698772 0.314146 0.697828 0.313171 0.696884
1 0.245854 0.225685 0.244878 0.226629 0.243902 0.226629 0.242927 0.227573 0.239024 0.227573 0.239024 0.240793 0.242927 0.240793 0.243902 0.241737 0.24878 0.241737 0.249756 0.240793 0.250732 0.240793 0.251707 0.239849 0.252683 0.239849 0.253659 0.238905 0.254634 0.238905 0.254634 0.23796 0.25561 0.237016 0.25561 0.225685
1 0.586341 0.84797 0.586341 0.860246 0.587317 0.86119 0.588293 0.86119 0.589268 0.862134 0.592195 0.862134 0.593171 0.863078 0.598049 0.863078 0.6 0.86119 0.6 0.84797
0 0.747317 0.694051 0.746341 0.694995 0.746341 0.703494 0.745366 0.704438 0.745366 0.708215 0.74439 0.70916 0.74439 0.711048 0.743415 0.711992 0.743415 0.712937 0.742439 0.713881 0.742439 0.71577 0.741463 0.716714 0.741463 0.719547 0.740488 0.720491 0.740488 0.724268 0.739512 0.725212 0.739512 0.727101 0.738537 0.728045 0.738537 0.72899 0.736585 0.730878 0.736585 0.743154 0.738537 0.743154 0.739512 0.744098 0.740488 0.744098 0.741463 0.745043 0.742439 0.745043 0.743415 0.745987 0.745366 0.745987 0.748293 0.743154 0.748293 0.74221 0.749268 0.741265 0.749268 0.740321 0.750244 0.739377 0.750244 0.738432 0.75122 0.737488 0.75122 0.7356 0.752195 0.734655 0.752195 0.732767 0.753171 0.731822 0.753171 0.72899 0.754146 0.728045 0.754146 0.694051
0 0.74439 0.402266 0.740488 0.406043 0.737561 0.406043 0.73561 0.407932 0.734634 0.407932 0.732683 0.409821 0.732683 0.410765 0.731707 0.411709 0.731707 0.418319 0.732683 0.419263 0.732683 0.420208 0.733659 0.421152 0.733659 0.422096 0.73561 0.423985 0.73561 0.424929 0.736585 0.425873 0.736585 0.426818 0.738537 0.428706 0.738537 0.429651 0.741463 0.432483 0.741463 0.435316 0.742439 0.436261 0.742439 0.440982 0.737561 0.445704 0.73561 0.445704 0.734634 0.446648 0.731707 0.446648 0.731707 0.447592 0.727805 0.451369 0.726829 0.451369 0.725854 0.452314 0.724878 0.452314 0.724878 0.453258 0.723902 0.454202 0.723902 0.473088 0.724878 0.474032 0.724878 0.474976 0.727805 0.477809 0.728781 0.477809 0.729756 0.478754 0.734634 0.478754 0.73561 0.477809 0.739512 0.477809 0.740488 0.476865 0.741463 0.476865 0.742439 0.475921 0.74439 0.475921 0.747317 0.473088 0.747317 0.472144 0.748293 0.471199 0.748293 0.470255 0.749268 0.469311 0.749268 0.468366 0.750244 0.467422 0.750244 0.466478 0.75122 0.465534 0.75122 0.463645 0.752195 0.462701 0.752195 0.444759 0.753171 0.443815 0.753171 0.439093 0.752195 0.438149 0.752195 0.436261 0.75122 0.435316 0.75122 0.433428 0.750244 0.432483 0.750244 0.431539 0.749268 0.430595 0.749268 0.429651 0.748293 0.428706 0.748293 0.423985 0.747317 0.423041 0.747317 0.420208 0.746341 0.419263 0.746341 0.418319 0.745366 0.417375 0.745366 0.416431 0.74439 0.415486 0.74439 0.414542 0.748293 0.410765 0.749268 0.410765 0.75122 0.408876 0.753171 0.410765 0.753171 0.402266
1 0.214634 0.784703 0.213659 0.785647 0.212683 0.785647 0.212683 0.798867 0.214634 0.798867 0.21561 0.799811 0.226341 0.799811 0.227317 0.798867 0.227317 0.784703
1 0.924878 0.378659 0.924878 0.388102 0.934634 0.388102 0.93561 0.387158 0.936585 0.387158 0.937561 0.386213 0.937561 0.378659
1 0.435122 0.366383 0.435122 0.375826 0.436098 0.376771 0.436098 0.377715 0.437073 0.377715 0.438049 0.378659 0.444878 0.378659 0.445854 0.377715 0.446829 0.377715 0.447805 0.376771 0.447805 0.375826 0.44878 0.374882 0.44878 0.366383
1 0.694634 0.954674 0.692683 0.956563 0.692683 0.967894 0.706341 0.967894 0.707317 0.96695 0.708293 0.96695 0.709268 0.966006 0.710244 0.966006 0.712195 0.964117 0.712195 0.954674
0 0.565854 0.0472144 0.564878 0.0481586 0.564878 0.0500472 0.563902 0.0509915 0.563902 0.0519358 0.561951 0.0538244 0.561951 0.0547686 0.56 0.0566572 0.56 0.0576015 0.558049 0.0594901 0.558049 0.0604344 0.557073 0.0613787 0.557073 0.0623229 0.556098 0.0632672 0.556098 0.0651558 0.554146 0.0670444 0.554146 0.0679887 0.553171 0.068933 0.553171 0.0698772 0.552195 0.0708215 0.552195 0.0717658 0.55122 0.0727101 0.55122 0.0736544 0.550244 0.0745987 0.550244 0.0764873 0.549268 0.0774315 0.549268 0.115203 0.550244 0.116147 0.550244 0.11898 0.558049 0.11898 0.558049 0.117092 0.559024 0.116147 0.559024 0.114259 0.56 0.113314 0.56 0.11237 0.560976 0.111426 0.560976 0.110482 0.561951 0.109537 0.561951 0.108593 0.562927 0.107649 0.562927 0.10576 0.563902 0.104816 0.563902 0.101983 0.564878 0.101039 0.564878 0.0972616 0.565854 0.0963173 0.565854 0.0934844 0.566829 0.0925401 0.566829 0.0897073 0.567805 0.088763 0.567805 0.0859301 0.56878 0.0849858 0.56878 0.0830973 0.569756 0.082153 0.569756 0.0793201 0.570732 0.0783758 0.570732 0.075543 0.571707 0.0745987 0.571707 0.0472144
0 0.00390244 0.750708 0.00390244 0.767705 0.00487805 0.76865 0.00585366 0.76865 0.00878049 0.771483 0.0097561 0.771483 0.0107317 0.772427 0.0126829 0.772427 0.0136585 0.773371 0.0146341 0.773371 0.0156098 0.774315 0.0165854 0.774315 0.017561 0.77526 0.035122 0.77526 0.0360976 0.774315 0.0370732 0.774315 0.0380488 0.773371 0.0390244 0.773371 0.04 0.772427 0.0409756 0.772427 0.0429268 0.770538 0.0429268 0.769594 0.0487805 0.763928 0.0487805 0.750708 0.0380488 0.750708 0.0360976 0.752597 0.0360976 0.753541 0.035122 0.754485 0.035122 0.756374 0.0341463 0.757318 0.0341463 0.758263 0.0312195 0.761095 0.0302439 0.761095 0.0292683 0.76204 0.0214634 0.76204 0.0204878 0.761095 0.017561 0.761095 0.0165854 0.760151 0.0146341 0.760151 0.0117073 0.757318 0.0117073 0.75543 0.0107317 0.754485 0.0107317 0.751652 0.0097561 0.750708
0 0.943415 0.592068 0.942439 0.593012 0.941463 0.593012 0.940488 0.593957 0.939512 0.593957 0.938537 0.594901 0.937561 0.594901 0.936585 0.595845 0.936585 0.615675 0.936585 0.609065 0.937561 0.608121 0.940488 0.608121 0.941463 0.609065 0.941463 0.610009 0.940488 0.610954 0.940488 0.613787 0.939512 0.614731 0.940488 0.615675 0.941463 0.615675 0.94439 0.618508 0.947317 0.618508 0.948293 0.617564 0.951219 0.617564 0.953171 0.615675 0.953171 0.614731 0.954146 0.613787 0.954146 0.592068
0 0.0146341 0.223796 0.0146341 0.228517 0.0165854 0.230406 0.017561 0.230406 0.0185366 0.23135 0.0185366 0.232295 0.0204878 0.234183 0.0204878 0.235127 0.0234146 0.23796 0.0234146 0.238905 0.0243902 0.239849 0.0243902 0.241737 0.0253659 0.242682 0.0253659 0.24457 0.0263415 0.245515 0.0263415 0.247403 0.0273171 0.248347 0.0273171 0.250236 0.0282927 0.25118 0.0282927 0.253069 0.0302439 0.254957 0.0302439 0.255902 0.0321951 0.25779 0.0321951 0.258735 0.0331707 0.259679 0.0331707 0.260623 0.0341463 0.261568 0.0341463 0.262512 0.035122 0.263456 0.035122 0.2644 0.0360976 0.2644 0.0370732 0.265345 0.0380488 0.265345 0.0409756 0.268178 0.0439024 0.268178 0.044878 0.267233 0.0468293 0.267233 0.0478049 0.266289 0.0487805 0.267233 0.0526829 0.267233 0.0536585 0.268178 0.0585366 0.268178 0.0585366 0.265345 0.0565854 0.263456 0.0556098 0.263456 0.0536585 0.261568 0.0526829 0.262512 0.0507317 0.262512 0.0497561 0.263456 0.0478049 0.263456 0.044878 0.260623 0.044878 0.259679 0.0409756 0.255902 0.0409756 0.254957 0.04 0.254013 0.04 0.252125 0.0390244 0.25118 0.0390244 0.250236 0.0380488 0.249292 0.0380488 0.248347 0.0370732 0.247403 0.0370732 0.246459 0.0360976 0.245515 0.0360976 0.24457 0.035122 0.243626 0.035122 0.242682 0.0321951 0.239849 0.0321951 0.238905 0.0292683 0.236072 0.0292683 0.235127 0.0282927 0.234183 0.0273171 0.234183 0.0243902 0.23135 0.0243902 0.230406 0.0234146 0.229462 0.0234146 0.227573 0.022439 0.226629 0.022439 0.22474 0.0214634 0.223796
0 0.972683 0.780925 0.971707 0.78187 0.969756 0.78187 0.966829 0.784703 0.966829 0.785647 0.965854 0.786591 0.965854 0.787535 0.964878 0.78848 0.964878 0.789424 0.963902 0.790368 0.961951 0.790368 0.961951 0.792257 0.963902 0.792257 0.965854 0.794145 0.969756 0.794145 0.970732 0.79509 0.976585 0.79509 0.977561 0.796034 0.977561 0.802644 0.97561 0.804533 0.97561 0.805477 0.974634 0.806421 0.974634 0.807365 0.973659 0.80831 0.973659 0.809254 0.976585 0.812087 0.980488 0.812087 0.981463 0.811143 0.983415 0.811143 0.986341 0.80831 0.986341 0.807365 0.987317 0.806421 0.987317 0.786591 0.986341 0.785647 0.986341 0.784703 0.985366 0.783758 0.985366 0.782814 0.983415 0.780925
1 0.32 0.146364 0.32 0.159585 0.320976 0.159585 0.323902 0.162417 0.324878 0.162417 0.325854 0.163362 0.328781 0.163362 0.329756 0.164306 0.332683 0.164306 0.334634 0.162417 0.33561 0.162417 0.337561 0.160529 0.337561 0.147309 0.336585 0.146364
1 0.684878 0.729934 0.684878 0.744098 0.698537 0.744098 0.698537 0.729934
1 0.946341 0.371105 0.94439 0.372993 0.94439 0.383381 0.952195 0.383381 0.953171 0.382436 0.954146 0.382436 0.955122 0.381492 0.956098 0.381492 0.957073 0.380548 0.957073 0.371105
1 0.773659 0.677998 0.773659 0.703494 0.792195 0.703494 0.793171 0.70255 0.797073 0.70255 0.798049 0.701605 0.799024 0.701605 0.8 0.700661 0.801951 0.700661 0.803902 0.698772 0.804878 0.698772 0.805854 0.697828 0.805854 0.677998
1 0.810732 0.568461 0.810732 0.580737 0.812683 0.582625 0.813659 0.582625 0.814634 0.583569 0.823415 0.583569 0.826341 0.580737 0.826341 0.568461
0 0.0585366 0.76204 0.0585366 0.763928 0.0556098 0.766761 0.0546341 0.766761 0.0536585 0.767705 0.0526829 0.767705 0.0517073 0.76865 0.0517073 0.770538 0.0507317 0.771483 0.0507317 0.772427 0.0478049 0.77526 0.0468293 0.77526 0.0458537 0.776204 0.0458537 0.777148 0.044878 0.778093 0.044878 0.779037 0.0439024 0.779981 0.0439024 0.780925 0.0419512 0.782814 0.0419512 0.783758 0.0409756 0.784703 0.0409756 0.785647 0.04 0.786591 0.04 0.793201 0.0429268 0.793201 0.0439024 0.794145 0.0468293 0.794145 0.0478049 0.79509 0.0507317 0.792257 0.0507317 0.791313 0.0517073 0.790368 0.0517073 0.78848 0.0526829 0.787535 0.0526829 0.783758 0.0565854 0.779981 0.0565854 0.779037 0.057561 0.778093 0.057561 0.776204 0.0585366 0.77526 0.0585366 0.774315 0.0614634 0.771483 0.062439 0.771483 0.062439 0.76204
0 0.748293 0.832861 0.748293 0.836638 0.749268 0.836638 0.750244 0.837583 0.752195 0.837583 0.755122 0.840415 0.754146 0.84136 0.754146 0.842304 0.75122 0.845137 0.75122 0.846081 0.750244 0.847026 0.750244 0.84797 0.749268 0.848914 0.749268 0.850803 0.748293 0.851747 0.748293 0.865911 0.749268 0.864967 0.753171 0.864967 0.754146 0.865911 0.758049 0.865911 0.759024 0.864967 0.76 0.864967 0.760976 0.864023 0.761951 0.864023 0.762927 0.863078 0.763902 0.863078 0.767805 0.859301 0.76878 0.859301 0.773659 0.85458 0.773659 0.853635 0.77561 0.851747 0.77561 0.850803 0.777561 0.848914 0.777561 0.836638 0.776585 0.835694 0.77561 0.836638 0.773659 0.836638 0.772683 0.837583 0.769756 0.837583 0.76878 0.838527 0.766829 0.838527 0.765854 0.839471 0.764878 0.839471 0.763902 0.840415 0.761951 0.838527 0.760976 0.838527 0.759024 0.836638 0.758049 0.836638 0.756098 0.83475 0.756098 0.833806 0.755122 0.832861
0 0.922927 0.467422 0.922927 0.468366 0.921951 0.469311 0.921951 0.471199 0.920976 0.472144 0.920976 0.475921 0.92 0.476865 0.92 0.477809 0.921951 0.479698 0.921951 0.480642 0.922927 0.481586 0.922927 0.482531 0.932683 0.491974 0.933659 0.491974 0.936585 0.494806 0.937561 0.494806 0.940488 0.497639 0.941463 0.497639 0.947317 0.503305 0.948293 0.503305 0.950244 0.505194 0.951219 0.505194 0.954146 0.508026 0.955122 0.508026 0.956098 0.508971 0.957073 0.508971 0.958049 0.509915 0.96 0.509915 0.960976 0.510859 0.961951 0.510859 0.962927 0.511804 0.964878 0.511804 0.965854 0.512748 0.966829 0.512748 0.967805 0.513692 0.968781 0.513692 0.969756 0.514636 0.970732 0.514636 0.971707 0.515581 0.972683 0.515581 0.973659 0.516525 0.974634 0.516525 0.97561 0.517469 0.976585 0.517469 0.978537 0.519358 0.979512 0.519358 0.981463 0.521246 0.982439 0.521246 0.983415 0.522191 0.987317 0.522191 0.988293 0.523135 0.99122 0.523135 0.99122 0.509915 0.987317 0.509915 0.986341 0.508971 0.985366 0.508971 0.98439 0.508026 0.983415 0.508026 0.982439 0.507082 0.981463 0.507082 0.980488 0.506138 0.979512 0.506138 0.978537 0.505194 0.977561 0.505194 0.973659 0.501416 0.973659 0.500472 0.967805 0.494806 0.966829 0.494806 0.964878 0.492918 0.963902 0.492918 0.961951 0.491029 0.960976 0.491029 0.959024 0.489141 0.958049 0.489141 0.956098 0.487252 0.955122 0.487252 0.949268 0.481586 0.949268 0.480642 0.946341 0.477809 0.946341 0.476865 0.94439 0.474976 0.94439 0.474032 0.942439 0.472144 0.942439 0.467422
0 0.607805 0.616619 0.607805 0.617564 0.606829 0.618508 0.606829 0.619452 0.605854 0.620397 0.605854 0.627951 0.606829 0.628895 0.606829 0.631728 0.610732 0.635505 0.610732 0.636449 0.611707 0.637394 0.611707 0.638338 0.612683 0.639282 0.612683 0.640227 0.613659 0.641171 0.613659 0.642115 0.614634 0.643059 0.614634 0.644004 0.616585 0.645892 0.616585 0.646837 0.617561 0.647781 0.617561 0.650614 0.618537 0.651558 0.618537 0.653447 0.621463 0.65628 0.622439 0.65628 0.623415 0.657224 0.62439 0.657224 0.625366 0.658168 0.626341 0.658168 0.627317 0.659112 0.633171 0.659112 0.633171 0.650614 0.632195 0.64967 0.632195 0.648725 0.627317 0.644004 0.627317 0.643059 0.626341 0.642115 0.626341 0.640227 0.62439 0.638338 0.62439 0.637394 0.623415 0.636449 0.623415 0.635505 0.620488 0.632672 0.620488 0.631728 0.619512 0.630784 0.619512 0.629839 0.617561 0.627951 0.617561 0.625118 0.616585 0.624174 0.616585 0.622285 0.61561 0.621341 0.61561 0.617564 0.614634 0.616619
1 0.93561 0.0594901 0.933659 0.0613787 0.933659 0.0764873 0.94439 0.0764873 0.947317 0.0736544 0.947317 0.0594901
0 0.75122 0.311615 0.748293 0.314448 0.747317 0.314448 0.746341 0.315392 0.74439 0.315392 0.74439 0.324835 0.745366 0.325779 0.745366 0.331445 0.746341 0.332389 0.746341 0.335222 0.747317 0.336166 0.747317 0.338055 0.748293 0.338999 0.748293 0.339943 0.749268 0.340888 0.749268 0.341832 0.75122 0.34372 0.752195 0.34372 0.754146 0.345609 0.755122 0.345609 0.756098 0.346553 0.762927 0.346553 0.770732 0.338999 0.770732 0.338055 0.771707 0.33711 0.771707 0.336166 0.773659 0.334278 0.773659 0.332389 0.774634 0.331445 0.774634 0.3305 0.777561 0.327668 0.777561 0.325779 0.778537 0.324835 0.778537 0.312559 0.777561 0.311615
1 0.487805 0.82153 0.487805 0.830028 0.489756 0.831917 0.489756 0.832861 0.490732 0.833806 0.490732 0.83475 0.494634 0.838527 0.494634 0.839471 0.49561 0.840415 0.496585 0.840415 0.498537 0.842304 0.499512 0.842304 0.500488 0.843248 0.501463 0.843248 0.502439 0.844193 0.503415 0.844193 0.50439 0.845137 0.508293 0.845137 0.509268 0.844193 0.51122 0.844193 0.514146 0.84136 0.514146 0.823418 0.512195 0.82153
1 0.240976 0.0764873 0.240976 0.095373 0.241951 0.0963173 0.242927 0.0963173 0.243902 0.0972616 0.244878 0.0972616 0.245854 0.0982059 0.24878 0.0982059 0.249756 0.0991501 0.25561 0.0991501 0.257561 0.0972616 0.258537 0.0972616 0.259512 0.0963173 0.260488 0.0963173 0.260488 0.0793201 0.258537 0.0774315 0.258537 0.0764873
1 0.831219 0.108593 0.831219 0.123702 0.835122 0.123702 0.836098 0.124646 0.839024 0.124646 0.84 0.12559 0.841951 0.12559 0.842927 0.124646 0.843902 0.124646 0.844878 0.123702 0.845854 0.123702 0.846829 0.122757 0.847805 0.122757 0.848781 0.121813 0.848781 0.108593
1 0.845854 0.909348 0.845854 0.910293 0.840976 0.915014 0.840976 0.918791 0.839024 0.92068 0.839024 0.921624 0.84 0.921624 0.840976 0.92068 0.844878 0.924457 0.845854 0.924457 0.846829 0.925401 0.854634 0.925401 0.858537 0.921624 0.858537 0.911237 0.857561 0.910293 0.857561 0.909348
0 0.659512 0.111426 0.657561 0.113314 0.657561 0.114259 0.656585 0.115203 0.656585 0.116147 0.654634 0.118036 0.654634 0.11898 0.653659 0.119924 0.653659 0.122757 0.654634 0.123702 0.654634 0.124646 0.65561 0.12559 0.657561 0.12559 0.658537 0.126534 0.660488 0.126534 0.661463 0.12559 0.662439 0.12559 0.665366 0.122757 0.666341 0.122757 0.67122 0.118036 0.67122 0.111426
1 0.6 0.0585458 0.599024 0.0594901 0.598049 0.0594901 0.598049 0.075543 0.609756 0.075543 0.610732 0.0745987 0.611707 0.0745987 0.614634 0.0717658 0.614634 0.0585458
0 0.722927 0.169027 0.722927 0.177526 0.723902 0.17847 0.723902 0.180359 0.724878 0.181303 0.724878 0.182247 0.725854 0.183192 0.726829 0.183192 0.727805 0.184136 0.728781 0.184136 0.729756 0.18508 0.730732 0.18508 0.731707 0.186025 0.732683 0.186025 0.734634 0.187913 0.734634 0.188857 0.736585 0.190746 0.736585 0.19169 0.738537 0.193579 0.738537 0.194523 0.740488 0.196412 0.740488 0.202077 0.739512 0.203022 0.739512 0.203966 0.738537 0.20491 0.738537 0.205855 0.737561 0.206799 0.737561 0.207743 0.736585 0.208687 0.736585 0.209632 0.733659 0.212465 0.733659 0.213409 0.721951 0.22474 0.721951 0.225685 0.720976 0.226629 0.720976 0.228517 0.72 0.229462 0.72 0.23135 0.719024 0.232295 0.719024 0.236072 0.72 0.237016 0.720976 0.237016 0.721951 0.23796 0.722927 0.23796 0.723902 0.238905 0.725854 0.238905 0.726829 0.23796 0.727805 0.23796 0.733659 0.232295 0.733659 0.23135 0.73561 0.229462 0.73561 0.227573 0.736585 0.226629 0.737561 0.226629 0.741463 0.222852 0.741463 0.221907 0.74439 0.219075 0.74439 0.21813 0.746341 0.216242 0.746341 0.215297 0.747317 0.214353 0.747317 0.212465 0.748293 0.21152 0.748293 0.210576 0.749268 0.209632 0.749268 0.208687 0.750244 0.207743 0.750244 0.195467 0.749268 0.194523 0.749268 0.19169 0.748293 0.190746 0.748293 0.189802 0.747317 0.188857 0.747317 0.187913 0.746341 0.186969 0.746341 0.186025 0.743415 0.183192 0.741463 0.183192 0.739512 0.181303 0.737561 0.181303 0.736585 0.180359 0.73561 0.180359 0.732683 0.177526 0.732683 0.176582 0.733659 0.175637 0.733659 0.17186 0.73561 0.169972 0.73561 0.169027
1 0.706341 0.640227 0.706341 0.650614 0.707317 0.650614 0.708293 0.651558 0.710244 0.651558 0.711219 0.652502 0.713171 0.652502 0.714146 0.651558 0.715122 0.651558 0.717073 0.64967 0.717073 0.640227
1 0.746341 0.486308 0.745366 0.487252 0.742439 0.487252 0.741463 0.488196 0.739512 0.488196 0.738537 0.489141 0.737561 0.489141 0.736585 0.490085 0.736585 0.502361 0.749268 0.502361 0.750244 0.501416 0.75122 0.501416 0.754146 0.498584 0.755122 0.498584 0.757073 0.496695 0.757073 0.488196 0.756098 0.487252 0.754146 0.487252 0.753171 0.486308
0 0.0780488 0.694995 0.0780488 0.69594 0.0741463 0.699717 0.0731707 0.699717 0.0702439 0.70255 0.0702439 0.703494 0.0643902 0.70916 0.0643902 0.710104 0.0614634 0.712937 0.0604878 0.712937 0.0585366 0.714825 0.0585366 0.71577 0.0565854 0.717658 0.0565854 0.718602 0.0526829 0.72238 0.0526829 0.723324 0.0517073 0.724268 0.0517073 0.726157 0.0507317 0.727101 0.0565854 0.727101 0.0565854 0.726157 0.057561 0.725212 0.0585366 0.725212 0.0595122 0.724268 0.0604878 0.724268 0.0663415 0.718602 0.0673171 0.718602 0.0702439 0.71577 0.0712195 0.71577 0.0770732 0.710104 0.0780488 0.710104 0.0819512 0.706327 0.0829268 0.706327 0.0839024 0.705382 0.084878 0.705382 0.0858537 0.704438 0.0868293 0.704438 0.0887805 0.70255 0.0897561 0.70255 0.0897561 0.694995
1 0.691707 0.905571 0.691707 0.908404 0.692683 0.909348 0.692683 0.91407 0.693659 0.915014 0.692683 0.915958 0.692683 0.917847 0.691707 0.918791 0.691707 0.923513 0.702439 0.923513 0.703415 0.922568 0.705366 0.922568 0.706341 0.921624 0.707317 0.921624 0.712195 0.916903 0.712195 0.906516 0.711219 0.905571
0 0.498537 0.455146 0.497561 0.456091 0.491707 0.456091 0.490732 0.457035 0.48878 0.457035 0.487805 0.457979 0.486829 0.457979 0.485854 0.458924 0.483902 0.458924 0.482927 0.459868 0.482927 0.460812 0.480976 0.462701 0.480976 0.463645 0.48 0.464589 0.479024 0.464589 0.479024 0.465534 0.48 0.465534 0.480976 0.466478 0.481951 0.466478 0.482927 0.467422 0.483902 0.467422 0.484878 0.468366 0.487805 0.468366 0.48878 0.467422 0.505366 0.467422 0.506341 0.468366 0.515122 0.468366 0.516098 0.469311 0.532683 0.469311 0.533659 0.470255 0.534634 0.470255 0.53561 0.471199 0.536585 0.471199 0.537561 0.472144 0.538537 0.472144 0.541463 0.474976 0.541463 0.475921 0.542439 0.476865 0.542439 0.477809 0.543415 0.478754 0.543415 0.480642 0.54439 0.481586 0.54439 0.483475 0.545366 0.484419 0.545366 0.496695 0.546341 0.497639 0.546341 0.498584 0.547317 0.499528 0.547317 0.500472 0.548293 0.501416 0.548293 0.502361 0.550244 0.504249 0.56 0.504249 0.56 0.486308 0.559024 0.485364 0.559024 0.484419 0.557073 0.482531 0.557073 0.481586 0.556098 0.480642 0.556098 0.478754 0.555122 0.477809 0.555122 0.476865 0.552195 0.474032 0.552195 0.473088 0.543415 0.464589 0.542439 0.464589 0.540488 0.462701 0.539512 0.462701 0.538537 0.461756 0.537561 0.461756 0.536585 0.460812 0.53561 0.460812 0.534634 0.459868 0.532683 0.459868 0.531707 0.458924 0.531707 0.457979 0.52878 0.455146
1 0.044878 0.478754 0.0419512 0.481586 0.0419512 0.482531 0.0409756 0.483475 0.0409756 0.500472 0.0419512 0.500472 0.0429268 0.501416 0.0439024 0.501416 0.044878 0.502361 0.0458537 0.502361 0.0468293 0.503305 0.0478049 0.503305 0.0487805 0.504249 0.0497561 0.504249 0.0507317 0.505194 0.0595122 0.505194 0.0604878 0.504249 0.0614634 0.504249 0.062439 0.503305 0.0634146 0.503305 0.0643902 0.502361 0.0643902 0.501416 0.0653659 0.500472 0.0653659 0.478754
1 0.62439 0.720491 0.62439 0.730878 0.625366 0.731822 0.625366 0.733711 0.626341 0.734655 0.626341 0.7356 0.627317 0.7356 0.628293 0.736544 0.636098 0.736544 0.637073 0.7356 0.637073 0.720491
1 0.92878 0.946176 0.92878 0.961284 0.941463 0.961284 0.942439 0.96034 0.943415 0.96034 0.945366 0.958451 0.945366 0.946176
1 0.156098 0.465534 0.156098 0.473088 0.157073 0.472144 0.158049 0.472144 0.161951 0.475921 0.165854 0.475921 0.165854 0.465534
1 0.708293 0.200189 0.707317 0.201133 0.707317 0.202077 0.705366 0.203966 0.703415 0.203966 0.703415 0.216242 0.70439 0.217186 0.70439 0.21813 0.706341 0.220019 0.708293 0.220019 0.709268 0.220963 0.713171 0.220963 0.715122 0.219075 0.716098 0.219075 0.717073 0.21813 0.717073 0.200189
0 0.85561 0.000944287 0.85561 0.01322 0.856585 0.01322 0.858537 0.0151086 0.858537 0.0160529 0.860488 0.0179415 0.860488 0.0188857 0.861463 0.01983 0.861463 0.0207743 0.862439 0.0217186 0.863415 0.0217186 0.86439 0.0226629 0.866341 0.0226629 0.867317 0.0236072 0.868293 0.0226629 0.876098 0.0226629 0.877073 0.0217186 0.88 0.0217186 0.882927 0.0188857 0.883902 0.0188857 0.885854 0.0169972 0.886829 0.0169972 0.889756 0.0141643 0.889756 0.01322 0.890732 0.0122757 0.890732 0.000944287 0.872195 0.000944287 0.872195 0.00188857 0.870244 0.00377715 0.867317 0.00377715 0.866341 0.00283286 0.866341 0.000944287
0 0.540488 0.365439 0.540488 0.366383 0.537561 0.369216 0.537561 0.370161 0.536585 0.371105 0.536585 0.378659 0.537561 0.379603 0.540488 0.379603 0.541463 0.378659 0.542439 0.378659 0.54439 0.376771 0.546341 0.376771 0.547317 0.375826 0.548293 0.375826 0.549268 0.374882 0.553171 0.374882 0.554146 0.375826 0.555122 0.375826 0.556098 0.376771 0.557073 0.376771 0.558049 0.377715 0.557073 0.378659 0.556098 0.378659 0.555122 0.379603 0.555122 0.380548 0.554146 0.381492 0.554146 0.382436 0.55122 0.385269 0.550244 0.385269 0.549268 0.386213 0.548293 0.386213 0.543415 0.390935 0.541463 0.390935 0.540488 0.391879 0.539512 0.391879 0.538537 0.392823 0.536585 0.392823 0.53561 0.393768 0.533659 0.393768 0.532683 0.394712 0.532683 0.396601 0.534634 0.398489 0.53561 0.398489 0.538537 0.401322 0.545366 0.401322 0.547317 0.399433 0.549268 0.399433 0.550244 0.398489 0.55122 0.398489 0.560976 0.389046 0.560976 0.386213 0.562927 0.384325 0.562927 0.382436 0.563902 0.381492 0.563902 0.370161 0.562927 0.369216 0.560976 0.369216 0.559024 0.367328 0.558049 0.367328 0.556098 0.365439
1 0.921951 0.862134 0.921951 0.870633 0.922927 0.871577 0.922927 0.872521 0.924878 0.87441 0.925854 0.87441 0.926829 0.875354 0.934634 0.875354 0.934634 0.862134
1 0.730732 0.639282 0.730732 0.64967 0.731707 0.64967 0.732683 0.650614 0.732683 0.651558 0.734634 0.653447 0.747317 0.653447 0.747317 0.639282
1 0.549268 0.177526 0.549268 0.186969 0.550244 0.187913 0.554146 0.187913 0.555122 0.188857 0.559024 0.188857 0.56 0.187913 0.560976 0.187913 0.560976 0.177526
1 0.82439 0.705382 0.82439 0.71577 0.833171 0.71577 0.834146 0.714825 0.834146 0.705382
1 0.307317 0.173749 0.307317 0.176582 0.306341 0.177526 0.306341 0.186025 0.313171 0.186025 0.314146 0.18508 0.315122 0.18508 0.316098 0.184136 0.317073 0.184136 0.317073 0.173749
0 0.522927 0.227573 0.521951 0.228517 0.521951 0.229462 0.52 0.23135 0.52 0.232295 0.519024 0.233239 0.519024 0.234183 0.518049 0.235127 0.518049 0.236072 0.517073 0.237016 0.517073 0.238905 0.514146 0.241737 0.513171 0.241737 0.51122 0.243626 0.510244 0.243626 0.508293 0.245515 0.508293 0.246459 0.507317 0.247403 0.507317 0.255902 0.508293 0.256846 0.516098 0.256846 0.517073 0.255902 0.517073 0.254957 0.519024 0.253069 0.519024 0.252125 0.525854 0.245515 0.525854 0.24457 0.529756 0.240793 0.530732 0.240793 0.531707 0.239849 0.533659 0.239849 0.534634 0.238905 0.534634 0.229462 0.533659 0.228517 0.533659 0.227573
0 0.416585 0.397545 0.416585 0.401322 0.417561 0.402266 0.417561 0.404155 0.418537 0.405099 0.418537 0.406043 0.420488 0.407932 0.420488 0.416431 0.419512 0.417375 0.419512 0.418319 0.418537 0.419263 0.418537 0.421152 0.410732 0.428706 0.410732 0.430595 0.40878 0.432483 0.40878 0.442871 0.409756 0.443815 0.409756 0.444759 0.410732 0.445704 0.410732 0.446648 0.42439 0.446648 0.42439 0.445704 0.425366 0.444759 0.425366 0.441926 0.426341 0.440982 0.426341 0.399433 0.42439 0.397545
0 0.903415 0.885741 0.902439 0.886686 0.900488 0.886686 0.897561 0.889518 0.897561 0.892351 0.896585 0.893296 0.896585 0.897073 0.898537 0.898961 0.898537 0.899906 0.899512 0.90085 0.899512 0.901794 0.906341 0.908404 0.906341 0.910293 0.905366 0.911237 0.905366 0.92068 0.906341 0.921624 0.907317 0.92068 0.907317 0.919736 0.91122 0.915958 0.912195 0.915958 0.912195 0.913126 0.913171 0.912181 0.913171 0.910293 0.914146 0.909348 0.914146 0.906516 0.915122 0.905571 0.915122 0.904627 0.919024 0.90085 0.92 0.901794 0.92 0.902738 0.920976 0.903683 0.920976 0.904627 0.921951 0.905571 0.921951 0.908404 0.922927 0.909348 0.922927 0.910293 0.924878 0.912181 0.924878 0.913126 0.926829 0.915014 0.926829 0.92068 0.927805 0.921624 0.927805 0.925401 0.926829 0.926346 0.926829 0.92729 0.931707 0.92729 0.931707 0.905571 0.930732 0.905571 0.927805 0.902738 0.927805 0.901794 0.924878 0.898961 0.922927 0.898961 0.920976 0.897073 0.920976 0.896128 0.92 0.895184 0.92 0.89424 0.919024 0.893296 0.919024 0.892351 0.918049 0.891407 0.918049 0.890463 0.915122 0.88763 0.914146 0.88763 0.912195 0.885741
1 0.732683 0.311615 0.732683 0.31728 0.733659 0.318225 0.733659 0.319169 0.73561 0.321058 0.73561 0.322002 0.74439 0.322002 0.745366 0.321058 0.745366 0.311615
1 0.169756 0.786591 0.169756 0.796034 0.170732 0.796978 0.178537 0.796978 0.178537 0.786591
1 0 0.457035 0 0.479698 0.00195122 0.479698 0.00292683 0.480642 0.00390244 0.480642 0.00487805 0.481586 0.00585366 0.481586 0.00780488 0.483475 0.00878049 0.483475 0.0097561 0.484419 0.0117073 0.484419 0.0126829 0.485364 0.0146341 0.485364 0.0156098 0.486308 0.0165854 0.486308 0.017561 0.485364 0.0204878 0.485364 0.0214634 0.484419 0.022439 0.484419 0.0234146 0.483475 0.0234146 0.482531 0.0243902 0.481586 0.0243902 0.480642 0.0253659 0.479698 0.0253659 0.464589 0.0243902 0.463645 0.0243902 0.462701 0.022439 0.460812 0.022439 0.459868 0.0195122 0.457035
0 0.985366 0.582625 0.982439 0.585458 0.981463 0.585458 0.980488 0.586402 0.979512 0.586402 0.977561 0.588291 0.977561 0.589235 0.976585 0.590179 0.976585 0.614731 0.983415 0.614731 0.983415 0.613787 0.98439 0.612842 0.98439 0.610954 0.985366 0.610009 0.985366 0.605288 0.986341 0.604344 0.986341 0.601511 0.987317 0.600567 0.987317 0.596789 0.99122 0.593012 0.99122 0.592068 0.994146 0.589235 0.994146 0.588291 0.995122 0.587347 0.995122 0.582625
1 0.137561 0.747875 0.136585 0.74882 0.136585 0.749764 0.13561 0.750708 0.13561 0.752597 0.134634 0.753541 0.134634 0.766761 0.137561 0.769594 0.139512 0.769594 0.140488 0.770538 0.141463 0.770538 0.142439 0.771483 0.147317 0.771483 0.149268 0.769594 0.150244 0.769594 0.154146 0.765817 0.154146 0.747875
1 0.398049 0.511804 0.398049 0.523135 0.401951 0.523135 0.402927 0.524079 0.412683 0.524079 0.413659 0.523135 0.413659 0.511804
0 0.0526829 0.226629 0.0526829 0.23796 0.0556098 0.23796 0.0565854 0.237016 0.057561 0.237016 0.0585366 0.236072 0.0692683 0.236072 0.0702439 0.237016 0.0712195 0.237016 0.0721951 0.23796 0.0741463 0.23796 0.0770732 0.240793 0.0770732 0.241737 0.0780488 0.242682 0.0780488 0.243626 0.08 0.245515 0.0819512 0.245515 0.0839024 0.243626 0.0839024 0.23135 0.0819512 0.229462 0.0809756 0.229462 0.0780488 0.226629
1 0.28 0.556185 0.28 0.570349 0.284878 0.570349 0.285854 0.571294 0.286829 0.571294 0.287805 0.570349 0.292683 0.570349 0.294634 0.568461 0.294634 0.556185
1 0.789268 0.398489 0.789268 0.411709 0.790244 0.412653 0.79122 0.412653 0.792195 0.413598 0.800976 0.413598 0.801951 0.412653 0.802927 0.412653 0.802927 0.398489
0 0.861463 0.698772 0.861463 0.699717 0.860488 0.700661 0.860488 0.716714 0.862439 0.716714 0.863415 0.71577 0.870244 0.71577 0.87122 0.716714 0.874146 0.716714 0.875122 0.71577 0.876098 0.71577 0.877073 0.714825 0.878049 0.714825 0.878049 0.704438 0.877073 0.703494 0.877073 0.700661 0.878049 0.699717 0.878049 0.698772
0 0.280976 0.246459 0.280976 0.25118 0.28 0.252125 0.28 0.256846 0.279024 0.25779 0.279024 0.2644 0.278049 0.265345 0.279024 0.266289 0.279024 0.274788 0.285854 0.274788 0.286829 0.273843 0.286829 0.27101 0.287805 0.270066 0.287805 0.267233 0.28878 0.266289 0.28878 0.246459
1 0.848781 0.339943 0.848781 0.340888 0.847805 0.341832 0.847805 0.355052 0.858537 0.355052 0.859512 0.354108 0.860488 0.354108 0.860488 0.339943
0 0.874146 0.566572 0.874146 0.567517 0.873171 0.568461 0.873171 0.569405 0.87122 0.571294 0.870244 0.571294 0.869268 0.572238 0.867317 0.572238 0.866341 0.573182 0.86439 0.573182 0.863415 0.574127 0.860488 0.574127 0.859512 0.575071 0.856585 0.575071 0.85561 0.576015 0.853659 0.576015 0.852683 0.576959 0.851707 0.576959 0.850732 0.577904 0.849756 0.577904 0.847805 0.579792 0.847805 0.587347 0.848781 0.587347 0.849756 0.588291 0.853659 0.588291 0.854634 0.589235 0.860488 0.589235 0.861463 0.588291 0.86439 0.588291 0.865366 0.587347 0.868293 0.587347 0.869268 0.586402 0.87122 0.586402 0.872195 0.585458 0.876098 0.585458 0.877073 0.584514 0.884878 0.584514 0.885854 0.583569 0.887805 0.583569 0.889756 0.581681 0.890732 0.581681 0.891707 0.580737 0.892683 0.580737 0.893659 0.579792 0.893659 0.578848 0.894634 0.577904 0.894634 0.576015 0.89561 0.575071 0.89561 0.573182 0.896585 0.572238 0.896585 0.570349 0.89561 0.569405 0.89561 0.568461 0.894634 0.568461 0.893659 0.567517 0.891707 0.567517 0.890732 0.568461 0.88878 0.568461 0.887805 0.569405 0.885854 0.569405 0.884878 0.568461 0.884878 0.567517 0.883902 0.566572
1 0.205854 0.230406 0.205854 0.240793 0.21561 0.240793 0.216585 0.239849 0.216585 0.230406
1 0.441951 0.934844 0.441951 0.949953 0.444878 0.949953 0.445854 0.949009 0.454634 0.949009 0.457561 0.946176 0.457561 0.935788 0.456585 0.934844
0 0.250732 0.78187 0.249756 0.782814 0.249756 0.785647 0.24878 0.786591 0.24878 0.789424 0.245854 0.792257 0.245854 0.793201 0.244878 0.794145 0.244878 0.822474 0.245854 0.823418 0.245854 0.824363 0.246829 0.825307 0.250732 0.825307 0.251707 0.824363 0.253659 0.824363 0.256585 0.82153 0.256585 0.820585 0.257561 0.819641 0.257561 0.78187
1 0.141463 0.418319 0.141463 0.445704 0.159024 0.445704 0.159024 0.443815 0.16 0.442871 0.16 0.441926 0.160976 0.440982 0.160976 0.437205 0.161951 0.436261 0.161951 0.435316 0.163902 0.433428 0.163902 0.431539 0.164878 0.430595 0.164878 0.425873 0.163902 0.426818 0.162927 0.426818 0.161951 0.427762 0.161951 0.429651 0.16 0.431539 0.158049 0.431539 0.155122 0.428706 0.155122 0.425873 0.154146 0.424929 0.154146 0.420208 0.152195 0.418319
0 0.560976 0.324835 0.56 0.325779 0.557073 0.325779 0.557073 0.326723 0.555122 0.328612 0.555122 0.329556 0.554146 0.3305 0.554146 0.331445 0.553171 0.332389 0.553171 0.333333 0.552195 0.334278 0.553171 0.335222 0.553171 0.33711 0.554146 0.338055 0.554146 0.338999 0.556098 0.340888 0.557073 0.340888 0.558049 0.341832 0.559024 0.340888 0.561951 0.340888 0.562927 0.339943 0.569756 0.339943 0.571707 0.341832 0.571707 0.345609 0.572683 0.346553 0.571707 0.347498 0.571707 0.349386 0.570732 0.350331 0.570732 0.353163 0.572683 0.355052 0.573659 0.355052 0.574634 0.355996 0.577561 0.355996 0.578537 0.355052 0.579512 0.355052 0.581463 0.353163 0.582439 0.353163 0.58439 0.351275 0.58439 0.350331 0.585366 0.349386 0.585366 0.3305 0.581463 0.326723 0.580488 0.326723 0.579512 0.325779 0.577561 0.325779 0.576585 0.324835
0 0.146341 0.635505 0.145366 0.636449 0.14439 0.636449 0.142439 0.638338 0.142439 0.639282 0.141463 0.640227 0.141463 0.641171 0.142439 0.642115 0.142439 0.645892 0.143415 0.646837 0.143415 0.647781 0.14439 0.648725 0.150244 0.648725 0.15122 0.647781 0.158049 0.647781 0.159024 0.648725 0.16 0.648725 0.162927 0.651558 0.163902 0.651558 0.164878 0.652502 0.164878 0.654391 0.165854 0.655335 0.165854 0.657224 0.166829 0.658168 0.166829 0.661001 0.167805 0.661945 0.167805 0.66289 0.16878 0.663834 0.16878 0.664778 0.173659 0.6695 0.174634 0.6695 0.17561 0.670444 0.180488 0.670444 0.181463 0.6695 0.181463 0.668555 0.182439 0.667611 0.182439 0.65628 0.181463 0.655335 0.181463 0.651558 0.180488 0.650614 0.180488 0.647781 0.179512 0.646837 0.179512 0.645892 0.178537 0.644948 0.178537 0.643059 0.177561 0.642115 0.177561 0.641171 0.17561 0.639282 0.17561 0.638338 0.172683 0.635505
1 0.604878 0.746931 0.604878 0.756374 0.607805 0.759207 0.613659 0.759207 0.614634 0.758263 0.616585 0.758263 0.617561 0.757318 0.618537 0.757318 0.619512 0.756374 0.620488 0.756374 0.620488 0.746931
0 0.647805 0.477809 0.647805 0.478754 0.64878 0.479698 0.64878 0.480642 0.649756 0.481586 0.649756 0.482531 0.650732 0.483475 0.650732 0.487252 0.651707 0.488196 0.651707 0.489141 0.652683 0.489141 0.65561 0.491974 0.65561 0.492918 0.657561 0.494806 0.658537 0.494806 0.659512 0.495751 0.660488 0.495751 0.661463 0.496695 0.659512 0.498584 0.658537 0.498584 0.65561 0.501416 0.651707 0.501416 0.64878 0.498584 0.64878 0.497639 0.647805 0.496695 0.647805 0.495751 0.646829 0.496695 0.646829 0.503305 0.647805 0.504249 0.64878 0.504249 0.651707 0.507082 0.651707 0.509915 0.650732 0.510859 0.650732 0.511804 0.649756 0.512748 0.649756 0.515581 0.646829 0.518414 0.646829 0.519358 0.644878 0.521246 0.644878 0.522191 0.645854 0.523135 0.645854 0.525024 0.646829 0.525968 0.647805 0.525968 0.650732 0.523135 0.651707 0.523135 0.653659 0.521246 0.654634 0.521246 0.654634 0.520302 0.657561 0.517469 0.657561 0.516525 0.659512 0.514636 0.659512 0.513692 0.661463 0.511804 0.661463 0.510859 0.666341 0.506138 0.666341 0.488196 0.661463 0.483475 0.661463 0.482531 0.657561 0.478754 0.657561 0.477809
0 0.272195 0.412653 0.272195 0.428706 0.273171 0.429651 0.273171 0.430595 0.274146 0.431539 0.274146 0.432483 0.275122 0.433428 0.275122 0.437205 0.276098 0.438149 0.276098 0.459868 0.282927 0.459868 0.282927 0.423985 0.281951 0.423041 0.281951 0.418319 0.280976 0.417375 0.280976 0.413598 0.281951 0.412653
1 0.945366 0.176582 0.945366 0.187913 0.951219 0.187913 0.952195 0.186969 0.953171 0.186969 0.955122 0.18508 0.955122 0.176582
1 0.797073 0.484419 0.796098 0.485364 0.795122 0.485364 0.794146 0.486308 0.793171 0.486308 0.79122 0.488196 0.79122 0.489141 0.786341 0.493862 0.786341 0.498584 0.8 0.498584 0.8 0.484419
0 0.265366 0.642115 0.265366 0.644948 0.26439 0.645892 0.265366 0.646837 0.265366 0.647781 0.266341 0.647781 0.267317 0.648725 0.268293 0.647781 0.282927 0.647781 0.283902 0.648725 0.286829 0.648725 0.287805 0.64967 0.28878 0.64967 0.289756 0.650614 0.290732 0.650614 0.293659 0.653447 0.293659 0.654391 0.29561 0.65628 0.29561 0.659112 0.297561 0.661001 0.297561 0.661945 0.298537 0.66289 0.298537 0.663834 0.299512 0.664778 0.299512 0.665722 0.300488 0.666667 0.301463 0.666667 0.306341 0.671388 0.309268 0.671388 0.310244 0.670444 0.312195 0.670444 0.312195 0.6695 0.313171 0.668555 0.313171 0.650614 0.310244 0.647781 0.310244 0.646837 0.309268 0.645892 0.308293 0.645892 0.307317 0.644948 0.306341 0.644948 0.305366 0.644004 0.303415 0.644004 0.302439 0.643059 0.300488 0.643059 0.299512 0.642115
1 0.651707 0.9339 0.650732 0.934844 0.649756 0.934844 0.64878 0.935788 0.643902 0.935788 0.642927 0.936733 0.642927 0.949009 0.646829 0.949009 0.647805 0.949953 0.654634 0.949953 0.656585 0.948064 0.656585 0.9339
1 0.556098 0.610954 0.555122 0.611898 0.555122 0.623229 0.564878 0.623229 0.565854 0.622285 0.565854 0.610954
0 0.00195122 0.848914 0.00195122 0.881964 0.00292683 0.881964 0.00390244 0.882908 0.00487805 0.882908 0.00585366 0.883853 0.00780488 0.883853 0.00878049 0.884797 0.0107317 0.884797 0.0117073 0.885741 0.0146341 0.885741 0.0156098 0.886686 0.0185366 0.886686 0.0195122 0.88763 0.0204878 0.88763 0.0214634 0.888574 0.022439 0.888574 0.0234146 0.88763 0.0253659 0.88763 0.0263415 0.886686 0.0273171 0.886686 0.0282927 0.885741 0.0282927 0.877243 0.0253659 0.87441 0.0253659 0.873466 0.0243902 0.872521 0.0243902 0.871577 0.022439 0.869688 0.022439 0.868744 0.0204878 0.866856 0.0204878 0.865911 0.0195122 0.864967 0.0195122 0.864023 0.0185366 0.863078 0.0185366 0.86119 0.017561 0.860246 0.017561 0.859301 0.0165854 0.858357 0.0165854 0.856468 0.0156098 0.855524 0.0156098 0.85458 0.0146341 0.853635 0.0146341 0.852691 0.0136585 0.851747 0.0136585 0.850803 0.0117073 0.848914
0 0.651707 0.623229 0.651707 0.637394 0.652683 0.638338 0.652683 0.639282 0.653659 0.640227 0.653659 0.642115 0.654634 0.643059 0.654634 0.644004 0.656585 0.645892 0.656585 0.647781 0.660488 0.647781 0.661463 0.648725 0.662439 0.648725 0.663415 0.64967 0.66439 0.64967 0.674146 0.659112 0.674146 0.661945 0.675122 0.66289 0.675122 0.665722 0.689756 0.665722 0.689756 0.661945 0.687805 0.660057 0.687805 0.659112 0.686829 0.658168 0.685854 0.658168 0.680976 0.653447 0.680976 0.652502 0.68 0.651558 0.679024 0.651558 0.678049 0.650614 0.677073 0.650614 0.676098 0.64967 0.675122 0.64967 0.67122 0.645892 0.670244 0.645892 0.66439 0.640227 0.66439 0.637394 0.663415 0.636449 0.663415 0.627007 0.659512 0.623229
0 0.546341 0.365439 0.545366 0.366383 0.54439 0.366383 0.543415 0.367328 0.542439 0.367328 0.541463 0.368272 0.539512 0.368272 0.538537 0.369216 0.53561 0.369216 0.534634 0.370161 0.532683 0.370161 0.531707 0.371105 0.530732 0.371105 0.530732 0.372993 0.531707 0.373938 0.531707 0.375826 0.533659 0.377715 0.539512 0.377715 0.540488 0.376771 0.542439 0.376771 0.543415 0.375826 0.547317 0.375826 0.548293 0.376771 0.55122 0.376771 0.552195 0.377715 0.552195 0.384325 0.547317 0.389046 0.547317 0.394712 0.548293 0.395656 0.55122 0.395656 0.554146 0.392823 0.556098 0.392823 0.557073 0.391879 0.558049 0.391879 0.559024 0.390935 0.56 0.390935 0.561951 0.389046 0.561951 0.388102 0.563902 0.386213 0.565854 0.386213 0.566829 0.385269 0.56878 0.385269 0.569756 0.384325 0.570732 0.384325 0.571707 0.385269 0.571707 0.386213 0.573659 0.388102 0.573659 0.389046 0.574634 0.389991 0.574634 0.391879 0.57561 0.392823 0.57561 0.395656 0.576585 0.396601 0.576585 0.403211 0.577561 0.404155 0.577561 0.406988 0.578537 0.407932 0.578537 0.408876 0.583415 0.413598 0.586341 0.413598 0.587317 0.414542 0.591219 0.414542 0.592195 0.415486 0.594146 0.415486 0.595122 0.416431 0.596098 0.416431 0.597073 0.417375 0.599024 0.417375 0.6 0.418319 0.601951 0.418319 0.602927 0.419263 0.603902 0.419263 0.604878 0.420208 0.605854 0.420208 0.606829 0.421152 0.607805 0.421152 0.608781 0.422096 0.610732 0.422096 0.612683 0.423985 0.613659 0.423985 0.616585 0.426818 0.617561 0.426818 0.621463 0.430595 0.621463 0.431539 0.622439 0.432483 0.623415 0.432483 0.625366 0.434372 0.625366 0.435316 0.628293 0.438149 0.628293 0.439093 0.629268 0.439093 0.632195 0.436261 0.632195 0.431539 0.63122 0.430595 0.63122 0.428706 0.630244 0.427762 0.630244 0.426818 0.629268 0.425873 0.629268 0.424929 0.626341 0.422096 0.626341 0.421152 0.623415 0.418319 0.622439 0.418319 0.619512 0.415486 0.618537 0.415486 0.616585 0.413598 0.61561 0.413598 0.614634 0.412653 0.613659 0.412653 0.611707 0.410765 0.610732 0.410765 0.607805 0.407932 0.606829 0.407932 0.602927 0.404155 0.602927 0.403211 0.597073 0.397545 0.597073 0.396601 0.592195 0.391879 0.592195 0.390935 0.591219 0.389991 0.591219 0.389046 0.590244 0.388102 0.590244 0.387158 0.588293 0.385269 0.588293 0.384325 0.583415 0.379603 0.582439 0.379603 0.581463 0.378659 0.580488 0.378659 0.578537 0.376771 0.577561 0.376771 0.574634 0.373938 0.573659 0.373938 0.570732 0.371105 0.569756 0.371105 0.56878 0.370161 0.567805 0.370161 0.564878 0.367328 0.563902 0.367328 0.562927 0.366383 0.56 0.366383 0.559024 0.365439
1 0.571707 0.23135 0.570732 0.232295 0.570732 0.233239 0.56878 0.235127 0.56878 0.256846 0.569756 0.255902 0.582439 0.255902 0.583415 0.256846 0.58439 0.255902 0.590244 0.255902 0.592195 0.254013 0.593171 0.254013 0.593171 0.237016 0.592195 0.236072 0.592195 0.235127 0.591219 0.234183 0.591219 0.233239 0.589268 0.23135
0 0.959024 0.720491 0.959024 0.72238 0.958049 0.723324 0.958049 0.725212 0.957073 0.726157 0.957073 0.72899 0.956098 0.729934 0.956098 0.731822 0.955122 0.732767 0.955122 0.733711 0.954146 0.734655 0.954146 0.7356 0.952195 0.737488 0.952195 0.738432 0.951219 0.739377 0.950244 0.739377 0.948293 0.741265 0.948293 0.74221 0.947317 0.743154 0.947317 0.746931 0.946341 0.747875 0.946341 0.749764 0.945366 0.750708 0.945366 0.753541 0.942439 0.756374 0.942439 0.764873 0.943415 0.765817 0.943415 0.766761 0.94439 0.767705 0.94439 0.76865 0.945366 0.769594 0.945366 0.770538 0.946341 0.771483 0.947317 0.771483 0.948293 0.772427 0.949268 0.772427 0.950244 0.773371 0.952195 0.773371 0.953171 0.772427 0.956098 0.772427 0.957073 0.771483 0.958049 0.771483 0.959024 0.770538 0.959024 0.769594 0.96 0.76865 0.96 0.767705 0.961951 0.765817 0.961951 0.763928 0.960976 0.762984 0.960976 0.761095 0.96 0.760151 0.96 0.757318 0.959024 0.756374 0.959024 0.750708 0.96 0.749764 0.96 0.746931 0.960976 0.745987 0.960976 0.745043 0.961951 0.744098 0.961951 0.743154 0.962927 0.74221 0.962927 0.741265 0.963902 0.740321 0.963902 0.720491
1 0.739512 0.87441 0.738537 0.875354 0.737561 0.875354 0.736585 0.876298 0.736585 0.878187 0.73561 0.879131 0.73561 0.888574 0.747317 0.888574 0.75122 0.884797 0.75122 0.87441
1 0.728781 0.449481 0.726829 0.451369 0.725854 0.451369 0.722927 0.454202 0.722927 0.471199 0.723902 0.472144 0.723902 0.474032 0.724878 0.474976 0.724878 0.475921 0.726829 0.477809 0.727805 0.477809 0.728781 0.478754 0.730732 0.478754 0.731707 0.479698 0.732683 0.479698 0.733659 0.478754 0.736585 0.478754 0.737561 0.477809 0.740488 0.477809 0.742439 0.475921 0.743415 0.475921 0.746341 0.473088 0.746341 0.472144 0.748293 0.470255 0.748293 0.469311 0.749268 0.468366 0.749268 0.449481
1 0.667317 0.691218 0.666341 0.692162 0.666341 0.693107 0.665366 0.694051 0.665366 0.705382 0.667317 0.705382 0.672195 0.710104 0.673171 0.710104 0.674146 0.711048 0.676098 0.711048 0.677073 0.711992 0.687805 0.711992 0.68878 0.711048 0.689756 0.711048 0.689756 0.696884 0.686829 0.694051 0.686829 0.691218
0 0.931707 0.730878 0.92878 0.733711 0.926829 0.733711 0.925854 0.734655 0.924878 0.734655 0.923902 0.7356 0.919024 0.7356 0.918049 0.736544 0.917073 0.736544 0.916098 0.737488 0.915122 0.737488 0.914146 0.738432 0.913171 0.738432 0.912195 0.739377 0.91122 0.739377 0.903415 0.746931 0.903415 0.747875 0.902439 0.74882 0.902439 0.750708 0.901463 0.751652 0.901463 0.754485 0.900488 0.75543 0.900488 0.758263 0.899512 0.759207 0.899512 0.762984 0.898537 0.763928 0.898537 0.767705 0.897561 0.76865 0.897561 0.772427 0.896585 0.773371 0.896585 0.790368 0.897561 0.790368 0.898537 0.791313 0.899512 0.791313 0.900488 0.790368 0.900488 0.789424 0.901463 0.78848 0.901463 0.787535 0.903415 0.785647 0.903415 0.784703 0.90439 0.783758 0.90439 0.782814 0.905366 0.78187 0.905366 0.780925 0.906341 0.779981 0.906341 0.77526 0.907317 0.774315 0.907317 0.769594 0.908293 0.76865 0.908293 0.763928 0.909268 0.762984 0.909268 0.761095 0.910244 0.760151 0.910244 0.758263 0.91122 0.757318 0.91122 0.756374 0.912195 0.75543 0.912195 0.754485 0.913171 0.753541 0.913171 0.752597 0.914146 0.751652 0.914146 0.750708 0.916098 0.74882 0.916098 0.747875 0.921951 0.74221 0.922927 0.74221 0.923902 0.741265 0.925854 0.741265 0.926829 0.740321 0.92878 0.740321 0.929756 0.739377 0.929756 0.738432 0.930732 0.737488 0.931707 0.737488
1 0.12878 0.467422 0.12878 0.475921 0.138537 0.475921 0.138537 0.467422
1 0.062439 0.095373 0.062439 0.118036 0.0634146 0.11898 0.0643902 0.11898 0.0653659 0.119924 0.0663415 0.119924 0.0673171 0.120869 0.08 0.120869 0.0809756 0.119924 0.0819512 0.119924 0.084878 0.117092 0.084878 0.104816 0.0839024 0.103872 0.0839024 0.101039 0.084878 0.100094 0.084878 0.095373
0 0.462439 0.188857 0.462439 0.189802 0.457561 0.194523 0.457561 0.195467 0.456585 0.196412 0.456585 0.206799 0.45561 0.207743 0.45561 0.208687 0.456585 0.209632 0.456585 0.215297 0.457561 0.216242 0.457561 0.217186 0.458537 0.21813 0.459512 0.21813 0.460488 0.219075 0.461463 0.219075 0.462439 0.220019 0.463415 0.220019 0.46439 0.220963 0.465366 0.220963 0.466341 0.221907 0.505366 0.221907 0.506341 0.220963 0.507317 0.220963 0.508293 0.220019 0.509268 0.220019 0.51122 0.21813 0.512195 0.21813 0.513171 0.217186 0.514146 0.217186 0.515122 0.216242 0.516098 0.216242 0.517073 0.215297 0.518049 0.215297 0.520976 0.212465 0.520976 0.202077 0.52 0.202077 0.519024 0.201133 0.516098 0.201133 0.515122 0.200189 0.507317 0.200189 0.506341 0.201133 0.505366 0.201133 0.502439 0.203966 0.501463 0.203966 0.500488 0.20491 0.496585 0.20491 0.49561 0.203966 0.490732 0.203966 0.489756 0.203022 0.487805 0.203022 0.486829 0.202077 0.484878 0.202077 0.483902 0.201133 0.481951 0.201133 0.480976 0.200189 0.48 0.200189 0.477073 0.197356 0.477073 0.195467 0.476098 0.194523 0.476098 0.188857
0 0.88 0.558074 0.879024 0.559018 0.879024 0.560907 0.878049 0.561851 0.878049 0.562795 0.875122 0.565628 0.875122 0.567517 0.874146 0.568461 0.874146 0.569405 0.87122 0.572238 0.868293 0.572238 0.867317 0.573182 0.865366 0.573182 0.86439 0.574127 0.860488 0.574127 0.859512 0.575071 0.856585 0.575071 0.85561 0.576015 0.853659 0.576015 0.852683 0.576959 0.851707 0.576959 0.850732 0.577904 0.849756 0.577904 0.846829 0.580737 0.846829 0.586402 0.847805 0.587347 0.850732 0.587347 0.851707 0.588291 0.858537 0.588291 0.859512 0.589235 0.860488 0.589235 0.861463 0.588291 0.86439 0.588291 0.865366 0.587347 0.868293 0.587347 0.869268 0.586402 0.87122 0.586402 0.872195 0.585458 0.876098 0.585458 0.877073 0.584514 0.885854 0.584514 0.886829 0.583569 0.88878 0.583569 0.890732 0.581681 0.891707 0.581681 0.894634 0.578848 0.894634 0.576959 0.89561 0.576015 0.89561 0.573182 0.896585 0.572238 0.896585 0.569405 0.89561 0.568461 0.89561 0.567517 0.894634 0.567517 0.893659 0.566572 0.892683 0.566572 0.891707 0.567517 0.889756 0.567517 0.88878 0.568461 0.887805 0.568461 0.886829 0.569405 0.883902 0.566572 0.883902 0.564684 0.886829 0.561851 0.88878 0.561851 0.889756 0.560907 0.889756 0.559018 0.890732 0.558074
0 0.40878 0.866856 0.405854 0.869688 0.405854 0.870633 0.403902 0.872521 0.403902 0.873466 0.400976 0.876298 0.400976 0.877243 0.4 0.878187 0.4 0.879131 0.399024 0.880076 0.399024 0.88102 0.398049 0.881964 0.398049 0.882908 0.397073 0.883853 0.397073 0.884797 0.396098 0.885741 0.395122 0.885741 0.394146 0.886686 0.393171 0.886686 0.393171 0.895184 0.404878 0.895184 0.407805 0.892351 0.407805 0.891407 0.409756 0.889518 0.409756 0.888574 0.410732 0.88763 0.410732 0.886686 0.411707 0.885741 0.411707 0.884797 0.412683 0.883853 0.412683 0.881964 0.413659 0.88102 0.413659 0.879131 0.414634 0.878187 0.414634 0.877243 0.416585 0.875354 0.417561 0.875354 0.417561 0.866856
1 0.32 0.189802 0.318049 0.19169 0.317073 0.19169 0.317073 0.203022 0.325854 0.203022 0.330732 0.1983 0.330732 0.189802
1 0.637073 0.780925 0.637073 0.791313 0.64 0.794145 0.640976 0.794145 0.641951 0.79509 0.643902 0.79509 0.644878 0.796034 0.646829 0.796034 0.647805 0.796978 0.64878 0.796034 0.649756 0.796034 0.650732 0.79509 0.652683 0.79509 0.653659 0.794145 0.654634 0.794145 0.65561 0.793201 0.65561 0.780925
1 0.0634146 0.0897073 0.0604878 0.0925401 0.0604878 0.115203 0.0614634 0.115203 0.0634146 0.117092 0.0643902 0.117092 0.0663415 0.11898 0.0673171 0.11898 0.0682927 0.119924 0.0702439 0.119924 0.0712195 0.120869 0.0721951 0.120869 0.0731707 0.121813 0.075122 0.121813 0.0760976 0.120869 0.08 0.120869 0.0858537 0.115203 0.0868293 0.115203 0.0868293 0.111426 0.0858537 0.110482 0.0858537 0.108593 0.0839024 0.106704 0.0839024 0.10576 0.0809756 0.102927 0.0809756 0.101983 0.0839024 0.0991501 0.084878 0.0991501 0.0858537 0.0982059 0.0868293 0.0982059 0.0887805 0.100094 0.0887805 0.0897073
1 0.501463 0.428706 0.501463 0.430595 0.503415 0.432483 0.50439 0.432483 0.505366 0.433428 0.506341 0.433428 0.507317 0.434372 0.507317 0.435316 0.513171 0.440982 0.513171 0.444759 0.514146 0.445704 0.514146 0.448536 0.517073 0.451369 0.518049 0.451369 0.518049 0.432483 0.516098 0.430595 0.516098 0.429651 0.515122 0.428706
1 0.0819512 0.490085 0.0790244 0.492918 0.0780488 0.492918 0.0770732 0.493862 0.0770732 0.503305 0.0878049 0.503305 0.0887805 0.502361 0.0887805 0.501416 0.0897561 0.500472 0.0897561 0.490085
1 0.370732 0.648725 0.370732 0.64967 0.371707 0.64967 0.373659 0.651558 0.374634 0.651558 0.37561 0.652502 0.37561 0.654391 0.374634 0.655335 0.374634 0.660057 0.37561 0.661001 0.37561 0.66289 0.388293 0.66289 0.389268 0.661945 0.389268 0.654391 0.387317 0.652502 0.388293 0.651558 0.388293 0.650614 0.389268 0.64967 0.389268 0.648725
1 0.244878 0.617564 0.244878 0.627951 0.246829 0.629839 0.250732 0.629839 0.253659 0.627007 0.253659 0.617564
0 0.541463 0.364495 0.539512 0.366383 0.539512 0.367328 0.538537 0.368272 0.537561 0.368272 0.53561 0.370161 0.53561 0.371105 0.534634 0.372049 0.534634 0.379603 0.537561 0.382436 0.538537 0.382436 0.539512 0.381492 0.539512 0.380548 0.54439 0.375826 0.545366 0.375826 0.546341 0.374882 0.547317 0.374882 0.55122 0.371105 0.555122 0.371105 0.556098 0.372049 0.559024 0.372049 0.559024 0.370161 0.558049 0.370161 0.557073 0.369216 0.557073 0.368272 0.556098 0.367328 0.556098 0.364495
0 0.46439 0.494806 0.463415 0.495751 0.463415 0.496695 0.46439 0.497639 0.46439 0.499528 0.465366 0.500472 0.465366 0.501416 0.466341 0.502361 0.466341 0.504249 0.467317 0.505194 0.467317 0.506138 0.468293 0.507082 0.468293 0.508026 0.469268 0.508971 0.469268 0.509915 0.468293 0.510859 0.468293 0.514636 0.467317 0.515581 0.467317 0.516525 0.465366 0.518414 0.465366 0.519358 0.463415 0.521246 0.463415 0.522191 0.46439 0.523135 0.46439 0.524079 0.465366 0.525024 0.473171 0.525024 0.475122 0.523135 0.475122 0.494806
0 0.153171 0.333333 0.152195 0.334278 0.15122 0.334278 0.150244 0.335222 0.150244 0.336166 0.148293 0.338055 0.148293 0.338999 0.147317 0.339943 0.147317 0.341832 0.146341 0.342776 0.146341 0.34372 0.145366 0.344665 0.145366 0.346553 0.14439 0.347498 0.14439 0.352219 0.143415 0.353163 0.143415 0.363551 0.142439 0.364495 0.142439 0.371105 0.140488 0.372993 0.139512 0.372993 0.138537 0.373938 0.136585 0.373938 0.13561 0.374882 0.125854 0.374882 0.125854 0.389046 0.142439 0.389046 0.143415 0.388102 0.145366 0.388102 0.147317 0.386213 0.148293 0.386213 0.15122 0.383381 0.15122 0.382436 0.154146 0.379603 0.154146 0.378659 0.155122 0.377715 0.155122 0.376771 0.156098 0.375826 0.156098 0.373938 0.157073 0.372993 0.157073 0.367328 0.156098 0.366383 0.156098 0.358829 0.157073 0.357885 0.157073 0.356941 0.158049 0.355996 0.158049 0.354108 0.159024 0.353163 0.159024 0.352219 0.16 0.351275 0.16 0.350331 0.160976 0.349386 0.160976 0.348442 0.161951 0.347498 0.161951 0.334278 0.160976 0.333333
1 0.601951 0.939566 0.600976 0.94051 0.6 0.94051 0.598049 0.942398 0.597073 0.942398 0.596098 0.943343 0.596098 0.96034 0.609756 0.96034 0.610732 0.959396 0.611707 0.959396 0.613659 0.957507 0.614634 0.957507 0.61561 0.956563 0.61561 0.955619 0.617561 0.95373 0.617561 0.939566
1 0.771707 0.75543 0.771707 0.763928 0.779512 0.763928 0.779512 0.75543
1 0.465366 0.919736 0.465366 0.92068 0.46439 0.921624 0.46439 0.932011 0.465366 0.932956 0.475122 0.932956 0.476098 0.932011 0.477073 0.932011 0.477073 0.919736
1 0.514146 0.258735 0.514146 0.269122 0.516098 0.27101 0.531707 0.27101 0.531707 0.258735
1 0.138537 0.426818 0.138537 0.449481 0.153171 0.449481 0.154146 0.448536 0.155122 0.448536 0.156098 0.447592 0.157073 0.447592 0.158049 0.446648 0.159024 0.446648 0.159024 0.445704 0.16 0.444759 0.16 0.442871 0.160976 0.441926 0.160976 0.440982 0.161951 0.440038 0.161951 0.439093 0.160976 0.438149 0.160976 0.435316 0.16 0.434372 0.158049 0.434372 0.157073 0.433428 0.157073 0.432483 0.156098 0.431539 0.156098 0.429651 0.154146 0.427762 0.154146 0.426818
1 0.925854 0.749764 0.924878 0.750708 0.924878 0.751652 0.923902 0.752597 0.923902 0.766761 0.925854 0.76865 0.932683 0.76865 0.936585 0.764873 0.936585 0.749764
1 0.900488 0.334278 0.900488 0.352219 0.902439 0.352219 0.903415 0.353163 0.905366 0.353163 0.906341 0.354108 0.920976 0.354108 0.921951 0.353163 0.921951 0.335222 0.920976 0.334278
0 0.973659 0.397545 0.969756 0.401322 0.969756 0.417375 0.970732 0.418319 0.976585 0.418319 0.977561 0.417375 0.978537 0.417375 0.980488 0.415486 0.980488 0.414542 0.981463 0.413598 0.981463 0.411709 0.982439 0.410765 0.982439 0.408876 0.983415 0.407932 0.98439 0.407932 0.986341 0.409821 0.988293 0.409821 0.989268 0.410765 0.990244 0.410765 0.99122 0.411709 0.992195 0.411709 0.994146 0.413598 0.995122 0.413598 0.996098 0.414542 0.997073 0.414542 0.997073 0.397545
0 0.062439 0.758263 0.0595122 0.761095 0.0595122 0.76204 0.0585366 0.762984 0.0585366 0.764873 0.0565854 0.766761 0.0556098 0.766761 0.0546341 0.767705 0.0536585 0.767705 0.0517073 0.769594 0.0517073 0.771483 0.0458537 0.777148 0.0458537 0.778093 0.0439024 0.779981 0.0439024 0.780925 0.0419512 0.782814 0.0419512 0.794145 0.0458537 0.794145 0.0468293 0.79509 0.0478049 0.79509 0.0507317 0.792257 0.0507317 0.791313 0.0517073 0.790368 0.0517073 0.78848 0.0526829 0.787535 0.0526829 0.783758 0.0565854 0.779981 0.0565854 0.779037 0.057561 0.778093 0.057561 0.776204 0.0585366 0.77526 0.0585366 0.774315 0.0614634 0.771483 0.0634146 0.771483 0.0653659 0.769594 0.0663415 0.769594 0.0673171 0.76865 0.0692683 0.770538 0.0692683 0.771483 0.0692683 0.758263
1 0.369756 0.637394 0.369756 0.647781 0.370732 0.648725 0.371707 0.648725 0.373659 0.650614 0.374634 0.650614 0.376585 0.652502 0.376585 0.653447 0.386341 0.653447 0.385366 0.652502 0.386341 0.651558 0.386341 0.650614 0.387317 0.64967 0.387317 0.640227 0.386341 0.639282 0.386341 0.637394
1 0.8 0.143532 0.799024 0.144476 0.799024 0.14542 0.798049 0.146364 0.798049 0.152975 0.797073 0.153919 0.797073 0.154863 0.796098 0.155807 0.794146 0.155807 0.793171 0.156752 0.792195 0.156752 0.792195 0.172805 0.793171 0.172805 0.794146 0.173749 0.80878 0.173749 0.809756 0.172805 0.809756 0.144476 0.80878 0.143532
1 0.774634 0.460812 0.772683 0.462701 0.771707 0.462701 0.769756 0.464589 0.769756 0.465534 0.76878 0.466478 0.76878 0.469311 0.767805 0.470255 0.767805 0.482531 0.76878 0.483475 0.76878 0.484419 0.769756 0.485364 0.769756 0.486308 0.770732 0.487252 0.772683 0.487252 0.773659 0.488196 0.778537 0.488196 0.779512 0.487252 0.780488 0.487252 0.783415 0.484419 0.78439 0.484419 0.78439 0.474976 0.781463 0.472144 0.781463 0.470255 0.780488 0.469311 0.780488 0.461756 0.781463 0.460812
1 0.88878 0.857413 0.88878 0.8678 0.890732 0.869688 0.891707 0.869688 0.892683 0.870633 0.899512 0.870633 0.901463 0.868744 0.901463 0.857413
1 0.131707 0.838527 0.131707 0.849858 0.140488 0.849858 0.140488 0.838527
1 0.303415 0.500472 0.303415 0.511804 0.30439 0.512748 0.31122 0.512748 0.312195 0.513692 0.320976 0.513692 0.321951 0.514636 0.323902 0.514636 0.323902 0.507082 0.322927 0.506138 0.322927 0.505194 0.320976 0.503305 0.320976 0.501416 0.321951 0.500472
0 0.318049 0.419263 0.318049 0.420208 0.321951 0.420208 0.322927 0.421152 0.321951 0.422096 0.321951 0.423041 0.320976 0.423985 0.320976 0.428706 0.32 0.429651 0.32 0.432483 0.319024 0.433428 0.319024 0.434372 0.318049 0.435316 0.318049 0.456091 0.319024 0.457035 0.319024 0.457979 0.320976 0.459868 0.330732 0.459868 0.331707 0.458924 0.331707 0.452314 0.330732 0.451369 0.330732 0.448536 0.329756 0.447592 0.329756 0.439093 0.330732 0.438149 0.330732 0.436261 0.331707 0.435316 0.331707 0.434372 0.332683 0.433428 0.332683 0.431539 0.333659 0.430595 0.333659 0.422096 0.331707 0.420208 0.328781 0.420208 0.327805 0.419263
1 0.685854 0.482531 0.685854 0.491974 0.686829 0.491974 0.687805 0.492918 0.68878 0.492918 0.689756 0.493862 0.691707 0.493862 0.692683 0.494806 0.697561 0.494806 0.698537 0.493862 0.698537 0.482531
1 0.178537 0.460812 0.178537 0.465534 0.179512 0.466478 0.179512 0.472144 0.180488 0.473088 0.180488 0.476865 0.181463 0.477809 0.181463 0.478754 0.182439 0.479698 0.182439 0.480642 0.183415 0.481586 0.183415 0.482531 0.185366 0.484419 0.186341 0.484419 0.188293 0.486308 0.190244 0.486308 0.19122 0.487252 0.197073 0.487252 0.198049 0.486308 0.199024 0.486308 0.2 0.485364 0.200976 0.485364 0.200976 0.470255 0.2 0.470255 0.199024 0.469311 0.197073 0.469311 0.196098 0.468366 0.195122 0.468366 0.194146 0.467422 0.192195 0.467422 0.19122 0.466478 0.190244 0.466478 0.189268 0.465534 0.189268 0.463645 0.190244 0.462701 0.190244 0.461756 0.19122 0.460812
0 0.572683 0.627951 0.571707 0.628895 0.566829 0.628895 0.565854 0.629839 0.560976 0.629839 0.56 0.630784 0.557073 0.630784 0.556098 0.631728 0.555122 0.631728 0.554146 0.632672 0.552195 0.632672 0.55122 0.633617 0.550244 0.633617 0.548293 0.635505 0.547317 0.635505 0.546341 0.636449 0.54439 0.636449 0.543415 0.637394 0.542439 0.637394 0.541463 0.638338 0.540488 0.638338 0.540488 0.650614 0.541463 0.650614 0.542439 0.651558 0.543415 0.651558 0.54439 0.652502 0.545366 0.652502 0.546341 0.651558 0.548293 0.651558 0.549268 0.650614 0.549268 0.64967 0.550244 0.648725 0.550244 0.646837 0.552195 0.644948 0.553171 0.644948 0.554146 0.644004 0.555122 0.644004 0.556098 0.643059 0.558049 0.643059 0.559024 0.642115 0.56 0.642115 0.560976 0.641171 0.561951 0.641171 0.562927 0.640227 0.564878 0.640227 0.565854 0.639282 0.569756 0.639282 0.570732 0.638338 0.57561 0.638338 0.576585 0.637394 0.583415 0.637394 0.58439 0.638338 0.586341 0.638338 0.591219 0.643059 0.592195 0.643059 0.596098 0.646837 0.596098 0.64967 0.598049 0.64967 0.599024 0.648725 0.6 0.648725 0.6 0.634561 0.598049 0.632672 0.596098 0.632672 0.594146 0.630784 0.593171 0.630784 0.590244 0.627951
0 0.715122 0.567517 0.715122 0.589235 0.716098 0.590179 0.719024 0.590179 0.72 0.591124 0.721951 0.591124 0.722927 0.592068 0.729756 0.592068 0.730732 0.591124 0.731707 0.591124 0.733659 0.589235 0.734634 0.589235 0.73561 0.588291 0.737561 0.588291 0.738537 0.587347 0.739512 0.587347 0.740488 0.586402 0.741463 0.586402 0.742439 0.585458 0.743415 0.585458 0.74439 0.584514 0.745366 0.584514 0.750244 0.579792 0.75122 0.579792 0.753171 0.577904 0.753171 0.575071 0.752195 0.574127 0.752195 0.573182 0.75122 0.572238 0.750244 0.573182 0.749268 0.573182 0.748293 0.574127 0.743415 0.574127 0.742439 0.575071 0.738537 0.575071 0.737561 0.576015 0.728781 0.576015 0.727805 0.575071 0.726829 0.575071 0.724878 0.573182 0.724878 0.572238 0.723902 0.571294 0.724878 0.570349 0.725854 0.570349 0.727805 0.568461 0.728781 0.568461 0.729756 0.567517
1 0.70439 0.83475 0.70439 0.847026 0.705366 0.847026 0.706341 0.84797 0.715122 0.84797 0.716098 0.847026 0.716098 0.83475
0 0.220488 0.254957 0.220488 0.276676 0.226341 0.282342 0.227317 0.282342 0.234146 0.288952 0.234146 0.289896 0.235122 0.29084 0.235122 0.294618 0.236098 0.295562 0.236098 0.298395 0.237073 0.299339 0.237073 0.300283 0.240976 0.30406 0.243902 0.30406 0.244878 0.303116 0.247805 0.303116 0.24878 0.302172 0.249756 0.302172 0.250732 0.301228 0.250732 0.300283 0.251707 0.299339 0.251707 0.287063 0.250732 0.286119 0.250732 0.285175 0.249756 0.28423 0.249756 0.283286 0.24878 0.282342 0.24878 0.281398 0.243902 0.276676 0.243902 0.275732 0.242927 0.274788 0.242927 0.273843 0.241951 0.272899 0.241951 0.271955 0.240976 0.27101 0.240976 0.266289 0.24 0.265345 0.240976 0.2644 0.240976 0.25779 0.24 0.256846 0.239024 0.256846 0.237073 0.254957
0 0.142439 0.104816 0.139512 0.107649 0.134634 0.107649 0.134634 0.115203 0.13561 0.114259 0.13561 0.113314 0.138537 0.110482 0.139512 0.111426 0.140488 0.111426 0.141463 0.11237 0.142439 0.11237 0.143415 0.113314 0.14439 0.113314 0.146341 0.115203 0.146341 0.116147 0.148293 0.118036 0.148293 0.11898 0.150244 0.120869 0.150244 0.121813 0.15122 0.122757 0.15122 0.123702 0.152195 0.124646 0.152195 0.126534 0.153171 0.127479 0.153171 0.129367 0.154146 0.130312 0.154146 0.133144 0.155122 0.134089 0.155122 0.137866 0.156098 0.13881 0.156098 0.141643 0.159024 0.141643 0.159024 0.117092 0.158049 0.116147 0.158049 0.115203 0.152195 0.109537 0.152195 0.108593 0.15122 0.107649 0.15122 0.10576 0.150244 0.10576 0.149268 0.104816
0 0.194146 0.175637 0.193171 0.176582 0.19122 0.176582 0.190244 0.177526 0.189268 0.177526 0.188293 0.17847 0.187317 0.17847 0.18439 0.181303 0.183415 0.181303 0.178537 0.186025 0.178537 0.186969 0.174634 0.190746 0.174634 0.193579 0.173659 0.194523 0.173659 0.196412 0.170732 0.199245 0.170732 0.203966 0.173659 0.203966 0.174634 0.203022 0.179512 0.203022 0.180488 0.203966 0.18439 0.203966 0.185366 0.20491 0.187317 0.20491 0.188293 0.205855 0.190244 0.205855 0.19122 0.206799 0.192195 0.206799 0.193171 0.207743 0.194146 0.207743 0.196098 0.209632 0.197073 0.209632 0.198049 0.210576 0.2 0.210576 0.200976 0.21152 0.209756 0.21152 0.210732 0.210576 0.212683 0.210576 0.213659 0.209632 0.21561 0.209632 0.221463 0.203966 0.222439 0.203966 0.223415 0.203022 0.223415 0.181303 0.222439 0.181303 0.216585 0.175637
1 0.366829 0.482531 0.364878 0.484419 0.364878 0.485364 0.363902 0.486308 0.363902 0.487252 0.362927 0.488196 0.362927 0.499528 0.363902 0.500472 0.364878 0.500472 0.365854 0.501416 0.366829 0.501416 0.367805 0.502361 0.36878 0.502361 0.369756 0.503305 0.371707 0.503305 0.372683 0.502361 0.374634 0.502361 0.37561 0.501416 0.377561 0.501416 0.377561 0.485364 0.376585 0.484419 0.376585 0.482531
1 0.45561 0.532578 0.45561 0.533522 0.456585 0.533522 0.458537 0.535411 0.458537 0.537299 0.459512 0.538244 0.459512 0.540132 0.458537 0.541076 0.457561 0.541076 0.45561 0.542965 0.45561 0.553352 0.460488 0.558074 0.461463 0.558074 0.462439 0.559018 0.46439 0.559018 0.465366 0.559962 0.468293 0.559962 0.473171 0.555241 0.473171 0.554296 0.474146 0.553352 0.474146 0.552408 0.475122 0.551464 0.475122 0.532578
1 0.973659 0.25118 0.973659 0.252125 0.972683 0.253069 0.972683 0.267233 0.973659 0.268178 0.982439 0.268178 0.98439 0.266289 0.985366 0.266289 0.987317 0.2644 0.987317 0.263456 0.989268 0.261568 0.989268 0.25118
0 0.00487805 0.268178 0.00390244 0.269122 0.00390244 0.27101 0.00292683 0.271955 0.00097561 0.271955 0.00097561 0.292729 0.00585366 0.292729 0.00585366 0.29084 0.00682927 0.289896 0.00682927 0.288952 0.00780488 0.288008 0.00780488 0.287063 0.00878049 0.286119 0.00878049 0.285175 0.0097561 0.28423 0.0097561 0.283286 0.0156098 0.27762 0.017561 0.27762 0.0185366 0.276676 0.0204878 0.276676 0.0214634 0.275732 0.0234146 0.275732 0.0243902 0.274788 0.0273171 0.274788 0.0282927 0.273843 0.0302439 0.273843 0.0302439 0.268178
1 0.252683 0.127479 0.252683 0.144476 0.253659 0.14542 0.256585 0.14542 0.257561 0.146364 0.263415 0.146364 0.26439 0.14542 0.265366 0.14542 0.266341 0.144476 0.267317 0.144476 0.269268 0.142587 0.270244 0.142587 0.270244 0.141643 0.27122 0.140699 0.27122 0.127479
0 0.827317 0.855524 0.825366 0.857413 0.825366 0.873466 0.827317 0.875354 0.827317 0.876298 0.829268 0.878187 0.830244 0.878187 0.836098 0.883853 0.836098 0.884797 0.837073 0.885741 0.837073 0.88763 0.838049 0.888574 0.838049 0.891407 0.839024 0.892351 0.839024 0.89424 0.84 0.895184 0.84 0.896128 0.840976 0.897073 0.840976 0.898017 0.841951 0.898961 0.841951 0.899906 0.843902 0.901794 0.843902 0.902738 0.844878 0.902738 0.847805 0.905571 0.849756 0.905571 0.849756 0.883853 0.848781 0.882908 0.848781 0.875354 0.847805 0.87441 0.847805 0.871577 0.846829 0.870633 0.846829 0.868744 0.845854 0.8678 0.845854 0.865911 0.844878 0.864967 0.844878 0.862134 0.843902 0.86119 0.843902 0.860246 0.842927 0.859301 0.842927 0.855524
1 0.0185366 0.543909 0.017561 0.544854 0.017561 0.545798 0.0146341 0.548631 0.0136585 0.548631 0.0107317 0.551464 0.0107317 0.572238 0.0273171 0.572238 0.0341463 0.565628 0.035122 0.565628 0.035122 0.564684 0.0360976 0.563739 0.0360976 0.543909
1 0.847805 0.769594 0.846829 0.770538 0.846829 0.779037 0.847805 0.779981 0.847805 0.780925 0.849756 0.780925 0.850732 0.78187 0.856585 0.78187 0.857561 0.780925 0.858537 0.780925 0.858537 0.769594
1 0.402927 0.362606 0.402927 0.368272 0.403902 0.369216 0.410732 0.369216 0.410732 0.362606
1 0.517073 0.514636 0.517073 0.528801 0.526829 0.528801 0.52878 0.526912 0.52878 0.514636
0 0.845854 0.457035 0.845854 0.466478 0.847805 0.468366 0.847805 0.469311 0.848781 0.470255 0.848781 0.472144 0.845854 0.474976 0.845854 0.482531 0.861463 0.482531 0.861463 0.480642 0.862439 0.479698 0.862439 0.477809 0.857561 0.473088 0.857561 0.472144 0.856585 0.471199 0.856585 0.468366 0.85561 0.467422 0.85561 0.464589 0.858537 0.461756 0.859512 0.461756 0.860488 0.460812 0.861463 0.461756 0.863415 0.461756 0.863415 0.457035
0 0.0507317 0.292729 0.0497561 0.293673 0.0478049 0.293673 0.044878 0.296506 0.044878 0.299339 0.0439024 0.300283 0.0439024 0.301228 0.0429268 0.302172 0.0429268 0.305005 0.0439024 0.305949 0.0439024 0.308782 0.044878 0.309726 0.044878 0.311615 0.0458537 0.312559 0.0458537 0.314448 0.0468293 0.315392 0.0468293 0.316336 0.0478049 0.31728 0.0487805 0.316336 0.0497561 0.316336 0.0507317 0.315392 0.0517073 0.315392 0.0517073 0.313503 0.0526829 0.312559 0.0526829 0.308782 0.0546341 0.306893 0.057561 0.309726 0.0585366 0.309726 0.0595122 0.31067 0.0614634 0.31067 0.062439 0.311615 0.0634146 0.311615 0.0643902 0.312559 0.0653659 0.312559 0.0663415 0.313503 0.0682927 0.313503 0.0692683 0.312559 0.0721951 0.312559 0.0731707 0.311615 0.0741463 0.311615 0.0760976 0.309726 0.0770732 0.309726 0.0780488 0.308782 0.0780488 0.293673 0.0770732 0.293673 0.0760976 0.292729
1 0.33561 0.639282 0.336585 0.640227 0.33561 0.641171 0.33561 0.652502 0.336585 0.653447 0.337561 0.653447 0.338537 0.654391 0.345366 0.654391 0.345366 0.653447 0.346341 0.652502 0.346341 0.641171 0.345366 0.640227 0.345366 0.639282
0 0.342439 0.751652 0.343415 0.752597 0.342439 0.753541 0.342439 0.756374 0.341463 0.757318 0.341463 0.758263 0.338537 0.761095 0.323902 0.761095 0.322927 0.76204 0.322927 0.774315 0.323902 0.77526 0.323902 0.776204 0.324878 0.777148 0.324878 0.778093 0.325854 0.779037 0.326829 0.779037 0.329756 0.78187 0.330732 0.78187 0.333659 0.784703 0.334634 0.784703 0.337561 0.787535 0.338537 0.787535 0.349268 0.797923 0.349268 0.798867 0.352195 0.8017 0.352195 0.802644 0.353171 0.803588 0.353171 0.804533 0.354146 0.805477 0.354146 0.806421 0.355122 0.807365 0.355122 0.80831 0.356098 0.809254 0.356098 0.813031 0.357073 0.813975 0.357073 0.815864 0.359024 0.817753 0.36 0.817753 0.360976 0.818697 0.365854 0.818697 0.365854 0.799811 0.364878 0.798867 0.364878 0.797923 0.363902 0.796978 0.363902 0.796034 0.362927 0.79509 0.362927 0.794145 0.361951 0.793201 0.361951 0.791313 0.360976 0.790368 0.360976 0.78848 0.36 0.787535 0.36 0.785647 0.358049 0.783758 0.358049 0.782814 0.357073 0.78187 0.357073 0.780925 0.356098 0.779981 0.355122 0.779981 0.354146 0.779037 0.35122 0.779037 0.349268 0.777148 0.348293 0.777148 0.346341 0.77526 0.345366 0.77526 0.343415 0.773371 0.343415 0.772427 0.342439 0.771483 0.342439 0.769594 0.343415 0.76865 0.343415 0.766761 0.34439 0.765817 0.34439 0.763928 0.346341 0.76204 0.346341 0.761095 0.347317 0.760151 0.347317 0.759207 0.348293 0.758263 0.348293 0.751652
1 0.33561 0.180359 0.33561 0.194523 0.337561 0.192635 0.338537 0.192635 0.340488 0.194523 0.341463 0.194523 0.343415 0.196412 0.345366 0.196412 0.348293 0.193579 0.348293 0.180359
1 0.614634 0.839471 0.614634 0.846081 0.616585 0.84797 0.62439 0.84797 0.62439 0.839471
1 0.249756 0.547687 0.24878 0.548631 0.240976 0.548631 0.24 0.549575 0.238049 0.549575 0.237073 0.550519 0.234146 0.550519 0.233171 0.551464 0.233171 0.576015 0.238049 0.576015 0.24 0.574127 0.242927 0.574127 0.243902 0.575071 0.244878 0.575071 0.245854 0.576015 0.254634 0.576015 0.260488 0.570349 0.260488 0.569405 0.261463 0.568461 0.261463 0.549575 0.260488 0.548631 0.259512 0.548631 0.258537 0.547687
0 0.693659 0.27101 0.693659 0.275732 0.694634 0.276676 0.694634 0.27762 0.69561 0.278565 0.69561 0.279509 0.696585 0.280453 0.696585 0.281398 0.698537 0.283286 0.698537 0.291785 0.697561 0.292729 0.697561 0.295562 0.696585 0.296506 0.697561 0.29745 0.697561 0.298395 0.698537 0.299339 0.698537 0.301228 0.699512 0.302172 0.699512 0.305949 0.700488 0.306893 0.700488 0.31067 0.701463 0.311615 0.701463 0.329556 0.700488 0.3305 0.700488 0.333333 0.699512 0.334278 0.699512 0.336166 0.697561 0.338055 0.697561 0.338999 0.696585 0.339943 0.69561 0.339943 0.696585 0.339943 0.697561 0.340888 0.698537 0.340888 0.703415 0.345609 0.703415 0.347498 0.708293 0.347498 0.709268 0.346553 0.709268 0.344665 0.710244 0.34372 0.710244 0.305005 0.709268 0.30406 0.709268 0.295562 0.708293 0.294618 0.708293 0.282342 0.707317 0.281398 0.707317 0.279509 0.706341 0.278565 0.706341 0.27762 0.705366 0.276676 0.705366 0.275732 0.703415 0.273843 0.703415 0.272899 0.702439 0.271955 0.702439 0.27101
1 0.409756 0.724268 0.409756 0.732767 0.419512 0.732767 0.420488 0.731822 0.420488 0.724268
0 0.312195 0.743154 0.312195 0.744098 0.31122 0.745043 0.31122 0.746931 0.310244 0.747875 0.310244 0.749764 0.309268 0.750708 0.309268 0.751652 0.305366 0.75543 0.30439 0.75543 0.299512 0.760151 0.298537 0.760151 0.297561 0.761095 0.296585 0.761095 0.29561 0.76204 0.29561 0.771483 0.296585 0.772427 0.296585 0.77526 0.297561 0.776204 0.297561 0.784703 0.296585 0.785647 0.296585 0.789424 0.29561 0.790368 0.29561 0.791313 0.294634 0.792257 0.294634 0.793201 0.292683 0.79509 0.291707 0.79509 0.290732 0.796034 0.290732 0.802644 0.302439 0.802644 0.303415 0.8017 0.30439 0.8017 0.305366 0.800755 0.306341 0.800755 0.306341 0.799811 0.309268 0.796978 0.309268 0.796034 0.310244 0.79509 0.310244 0.793201 0.31122 0.792257 0.31122 0.779981 0.310244 0.779037 0.310244 0.763928 0.31122 0.762984 0.31122 0.76204 0.312195 0.761095 0.312195 0.760151 0.313171 0.759207 0.313171 0.758263 0.314146 0.757318 0.314146 0.756374 0.315122 0.75543 0.315122 0.745043 0.313171 0.743154
0 0.657561 0.350331 0.657561 0.353163 0.656585 0.354108 0.656585 0.355996 0.65561 0.356941 0.65561 0.357885 0.652683 0.360718 0.651707 0.360718 0.649756 0.362606 0.64878 0.362606 0.645854 0.365439 0.645854 0.373938 0.646829 0.374882 0.647805 0.374882 0.649756 0.376771 0.651707 0.376771 0.652683 0.377715 0.661463 0.377715 0.663415 0.375826 0.66439 0.375826 0.666341 0.373938 0.667317 0.373938 0.667317 0.350331
1 0.818537 0.542021 0.817561 0.542965 0.81561 0.542965 0.814634 0.543909 0.814634 0.555241 0.831219 0.555241 0.832195 0.554296 0.832195 0.542965 0.831219 0.542021
0 0.445854 0.754485 0.445854 0.756374 0.444878 0.757318 0.444878 0.773371 0.445854 0.774315 0.445854 0.776204 0.453659 0.776204 0.453659 0.77526 0.454634 0.774315 0.454634 0.773371 0.456585 0.771483 0.456585 0.764873 0.457561 0.763928 0.457561 0.762984 0.458537 0.76204 0.458537 0.757318 0.456585 0.75543 0.456585 0.754485
0 0.476098 0.610954 0.475122 0.611898 0.474146 0.611898 0.473171 0.612842 0.473171 0.613787 0.472195 0.614731 0.472195 0.615675 0.47122 0.616619 0.47122 0.617564 0.470244 0.618508 0.470244 0.619452 0.469268 0.620397 0.469268 0.622285 0.468293 0.623229 0.468293 0.625118 0.467317 0.626062 0.467317 0.627007 0.466341 0.627951 0.466341 0.630784 0.465366 0.631728 0.465366 0.632672 0.463415 0.634561 0.462439 0.634561 0.461463 0.635505 0.460488 0.635505 0.459512 0.634561 0.458537 0.634561 0.457561 0.633617 0.45561 0.633617 0.454634 0.632672 0.451707 0.632672 0.451707 0.645892 0.453659 0.647781 0.454634 0.647781 0.45561 0.648725 0.456585 0.648725 0.457561 0.64967 0.458537 0.64967 0.459512 0.650614 0.460488 0.650614 0.461463 0.651558 0.462439 0.651558 0.463415 0.652502 0.46439 0.652502 0.465366 0.653447 0.483902 0.653447 0.484878 0.652502 0.487805 0.652502 0.487805 0.647781 0.48878 0.646837 0.492683 0.646837 0.48878 0.646837 0.487805 0.647781 0.486829 0.647781 0.485854 0.646837 0.484878 0.646837 0.483902 0.645892 0.481951 0.645892 0.480976 0.644948 0.48 0.644948 0.479024 0.644004 0.479024 0.643059 0.478049 0.642115 0.478049 0.641171 0.477073 0.640227 0.477073 0.635505 0.478049 0.634561 0.478049 0.628895 0.479024 0.627951 0.479024 0.625118 0.48 0.624174 0.48 0.622285 0.480976 0.621341 0.480976 0.619452 0.481951 0.618508 0.481951 0.616619 0.482927 0.615675 0.482927 0.610954
1 0.77561 0.322002 0.77561 0.335222 0.776585 0.335222 0.783415 0.341832 0.785366 0.341832 0.786341 0.342776 0.788293 0.342776 0.789268 0.34372 0.796098 0.34372 0.797073 0.342776 0.798049 0.342776 0.799024 0.341832 0.8 0.341832 0.800976 0.340888 0.801951 0.340888 0.801951 0.322946 0.800976 0.322946 0.8 0.322002
1 0.783415 0.371105 0.783415 0.380548 0.78439 0.381492 0.785366 0.381492 0.788293 0.384325 0.789268 0.384325 0.790244 0.385269 0.792195 0.385269 0.793171 0.386213 0.794146 0.386213 0.795122 0.387158 0.798049 0.387158 0.799024 0.388102 0.800976 0.388102 0.801951 0.389046 0.80878 0.389046 0.810732 0.387158 0.811707 0.387158 0.814634 0.384325 0.81561 0.384325 0.818537 0.381492 0.818537 0.374882 0.814634 0.371105
0 0.608781 0.474032 0.607805 0.474976 0.606829 0.474976 0.605854 0.475921 0.604878 0.475921 0.603902 0.476865 0.602927 0.476865 0.601951 0.477809 0.601951 0.478754 0.597073 0.483475 0.596098 0.483475 0.591219 0.488196 0.590244 0.488196 0.589268 0.489141 0.589268 0.490085 0.588293 0.491029 0.588293 0.491974 0.587317 0.492918 0.587317 0.493862 0.586341 0.494806 0.586341 0.495751 0.585366 0.496695 0.585366 0.498584 0.58439 0.499528 0.58439 0.501416 0.583415 0.502361 0.583415 0.503305 0.58439 0.504249 0.58439 0.510859 0.583415 0.511804 0.583415 0.516525 0.582439 0.517469 0.582439 0.525024 0.581463 0.525968 0.581463 0.527856 0.583415 0.529745 0.583415 0.530689 0.58439 0.530689 0.589268 0.535411 0.589268 0.537299 0.590244 0.537299 0.590244 0.533522 0.591219 0.532578 0.591219 0.530689 0.592195 0.529745 0.592195 0.526912 0.593171 0.525968 0.593171 0.522191 0.594146 0.521246 0.594146 0.520302 0.595122 0.519358 0.595122 0.517469 0.596098 0.516525 0.596098 0.501416 0.595122 0.500472 0.595122 0.495751 0.596098 0.494806 0.596098 0.493862 0.598049 0.491974 0.598049 0.491029 0.599024 0.490085 0.599024 0.489141 0.601951 0.486308 0.602927 0.486308 0.604878 0.484419 0.604878 0.483475 0.605854 0.482531 0.605854 0.481586 0.606829 0.480642 0.607805 0.480642 0.608781 0.479698 0.609756 0.479698 0.611707 0.477809 0.611707 0.476865 0.610732 0.475921 0.610732 0.474976 0.609756 0.474032
1 0.763902 0.949953 0.762927 0.950897 0.762927 0.955619 0.763902 0.956563 0.763902 0.958451 0.764878 0.959396 0.764878 0.96034 0.76878 0.964117 0.772683 0.964117 0.773659 0.963173 0.77561 0.963173 0.776585 0.962229 0.777561 0.962229 0.778537 0.961284 0.779512 0.961284 0.780488 0.96034 0.781463 0.96034 0.781463 0.949953
1 0.853659 0 0.853659 0.0122757 0.854634 0.0122757 0.859512 0.0169972 0.859512 0.0179415 0.860488 0.0188857 0.860488 0.01983 0.862439 0.0217186 0.863415 0.0217186 0.86439 0.0226629 0.866341 0.0226629 0.867317 0.0236072 0.868293 0.0226629 0.875122 0.0226629 0.876098 0.0217186 0.879024 0.0217186 0.88 0.0207743 0.880976 0.0207743 0.883902 0.0179415 0.884878 0.0179415 0.885854 0.0169972 0.886829 0.0169972 0.889756 0.0141643 0.889756 0
1 0.142439 0.463645 0.142439 0.474032 0.142439 0.473088 0.143415 0.472144 0.143415 0.471199 0.14439 0.470255 0.145366 0.470255 0.148293 0.473088 0.150244 0.473088 0.15122 0.474032 0.152195 0.473088 0.152195 0.463645
0 0.303415 0.696884 0.303415 0.697828 0.302439 0.698772 0.302439 0.699717 0.301463 0.700661 0.301463 0.701605 0.300488 0.70255 0.299512 0.70255 0.300488 0.70255 0.306341 0.708215 0.312195 0.708215 0.313171 0.70916 0.313171 0.710104 0.314146 0.711048 0.314146 0.713881 0.315122 0.714825 0.315122 0.719547 0.316098 0.720491 0.316098 0.724268 0.317073 0.725212 0.317073 0.726157 0.319024 0.728045 0.319024 0.727101 0.320976 0.725212 0.320976 0.705382 0.319024 0.703494 0.319024 0.70255 0.318049 0.70255 0.317073 0.701605 0.316098 0.701605 0.312195 0.697828 0.312195 0.696884
1 0.736585 0.830028 0.732683 0.833806 0.732683 0.83475 0.733659 0.835694 0.733659 0.838527 0.734634 0.839471 0.734634 0.840415 0.73561 0.840415 0.736585 0.84136 0.739512 0.84136 0.740488 0.840415 0.741463 0.840415 0.742439 0.839471 0.742439 0.838527 0.743415 0.837583 0.743415 0.835694 0.74439 0.83475 0.745366 0.83475 0.745366 0.830028
1 0.361951 0.893296 0.361951 0.90085 0.360976 0.901794 0.360976 0.910293 0.361951 0.911237 0.361951 0.913126 0.363902 0.915014 0.363902 0.915958 0.362927 0.916903 0.360976 0.916903 0.371707 0.916903 0.373659 0.915014 0.373659 0.893296
1 0.763902 0.948064 0.763902 0.959396 0.767805 0.963173 0.76878 0.963173 0.769756 0.964117 0.772683 0.964117 0.773659 0.963173 0.776585 0.963173 0.777561 0.962229 0.778537 0.962229 0.779512 0.961284 0.780488 0.961284 0.781463 0.96034 0.782439 0.96034 0.783415 0.959396 0.78439 0.959396 0.785366 0.958451 0.785366 0.948064
0 0.680976 0.557129 0.679024 0.559018 0.679024 0.559962 0.677073 0.561851 0.677073 0.562795 0.672195 0.567517 0.672195 0.568461 0.669268 0.571294 0.669268 0.586402 0.673171 0.590179 0.674146 0.590179 0.677073 0.593012 0.677073 0.593957 0.678049 0.594901 0.678049 0.595845 0.679024 0.596789 0.679024 0.597734 0.680976 0.599622 0.680976 0.600567 0.681951 0.601511 0.681951 0.602455 0.684878 0.605288 0.684878 0.606232 0.690732 0.611898 0.691707 0.611898 0.694634 0.614731 0.69561 0.614731 0.698537 0.617564 0.699512 0.617564 0.700488 0.618508 0.702439 0.618508 0.703415 0.619452 0.705366 0.619452 0.706341 0.620397 0.707317 0.619452 0.711219 0.619452 0.712195 0.618508 0.714146 0.618508 0.715122 0.617564 0.716098 0.617564 0.717073 0.616619 0.718049 0.616619 0.719024 0.615675 0.72 0.615675 0.720976 0.614731 0.722927 0.614731 0.724878 0.612842 0.728781 0.612842 0.729756 0.611898 0.733659 0.611898 0.734634 0.610954 0.736585 0.610954 0.737561 0.610009 0.738537 0.610009 0.739512 0.609065 0.740488 0.609065 0.740488 0.603399 0.739512 0.602455 0.738537 0.602455 0.737561 0.601511 0.736585 0.601511 0.734634 0.599622 0.733659 0.599622 0.731707 0.597734 0.730732 0.597734 0.729756 0.596789 0.729756 0.594901 0.731707 0.593012 0.731707 0.591124 0.734634 0.588291 0.737561 0.588291 0.738537 0.587347 0.739512 0.587347 0.740488 0.586402 0.741463 0.586402 0.742439 0.585458 0.743415 0.585458 0.749268 0.579792 0.750244 0.579792 0.752195 0.577904 0.752195 0.575071 0.75122 0.574127 0.75122 0.573182 0.750244 0.573182 0.749268 0.574127 0.747317 0.574127 0.746341 0.575071 0.743415 0.575071 0.742439 0.576015 0.740488 0.576015 0.739512 0.576959 0.737561 0.576959 0.733659 0.580737 0.732683 0.580737 0.730732 0.582625 0.729756 0.582625 0.728781 0.583569 0.727805 0.583569 0.726829 0.584514 0.722927 0.584514 0.721951 0.583569 0.720976 0.583569 0.719024 0.581681 0.719024 0.582625 0.717073 0.584514 0.717073 0.586402 0.716098 0.587347 0.716098 0.588291 0.715122 0.589235 0.715122 0.591124 0.719024 0.594901 0.72 0.594901 0.720976 0.595845 0.720976 0.596789 0.719024 0.598678 0.715122 0.598678 0.714146 0.599622 0.712195 0.599622 0.711219 0.598678 0.708293 0.598678 0.707317 0.597734 0.706341 0.597734 0.70439 0.595845 0.70439 0.594901 0.703415 0.593957 0.703415 0.593012 0.702439 0.592068 0.702439 0.591124 0.696585 0.585458 0.696585 0.584514 0.69561 0.583569 0.69561 0.582625 0.694634 0.581681 0.694634 0.580737 0.693659 0.579792 0.693659 0.578848 0.692683 0.577904 0.692683 0.576959 0.691707 0.576015 0.691707 0.575071 0.690732 0.574127 0.690732 0.573182 0.689756 0.572238 0.689756 0.570349 0.68878 0.569405 0.68878 0.564684 0.689756 0.563739 0.689756 0.561851 0.690732 0.560907 0.690732 0.557129
1 0.567805 0.901794 0.567805 0.911237 0.572683 0.911237 0.573659 0.912181 0.582439 0.912181 0.583415 0.911237 0.58439 0.911237 0.585366 0.910293 0.586341 0.910293 0.587317 0.909348 0.588293 0.909348 0.588293 0.901794
1 0.00878049 0.749764 0.00878049 0.770538 0.0419512 0.770538 0.0429268 0.769594 0.0429268 0.76865 0.044878 0.766761 0.0458537 0.766761 0.0458537 0.749764 0.0380488 0.749764 0.0360976 0.751652 0.035122 0.751652 0.035122 0.759207 0.0321951 0.76204 0.0312195 0.76204 0.0292683 0.763928 0.0214634 0.763928 0.0204878 0.762984 0.0185366 0.762984 0.017561 0.76204 0.0156098 0.76204 0.0146341 0.761095 0.0136585 0.761095 0.0107317 0.758263 0.0107317 0.749764
0 0.116098 0.31728 0.113171 0.320113 0.112195 0.320113 0.11122 0.321058 0.11122 0.328612 0.112195 0.329556 0.112195 0.3305 0.113171 0.331445 0.113171 0.332389 0.114146 0.333333 0.114146 0.336166 0.113171 0.33711 0.113171 0.347498 0.119024 0.353163 0.119024 0.352219 0.123902 0.347498 0.123902 0.346553 0.125854 0.344665 0.125854 0.342776 0.126829 0.341832 0.126829 0.340888 0.127805 0.339943 0.127805 0.338055 0.12878 0.33711 0.12878 0.335222 0.129756 0.334278 0.129756 0.333333 0.130732 0.332389 0.130732 0.3305 0.131707 0.329556 0.131707 0.327668 0.132683 0.326723 0.132683 0.325779 0.133659 0.324835 0.133659 0.31728
1 0.923902 0.609065 0.923902 0.621341 0.933659 0.621341 0.93561 0.619452 0.93561 0.609065
0 0.632195 0.208687 0.630244 0.210576 0.629268 0.210576 0.628293 0.21152 0.627317 0.21152 0.626341 0.212465 0.625366 0.212465 0.62439 0.213409 0.62439 0.214353 0.623415 0.215297 0.623415 0.216242 0.622439 0.217186 0.622439 0.226629 0.62439 0.226629 0.625366 0.225685 0.629268 0.225685 0.636098 0.219075 0.637073 0.219075 0.638049 0.21813 0.639024 0.21813 0.64 0.217186 0.640976 0.217186 0.641951 0.216242 0.643902 0.216242 0.644878 0.215297 0.660488 0.215297 0.66439 0.219075 0.66439 0.220019 0.665366 0.220963 0.665366 0.227573 0.663415 0.229462 0.661463 0.229462 0.660488 0.230406 0.659512 0.230406 0.658537 0.23135 0.656585 0.23135 0.65561 0.232295 0.653659 0.232295 0.652683 0.233239 0.650732 0.233239 0.649756 0.234183 0.64878 0.234183 0.647805 0.235127 0.645854 0.235127 0.644878 0.236072 0.642927 0.236072 0.641951 0.237016 0.640976 0.237016 0.64 0.23796 0.639024 0.23796 0.633171 0.243626 0.632195 0.243626 0.651707 0.243626 0.652683 0.242682 0.654634 0.242682 0.65561 0.241737 0.657561 0.241737 0.658537 0.240793 0.659512 0.240793 0.660488 0.239849 0.661463 0.239849 0.666341 0.235127 0.667317 0.235127 0.667317 0.21152 0.663415 0.21152 0.660488 0.208687
1 0.212683 0.84136 0.210732 0.843248 0.210732 0.844193 0.209756 0.845137 0.209756 0.85458 0.211707 0.85458 0.212683 0.855524 0.219512 0.855524 0.220488 0.85458 0.222439 0.85458 0.225366 0.851747 0.225366 0.84136
1 0.951219 0.542965 0.950244 0.543909 0.950244 0.544854 0.949268 0.545798 0.949268 0.546742 0.948293 0.547687 0.948293 0.548631 0.946341 0.550519 0.946341 0.563739 0.954146 0.563739 0.955122 0.562795 0.957073 0.562795 0.959024 0.560907 0.959024 0.559962 0.960976 0.558074 0.960976 0.542965
1 0.691707 0.956563 0.690732 0.957507 0.690732 0.967894 0.706341 0.967894 0.707317 0.96695 0.708293 0.96695 0.709268 0.966006 0.710244 0.966006 0.710244 0.956563
1 0.0839024 0.347498 0.0839024 0.349386 0.0829268 0.350331 0.0829268 0.353163 0.0819512 0.354108 0.0819512 0.365439 0.0829268 0.365439 0.0858537 0.368272 0.0868293 0.368272 0.0878049 0.369216 0.0907317 0.369216 0.0917073 0.370161 0.0936585 0.370161 0.0946341 0.369216 0.0956098 0.369216 0.0965854 0.368272 0.0965854 0.347498
1 0.113171 0.749764 0.112195 0.750708 0.11122 0.750708 0.11122 0.763928 0.113171 0.763928 0.114146 0.764873 0.116098 0.764873 0.117073 0.765817 0.119024 0.765817 0.120976 0.763928 0.121951 0.763928 0.122927 0.762984 0.122927 0.76204 0.123902 0.761095 0.123902 0.749764
1 0.044878 0.890463 0.0439024 0.891407 0.0439024 0.892351 0.0429268 0.893296 0.0429268 0.89424 0.0419512 0.895184 0.0419512 0.898961 0.0409756 0.899906 0.0409756 0.903683 0.04 0.904627 0.04 0.906516 0.0507317 0.906516 0.0526829 0.904627 0.0536585 0.904627 0.0546341 0.903683 0.0546341 0.890463
1 0.187317 0.82814 0.187317 0.839471 0.199024 0.839471 0.2 0.838527 0.2 0.837583 0.200976 0.836638 0.200976 0.82814
0 0.701463 0.70255 0.701463 0.703494 0.700488 0.704438 0.700488 0.707271 0.699512 0.708215 0.698537 0.708215 0.698537 0.70916 0.699512 0.70916 0.701463 0.711048 0.701463 0.711992 0.703415 0.713881 0.703415 0.714825 0.70439 0.71577 0.70439 0.716714 0.705366 0.717658 0.705366 0.718602 0.707317 0.720491 0.707317 0.726157 0.706341 0.727101 0.706341 0.730878 0.707317 0.731822 0.707317 0.734655 0.708293 0.734655 0.709268 0.7356 0.712195 0.7356 0.714146 0.733711 0.715122 0.733711 0.716098 0.732767 0.716098 0.708215 0.715122 0.707271 0.715122 0.706327 0.714146 0.705382 0.714146 0.704438 0.713171 0.703494 0.713171 0.70255
1 0.827317 0.149197 0.827317 0.162417 0.836098 0.162417 0.838049 0.160529 0.838049 0.150142 0.837073 0.149197
0 0.80878 0.605288 0.807805 0.606232 0.806829 0.606232 0.801951 0.610954 0.800976 0.610954 0.795122 0.616619 0.794146 0.616619 0.793171 0.617564 0.792195 0.617564 0.790244 0.619452 0.788293 0.619452 0.788293 0.629839 0.795122 0.629839 0.796098 0.628895 0.796098 0.627951 0.798049 0.626062 0.799024 0.626062 0.812683 0.612842 0.812683 0.605288
0 0.00097561 0.858357 0.00097561 0.886686 0.0136585 0.886686 0.0146341 0.88763 0.0195122 0.88763 0.0204878 0.888574 0.0234146 0.888574 0.0263415 0.885741 0.0263415 0.876298 0.0243902 0.87441 0.0243902 0.873466 0.0234146 0.872521 0.0234146 0.871577 0.022439 0.870633 0.022439 0.869688 0.0204878 0.8678 0.0204878 0.866856 0.0195122 0.865911 0.0195122 0.864023 0.0185366 0.863078 0.0185366 0.862134 0.017561 0.86119 0.017561 0.860246 0.0165854 0.859301 0.0165854 0.858357
1 0.795122 0.872521 0.793171 0.87441 0.793171 0.882908 0.802927 0.882908 0.804878 0.88102 0.804878 0.872521
0 0.600976 0.694995 0.600976 0.697828 0.601951 0.697828 0.604878 0.700661 0.604878 0.701605 0.605854 0.70255 0.605854 0.703494 0.606829 0.704438 0.606829 0.706327 0.607805 0.707271 0.607805 0.708215 0.608781 0.70916 0.608781 0.718602 0.607805 0.719547 0.607805 0.72238 0.608781 0.723324 0.608781 0.724268 0.609756 0.725212 0.610732 0.725212 0.611707 0.726157 0.61561 0.726157 0.617561 0.724268 0.617561 0.697828 0.614634 0.694995
0 0.748293 0.000944287 0.748293 0.0236072 0.750244 0.0236072 0.75122 0.0245515 0.752195 0.0245515 0.754146 0.02644 0.755122 0.02644 0.756098 0.0273843 0.757073 0.0273843 0.761951 0.0321058 0.762927 0.0321058 0.764878 0.0339943 0.765854 0.0339943 0.767805 0.0358829 0.76878 0.0358829 0.769756 0.0368272 0.771707 0.0368272 0.772683 0.0377715 0.774634 0.0377715 0.77561 0.0387158 0.780488 0.0387158 0.781463 0.0377715 0.782439 0.0377715 0.783415 0.0368272 0.783415 0.0349386 0.78439 0.0339943 0.78439 0.0321058 0.785366 0.0311615 0.785366 0.0292729 0.786341 0.0283286 0.786341 0.000944287
0 0.475122 0.610954 0.474146 0.611898 0.473171 0.611898 0.473171 0.612842 0.472195 0.613787 0.472195 0.614731 0.47122 0.615675 0.47122 0.616619 0.470244 0.617564 0.470244 0.618508 0.469268 0.619452 0.469268 0.620397 0.468293 0.621341 0.468293 0.623229 0.467317 0.624174 0.467317 0.625118 0.466341 0.626062 0.466341 0.627951 0.465366 0.628895 0.465366 0.630784 0.46439 0.631728 0.46439 0.632672 0.461463 0.635505 0.460488 0.635505 0.459512 0.634561 0.458537 0.634561 0.458537 0.64967 0.459512 0.64967 0.460488 0.650614 0.461463 0.650614 0.462439 0.651558 0.463415 0.651558 0.46439 0.652502 0.48 0.652502 0.48 0.644948 0.479024 0.644004 0.479024 0.643059 0.478049 0.642115 0.478049 0.631728 0.479024 0.630784 0.479024 0.627007 0.48 0.626062 0.48 0.610954
0 0.959024 0.720491 0.958049 0.721435 0.958049 0.723324 0.957073 0.724268 0.957073 0.728045 0.956098 0.72899 0.956098 0.730878 0.955122 0.731822 0.955122 0.733711 0.954146 0.734655 0.954146 0.7356 0.953171 0.736544 0.953171 0.737488 0.951219 0.739377 0.950244 0.739377 0.948293 0.741265 0.948293 0.74221 0.947317 0.743154 0.947317 0.746931 0.946341 0.747875 0.946341 0.762984 0.960976 0.762984 0.960976 0.761095 0.96 0.760151 0.96 0.757318 0.959024 0.756374 0.959024 0.753541 0.958049 0.752597 0.959024 0.751652 0.959024 0.749764 0.96 0.74882 0.96 0.745987 0.960976 0.745043 0.960976 0.744098 0.961951 0.743154 0.961951 0.74221 0.962927 0.741265 0.962927 0.740321 0.963902 0.739377 0.963902 0.738432 0.964878 0.737488 0.964878 0.720491
0 0.866341 0.838527 0.86439 0.840415 0.86439 0.84136 0.863415 0.842304 0.863415 0.843248 0.860488 0.846081 0.859512 0.845137 0.858537 0.845137 0.858537 0.850803 0.859512 0.851747 0.859512 0.852691 0.862439 0.855524 0.862439 0.856468 0.863415 0.857413 0.863415 0.858357 0.865366 0.860246 0.880976 0.860246 0.880976 0.858357 0.88 0.858357 0.879024 0.857413 0.878049 0.857413 0.877073 0.856468 0.876098 0.856468 0.875122 0.855524 0.873171 0.855524 0.872195 0.85458 0.87122 0.85458 0.869268 0.852691 0.869268 0.851747 0.870244 0.850803 0.870244 0.846081 0.87122 0.845137 0.87122 0.844193 0.874146 0.84136 0.874146 0.838527
0 0.612683 0.470255 0.611707 0.471199 0.608781 0.471199 0.603902 0.475921 0.602927 0.475921 0.6 0.478754 0.6 0.479698 0.599024 0.480642 0.598049 0.480642 0.596098 0.482531 0.595122 0.482531 0.590244 0.487252 0.589268 0.487252 0.588293 0.488196 0.588293 0.489141 0.587317 0.490085 0.587317 0.491029 0.586341 0.491974 0.586341 0.493862 0.585366 0.494806 0.585366 0.496695 0.58439 0.497639 0.58439 0.520302 0.583415 0.521246 0.583415 0.526912 0.582439 0.527856 0.583415 0.528801 0.583415 0.529745 0.585366 0.531634 0.586341 0.531634 0.589268 0.534467 0.590244 0.533522 0.590244 0.531634 0.591219 0.530689 0.591219 0.528801 0.592195 0.527856 0.592195 0.525968 0.593171 0.525024 0.593171 0.523135 0.594146 0.522191 0.594146 0.520302 0.595122 0.519358 0.595122 0.518414 0.596098 0.517469 0.596098 0.499528 0.597073 0.498584 0.597073 0.496695 0.599024 0.494806 0.599024 0.493862 0.6 0.492918 0.6 0.491974 0.600976 0.491029 0.600976 0.490085 0.606829 0.484419 0.606829 0.483475 0.607805 0.482531 0.608781 0.482531 0.609756 0.481586 0.611707 0.481586 0.612683 0.480642 0.613659 0.480642 0.61561 0.478754 0.616585 0.478754 0.617561 0.479698 0.619512 0.479698 0.620488 0.480642 0.622439 0.480642 0.62439 0.478754 0.62439 0.474976 0.623415 0.474032 0.623415 0.472144 0.622439 0.471199 0.621463 0.471199 0.620488 0.470255
0 0.400976 0.550519 0.399024 0.552408 0.398049 0.552408 0.397073 0.553352 0.396098 0.553352 0.395122 0.554296 0.394146 0.554296 0.393171 0.555241 0.392195 0.555241 0.39122 0.556185 0.390244 0.556185 0.389268 0.557129 0.388293 0.557129 0.387317 0.558074 0.386341 0.558074 0.385366 0.559018 0.38439 0.559018 0.383415 0.559962 0.382439 0.559962 0.381463 0.560907 0.380488 0.560907 0.379512 0.561851 0.378537 0.561851 0.377561 0.562795 0.37561 0.562795 0.374634 0.563739 0.373659 0.563739 0.372683 0.564684 0.371707 0.564684 0.370732 0.565628 0.369756 0.565628 0.36878 0.566572 0.366829 0.566572 0.364878 0.568461 0.363902 0.568461 0.363902 0.577904 0.372683 0.577904 0.373659 0.576959 0.377561 0.576959 0.379512 0.575071 0.381463 0.575071 0.382439 0.574127 0.383415 0.574127 0.38439 0.573182 0.386341 0.573182 0.387317 0.572238 0.388293 0.572238 0.389268 0.571294 0.390244 0.571294 0.392195 0.569405 0.393171 0.569405 0.394146 0.568461 0.395122 0.568461 0.396098 0.567517 0.397073 0.567517 0.398049 0.566572 0.399024 0.566572 0.4 0.565628 0.401951 0.565628 0.403902 0.563739 0.404878 0.563739 0.406829 0.561851 0.407805 0.561851 0.409756 0.559962 0.409756 0.550519
0 0.972683 0.194523 0.972683 0.195467 0.970732 0.197356 0.970732 0.1983 0.968781 0.200189 0.968781 0.22474 0.969756 0.225685 0.969756 0.227573 0.977561 0.235127 0.978537 0.235127 0.979512 0.236072 0.980488 0.236072 0.981463 0.237016 0.992195 0.237016 0.993171 0.236072 0.994146 0.236072 0.995122 0.235127 0.996098 0.235127 0.996098 0.225685 0.994146 0.225685 0.993171 0.22474 0.989268 0.22474 0.988293 0.223796 0.985366 0.223796 0.98439 0.222852 0.983415 0.222852 0.981463 0.220963 0.981463 0.220019 0.980488 0.219075 0.980488 0.217186 0.979512 0.216242 0.979512 0.210576 0.978537 0.209632 0.978537 0.208687 0.979512 0.207743 0.979512 0.20491 0.980488 0.203966 0.980488 0.202077 0.981463 0.201133 0.981463 0.200189 0.982439 0.199245 0.982439 0.1983 0.983415 0.197356 0.983415 0.196412 0.98439 0.195467 0.98439 0.194523
1 0.280976 0.167139 0.28 0.168083 0.276098 0.168083 0.274146 0.169972 0.274146 0.187913 0.277073 0.190746 0.278049 0.190746 0.28 0.192635 0.281951 0.192635 0.282927 0.193579 0.286829 0.193579 0.290732 0.189802 0.290732 0.188857 0.292683 0.186969 0.292683 0.169972 0.291707 0.169972 0.28878 0.167139
1 0.526829 0.837583 0.526829 0.848914 0.52878 0.850803 0.529756 0.850803 0.530732 0.851747 0.538537 0.851747 0.539512 0.850803 0.540488 0.850803 0.541463 0.849858 0.542439 0.849858 0.543415 0.848914 0.54439 0.848914 0.545366 0.84797 0.545366 0.837583
0 0.649756 0.166195 0.649756 0.17186 0.650732 0.17186 0.652683 0.173749 0.652683 0.174693 0.654634 0.176582 0.654634 0.177526 0.65561 0.17847 0.65561 0.179415 0.656585 0.180359 0.656585 0.208687 0.657561 0.209632 0.658537 0.209632 0.659512 0.210576 0.660488 0.210576 0.661463 0.21152 0.661463 0.212465 0.663415 0.214353 0.663415 0.216242 0.66439 0.217186 0.66439 0.21813 0.665366 0.219075 0.665366 0.223796 0.66439 0.22474 0.66439 0.227573 0.663415 0.228517 0.663415 0.229462 0.659512 0.233239 0.658537 0.233239 0.657561 0.234183 0.656585 0.234183 0.656585 0.235127 0.651707 0.239849 0.652683 0.239849 0.653659 0.240793 0.656585 0.240793 0.657561 0.239849 0.660488 0.239849 0.66439 0.236072 0.665366 0.236072 0.666341 0.235127 0.667317 0.235127 0.669268 0.233239 0.669268 0.232295 0.670244 0.23135 0.670244 0.200189 0.669268 0.199245 0.669268 0.196412 0.668293 0.195467 0.668293 0.187913 0.667317 0.186969 0.667317 0.184136 0.666341 0.183192 0.666341 0.181303 0.665366 0.180359 0.665366 0.17186 0.666341 0.170916 0.666341 0.169972 0.668293 0.168083 0.668293 0.167139 0.669268 0.166195
0 0.355122 0.440038 0.355122 0.440982 0.353171 0.442871 0.353171 0.443815 0.35122 0.445704 0.35122 0.446648 0.350244 0.447592 0.350244 0.448536 0.348293 0.450425 0.348293 0.451369 0.347317 0.452314 0.347317 0.454202 0.346341 0.455146 0.346341 0.456091 0.345366 0.457035 0.345366 0.457979 0.34439 0.458924 0.34439 0.459868 0.342439 0.461756 0.342439 0.462701 0.341463 0.463645 0.341463 0.464589 0.340488 0.465534 0.340488 0.466478 0.339512 0.467422 0.339512 0.468366 0.337561 0.470255 0.337561 0.482531 0.343415 0.482531 0.345366 0.480642 0.345366 0.478754 0.346341 0.477809 0.346341 0.476865 0.348293 0.474976 0.348293 0.474032 0.350244 0.472144 0.350244 0.471199 0.35122 0.470255 0.35122 0.469311 0.352195 0.468366 0.352195 0.467422 0.354146 0.465534 0.354146 0.463645 0.355122 0.462701 0.355122 0.461756 0.356098 0.460812 0.356098 0.459868 0.357073 0.458924 0.357073 0.457979 0.36 0.455146 0.36 0.454202 0.360976 0.453258 0.361951 0.453258 0.362927 0.452314 0.362927 0.440038
0 0.214634 0.728045 0.213659 0.72899 0.212683 0.72899 0.211707 0.729934 0.210732 0.729934 0.209756 0.730878 0.207805 0.730878 0.206829 0.731822 0.204878 0.731822 0.202927 0.733711 0.200976 0.733711 0.198049 0.736544 0.197073 0.736544 0.195122 0.738432 0.195122 0.754485 0.196098 0.75543 0.2 0.75543 0.200976 0.756374 0.201951 0.756374 0.203902 0.754485 0.203902 0.752597 0.204878 0.751652 0.204878 0.750708 0.205854 0.749764 0.205854 0.74882 0.20878 0.745987 0.209756 0.745987 0.210732 0.745043 0.212683 0.745043 0.213659 0.744098 0.21561 0.744098 0.216585 0.743154 0.217561 0.743154 0.219512 0.741265 0.220488 0.741265 0.221463 0.740321 0.222439 0.740321 0.222439 0.739377 0.223415 0.738432 0.223415 0.728045
0 0.783415 0.371105 0.783415 0.380548 0.78439 0.381492 0.785366 0.381492 0.787317 0.383381 0.788293 0.383381 0.789268 0.384325 0.790244 0.384325 0.79122 0.385269 0.792195 0.385269 0.793171 0.386213 0.794146 0.386213 0.795122 0.387158 0.798049 0.387158 0.799024 0.388102 0.800976 0.388102 0.801951 0.389046 0.80878 0.389046 0.809756 0.388102 0.810732 0.388102 0.814634 0.384325 0.81561 0.384325 0.817561 0.382436 0.817561 0.373938 0.814634 0.371105
1 0.0917073 0.291785 0.0917073 0.298395 0.0926829 0.298395 0.0946341 0.300283 0.0946341 0.301228 0.0956098 0.302172 0.0956098 0.303116 0.0965854 0.30406 0.0965854 0.305005 0.097561 0.305005 0.0985366 0.305949 0.0995122 0.305949 0.100488 0.306893 0.101463 0.306893 0.102439 0.307838 0.103415 0.307838 0.10439 0.308782 0.107317 0.308782 0.108293 0.307838 0.109268 0.307838 0.110244 0.306893 0.110244 0.291785
0 0.764878 0.776204 0.764878 0.78187 0.765854 0.782814 0.766829 0.782814 0.76878 0.784703 0.769756 0.784703 0.770732 0.785647 0.771707 0.785647 0.776585 0.790368 0.780488 0.790368 0.781463 0.791313 0.783415 0.791313 0.78439 0.790368 0.78439 0.789424 0.785366 0.78848 0.785366 0.776204
1 0.894634 0.883853 0.893659 0.884797 0.893659 0.898017 0.894634 0.898017 0.89561 0.898961 0.896585 0.898961 0.897561 0.899906 0.900488 0.899906 0.901463 0.90085 0.90439 0.90085 0.905366 0.901794 0.910244 0.901794 0.91122 0.90085 0.913171 0.90085 0.915122 0.898961 0.915122 0.883853
0 0.747317 0.400378 0.746341 0.401322 0.743415 0.401322 0.742439 0.402266 0.741463 0.402266 0.739512 0.404155 0.738537 0.404155 0.737561 0.405099 0.736585 0.405099 0.73561 0.406043 0.734634 0.406043 0.733659 0.406988 0.731707 0.406988 0.730732 0.407932 0.730732 0.417375 0.731707 0.418319 0.731707 0.419263 0.73561 0.423041 0.73561 0.423985 0.739512 0.427762 0.740488 0.427762 0.741463 0.428706 0.741463 0.429651 0.742439 0.430595 0.742439 0.440982 0.740488 0.442871 0.739512 0.442871 0.738537 0.443815 0.737561 0.443815 0.736585 0.444759 0.73561 0.444759 0.734634 0.445704 0.732683 0.445704 0.730732 0.447592 0.730732 0.474032 0.74439 0.474032 0.746341 0.472144 0.746341 0.471199 0.747317 0.470255 0.747317 0.469311 0.748293 0.468366 0.748293 0.467422 0.749268 0.466478 0.749268 0.465534 0.75122 0.463645 0.75122 0.461756 0.752195 0.460812 0.752195 0.438149 0.75122 0.437205 0.75122 0.435316 0.750244 0.434372 0.750244 0.433428 0.749268 0.432483 0.749268 0.431539 0.748293 0.430595 0.748293 0.428706 0.747317 0.427762 0.748293 0.426818 0.748293 0.425873 0.75122 0.423041 0.758049 0.423041 0.758049 0.400378
1 0.13561 0.0745987 0.13561 0.0944287 0.136585 0.0944287 0.137561 0.095373 0.138537 0.095373 0.141463 0.0982059 0.142439 0.0982059 0.143415 0.0991501 0.14439 0.0991501 0.145366 0.100094 0.148293 0.100094 0.149268 0.101039 0.152195 0.101039 0.154146 0.0991501 0.155122 0.0991501 0.157073 0.0972616 0.158049 0.0972616 0.159024 0.0963173 0.158049 0.095373 0.158049 0.0944287 0.154146 0.0906516 0.154146 0.088763 0.155122 0.0878187 0.155122 0.0859301 0.156098 0.0849858 0.156098 0.0830973 0.158049 0.0812087 0.159024 0.0812087 0.159024 0.0802644 0.16 0.0793201 0.16 0.0764873 0.158049 0.0745987
1 0.978537 0.909348 0.978537 0.917847 0.979512 0.918791 0.982439 0.918791 0.983415 0.919736 0.99122 0.919736 0.99122 0.909348
1 0.953171 0.258735 0.952195 0.259679 0.952195 0.260623 0.951219 0.261568 0.950244 0.261568 0.950244 0.267233 0.951219 0.267233 0.953171 0.269122 0.96 0.269122 0.960976 0.268178 0.960976 0.258735
1 0.277073 0.554296 0.277073 0.570349 0.279024 0.570349 0.28 0.569405 0.280976 0.570349 0.290732 0.570349 0.291707 0.569405 0.293659 0.569405 0.29561 0.567517 0.29561 0.554296
1 0.882927 0.661945 0.881951 0.66289 0.881951 0.671388 0.882927 0.672332 0.882927 0.673277 0.889756 0.673277 0.890732 0.672332 0.890732 0.661945
0 0.200976 0.672332 0.2 0.673277 0.199024 0.673277 0.198049 0.674221 0.198049 0.683664 0.199024 0.683664 0.2 0.684608 0.200976 0.684608 0.201951 0.685552 0.204878 0.685552 0.205854 0.686497 0.210732 0.686497 0.211707 0.685552 0.212683 0.685552 0.214634 0.683664 0.216585 0.683664 0.217561 0.68272 0.22439 0.68272 0.225366 0.681775 0.230244 0.681775 0.23122 0.680831 0.232195 0.680831 0.232195 0.672332
1 0.474146 0.871577 0.474146 0.881964 0.478049 0.885741 0.479024 0.885741 0.48 0.886686 0.483902 0.886686 0.484878 0.88763 0.486829 0.88763 0.490732 0.883853 0.490732 0.871577
0 0.0585366 0.324835 0.057561 0.325779 0.0565854 0.325779 0.0556098 0.326723 0.0556098 0.327668 0.0546341 0.328612 0.0536585 0.328612 0.0517073 0.3305 0.0507317 0.3305 0.0487805 0.332389 0.0478049 0.332389 0.0478049 0.333333 0.0458537 0.335222 0.0458537 0.336166 0.044878 0.33711 0.044878 0.338999 0.0439024 0.339943 0.0439024 0.341832 0.0429268 0.342776 0.0429268 0.34372 0.0419512 0.344665 0.0419512 0.345609 0.0409756 0.346553 0.0419512 0.347498 0.0419512 0.349386 0.0429268 0.350331 0.0429268 0.351275 0.0439024 0.352219 0.0439024 0.353163 0.044878 0.353163 0.0478049 0.355996 0.0497561 0.355996 0.0507317 0.356941 0.0517073 0.356941 0.0526829 0.357885 0.0536585 0.357885 0.0546341 0.358829 0.0595122 0.358829 0.0604878 0.359773 0.0614634 0.358829 0.0614634 0.357885 0.062439 0.356941 0.062439 0.327668 0.0614634 0.326723 0.0614634 0.325779 0.0604878 0.324835
1 0.240976 0.552408 0.240976 0.574127 0.241951 0.574127 0.242927 0.575071 0.243902 0.575071 0.244878 0.576015 0.246829 0.576015 0.247805 0.576959 0.24878 0.576015 0.254634 0.576015 0.259512 0.571294 0.259512 0.570349 0.260488 0.569405 0.260488 0.552408
1 0.449756 0.794145 0.449756 0.811143 0.450732 0.812087 0.450732 0.813031 0.451707 0.813975 0.451707 0.81492 0.452683 0.815864 0.452683 0.816808 0.453659 0.817753 0.453659 0.818697 0.454634 0.819641 0.454634 0.820585 0.45561 0.82153 0.45561 0.823418 0.461463 0.823418 0.461463 0.794145
0 0.959024 0.326723 0.958049 0.327668 0.956098 0.327668 0.955122 0.328612 0.953171 0.328612 0.953171 0.340888 0.955122 0.340888 0.956098 0.339943 0.957073 0.339943 0.958049 0.338999 0.963902 0.338999 0.964878 0.338055 0.971707 0.338055 0.972683 0.33711 0.976585 0.33711 0.977561 0.336166 0.979512 0.336166 0.980488 0.335222 0.982439 0.335222 0.983415 0.334278 0.985366 0.334278 0.986341 0.333333 0.987317 0.333333 0.988293 0.332389 0.988293 0.326723
0 0.606829 0.616619 0.605854 0.617564 0.605854 0.620397 0.604878 0.621341 0.604878 0.625118 0.605854 0.626062 0.605854 0.629839 0.607805 0.631728 0.607805 0.632672 0.608781 0.632672 0.611707 0.635505 0.611707 0.636449 0.613659 0.638338 0.613659 0.639282 0.614634 0.640227 0.614634 0.641171 0.61561 0.642115 0.61561 0.643059 0.617561 0.644948 0.617561 0.646837 0.618537 0.647781 0.618537 0.651558 0.619512 0.652502 0.619512 0.653447 0.628293 0.653447 0.628293 0.645892 0.627317 0.644948 0.627317 0.644004 0.626341 0.643059 0.626341 0.642115 0.625366 0.641171 0.625366 0.640227 0.62439 0.639282 0.62439 0.638338 0.623415 0.637394 0.623415 0.636449 0.620488 0.633617 0.620488 0.632672 0.618537 0.630784 0.618537 0.629839 0.617561 0.628895 0.617561 0.625118 0.616585 0.624174 0.616585 0.616619
0 0.902439 0.308782 0.901463 0.309726 0.901463 0.319169 0.900488 0.320113 0.900488 0.334278 0.899512 0.335222 0.899512 0.338999 0.922927 0.338999 0.919024 0.335222 0.919024 0.334278 0.917073 0.334278 0.916098 0.335222 0.913171 0.335222 0.912195 0.336166 0.910244 0.334278 0.910244 0.333333 0.909268 0.332389 0.909268 0.326723 0.910244 0.325779 0.910244 0.32389 0.91122 0.322946 0.91122 0.321058 0.913171 0.319169 0.914146 0.319169 0.915122 0.318225 0.917073 0.318225 0.918049 0.31728 0.92 0.31728 0.920976 0.316336 0.923902 0.316336 0.924878 0.315392 0.924878 0.311615 0.921951 0.308782
1 0.740488 0.898961 0.739512 0.899906 0.738537 0.899906 0.737561 0.90085 0.736585 0.90085 0.73561 0.901794 0.734634 0.901794 0.734634 0.916903 0.73561 0.917847 0.746341 0.917847 0.748293 0.915958 0.749268 0.915958 0.75122 0.91407 0.752195 0.91407 0.753171 0.913126 0.758049 0.913126 0.759024 0.912181 0.760976 0.912181 0.760976 0.901794 0.758049 0.898961
0 0.741463 0.402266 0.740488 0.403211 0.739512 0.403211 0.738537 0.404155 0.736585 0.404155 0.73561 0.405099 0.733659 0.405099 0.732683 0.406043 0.731707 0.406043 0.730732 0.406988 0.730732 0.418319 0.736585 0.423985 0.736585 0.424929 0.740488 0.428706 0.749268 0.428706 0.748293 0.427762 0.750244 0.425873 0.75122 0.425873 0.752195 0.424929 0.754146 0.424929 0.755122 0.423985 0.758049 0.423985 0.76 0.422096 0.760976 0.422096 0.761951 0.421152 0.762927 0.421152 0.762927 0.402266
1 0.853659 0.289896 0.852683 0.29084 0.850732 0.29084 0.849756 0.291785 0.848781 0.291785 0.848781 0.308782 0.849756 0.309726 0.850732 0.309726 0.851707 0.31067 0.852683 0.31067 0.853659 0.311615 0.85561 0.311615 0.857561 0.313503 0.858537 0.313503 0.860488 0.315392 0.863415 0.315392 0.86439 0.316336 0.868293 0.316336 0.869268 0.315392 0.870244 0.315392 0.87122 0.314448 0.872195 0.314448 0.873171 0.313503 0.874146 0.313503 0.875122 0.312559 0.875122 0.311615 0.877073 0.309726 0.877073 0.294618 0.876098 0.293673 0.876098 0.292729 0.875122 0.291785 0.875122 0.289896
1 0.254634 0.188857 0.254634 0.194523 0.253659 0.195467 0.253659 0.199245 0.252683 0.200189 0.252683 0.206799 0.253659 0.207743 0.253659 0.209632 0.25561 0.21152 0.257561 0.21152 0.258537 0.212465 0.262439 0.212465 0.263415 0.21152 0.26439 0.21152 0.266341 0.209632 0.266341 0.193579 0.265366 0.192635 0.265366 0.190746 0.26439 0.189802 0.26439 0.188857
1 0.403902 0.8017 0.401951 0.803588 0.401951 0.804533 0.400976 0.805477 0.400976 0.817753 0.409756 0.817753 0.410732 0.816808 0.411707 0.816808 0.412683 0.815864 0.412683 0.8017
1 0.982439 0.339943 0.981463 0.340888 0.978537 0.340888 0.977561 0.341832 0.97561 0.341832 0.97561 0.353163 0.986341 0.353163 0.986341 0.352219 0.989268 0.349386 0.989268 0.340888 0.988293 0.339943
0 0.303415 0.0906516 0.303415 0.0915958 0.302439 0.0925401 0.302439 0.0934844 0.301463 0.0944287 0.301463 0.095373 0.300488 0.0963173 0.300488 0.0972616 0.298537 0.0991501 0.298537 0.100094 0.294634 0.103872 0.294634 0.113314 0.29561 0.114259 0.296585 0.114259 0.297561 0.115203 0.298537 0.115203 0.299512 0.116147 0.300488 0.116147 0.302439 0.118036 0.310244 0.118036 0.310244 0.115203 0.31122 0.114259 0.31122 0.11237 0.312195 0.111426 0.312195 0.109537 0.313171 0.108593 0.313171 0.107649 0.316098 0.104816 0.317073 0.104816 0.318049 0.103872 0.325854 0.103872 0.326829 0.104816 0.340488 0.104816 0.341463 0.103872 0.343415 0.103872 0.343415 0.095373 0.341463 0.095373 0.340488 0.0944287 0.33561 0.0944287 0.334634 0.0934844 0.328781 0.0934844 0.327805 0.0925401 0.323902 0.0925401 0.322927 0.0915958 0.320976 0.0915958 0.32 0.0906516
0 0.626341 0.507082 0.625366 0.508026 0.625366 0.514636 0.62439 0.515581 0.62439 0.517469 0.623415 0.518414 0.623415 0.519358 0.622439 0.520302 0.622439 0.521246 0.621463 0.522191 0.621463 0.523135 0.620488 0.524079 0.620488 0.525968 0.619512 0.526912 0.619512 0.529745 0.618537 0.530689 0.618537 0.531634 0.617561 0.532578 0.617561 0.533522 0.616585 0.534467 0.616585 0.536355 0.61561 0.537299 0.61561 0.538244 0.614634 0.539188 0.614634 0.540132 0.626341 0.540132 0.626341 0.536355 0.627317 0.535411 0.627317 0.532578 0.628293 0.531634 0.628293 0.507082
1 0.402927 0.661945 0.402927 0.668555 0.404878 0.668555 0.405854 0.6695 0.40878 0.6695 0.409756 0.668555 0.410732 0.668555 0.410732 0.661945
0 0.571707 0.137866 0.571707 0.154863 0.572683 0.155807 0.574634 0.155807 0.57561 0.156752 0.579512 0.156752 0.580488 0.157696 0.586341 0.157696 0.587317 0.156752 0.591219 0.156752 0.592195 0.155807 0.594146 0.155807 0.595122 0.154863 0.597073 0.154863 0.598049 0.153919 0.6 0.153919 0.600976 0.152975 0.601951 0.152975 0.602927 0.15203 0.604878 0.15203 0.605854 0.152975 0.608781 0.152975 0.611707 0.155807 0.611707 0.156752 0.613659 0.15864 0.613659 0.159585 0.61561 0.161473 0.61561 0.162417 0.617561 0.162417 0.618537 0.161473 0.621463 0.161473 0.622439 0.160529 0.622439 0.15203 0.620488 0.150142 0.620488 0.149197 0.619512 0.148253 0.619512 0.147309 0.61561 0.143532 0.613659 0.143532 0.611707 0.141643 0.610732 0.141643 0.608781 0.139754 0.607805 0.139754 0.606829 0.13881 0.605854 0.13881 0.604878 0.137866
0 0.14439 0.102927 0.143415 0.103872 0.142439 0.103872 0.141463 0.104816 0.140488 0.104816 0.137561 0.107649 0.136585 0.107649 0.13561 0.108593 0.132683 0.108593 0.131707 0.109537 0.129756 0.109537 0.124878 0.114259 0.125854 0.115203 0.132683 0.115203 0.132683 0.113314 0.13561 0.110482 0.138537 0.110482 0.143415 0.115203 0.14439 0.115203 0.147317 0.118036 0.147317 0.11898 0.148293 0.119924 0.148293 0.120869 0.149268 0.121813 0.149268 0.122757 0.150244 0.123702 0.150244 0.124646 0.15122 0.12559 0.15122 0.126534 0.152195 0.127479 0.152195 0.130312 0.153171 0.131256 0.153171 0.137866 0.154146 0.13881 0.154146 0.140699 0.153171 0.141643 0.153171 0.143532 0.152195 0.144476 0.152195 0.14542 0.15122 0.146364 0.15122 0.148253 0.150244 0.149197 0.150244 0.151086 0.149268 0.15203 0.149268 0.152975 0.148293 0.153919 0.148293 0.154863 0.147317 0.155807 0.147317 0.156752 0.146341 0.157696 0.146341 0.15864 0.145366 0.159585 0.145366 0.160529 0.140488 0.16525 0.139512 0.16525 0.137561 0.167139 0.136585 0.167139 0.13561 0.168083 0.133659 0.168083 0.132683 0.169027 0.124878 0.169027 0.119024 0.163362 0.119024 0.162417 0.118049 0.162417 0.113171 0.157696 0.113171 0.156752 0.112195 0.155807 0.112195 0.157696 0.11122 0.15864 0.11122 0.162417 0.112195 0.163362 0.112195 0.16525 0.11122 0.166195 0.11122 0.173749 0.112195 0.174693 0.112195 0.19169 0.11122 0.192635 0.11122 0.193579 0.110244 0.194523 0.110244 0.195467 0.108293 0.197356 0.108293 0.1983 0.105366 0.201133 0.105366 0.213409 0.106341 0.212465 0.107317 0.212465 0.108293 0.21152 0.109268 0.21152 0.110244 0.210576 0.11122 0.210576 0.114146 0.207743 0.115122 0.207743 0.118049 0.20491 0.119024 0.20491 0.12 0.203966 0.120976 0.203966 0.122927 0.202077 0.123902 0.202077 0.125854 0.200189 0.126829 0.200189 0.12878 0.1983 0.129756 0.1983 0.130732 0.197356 0.131707 0.197356 0.132683 0.196412 0.132683 0.195467 0.133659 0.194523 0.133659 0.19169 0.134634 0.190746 0.134634 0.188857 0.13561 0.187913 0.13561 0.186969 0.142439 0.180359 0.14439 0.180359 0.145366 0.179415 0.147317 0.179415 0.148293 0.17847 0.150244 0.17847 0.15122 0.177526 0.152195 0.177526 0.158049 0.17186 0.158049 0.170916 0.159024 0.169972 0.159024 0.169027 0.16 0.168083 0.16 0.167139 0.160976 0.166195 0.160976 0.163362 0.161951 0.162417 0.161951 0.148253 0.162927 0.147309 0.162927 0.131256 0.161951 0.130312 0.161951 0.12559 0.160976 0.124646 0.160976 0.120869 0.16 0.119924 0.16 0.118036 0.159024 0.117092 0.159024 0.116147 0.154146 0.111426 0.154146 0.110482 0.152195 0.108593 0.152195 0.107649 0.150244 0.10576 0.149268 0.10576 0.148293 0.104816 0.147317 0.104816 0.146341 0.103872 0.145366 0.103872
0 0.976585 0.447592 0.976585 0.472144 0.978537 0.474032 0.978537 0.474976 0.979512 0.475921 0.979512 0.476865 0.981463 0.478754 0.981463 0.479698 0.98439 0.482531 0.98439 0.483475 0.985366 0.484419 0.985366 0.485364 0.987317 0.487252 0.987317 0.488196 0.988293 0.489141 0.988293 0.490085 0.989268 0.491029 0.989268 0.492918 0.990244 0.493862 0.990244 0.494806 0.99122 0.495751 0.99122 0.497639 0.992195 0.498584 0.992195 0.501416 0.993171 0.502361 0.993171 0.504249 0.994146 0.505194 0.994146 0.508026 0.995122 0.508971 0.995122 0.509915 0.994146 0.510859 0.994146 0.514636 0.993171 0.515581 0.993171 0.516525 0.997073 0.516525 0.997073 0.476865 0.995122 0.474976 0.995122 0.474032 0.994146 0.473088 0.994146 0.472144 0.993171 0.471199 0.993171 0.470255 0.992195 0.469311 0.992195 0.468366 0.99122 0.467422 0.99122 0.465534 0.989268 0.463645 0.989268 0.462701 0.988293 0.461756 0.988293 0.460812 0.987317 0.459868 0.987317 0.457035 0.986341 0.456091 0.986341 0.447592
1 0.242927 0.371105 0.241951 0.372049 0.241951 0.372993 0.240976 0.373938 0.240976 0.388102 0.242927 0.389991 0.243902 0.389991 0.245854 0.391879 0.254634 0.391879 0.25561 0.390935 0.257561 0.390935 0.258537 0.389991 0.259512 0.389991 0.260488 0.389046 0.260488 0.371105
0 0.33561 0.664778 0.33561 0.666667 0.334634 0.667611 0.334634 0.6695 0.331707 0.672332 0.331707 0.673277 0.330732 0.674221 0.330732 0.675165 0.329756 0.67611 0.329756 0.677054 0.327805 0.678942 0.327805 0.679887 0.322927 0.684608 0.322927 0.698772 0.326829 0.698772 0.327805 0.699717 0.328781 0.699717 0.329756 0.700661 0.330732 0.700661 0.333659 0.703494 0.334634 0.703494 0.338537 0.707271 0.345366 0.707271 0.346341 0.706327 0.347317 0.706327 0.349268 0.704438 0.350244 0.704438 0.353171 0.701605 0.353171 0.670444 0.352195 0.6695 0.352195 0.665722 0.35122 0.664778
0 0.897561 0.572238 0.897561 0.580737 0.898537 0.581681 0.898537 0.584514 0.900488 0.586402 0.900488 0.587347 0.902439 0.589235 0.902439 0.591124 0.903415 0.592068 0.903415 0.593957 0.90439 0.594901 0.90439 0.597734 0.905366 0.598678 0.905366 0.600567 0.906341 0.601511 0.906341 0.602455 0.907317 0.603399 0.907317 0.605288 0.908293 0.606232 0.908293 0.607177 0.909268 0.608121 0.909268 0.610009 0.910244 0.610954 0.910244 0.612842 0.91122 0.613787 0.91122 0.616619 0.912195 0.617564 0.912195 0.620397 0.913171 0.621341 0.913171 0.624174 0.914146 0.625118 0.914146 0.628895 0.915122 0.629839 0.915122 0.633617 0.916098 0.634561 0.916098 0.638338 0.917073 0.639282 0.917073 0.64967 0.918049 0.650614 0.918049 0.653447 0.919024 0.654391 0.919024 0.655335 0.92 0.65628 0.920976 0.65628 0.921951 0.657224 0.922927 0.657224 0.923902 0.658168 0.923902 0.619452 0.922927 0.618508 0.922927 0.616619 0.921951 0.615675 0.921951 0.611898 0.920976 0.610954 0.920976 0.607177 0.92 0.606232 0.92 0.603399 0.919024 0.602455 0.919024 0.599622 0.918049 0.598678 0.918049 0.595845 0.917073 0.594901 0.917073 0.593012 0.916098 0.592068 0.916098 0.588291 0.915122 0.587347 0.915122 0.584514 0.914146 0.583569 0.914146 0.580737 0.913171 0.579792 0.913171 0.576959 0.912195 0.576015 0.912195 0.574127 0.91122 0.573182 0.91122 0.572238
1 0.870244 0.749764 0.869268 0.750708 0.868293 0.750708 0.867317 0.751652 0.867317 0.761095 0.869268 0.762984 0.870244 0.762984 0.872195 0.764873 0.872195 0.765817 0.873171 0.766761 0.876098 0.766761 0.877073 0.765817 0.879024 0.765817 0.88 0.764873 0.88 0.763928 0.880976 0.762984 0.880976 0.753541 0.878049 0.750708 0.877073 0.750708 0.876098 0.749764
1 0.436098 0.389991 0.436098 0.403211 0.437073 0.404155 0.437073 0.406043 0.438049 0.406988 0.438049 0.407932 0.439024 0.408876 0.439024 0.409821 0.44 0.410765 0.443902 0.410765 0.445854 0.408876 0.446829 0.408876 0.449756 0.406043 0.449756 0.405099 0.451707 0.403211 0.451707 0.389991
1 0.918049 0.837583 0.918049 0.844193 0.923902 0.844193 0.923902 0.837583
1 0.402927 0.361662 0.401951 0.362606 0.401951 0.366383 0.404878 0.369216 0.411707 0.369216 0.412683 0.368272 0.412683 0.361662
1 0.660488 0.265345 0.660488 0.280453 0.672195 0.280453 0.673171 0.279509 0.673171 0.265345
1 0.00097561 0.363551 0.00097561 0.412653 0.00292683 0.412653 0.00780488 0.417375 0.022439 0.417375 0.0234146 0.416431 0.0243902 0.416431 0.0263415 0.414542 0.0273171 0.414542 0.0312195 0.410765 0.0321951 0.410765 0.0341463 0.408876 0.035122 0.408876 0.035122 0.407932 0.0370732 0.406043 0.0370732 0.405099 0.04 0.402266 0.04 0.400378 0.0409756 0.399433 0.0409756 0.376771 0.04 0.376771 0.0370732 0.373938 0.0370732 0.372993 0.0360976 0.372049 0.0360976 0.371105 0.0341463 0.369216 0.0331707 0.369216 0.0292683 0.365439 0.0292683 0.364495 0.0282927 0.363551
0 0.629268 0.889518 0.629268 0.890463 0.630244 0.891407 0.630244 0.897073 0.63122 0.898017 0.63122 0.90085 0.632195 0.901794 0.632195 0.902738 0.633171 0.903683 0.633171 0.904627 0.635122 0.906516 0.635122 0.90746 0.636098 0.908404 0.636098 0.910293 0.637073 0.911237 0.637073 0.918791 0.636098 0.919736 0.636098 0.921624 0.628293 0.929178 0.626341 0.929178 0.625366 0.930123 0.622439 0.930123 0.622439 0.931067 0.621463 0.932011 0.621463 0.932956 0.620488 0.9339 0.623415 0.936733 0.626341 0.936733 0.627317 0.937677 0.630244 0.937677 0.63122 0.936733 0.634146 0.936733 0.635122 0.935788 0.636098 0.935788 0.64 0.932011 0.640976 0.932011 0.641951 0.931067 0.641951 0.89424 0.64 0.892351 0.64 0.891407 0.638049 0.889518
0 0.0790244 0.694051 0.0790244 0.69594 0.0760976 0.698772 0.075122 0.698772 0.0741463 0.699717 0.0731707 0.699717 0.0673171 0.705382 0.0673171 0.706327 0.0643902 0.70916 0.0643902 0.710104 0.0595122 0.714825 0.0595122 0.71577 0.0585366 0.716714 0.0585366 0.718602 0.0556098 0.721435 0.0556098 0.72238 0.0536585 0.724268 0.0536585 0.727101 0.0526829 0.728045 0.0536585 0.72899 0.0536585 0.730878 0.0546341 0.729934 0.0546341 0.728045 0.0556098 0.727101 0.0556098 0.723324 0.0565854 0.72238 0.0604878 0.72238 0.0614634 0.721435 0.062439 0.721435 0.062439 0.720491 0.0643902 0.718602 0.0653659 0.718602 0.0663415 0.717658 0.0673171 0.717658 0.0682927 0.716714 0.0692683 0.716714 0.0712195 0.714825 0.0721951 0.714825 0.0770732 0.710104 0.0780488 0.710104 0.0809756 0.707271 0.0819512 0.707271 0.0839024 0.705382 0.0858537 0.705382 0.0868293 0.704438 0.0878049 0.704438 0.0887805 0.703494 0.0897561 0.703494 0.0907317 0.70255 0.0917073 0.70255 0.0936585 0.700661 0.0956098 0.700661 0.0965854 0.699717 0.0985366 0.699717 0.0995122 0.698772 0.10439 0.698772 0.105366 0.699717 0.105366 0.698772 0.106341 0.697828 0.106341 0.696884 0.10439 0.694995 0.103415 0.694995 0.102439 0.694051
1 0.813659 0.603399 0.812683 0.604344 0.812683 0.621341 0.813659 0.622285 0.813659 0.627007 0.814634 0.627951 0.814634 0.628895 0.81561 0.629839 0.81561 0.630784 0.816585 0.630784 0.817561 0.631728 0.826341 0.631728 0.827317 0.630784 0.828293 0.630784 0.829268 0.629839 0.830244 0.629839 0.831219 0.628895 0.832195 0.628895 0.833171 0.627951 0.834146 0.627951 0.835122 0.627007 0.836098 0.627951 0.845854 0.627951 0.845854 0.603399
0 0.157073 0.333333 0.156098 0.334278 0.155122 0.334278 0.154146 0.335222 0.153171 0.335222 0.152195 0.336166 0.15122 0.336166 0.150244 0.33711 0.150244 0.338055 0.149268 0.338999 0.149268 0.339943 0.148293 0.340888 0.148293 0.341832 0.147317 0.342776 0.147317 0.34372 0.146341 0.344665 0.146341 0.345609 0.145366 0.346553 0.145366 0.347498 0.14439 0.348442 0.14439 0.352219 0.143415 0.353163 0.143415 0.357885 0.142439 0.358829 0.142439 0.366383 0.141463 0.367328 0.141463 0.369216 0.137561 0.372993 0.134634 0.372993 0.133659 0.373938 0.123902 0.373938 0.122927 0.372993 0.120976 0.372993 0.12 0.372049 0.119024 0.372049 0.118049 0.371105 0.116098 0.371105 0.115122 0.370161 0.113171 0.370161 0.112195 0.369216 0.110244 0.369216 0.106341 0.365439 0.106341 0.364495 0.102439 0.364495 0.101463 0.365439 0.100488 0.365439 0.100488 0.367328 0.101463 0.368272 0.101463 0.371105 0.107317 0.376771 0.107317 0.377715 0.108293 0.378659 0.109268 0.378659 0.110244 0.379603 0.11122 0.379603 0.12 0.388102 0.121951 0.388102 0.122927 0.389046 0.127805 0.389046 0.12878 0.389991 0.137561 0.389991 0.138537 0.389046 0.141463 0.389046 0.142439 0.388102 0.14439 0.388102 0.145366 0.387158 0.146341 0.387158 0.147317 0.386213 0.148293 0.386213 0.153171 0.381492 0.153171 0.380548 0.156098 0.377715 0.156098 0.374882 0.157073 0.373938 0.157073 0.372049 0.158049 0.371105 0.158049 0.370161 0.157073 0.369216 0.157073 0.357885 0.158049 0.356941 0.158049 0.355052 0.159024 0.354108 0.159024 0.352219 0.16 0.351275 0.16 0.350331 0.160976 0.349386 0.160976 0.348442 0.161951 0.347498 0.161951 0.346553 0.162927 0.345609 0.162927 0.33711 0.16 0.334278 0.159024 0.334278 0.158049 0.333333
1 0.922927 0.74882 0.922927 0.758263 0.923902 0.759207 0.923902 0.765817 0.925854 0.767705 0.932683 0.767705 0.93561 0.764873 0.93561 0.74882
1 0.875122 0.518414 0.874146 0.519358 0.874146 0.530689 0.875122 0.531634 0.876098 0.531634 0.877073 0.532578 0.878049 0.532578 0.879024 0.533522 0.887805 0.533522 0.887805 0.532578 0.890732 0.529745 0.890732 0.518414
0 0.663415 0.64967 0.66439 0.64967 0.673171 0.658168 0.673171 0.66289 0.672195 0.663834 0.672195 0.666667 0.67122 0.667611 0.67122 0.668555 0.670244 0.6695 0.670244 0.679887 0.67122 0.680831 0.67122 0.68272 0.672195 0.683664 0.672195 0.684608 0.673171 0.685552 0.673171 0.686497 0.674146 0.686497 0.675122 0.687441 0.677073 0.687441 0.68 0.690274 0.680976 0.690274 0.683902 0.693107 0.683902 0.694051 0.684878 0.694995 0.684878 0.698772 0.685854 0.699717 0.685854 0.701605 0.686829 0.70255 0.684878 0.704438 0.683902 0.704438 0.682927 0.705382 0.681951 0.705382 0.680976 0.706327 0.68 0.706327 0.679024 0.707271 0.678049 0.707271 0.677073 0.708215 0.677073 0.70916 0.678049 0.70916 0.679024 0.710104 0.680976 0.710104 0.681951 0.711048 0.687805 0.711048 0.68878 0.710104 0.689756 0.710104 0.690732 0.70916 0.691707 0.70916 0.691707 0.692162 0.686829 0.687441 0.685854 0.687441 0.684878 0.686497 0.683902 0.686497 0.682927 0.685552 0.682927 0.684608 0.678049 0.679887 0.678049 0.6695 0.68 0.667611 0.686829 0.667611 0.689756 0.664778 0.68878 0.663834 0.68878 0.66289 0.687805 0.661945 0.687805 0.660057 0.681951 0.654391 0.681951 0.653447 0.68 0.651558 0.679024 0.651558 0.678049 0.650614 0.677073 0.650614 0.676098 0.64967
0 0.118049 0.170916 0.113171 0.175637 0.113171 0.179415 0.114146 0.180359 0.114146 0.181303 0.115122 0.182247 0.115122 0.184136 0.116098 0.18508 0.116098 0.186025 0.118049 0.187913 0.118049 0.188857 0.119024 0.189802 0.116098 0.192635 0.115122 0.192635 0.133659 0.192635 0.133659 0.189802 0.132683 0.188857 0.132683 0.187913 0.131707 0.186969 0.130732 0.186969 0.129756 0.187913 0.12878 0.187913 0.127805 0.188857 0.126829 0.188857 0.125854 0.189802 0.124878 0.189802 0.123902 0.188857 0.122927 0.188857 0.121951 0.187913 0.121951 0.186969 0.120976 0.186025 0.120976 0.182247 0.121951 0.181303 0.121951 0.17847 0.122927 0.177526 0.121951 0.176582 0.121951 0.174693 0.120976 0.173749 0.120976 0.172805 0.119024 0.170916
1 0.743415 0.13881 0.742439 0.139754 0.741463 0.139754 0.738537 0.142587 0.737561 0.142587 0.737561 0.150142 0.739512 0.15203 0.739512 0.152975 0.741463 0.154863 0.742439 0.154863 0.743415 0.155807 0.745366 0.155807 0.746341 0.156752 0.748293 0.156752 0.749268 0.157696 0.755122 0.157696 0.756098 0.156752 0.758049 0.156752 0.758049 0.13881
0 0.619512 0.659112 0.619512 0.660057 0.618537 0.661001 0.618537 0.661945 0.616585 0.663834 0.61561 0.663834 0.61561 0.664778 0.614634 0.665722 0.613659 0.665722 0.612683 0.666667 0.611707 0.666667 0.610732 0.667611 0.609756 0.667611 0.599024 0.677998 0.599024 0.680831 0.598049 0.681775 0.598049 0.684608 0.599024 0.685552 0.599024 0.687441 0.600976 0.68933 0.600976 0.691218 0.601951 0.692162 0.601951 0.693107 0.602927 0.694051 0.602927 0.69594 0.604878 0.697828 0.604878 0.698772 0.605854 0.699717 0.605854 0.700661 0.606829 0.701605 0.606829 0.70255 0.607805 0.703494 0.607805 0.705382 0.609756 0.707271 0.609756 0.708215 0.610732 0.70916 0.610732 0.711048 0.611707 0.711992 0.611707 0.721435 0.612683 0.721435 0.614634 0.723324 0.61561 0.723324 0.616585 0.72238 0.616585 0.720491 0.617561 0.719547 0.617561 0.716714 0.618537 0.71577 0.618537 0.701605 0.617561 0.700661 0.617561 0.699717 0.616585 0.698772 0.616585 0.696884 0.609756 0.690274 0.609756 0.68933 0.610732 0.688385 0.610732 0.684608 0.612683 0.68272 0.612683 0.681775 0.613659 0.680831 0.614634 0.680831 0.618537 0.677054 0.618537 0.67611 0.621463 0.673277 0.622439 0.673277 0.622439 0.672332 0.623415 0.671388 0.623415 0.663834 0.625366 0.661945 0.626341 0.661945 0.626341 0.659112
0 0.282927 0.813031 0.281951 0.813975 0.28 0.813975 0.278049 0.815864 0.277073 0.815864 0.276098 0.816808 0.275122 0.816808 0.274146 0.817753 0.273171 0.817753 0.268293 0.822474 0.268293 0.823418 0.265366 0.826251 0.265366 0.827195 0.26439 0.82814 0.26439 0.830973 0.262439 0.832861 0.258537 0.832861 0.258537 0.838527 0.259512 0.839471 0.259512 0.84797 0.258537 0.848914 0.258537 0.857413 0.259512 0.858357 0.259512 0.860246 0.277073 0.860246 0.276098 0.859301 0.276098 0.856468 0.275122 0.855524 0.275122 0.85458 0.274146 0.853635 0.274146 0.850803 0.273171 0.849858 0.273171 0.84797 0.272195 0.847026 0.272195 0.843248 0.273171 0.842304 0.273171 0.838527 0.268293 0.833806 0.269268 0.832861 0.270244 0.832861 0.27122 0.831917 0.273171 0.831917 0.274146 0.830973 0.275122 0.830973 0.276098 0.830028 0.277073 0.830028 0.279024 0.82814 0.28 0.82814 0.280976 0.827195 0.283902 0.827195 0.284878 0.826251 0.28878 0.826251 0.289756 0.827195 0.296585 0.827195 0.297561 0.82814 0.299512 0.82814 0.300488 0.827195 0.302439 0.827195 0.303415 0.826251 0.30439 0.826251 0.306341 0.824363 0.306341 0.81492 0.30439 0.81492 0.303415 0.813975 0.301463 0.813975 0.300488 0.813031 0.294634 0.813031 0.293659 0.813975 0.291707 0.813975 0.290732 0.813031
1 0.617561 0.177526 0.617561 0.188857 0.618537 0.188857 0.619512 0.189802 0.619512 0.190746 0.630244 0.190746 0.630244 0.188857 0.63122 0.187913 0.63122 0.177526
0 0.829268 0.482531 0.829268 0.510859 0.831219 0.512748 0.845854 0.512748 0.845854 0.510859 0.846829 0.509915 0.846829 0.506138 0.845854 0.505194 0.845854 0.504249 0.843902 0.502361 0.842927 0.502361 0.84 0.499528 0.84 0.498584 0.839024 0.497639 0.839024 0.491029 0.841951 0.488196 0.842927 0.488196 0.843902 0.487252 0.849756 0.487252 0.850732 0.486308 0.85561 0.486308 0.856585 0.485364 0.857561 0.485364 0.858537 0.484419 0.858537 0.482531
1 0.933659 0.843248 0.933659 0.847026 0.932683 0.84797 0.932683 0.853635 0.940488 0.853635 0.941463 0.852691 0.941463 0.851747 0.942439 0.850803 0.942439 0.843248
1 0.915122 0.664778 0.915122 0.671388 0.922927 0.671388 0.922927 0.664778
1 0.467317 0.659112 0.466341 0.660057 0.465366 0.660057 0.46439 0.661001 0.462439 0.661001 0.461463 0.661945 0.460488 0.661945 0.460488 0.66289 0.458537 0.664778 0.458537 0.665722 0.459512 0.666667 0.459512 0.667611 0.460488 0.668555 0.461463 0.668555 0.462439 0.6695 0.463415 0.6695 0.46439 0.670444 0.466341 0.670444 0.467317 0.671388 0.468293 0.671388 0.468293 0.660057
1 0.925854 0.399433 0.925854 0.405099 0.929756 0.408876 0.929756 0.410765 0.92878 0.411709 0.92878 0.415486 0.929756 0.416431 0.929756 0.417375 0.930732 0.417375 0.931707 0.418319 0.939512 0.418319 0.941463 0.416431 0.941463 0.400378 0.940488 0.399433
1 0.869268 0.163362 0.868293 0.164306 0.867317 0.164306 0.865366 0.166195 0.865366 0.177526 0.866341 0.17847 0.873171 0.17847 0.879024 0.172805 0.879024 0.163362
0 0.350244 0.326723 0.345366 0.331445 0.345366 0.346553 0.352195 0.346553 0.354146 0.344665 0.354146 0.34372 0.355122 0.342776 0.355122 0.341832 0.356098 0.340888 0.356098 0.339943 0.357073 0.338999 0.357073 0.338055 0.359024 0.336166 0.359024 0.326723
1 0.411707 0.430595 0.411707 0.448536 0.41561 0.452314 0.417561 0.452314 0.418537 0.453258 0.421463 0.453258 0.422439 0.452314 0.422439 0.451369 0.423415 0.450425 0.423415 0.449481 0.42439 0.448536 0.42439 0.447592 0.425366 0.446648 0.425366 0.430595
1 0.125854 0.780925 0.121951 0.784703 0.121951 0.785647 0.118049 0.789424 0.117073 0.789424 0.117073 0.797923 0.118049 0.798867 0.119024 0.798867 0.120976 0.800755 0.121951 0.800755 0.122927 0.8017 0.123902 0.8017 0.124878 0.802644 0.127805 0.802644 0.12878 0.803588 0.129756 0.803588 0.130732 0.804533 0.131707 0.804533 0.132683 0.805477 0.133659 0.805477 0.136585 0.80831 0.143415 0.80831 0.143415 0.807365 0.142439 0.806421 0.141463 0.806421 0.139512 0.804533 0.139512 0.803588 0.138537 0.802644 0.138537 0.796034 0.139512 0.79509 0.139512 0.793201 0.140488 0.792257 0.140488 0.791313 0.141463 0.790368 0.141463 0.783758 0.138537 0.780925
1 0.746341 0.800755 0.745366 0.8017 0.74439 0.8017 0.742439 0.803588 0.742439 0.804533 0.738537 0.80831 0.738537 0.809254 0.737561 0.810198 0.737561 0.818697 0.745366 0.818697 0.746341 0.817753 0.750244 0.817753 0.75122 0.816808 0.752195 0.816808 0.754146 0.81492 0.754146 0.800755
1 0.155122 0.497639 0.15122 0.501416 0.15122 0.508971 0.160976 0.508971 0.161951 0.508026 0.162927 0.508026 0.163902 0.507082 0.163902 0.497639
1 0.131707 0.227573 0.131707 0.240793 0.133659 0.240793 0.134634 0.241737 0.137561 0.241737 0.138537 0.242682 0.142439 0.242682 0.143415 0.243626 0.145366 0.243626 0.147317 0.241737 0.148293 0.241737 0.149268 0.240793 0.149268 0.228517 0.148293 0.227573
1 0.977561 0.528801 0.976585 0.529745 0.97561 0.529745 0.97561 0.537299 0.985366 0.537299 0.986341 0.536355 0.986341 0.528801
1 0.244878 0.618508 0.244878 0.625118 0.243902 0.626062 0.243902 0.627007 0.244878 0.627951 0.244878 0.628895 0.247805 0.631728 0.24878 0.631728 0.249756 0.630784 0.251707 0.630784 0.251707 0.618508
1 0.947317 0.859301 0.947317 0.873466 0.948293 0.87441 0.948293 0.875354 0.949268 0.875354 0.950244 0.876298 0.951219 0.876298 0.952195 0.877243 0.962927 0.877243 0.964878 0.875354 0.964878 0.87441 0.967805 0.871577 0.967805 0.870633 0.968781 0.869688 0.968781 0.868744 0.969756 0.8678 0.969756 0.866856 0.970732 0.865911 0.970732 0.859301
1 0.15122 0.78848 0.15122 0.797923 0.16 0.797923 0.16 0.78848
0 0.883902 0.941454 0.882927 0.942398 0.873171 0.942398 0.870244 0.945231 0.870244 0.946176 0.869268 0.94712 0.869268 0.955619 0.87122 0.957507 0.87122 0.958451 0.872195 0.958451 0.873171 0.959396 0.874146 0.959396 0.875122 0.96034 0.877073 0.96034 0.878049 0.961284 0.879024 0.961284 0.88 0.962229 0.882927 0.962229 0.883902 0.963173 0.884878 0.963173 0.885854 0.964117 0.887805 0.964117 0.88878 0.963173 0.889756 0.963173 0.891707 0.961284 0.892683 0.961284 0.894634 0.959396 0.894634 0.941454
1 0.599024 0.774315 0.599024 0.786591 0.610732 0.786591 0.614634 0.782814 0.614634 0.774315
1 0.479024 0.379603 0.479024 0.390935 0.48 0.390935 0.480976 0.391879 0.481951 0.391879 0.482927 0.392823 0.483902 0.392823 0.484878 0.393768 0.487805 0.393768 0.48878 0.392823 0.489756 0.392823 0.491707 0.390935 0.491707 0.379603
1 0.637073 0.320113 0.636098 0.321058 0.635122 0.321058 0.63122 0.324835 0.630244 0.324835 0.629268 0.325779 0.628293 0.325779 0.626341 0.327668 0.626341 0.339943 0.627317 0.340888 0.629268 0.340888 0.630244 0.341832 0.632195 0.341832 0.633171 0.342776 0.636098 0.342776 0.637073 0.34372 0.64 0.34372 0.640976 0.344665 0.646829 0.344665 0.647805 0.345609 0.64878 0.344665 0.650732 0.344665 0.651707 0.34372 0.653659 0.34372 0.659512 0.338055 0.659512 0.320113 0.657561 0.320113 0.658537 0.321058 0.658537 0.322002 0.657561 0.322946 0.657561 0.32389 0.656585 0.324835 0.656585 0.325779 0.65561 0.326723 0.65561 0.327668 0.654634 0.328612 0.653659 0.328612 0.650732 0.325779 0.650732 0.324835 0.649756 0.32389 0.649756 0.322002 0.64878 0.321058 0.64878 0.320113
1 0.86439 0.918791 0.86439 0.930123 0.866341 0.932011 0.867317 0.932011 0.868293 0.932956 0.870244 0.932956 0.87122 0.9339 0.874146 0.9339 0.875122 0.932956 0.876098 0.932956 0.877073 0.932011 0.877073 0.918791
0 0.647805 0.481586 0.647805 0.506138 0.650732 0.506138 0.651707 0.505194 0.652683 0.505194 0.654634 0.503305 0.657561 0.503305 0.658537 0.502361 0.65561 0.502361 0.652683 0.499528 0.652683 0.493862 0.654634 0.491974 0.65561 0.492918 0.65561 0.493862 0.656585 0.493862 0.657561 0.494806 0.659512 0.494806 0.660488 0.495751 0.661463 0.495751 0.662439 0.496695 0.662439 0.502361 0.663415 0.503305 0.667317 0.503305 0.667317 0.490085 0.66439 0.487252 0.66439 0.486308 0.662439 0.484419 0.662439 0.483475 0.660488 0.481586
1 0.805854 0.436261 0.804878 0.437205 0.803902 0.437205 0.802927 0.438149 0.800976 0.438149 0.8 0.439093 0.8 0.448536 0.809756 0.448536 0.810732 0.447592 0.810732 0.436261
1 0.652683 0.644004 0.651707 0.644948 0.651707 0.645892 0.649756 0.647781 0.64878 0.647781 0.645854 0.650614 0.644878 0.650614 0.643902 0.651558 0.643902 0.652502 0.642927 0.653447 0.641951 0.653447 0.640976 0.654391 0.64 0.653447 0.638049 0.653447 0.637073 0.652502 0.636098 0.652502 0.63122 0.647781 0.63122 0.660057 0.634146 0.660057 0.635122 0.659112 0.636098 0.660057 0.637073 0.660057 0.638049 0.661001 0.639024 0.661001 0.64 0.661945 0.640976 0.661945 0.642927 0.663834 0.65561 0.663834 0.65561 0.644004
0 0.137561 0.0745987 0.136585 0.075543 0.13561 0.075543 0.13561 0.0906516 0.140488 0.095373 0.140488 0.0963173 0.141463 0.0963173 0.142439 0.0972616 0.143415 0.0972616 0.14439 0.0982059 0.146341 0.0982059 0.147317 0.0991501 0.149268 0.0991501 0.150244 0.100094 0.153171 0.100094 0.154146 0.0991501 0.155122 0.0991501 0.156098 0.0982059 0.157073 0.0982059 0.158049 0.0972616 0.159024 0.0972616 0.16 0.0963173 0.162927 0.0963173 0.162927 0.095373 0.163902 0.0944287 0.163902 0.0925401 0.165854 0.0906516 0.166829 0.0906516 0.167805 0.0897073 0.17561 0.0897073 0.176585 0.088763 0.18439 0.0963173 0.185366 0.0963173 0.189268 0.100094 0.189268 0.101039 0.190244 0.101983 0.19122 0.101983 0.193171 0.103872 0.194146 0.103872 0.196098 0.10576 0.197073 0.10576 0.198049 0.106704 0.199024 0.106704 0.200976 0.108593 0.201951 0.108593 0.202927 0.109537 0.203902 0.109537 0.204878 0.110482 0.214634 0.110482 0.214634 0.0963173 0.213659 0.0963173 0.212683 0.095373 0.211707 0.095373 0.210732 0.0944287 0.20878 0.0944287 0.207805 0.0934844 0.206829 0.0934844 0.205854 0.0925401 0.204878 0.0925401 0.203902 0.0915958 0.202927 0.0915958 0.196098 0.0849858 0.194146 0.0849858 0.19122 0.082153 0.19122 0.0812087 0.189268 0.0793201 0.189268 0.0783758 0.187317 0.0764873 0.187317 0.075543 0.186341 0.075543 0.185366 0.0745987
1 0.767805 0.507082 0.765854 0.508971 0.764878 0.508971 0.764878 0.520302 0.770732 0.525968 0.781463 0.525968 0.782439 0.526912 0.783415 0.526912 0.785366 0.525024 0.786341 0.525024 0.788293 0.523135 0.788293 0.511804 0.787317 0.510859 0.787317 0.507082
0 0.407805 0.910293 0.406829 0.911237 0.405854 0.911237 0.404878 0.912181 0.403902 0.912181 0.402927 0.913126 0.401951 0.913126 0.400976 0.91407 0.4 0.91407 0.397073 0.916903 0.396098 0.916903 0.395122 0.917847 0.393171 0.917847 0.39122 0.919736 0.390244 0.919736 0.389268 0.92068 0.388293 0.92068 0.387317 0.921624 0.386341 0.921624 0.385366 0.922568 0.38439 0.922568 0.382439 0.924457 0.381463 0.924457 0.379512 0.926346 0.379512 0.929178 0.380488 0.930123 0.380488 0.931067 0.382439 0.932956 0.382439 0.9339 0.383415 0.934844 0.383415 0.935788 0.38439 0.935788 0.385366 0.936733 0.387317 0.936733 0.388293 0.937677 0.396098 0.937677 0.399024 0.934844 0.4 0.934844 0.401951 0.932956 0.401951 0.931067 0.402927 0.930123 0.402927 0.92729 0.407805 0.922568 0.407805 0.921624 0.40878 0.92068 0.409756 0.92068 0.411707 0.918791 0.412683 0.918791 0.414634 0.916903 0.41561 0.916903 0.416585 0.915958 0.417561 0.915958 0.418537 0.915014 0.418537 0.910293
0 0.721951 0.360718 0.72 0.362606 0.719024 0.362606 0.713171 0.368272 0.712195 0.368272 0.711219 0.369216 0.709268 0.369216 0.706341 0.372049 0.706341 0.385269 0.707317 0.386213 0.708293 0.386213 0.709268 0.387158 0.710244 0.387158 0.711219 0.388102 0.715122 0.388102 0.716098 0.389046 0.72 0.389046 0.720976 0.388102 0.721951 0.388102 0.722927 0.387158 0.722927 0.386213 0.723902 0.385269 0.723902 0.377715 0.724878 0.376771 0.727805 0.376771 0.728781 0.377715 0.728781 0.381492 0.727805 0.382436 0.727805 0.384325 0.728781 0.385269 0.728781 0.386213 0.731707 0.389046 0.731707 0.388102 0.732683 0.387158 0.732683 0.386213 0.738537 0.380548 0.738537 0.379603 0.739512 0.378659 0.739512 0.362606 0.737561 0.360718
1 0.680976 0.355996 0.680976 0.361662 0.681951 0.362606 0.681951 0.364495 0.687805 0.364495 0.68878 0.363551 0.68878 0.355996
0 0.062439 0.399433 0.062439 0.401322 0.0634146 0.402266 0.0634146 0.403211 0.062439 0.404155 0.062439 0.410765 0.0614634 0.411709 0.0614634 0.416431 0.0604878 0.417375 0.0604878 0.423041 0.0614634 0.423985 0.0614634 0.428706 0.0604878 0.429651 0.0604878 0.430595 0.0595122 0.431539 0.0595122 0.433428 0.057561 0.435316 0.057561 0.436261 0.0565854 0.437205 0.0565854 0.438149 0.0556098 0.439093 0.0556098 0.442871 0.0565854 0.443815 0.0565854 0.447592 0.0556098 0.448536 0.0556098 0.455146 0.0546341 0.456091 0.0546341 0.458924 0.0536585 0.459868 0.0536585 0.466478 0.0526829 0.467422 0.0526829 0.495751 0.0595122 0.495751 0.0595122 0.494806 0.057561 0.492918 0.0565854 0.492918 0.0556098 0.491974 0.0546341 0.491974 0.0526829 0.490085 0.0526829 0.489141 0.0536585 0.488196 0.0536585 0.487252 0.0546341 0.486308 0.0556098 0.486308 0.0565854 0.487252 0.057561 0.487252 0.0585366 0.488196 0.0614634 0.488196 0.0643902 0.491029 0.0643902 0.491974 0.0663415 0.493862 0.0673171 0.493862 0.0673171 0.491974 0.0682927 0.491029 0.0682927 0.481586 0.0673171 0.480642 0.0673171 0.474976 0.0663415 0.474032 0.0663415 0.466478 0.0653659 0.465534 0.0653659 0.464589 0.0663415 0.463645 0.0663415 0.457979 0.0673171 0.457035 0.0673171 0.454202 0.0682927 0.453258 0.0682927 0.450425 0.0692683 0.449481 0.0692683 0.438149 0.0702439 0.437205 0.0702439 0.422096 0.0692683 0.421152 0.0702439 0.420208 0.0702439 0.415486 0.0712195 0.414542 0.0712195 0.399433
0 0.196098 0.525024 0.196098 0.525968 0.195122 0.526912 0.195122 0.527856 0.194146 0.528801 0.194146 0.529745 0.19122 0.532578 0.190244 0.532578 0.189268 0.533522 0.188293 0.533522 0.187317 0.532578 0.164878 0.532578 0.163902 0.531634 0.158049 0.531634 0.157073 0.532578 0.156098 0.532578 0.154146 0.534467 0.153171 0.534467 0.150244 0.537299 0.150244 0.538244 0.149268 0.539188 0.149268 0.540132 0.148293 0.541076 0.148293 0.542021 0.147317 0.542965 0.147317 0.543909 0.146341 0.544854 0.146341 0.547687 0.145366 0.548631 0.145366 0.559018 0.147317 0.560907 0.147317 0.561851 0.148293 0.562795 0.148293 0.563739 0.149268 0.564684 0.149268 0.567517 0.150244 0.568461 0.150244 0.573182 0.149268 0.574127 0.149268 0.576015 0.148293 0.576959 0.148293 0.580737 0.147317 0.581681 0.147317 0.583569 0.146341 0.584514 0.146341 0.591124 0.147317 0.592068 0.147317 0.593957 0.148293 0.594901 0.148293 0.595845 0.149268 0.596789 0.149268 0.597734 0.150244 0.598678 0.15122 0.598678 0.15122 0.597734 0.152195 0.596789 0.152195 0.594901 0.153171 0.593957 0.153171 0.593012 0.154146 0.592068 0.154146 0.591124 0.156098 0.589235 0.156098 0.588291 0.157073 0.587347 0.157073 0.586402 0.158049 0.585458 0.158049 0.583569 0.159024 0.582625 0.159024 0.580737 0.16 0.579792 0.16 0.576015 0.160976 0.575071 0.160976 0.566572 0.161951 0.565628 0.161951 0.551464 0.162927 0.550519 0.162927 0.549575 0.163902 0.548631 0.164878 0.548631 0.165854 0.547687 0.167805 0.547687 0.16878 0.546742 0.172683 0.546742 0.173659 0.545798 0.183415 0.545798 0.18439 0.544854 0.190244 0.544854 0.19122 0.543909 0.193171 0.543909 0.194146 0.542965 0.196098 0.542965 0.197073 0.542021 0.198049 0.542021 0.198049 0.525024
0 0.514146 0.121813 0.513171 0.122757 0.513171 0.135977 0.517073 0.139754 0.518049 0.139754 0.52 0.141643 0.520976 0.141643 0.521951 0.142587 0.523902 0.142587 0.524878 0.143532 0.527805 0.143532 0.52878 0.144476 0.532683 0.144476 0.533659 0.14542 0.545366 0.14542 0.546341 0.144476 0.548293 0.144476 0.548293 0.135977 0.547317 0.135033 0.546341 0.135033 0.545366 0.134089 0.542439 0.134089 0.541463 0.133144 0.538537 0.133144 0.537561 0.1322 0.53561 0.1322 0.534634 0.131256 0.532683 0.131256 0.531707 0.130312 0.529756 0.130312 0.52878 0.129367 0.527805 0.129367 0.525854 0.127479 0.525854 0.121813
0 0.613659 0.468366 0.612683 0.469311 0.610732 0.469311 0.604878 0.474976 0.603902 0.474976 0.597073 0.481586 0.596098 0.481586 0.591219 0.486308 0.590244 0.486308 0.587317 0.489141 0.587317 0.490085 0.586341 0.491029 0.586341 0.506138 0.594146 0.506138 0.594146 0.501416 0.595122 0.500472 0.595122 0.499528 0.597073 0.497639 0.598049 0.497639 0.599024 0.496695 0.6 0.496695 0.600976 0.495751 0.600976 0.490085 0.602927 0.488196 0.603902 0.488196 0.606829 0.485364 0.606829 0.484419 0.608781 0.482531 0.609756 0.482531 0.610732 0.481586 0.613659 0.481586 0.614634 0.480642 0.616585 0.480642 0.617561 0.481586 0.618537 0.481586 0.621463 0.484419 0.621463 0.485364 0.622439 0.486308 0.622439 0.485364 0.626341 0.481586 0.626341 0.469311 0.625366 0.468366
1 0.0409756 0.484419 0.0390244 0.486308 0.0390244 0.498584 0.0419512 0.501416 0.0429268 0.501416 0.044878 0.503305 0.0458537 0.503305 0.0468293 0.504249 0.0478049 0.504249 0.0487805 0.505194 0.0507317 0.505194 0.0517073 0.506138 0.0526829 0.506138 0.0536585 0.507082 0.0546341 0.507082 0.0556098 0.506138 0.057561 0.506138 0.0585366 0.505194 0.0604878 0.505194 0.0614634 0.504249 0.062439 0.504249 0.062439 0.484419
1 0.00097561 0.200189 0.00097561 0.213409 0.0107317 0.213409 0.0107317 0.200189
1 0.172683 0.389046 0.172683 0.401322 0.183415 0.401322 0.187317 0.397545 0.187317 0.389046
1 0.891707 0.701605 0.891707 0.71577 0.899512 0.71577 0.900488 0.714825 0.901463 0.714825 0.901463 0.713881 0.902439 0.712937 0.902439 0.711992 0.903415 0.711048 0.903415 0.701605
1 0.80878 0.648725 0.806829 0.650614 0.806829 0.674221 0.818537 0.674221 0.819512 0.673277 0.820488 0.673277 0.827317 0.666667 0.827317 0.655335 0.826341 0.654391 0.826341 0.652502 0.825366 0.651558 0.825366 0.64967 0.82439 0.648725
0 0.0653659 0.758263 0.0653659 0.771483 0.0673171 0.771483 0.0682927 0.772427 0.0682927 0.774315 0.0692683 0.77526 0.0692683 0.779981 0.0702439 0.780925 0.0702439 0.786591 0.0712195 0.787535 0.0712195 0.78848 0.0731707 0.790368 0.0741463 0.790368 0.0741463 0.758263
1 0.764878 0.675165 0.764878 0.680831 0.765854 0.681775 0.765854 0.68272 0.766829 0.683664 0.773659 0.683664 0.773659 0.675165
0 0.126829 0.780925 0.122927 0.784703 0.122927 0.785647 0.118049 0.790368 0.118049 0.796978 0.120976 0.799811 0.121951 0.799811 0.123902 0.8017 0.124878 0.8017 0.125854 0.802644 0.127805 0.802644 0.12878 0.803588 0.129756 0.803588 0.131707 0.805477 0.132683 0.805477 0.13561 0.80831 0.13561 0.809254 0.136585 0.809254 0.137561 0.810198 0.142439 0.810198 0.142439 0.804533 0.140488 0.802644 0.140488 0.8017 0.139512 0.800755 0.139512 0.798867 0.138537 0.797923 0.138537 0.796034 0.139512 0.79509 0.139512 0.792257 0.140488 0.791313 0.140488 0.783758 0.138537 0.78187 0.137561 0.78187 0.136585 0.780925
0 0.995122 0.412653 0.995122 0.414542 0.994146 0.415486 0.994146 0.416431 0.992195 0.418319 0.99122 0.418319 0.990244 0.419263 0.989268 0.419263 0.985366 0.423041 0.985366 0.423985 0.983415 0.425873 0.983415 0.427762 0.982439 0.428706 0.982439 0.429651 0.981463 0.430595 0.981463 0.432483 0.980488 0.433428 0.980488 0.434372 0.979512 0.435316 0.979512 0.436261 0.976585 0.439093 0.976585 0.440038 0.97561 0.440982 0.97561 0.441926 0.974634 0.442871 0.974634 0.444759 0.973659 0.445704 0.973659 0.458924 0.974634 0.459868 0.974634 0.461756 0.97561 0.462701 0.97561 0.464589 0.976585 0.465534 0.976585 0.467422 0.977561 0.468366 0.977561 0.469311 0.978537 0.470255 0.978537 0.471199 0.979512 0.472144 0.979512 0.473088 0.980488 0.474032 0.980488 0.474976 0.981463 0.475921 0.981463 0.477809 0.983415 0.479698 0.983415 0.480642 0.985366 0.482531 0.985366 0.483475 0.986341 0.484419 0.986341 0.485364 0.987317 0.486308 0.987317 0.487252 0.988293 0.488196 0.988293 0.489141 0.989268 0.490085 0.989268 0.491974 0.990244 0.492918 0.990244 0.493862 0.99122 0.494806 0.99122 0.495751 0.997073 0.495751 0.997073 0.475921 0.996098 0.475921 0.995122 0.474976 0.995122 0.474032 0.992195 0.471199 0.992195 0.470255 0.99122 0.469311 0.99122 0.468366 0.989268 0.466478 0.989268 0.465534 0.987317 0.463645 0.987317 0.461756 0.986341 0.460812 0.986341 0.457035 0.985366 0.456091 0.985366 0.448536 0.986341 0.447592 0.986341 0.444759 0.987317 0.443815 0.987317 0.441926 0.988293 0.440982 0.988293 0.439093 0.989268 0.438149 0.989268 0.437205 0.996098 0.430595 0.997073 0.430595 0.997073 0.412653
0 0.139512 0.881964 0.138537 0.882908 0.136585 0.882908 0.13561 0.883853 0.134634 0.883853 0.133659 0.884797 0.132683 0.884797 0.131707 0.885741 0.130732 0.885741 0.129756 0.886686 0.127805 0.886686 0.126829 0.88763 0.124878 0.88763 0.124878 0.895184 0.125854 0.895184 0.126829 0.896128 0.127805 0.896128 0.130732 0.898961 0.131707 0.898961 0.134634 0.901794 0.13561 0.901794 0.136585 0.902738 0.137561 0.902738 0.138537 0.903683 0.139512 0.903683 0.140488 0.902738 0.147317 0.902738 0.148293 0.901794 0.150244 0.901794 0.152195 0.899906 0.153171 0.899906 0.156098 0.897073 0.157073 0.897073 0.158049 0.896128 0.158049 0.889518 0.154146 0.885741 0.154146 0.884797 0.15122 0.881964
1 0.292683 0 0.292683 0.00566572 0.293659 0.00566572 0.296585 0.00849858 0.30439 0.00849858 0.305366 0.0075543 0.305366 0
0 0.847805 0.399433 0.847805 0.413598 0.849756 0.413598 0.850732 0.414542 0.850732 0.415486 0.849756 0.416431 0.841951 0.416431 0.841951 0.417375 0.839024 0.420208 0.838049 0.420208 0.838049 0.424929 0.84 0.423041 0.841951 0.423041 0.844878 0.425873 0.844878 0.426818 0.846829 0.428706 0.854634 0.428706 0.856585 0.426818 0.856585 0.417375 0.854634 0.415486 0.854634 0.412653 0.85561 0.411709 0.85561 0.408876 0.856585 0.407932 0.856585 0.399433
0 0.862439 0.410765 0.860488 0.412653 0.860488 0.413598 0.859512 0.414542 0.859512 0.415486 0.858537 0.416431 0.858537 0.417375 0.857561 0.418319 0.857561 0.427762 0.859512 0.425873 0.861463 0.425873 0.862439 0.424929 0.876098 0.424929 0.877073 0.423985 0.887805 0.423985 0.88878 0.423041 0.899512 0.423041 0.900488 0.423985 0.907317 0.423985 0.908293 0.424929 0.918049 0.424929 0.919024 0.425873 0.92 0.424929 0.925854 0.424929 0.926829 0.423985 0.927805 0.423985 0.929756 0.422096 0.929756 0.421152 0.927805 0.419263 0.927805 0.418319 0.925854 0.416431 0.925854 0.415486 0.924878 0.415486 0.923902 0.414542 0.922927 0.414542 0.921951 0.413598 0.92 0.413598 0.919024 0.412653 0.916098 0.412653 0.915122 0.411709 0.912195 0.411709 0.91122 0.410765
0 0.968781 0.209632 0.968781 0.210576 0.967805 0.21152 0.967805 0.222852 0.968781 0.223796 0.968781 0.225685 0.969756 0.226629 0.969756 0.228517 0.976585 0.235127 0.977561 0.235127 0.978537 0.236072 0.979512 0.236072 0.980488 0.237016 0.992195 0.237016 0.993171 0.236072 0.994146 0.236072 0.995122 0.235127 0.996098 0.235127 0.996098 0.225685 0.993171 0.225685 0.992195 0.22474 0.988293 0.22474 0.987317 0.223796 0.98439 0.223796 0.981463 0.220963 0.981463 0.220019 0.980488 0.219075 0.980488 0.217186 0.979512 0.216242 0.979512 0.210576 0.978537 0.209632
1 0.250732 0.705382 0.250732 0.712937 0.256585 0.712937 0.258537 0.711048 0.259512 0.711048 0.259512 0.705382
0 0.186341 0.913126 0.186341 0.91407 0.18439 0.915958 0.18439 0.916903 0.181463 0.919736 0.180488 0.919736 0.178537 0.921624 0.178537 0.922568 0.177561 0.923513 0.177561 0.924457 0.176585 0.925401 0.176585 0.946176 0.202927 0.946176 0.201951 0.946176 0.200976 0.945231 0.2 0.945231 0.195122 0.94051 0.195122 0.937677 0.196098 0.936733 0.196098 0.932011 0.195122 0.931067 0.195122 0.928234 0.193171 0.926346 0.193171 0.925401 0.192195 0.924457 0.192195 0.923513 0.19122 0.922568 0.19122 0.921624 0.192195 0.92068 0.192195 0.919736 0.194146 0.917847 0.194146 0.916903 0.195122 0.915958 0.195122 0.915014 0.194146 0.91407 0.194146 0.913126
1 0.586341 0.820585 0.586341 0.835694 0.594146 0.835694 0.595122 0.83475 0.597073 0.83475 0.599024 0.832861 0.599024 0.831917 0.600976 0.830028 0.600976 0.820585
0 0.253659 0.186969 0.253659 0.187913 0.254634 0.188857 0.254634 0.195467 0.25561 0.196412 0.254634 0.197356 0.254634 0.199245 0.253659 0.200189 0.253659 0.206799 0.254634 0.207743 0.254634 0.209632 0.25561 0.210576 0.256585 0.210576 0.257561 0.21152 0.258537 0.21152 0.259512 0.212465 0.261463 0.212465 0.263415 0.210576 0.26439 0.210576 0.265366 0.209632 0.266341 0.209632 0.266341 0.193579 0.265366 0.192635 0.265366 0.190746 0.26439 0.189802 0.26439 0.186969
0 0.125854 0.03305 0.125854 0.0434372 0.126829 0.0443815 0.131707 0.0443815 0.132683 0.0453258 0.133659 0.0453258 0.136585 0.0481586 0.137561 0.0481586 0.14439 0.0547686 0.145366 0.0547686 0.147317 0.0566572 0.148293 0.0566572 0.15122 0.0594901 0.154146 0.0594901 0.155122 0.0585458 0.157073 0.0585458 0.157073 0.0500472 0.148293 0.0415486 0.148293 0.0406043 0.147317 0.0396601 0.147317 0.0387158 0.142439 0.0339943 0.142439 0.03305
1 0.587317 0.757318 0.587317 0.765817 0.588293 0.766761 0.594146 0.766761 0.594146 0.757318
1 0.6 0.0566572 0.598049 0.0585458 0.598049 0.075543 0.610732 0.075543 0.612683 0.0736544 0.613659 0.0736544 0.61561 0.0717658 0.616585 0.0717658 0.617561 0.0708215 0.617561 0.0698772 0.618537 0.068933 0.618537 0.0566572
1 0.392195 0.765817 0.390244 0.767705 0.390244 0.784703 0.396098 0.790368 0.397073 0.790368 0.398049 0.791313 0.399024 0.791313 0.400976 0.793201 0.418537 0.793201 0.419512 0.792257 0.420488 0.792257 0.420488 0.783758 0.417561 0.780925 0.417561 0.779981 0.414634 0.777148 0.414634 0.773371 0.413659 0.772427 0.413659 0.771483 0.418537 0.766761 0.418537 0.765817
0 0.290732 0.377715 0.290732 0.389046 0.293659 0.391879 0.293659 0.392823 0.294634 0.393768 0.294634 0.395656 0.29561 0.396601 0.29561 0.397545 0.296585 0.398489 0.296585 0.399433 0.298537 0.401322 0.298537 0.402266 0.300488 0.404155 0.300488 0.405099 0.302439 0.406988 0.302439 0.407932 0.303415 0.408876 0.303415 0.409821 0.30439 0.410765 0.30439 0.411709 0.305366 0.412653 0.305366 0.413598 0.306341 0.414542 0.306341 0.415486 0.305366 0.416431 0.305366 0.417375 0.302439 0.420208 0.313171 0.420208 0.313171 0.419263 0.314146 0.418319 0.314146 0.401322 0.312195 0.399433 0.312195 0.398489 0.31122 0.397545 0.31122 0.394712 0.310244 0.393768 0.310244 0.391879 0.309268 0.390935 0.309268 0.387158 0.308293 0.386213 0.308293 0.383381 0.307317 0.382436 0.307317 0.381492 0.306341 0.380548 0.306341 0.379603 0.305366 0.378659 0.305366 0.377715
1 0.439024 0.0717658 0.439024 0.082153 0.44 0.082153 0.440976 0.0830973 0.441951 0.0830973 0.442927 0.0840416 0.450732 0.0840416 0.451707 0.0830973 0.451707 0.0717658
0 0.0253659 0.238905 0.0253659 0.242682 0.0263415 0.243626 0.0263415 0.246459 0.0273171 0.247403 0.0273171 0.248347 0.0282927 0.249292 0.0282927 0.25118 0.0292683 0.252125 0.0292683 0.253069 0.0312195 0.254957 0.0312195 0.255902 0.0321951 0.256846 0.0321951 0.25779 0.0331707 0.258735 0.0331707 0.259679 0.0341463 0.260623 0.0341463 0.261568 0.035122 0.262512 0.0390244 0.262512 0.0429268 0.266289 0.0439024 0.266289 0.044878 0.267233 0.0458537 0.267233 0.0468293 0.268178 0.0556098 0.268178 0.057561 0.270066 0.057561 0.27101 0.0585366 0.271955 0.0585366 0.274788 0.0595122 0.275732 0.0595122 0.28423 0.0595122 0.2644 0.0585366 0.2644 0.0556098 0.261568 0.0556098 0.260623 0.0546341 0.259679 0.0536585 0.259679 0.0497561 0.263456 0.0487805 0.263456 0.0478049 0.2644 0.044878 0.2644 0.0439024 0.263456 0.0429268 0.263456 0.0409756 0.261568 0.0409756 0.258735 0.04 0.25779 0.04 0.255902 0.0390244 0.254957 0.0390244 0.252125 0.0380488 0.25118 0.0380488 0.249292 0.0370732 0.248347 0.0370732 0.247403 0.0360976 0.246459 0.0360976 0.24457 0.035122 0.243626 0.035122 0.242682 0.0331707 0.240793 0.0331707 0.239849 0.0321951 0.238905
0 0.320976 0.864967 0.318049 0.8678 0.318049 0.868744 0.317073 0.869688 0.317073 0.870633 0.316098 0.871577 0.316098 0.87441 0.315122 0.875354 0.315122 0.88102 0.316098 0.881964 0.316098 0.883853 0.317073 0.884797 0.317073 0.89424 0.316098 0.895184 0.316098 0.897073 0.315122 0.898017 0.315122 0.899906 0.312195 0.902738 0.313171 0.903683 0.314146 0.903683 0.315122 0.904627 0.317073 0.904627 0.318049 0.905571 0.319024 0.905571 0.32 0.906516 0.32 0.90746 0.321951 0.909348 0.321951 0.910293 0.328781 0.916903 0.328781 0.917847 0.329756 0.918791 0.329756 0.919736 0.331707 0.921624 0.331707 0.922568 0.337561 0.922568 0.338537 0.921624 0.338537 0.918791 0.337561 0.917847 0.337561 0.915014 0.336585 0.91407 0.336585 0.913126 0.33561 0.912181 0.33561 0.910293 0.334634 0.909348 0.334634 0.905571 0.333659 0.904627 0.333659 0.879131 0.332683 0.878187 0.332683 0.87441 0.331707 0.873466 0.331707 0.871577 0.330732 0.870633 0.330732 0.866856 0.329756 0.865911 0.329756 0.864967
1 0.723902 0.0519358 0.723902 0.0594901 0.724878 0.0594901 0.726829 0.0613787 0.727805 0.0613787 0.729756 0.0632672 0.730732 0.0632672 0.731707 0.0642115 0.738537 0.0642115 0.739512 0.0632672 0.740488 0.0632672 0.742439 0.0613787 0.743415 0.0613787 0.745366 0.0594901 0.745366 0.0576015 0.74439 0.0566572 0.74439 0.0557129 0.743415 0.0547686 0.743415 0.0519358
1 0.597073 0.540132 0.596098 0.541076 0.596098 0.549575 0.603902 0.549575 0.603902 0.540132
1 0.084878 0.272899 0.084878 0.294618 0.0868293 0.294618 0.0878049 0.295562 0.0887805 0.295562 0.0917073 0.298395 0.0926829 0.298395 0.0956098 0.301228 0.0956098 0.302172 0.0985366 0.305005 0.0995122 0.305005 0.100488 0.305949 0.101463 0.305949 0.102439 0.306893 0.103415 0.306893 0.10439 0.307838 0.107317 0.307838 0.109268 0.305949 0.110244 0.305949 0.110244 0.289896 0.109268 0.288952 0.109268 0.288008 0.108293 0.287063 0.108293 0.286119 0.107317 0.285175 0.107317 0.28423 0.106341 0.283286 0.106341 0.280453 0.105366 0.279509 0.105366 0.27762 0.10439 0.276676 0.10439 0.275732 0.103415 0.274788 0.103415 0.273843 0.102439 0.272899
0 0.533659 0.815864 0.533659 0.816808 0.534634 0.817753 0.534634 0.819641 0.53561 0.820585 0.53561 0.82153 0.537561 0.823418 0.537561 0.824363 0.540488 0.827195 0.540488 0.829084 0.541463 0.830028 0.541463 0.832861 0.542439 0.833806 0.538537 0.837583 0.53561 0.837583 0.534634 0.836638 0.530732 0.836638 0.52878 0.838527 0.52878 0.839471 0.527805 0.840415 0.527805 0.848914 0.545366 0.848914 0.548293 0.846081 0.549268 0.846081 0.549268 0.82153 0.547317 0.819641 0.547317 0.818697 0.545366 0.816808 0.545366 0.815864
0 0.89561 0.266289 0.89561 0.27101 0.893659 0.272899 0.892683 0.272899 0.891707 0.273843 0.890732 0.273843 0.889756 0.274788 0.88878 0.274788 0.886829 0.276676 0.883902 0.273843 0.882927 0.273843 0.881951 0.272899 0.88 0.272899 0.877073 0.275732 0.877073 0.276676 0.875122 0.278565 0.875122 0.293673 0.879024 0.293673 0.879024 0.291785 0.88 0.29084 0.880976 0.291785 0.881951 0.291785 0.882927 0.292729 0.891707 0.292729 0.892683 0.291785 0.894634 0.291785 0.89561 0.29084 0.897561 0.29084 0.898537 0.289896 0.899512 0.289896 0.900488 0.288952 0.900488 0.288008 0.901463 0.287063 0.901463 0.266289
0 0.286829 0.813031 0.285854 0.813975 0.284878 0.813975 0.283902 0.81492 0.281951 0.81492 0.280976 0.815864 0.28 0.815864 0.279024 0.816808 0.278049 0.816808 0.276098 0.818697 0.275122 0.818697 0.274146 0.819641 0.273171 0.819641 0.272195 0.820585 0.272195 0.82153 0.27122 0.822474 0.27122 0.825307 0.270244 0.826251 0.270244 0.830028 0.272195 0.831917 0.274146 0.831917 0.277073 0.829084 0.278049 0.829084 0.279024 0.82814 0.28 0.82814 0.280976 0.827195 0.282927 0.827195 0.283902 0.826251 0.290732 0.826251 0.291707 0.827195 0.301463 0.827195 0.302439 0.826251 0.303415 0.826251 0.306341 0.823418 0.307317 0.823418 0.310244 0.820585 0.310244 0.81492 0.308293 0.81492 0.307317 0.813975 0.301463 0.813975 0.300488 0.813031 0.297561 0.813031 0.296585 0.813975 0.28878 0.813975 0.287805 0.813031
1 0.332683 0.572238 0.332683 0.581681 0.334634 0.583569 0.334634 0.584514 0.33561 0.585458 0.343415 0.585458 0.343415 0.572238
0 0.12 0.717658 0.12 0.718602 0.119024 0.719547 0.119024 0.721435 0.118049 0.72238 0.118049 0.723324 0.117073 0.724268 0.117073 0.726157 0.116098 0.727101 0.116098 0.740321 0.115122 0.741265 0.115122 0.744098 0.114146 0.745043 0.114146 0.746931 0.113171 0.747875 0.113171 0.764873 0.116098 0.764873 0.117073 0.765817 0.119024 0.765817 0.123902 0.761095 0.123902 0.760151 0.124878 0.759207 0.124878 0.757318 0.125854 0.756374 0.125854 0.753541 0.126829 0.752597 0.126829 0.750708 0.127805 0.749764 0.127805 0.717658
0 0.893659 0.25118 0.893659 0.253069 0.894634 0.254013 0.894634 0.255902 0.89561 0.256846 0.89561 0.262512 0.894634 0.263456 0.894634 0.267233 0.893659 0.268178 0.893659 0.270066 0.891707 0.271955 0.890732 0.271955 0.886829 0.275732 0.883902 0.272899 0.881951 0.272899 0.880976 0.271955 0.88 0.271955 0.878049 0.273843 0.878049 0.274788 0.876098 0.276676 0.876098 0.27762 0.875122 0.278565 0.875122 0.295562 0.879024 0.295562 0.879024 0.293673 0.880976 0.291785 0.881951 0.292729 0.886829 0.292729 0.887805 0.291785 0.894634 0.291785 0.89561 0.29084 0.896585 0.29084 0.897561 0.289896 0.899512 0.289896 0.899512 0.288952 0.903415 0.285175 0.903415 0.28423 0.90439 0.283286 0.90439 0.280453 0.903415 0.279509 0.903415 0.27101 0.905366 0.269122 0.905366 0.25118
1 0.154146 0.847026 0.154146 0.856468 0.157073 0.859301 0.157073 0.860246 0.164878 0.860246 0.164878 0.859301 0.167805 0.856468 0.167805 0.847026
1 0.0117073 0.932956 0.0117073 0.943343 0.0126829 0.943343 0.0136585 0.944287 0.017561 0.944287 0.0185366 0.945231 0.0214634 0.945231 0.022439 0.944287 0.0234146 0.944287 0.0253659 0.942398 0.0253659 0.932956
0 0.896585 0.543909 0.894634 0.545798 0.893659 0.545798 0.883902 0.555241 0.882927 0.555241 0.880976 0.557129 0.88 0.557129 0.879024 0.558074 0.879024 0.559018 0.878049 0.559962 0.878049 0.560907 0.876098 0.562795 0.876098 0.563739 0.875122 0.564684 0.874146 0.564684 0.874146 0.565628 0.873171 0.566572 0.873171 0.567517 0.868293 0.572238 0.867317 0.572238 0.866341 0.573182 0.865366 0.573182 0.86439 0.574127 0.861463 0.574127 0.861463 0.585458 0.873171 0.585458 0.874146 0.584514 0.879024 0.584514 0.88 0.583569 0.886829 0.583569 0.889756 0.580737 0.890732 0.580737 0.891707 0.579792 0.892683 0.579792 0.893659 0.578848 0.893659 0.577904 0.894634 0.576959 0.894634 0.575071 0.89561 0.574127 0.89561 0.573182 0.896585 0.572238 0.896585 0.569405 0.89561 0.568461 0.894634 0.568461 0.893659 0.567517 0.891707 0.567517 0.890732 0.568461 0.88878 0.568461 0.887805 0.569405 0.886829 0.569405 0.884878 0.567517 0.884878 0.564684 0.885854 0.563739 0.886829 0.563739 0.887805 0.562795 0.88878 0.562795 0.890732 0.560907 0.890732 0.559018 0.893659 0.556185 0.894634 0.556185 0.89561 0.555241 0.896585 0.555241 0.898537 0.553352 0.898537 0.552408 0.901463 0.549575 0.901463 0.543909
1 0.356098 0.203022 0.355122 0.203966 0.355122 0.212465 0.366829 0.212465 0.366829 0.203022
0 0.850732 0.457035 0.850732 0.463645 0.851707 0.464589 0.851707 0.467422 0.850732 0.468366 0.850732 0.477809 0.862439 0.477809 0.857561 0.473088 0.857561 0.472144 0.856585 0.471199 0.856585 0.468366 0.85561 0.467422 0.85561 0.466478 0.854634 0.465534 0.856585 0.463645 0.858537 0.463645 0.859512 0.462701 0.861463 0.462701 0.866341 0.467422 0.868293 0.467422 0.869268 0.468366 0.870244 0.468366 0.872195 0.470255 0.873171 0.470255 0.874146 0.471199 0.876098 0.471199 0.877073 0.472144 0.879024 0.472144 0.88 0.473088 0.882927 0.473088 0.883902 0.472144 0.883902 0.462701 0.881951 0.460812 0.880976 0.460812 0.88 0.459868 0.879024 0.459868 0.878049 0.458924 0.877073 0.458924 0.876098 0.457979 0.875122 0.457979 0.874146 0.457035
0 0.156098 0.534467 0.155122 0.535411 0.154146 0.535411 0.152195 0.537299 0.15122 0.537299 0.150244 0.538244 0.150244 0.539188 0.148293 0.541076 0.148293 0.542021 0.147317 0.542965 0.147317 0.543909 0.146341 0.544854 0.146341 0.546742 0.145366 0.547687 0.145366 0.550519 0.14439 0.551464 0.14439 0.555241 0.145366 0.556185 0.145366 0.559018 0.147317 0.560907 0.147317 0.561851 0.149268 0.563739 0.149268 0.564684 0.150244 0.565628 0.150244 0.566572 0.15122 0.567517 0.15122 0.569405 0.153171 0.571294 0.153171 0.572238 0.15122 0.574127 0.15122 0.575071 0.150244 0.576015 0.150244 0.580737 0.149268 0.581681 0.149268 0.582625 0.148293 0.583569 0.148293 0.584514 0.147317 0.585458 0.147317 0.586402 0.146341 0.587347 0.146341 0.588291 0.145366 0.589235 0.145366 0.590179 0.146341 0.591124 0.146341 0.592068 0.147317 0.593012 0.152195 0.593012 0.152195 0.588291 0.153171 0.587347 0.153171 0.584514 0.155122 0.582625 0.157073 0.582625 0.158049 0.581681 0.158049 0.579792 0.159024 0.578848 0.159024 0.573182 0.16 0.572238 0.16 0.566572 0.160976 0.565628 0.160976 0.552408 0.161951 0.551464 0.161951 0.550519 0.164878 0.547687 0.16878 0.547687 0.169756 0.546742 0.17561 0.546742 0.176585 0.545798 0.186341 0.545798 0.187317 0.544854 0.193171 0.544854 0.194146 0.543909 0.197073 0.543909 0.198049 0.542965 0.2 0.542965 0.200976 0.542021 0.201951 0.542021 0.201951 0.534467
0 0.922927 0 0.922927 0.00661001 0.923902 0.0075543 0.923902 0.00849858 0.925854 0.0103872 0.927805 0.0103872 0.92878 0.0113314 0.930732 0.0113314 0.931707 0.0122757 0.932683 0.0113314 0.933659 0.0113314 0.934634 0.0103872 0.93561 0.0103872 0.936585 0.00944287 0.937561 0.00944287 0.938537 0.00849858 0.938537 0
0 0.650732 0.16525 0.650732 0.173749 0.654634 0.177526 0.654634 0.17847 0.65561 0.179415 0.65561 0.180359 0.656585 0.181303 0.656585 0.199245 0.65561 0.200189 0.65561 0.203966 0.669268 0.203966 0.669268 0.200189 0.668293 0.199245 0.668293 0.192635 0.667317 0.19169 0.667317 0.18508 0.666341 0.184136 0.666341 0.181303 0.665366 0.180359 0.665366 0.17186 0.668293 0.169027 0.668293 0.168083 0.669268 0.167139 0.669268 0.16525
1 0.823415 0.855524 0.823415 0.856468 0.822439 0.857413 0.822439 0.87441 0.823415 0.875354 0.82439 0.875354 0.827317 0.878187 0.830244 0.878187 0.831219 0.879131 0.835122 0.879131 0.837073 0.88102 0.842927 0.88102 0.842927 0.859301 0.841951 0.858357 0.841951 0.855524
0 0.832195 0.469311 0.834146 0.471199 0.830244 0.474976 0.830244 0.475921 0.829268 0.476865 0.829268 0.510859 0.831219 0.512748 0.831219 0.513692 0.844878 0.513692 0.844878 0.512748 0.845854 0.511804 0.845854 0.510859 0.846829 0.509915 0.846829 0.504249 0.844878 0.502361 0.842927 0.502361 0.84 0.499528 0.84 0.498584 0.839024 0.497639 0.839024 0.490085 0.840976 0.488196 0.841951 0.488196 0.842927 0.487252 0.848781 0.487252 0.849756 0.486308 0.85561 0.486308 0.856585 0.485364 0.857561 0.485364 0.858537 0.484419 0.859512 0.484419 0.860488 0.483475 0.860488 0.482531 0.861463 0.481586 0.861463 0.476865 0.860488 0.476865 0.856585 0.473088 0.856585 0.471199 0.85561 0.470255 0.85561 0.469311 0.849756 0.469311 0.849756 0.470255 0.850732 0.471199 0.849756 0.472144 0.849756 0.473088 0.847805 0.474976 0.845854 0.474976 0.844878 0.474032 0.84 0.474032 0.839024 0.473088 0.838049 0.473088 0.836098 0.471199 0.837073 0.470255 0.837073 0.469311
0 0.861463 0.413598 0.861463 0.425873 0.862439 0.424929 0.876098 0.424929 0.877073 0.423985 0.88878 0.423985 0.889756 0.423041 0.896585 0.423041 0.897561 0.423985 0.905366 0.423985 0.906341 0.424929 0.918049 0.424929 0.919024 0.425873 0.92 0.425873 0.920976 0.424929 0.927805 0.424929 0.92878 0.423985 0.929756 0.423985 0.929756 0.420208 0.92878 0.419263 0.92878 0.418319 0.927805 0.417375 0.927805 0.415486 0.926829 0.415486 0.925854 0.414542 0.924878 0.414542 0.923902 0.413598
1 0.40878 0.375826 0.406829 0.377715 0.405854 0.377715 0.405854 0.391879 0.406829 0.391879 0.40878 0.393768 0.418537 0.393768 0.419512 0.392823 0.420488 0.392823 0.421463 0.391879 0.422439 0.391879 0.42439 0.389991 0.42439 0.375826
0 0.366829 0.598678 0.366829 0.612842 0.366829 0.611898 0.369756 0.609065 0.377561 0.609065 0.378537 0.610009 0.379512 0.610009 0.380488 0.610954 0.381463 0.610954 0.38439 0.613787 0.38439 0.615675 0.382439 0.617564 0.382439 0.619452 0.381463 0.620397 0.381463 0.625118 0.382439 0.626062 0.382439 0.628895 0.381463 0.629839 0.381463 0.631728 0.380488 0.632672 0.379512 0.632672 0.378537 0.633617 0.37561 0.633617 0.374634 0.632672 0.372683 0.632672 0.371707 0.631728 0.370732 0.631728 0.367805 0.628895 0.367805 0.627007 0.366829 0.626062 0.366829 0.620397 0.366829 0.634561 0.38439 0.634561 0.38439 0.633617 0.385366 0.632672 0.385366 0.631728 0.386341 0.630784 0.386341 0.629839 0.390244 0.626062 0.390244 0.625118 0.39122 0.624174 0.39122 0.622285 0.392195 0.621341 0.392195 0.605288 0.39122 0.604344 0.39122 0.602455 0.387317 0.598678
0 0.478049 0.0160529 0.478049 0.0254958 0.48 0.0254958 0.480976 0.02644 0.482927 0.02644 0.483902 0.0273843 0.486829 0.0273843 0.487805 0.0283286 0.48878 0.0283286 0.489756 0.0292729 0.490732 0.0292729 0.491707 0.0302172 0.49561 0.0302172 0.496585 0.0311615 0.513171 0.0311615 0.514146 0.0321058 0.517073 0.0321058 0.518049 0.03305 0.519024 0.03305 0.520976 0.0311615 0.521951 0.0311615 0.523902 0.0292729 0.523902 0.0283286 0.526829 0.0254958 0.52878 0.0254958 0.52878 0.0160529
0 0.31122 0.74221 0.31122 0.745987 0.310244 0.746931 0.310244 0.749764 0.309268 0.750708 0.309268 0.752597 0.306341 0.75543 0.305366 0.75543 0.30439 0.756374 0.303415 0.756374 0.300488 0.759207 0.300488 0.760151 0.299512 0.761095 0.297561 0.761095 0.296585 0.76204 0.296585 0.774315 0.297561 0.77526 0.297561 0.78848 0.296585 0.789424 0.296585 0.802644 0.303415 0.802644 0.305366 0.800755 0.306341 0.800755 0.307317 0.799811 0.307317 0.798867 0.309268 0.796978 0.309268 0.796034 0.310244 0.79509 0.310244 0.793201 0.31122 0.792257 0.31122 0.78187 0.310244 0.780925 0.310244 0.77526 0.309268 0.774315 0.309268 0.766761 0.310244 0.765817 0.310244 0.762984 0.312195 0.761095 0.312195 0.760151 0.313171 0.759207 0.313171 0.758263 0.314146 0.757318 0.314146 0.756374 0.316098 0.754485 0.316098 0.753541 0.317073 0.752597 0.317073 0.745043 0.315122 0.743154 0.315122 0.74221
0 0.306341 0.942398 0.306341 0.943343 0.308293 0.945231 0.308293 0.94712 0.307317 0.948064 0.307317 0.950897 0.306341 0.951841 0.306341 0.963173 0.31122 0.963173 0.312195 0.964117 0.32 0.964117 0.320976 0.963173 0.320976 0.942398
0 0.843902 0.0736544 0.843902 0.0840416 0.842927 0.0849858 0.842927 0.0878187 0.841951 0.088763 0.84 0.088763 0.835122 0.0840416 0.834146 0.0849858 0.834146 0.0859301 0.833171 0.0868744 0.833171 0.0972616 0.832195 0.0982059 0.832195 0.101983 0.831219 0.102927 0.831219 0.115203 0.832195 0.116147 0.832195 0.117092 0.833171 0.118036 0.833171 0.11898 0.834146 0.119924 0.835122 0.119924 0.836098 0.120869 0.837073 0.120869 0.838049 0.121813 0.843902 0.121813 0.844878 0.120869 0.844878 0.110482 0.845854 0.109537 0.845854 0.107649 0.846829 0.106704 0.846829 0.10576 0.847805 0.104816 0.847805 0.101983 0.848781 0.101039 0.848781 0.0972616 0.849756 0.0963173 0.849756 0.0934844 0.850732 0.0925401 0.850732 0.0897073 0.851707 0.088763 0.851707 0.0849858 0.852683 0.0840416 0.852683 0.0736544
1 0.0839024 0.567517 0.0839024 0.592068 0.0917073 0.592068 0.0995122 0.584514 0.100488 0.584514 0.101463 0.583569 0.10439 0.583569 0.105366 0.582625 0.106341 0.582625 0.107317 0.581681 0.107317 0.567517
1 0.948293 0.882908 0.948293 0.889518 0.949268 0.890463 0.951219 0.890463 0.952195 0.891407 0.953171 0.891407 0.954146 0.892351 0.955122 0.892351 0.956098 0.893296 0.959024 0.893296 0.959024 0.882908
1 0.0312195 0.949953 0.0302439 0.950897 0.0282927 0.950897 0.0273171 0.951841 0.0263415 0.951841 0.0263415 0.965061 0.0380488 0.965061 0.0419512 0.961284 0.0419512 0.96034 0.0429268 0.959396 0.0429268 0.949953
0 0.936585 0.303116 0.936585 0.315392 0.938537 0.31728 0.938537 0.318225 0.939512 0.318225 0.941463 0.320113 0.946341 0.320113 0.949268 0.31728 0.949268 0.303116
1 0.29561 0.453258 0.293659 0.455146 0.292683 0.455146 0.292683 0.461756 0.293659 0.462701 0.300488 0.462701 0.301463 0.461756 0.302439 0.461756 0.302439 0.453258
0 0.434146 0.72238 0.434146 0.723324 0.435122 0.724268 0.435122 0.725212 0.436098 0.726157 0.436098 0.727101 0.437073 0.728045 0.437073 0.733711 0.430244 0.740321 0.430244 0.741265 0.427317 0.744098 0.427317 0.745043 0.417561 0.754485 0.416585 0.754485 0.41561 0.75543 0.414634 0.75543 0.413659 0.756374 0.412683 0.756374 0.410732 0.758263 0.409756 0.758263 0.40878 0.759207 0.407805 0.759207 0.406829 0.760151 0.404878 0.760151 0.403902 0.761095 0.402927 0.761095 0.401951 0.76204 0.400976 0.76204 0.4 0.762984 0.399024 0.762984 0.398049 0.763928 0.397073 0.763928 0.393171 0.767705 0.393171 0.76865 0.392195 0.769594 0.392195 0.770538 0.39122 0.771483 0.39122 0.773371 0.390244 0.774315 0.390244 0.778093 0.39122 0.779037 0.39122 0.779981 0.392195 0.780925 0.392195 0.78187 0.393171 0.782814 0.393171 0.783758 0.394146 0.784703 0.394146 0.785647 0.396098 0.787535 0.396098 0.78848 0.397073 0.78848 0.403902 0.79509 0.405854 0.79509 0.406829 0.796034 0.407805 0.796034 0.40878 0.796978 0.41561 0.796978 0.417561 0.79509 0.418537 0.79509 0.420488 0.793201 0.421463 0.793201 0.422439 0.792257 0.423415 0.792257 0.425366 0.790368 0.425366 0.789424 0.42439 0.78848 0.42439 0.787535 0.422439 0.785647 0.421463 0.785647 0.420488 0.784703 0.419512 0.784703 0.417561 0.782814 0.416585 0.782814 0.41561 0.78187 0.41561 0.780925 0.414634 0.779981 0.414634 0.777148 0.41561 0.776204 0.41561 0.77526 0.416585 0.774315 0.416585 0.773371 0.417561 0.772427 0.417561 0.771483 0.420488 0.76865 0.420488 0.767705 0.421463 0.766761 0.421463 0.765817 0.429268 0.758263 0.430244 0.758263 0.435122 0.753541 0.436098 0.753541 0.438049 0.751652 0.438049 0.750708 0.440976 0.747875 0.441951 0.747875 0.442927 0.746931 0.443902 0.746931 0.44878 0.74221 0.44878 0.72238
0 0.524878 0.364495 0.523902 0.365439 0.523902 0.366383 0.524878 0.367328 0.524878 0.376771 0.523902 0.377715 0.523902 0.378659 0.520976 0.381492 0.519024 0.381492 0.519024 0.382436 0.516098 0.385269 0.516098 0.386213 0.515122 0.387158 0.514146 0.387158 0.51122 0.389991 0.510244 0.389991 0.509268 0.390935 0.508293 0.390935 0.507317 0.391879 0.505366 0.391879 0.50439 0.392823 0.502439 0.392823 0.501463 0.393768 0.499512 0.393768 0.493659 0.399433 0.492683 0.399433 0.491707 0.400378 0.490732 0.400378 0.489756 0.401322 0.48878 0.401322 0.487805 0.402266 0.486829 0.402266 0.485854 0.403211 0.483902 0.403211 0.482927 0.404155 0.481951 0.404155 0.480976 0.405099 0.48 0.405099 0.478049 0.406988 0.477073 0.406988 0.476098 0.407932 0.475122 0.407932 0.473171 0.409821 0.473171 0.410765 0.472195 0.411709 0.472195 0.412653 0.47122 0.413598 0.47122 0.414542 0.470244 0.415486 0.470244 0.435316 0.47122 0.434372 0.472195 0.434372 0.473171 0.433428 0.475122 0.433428 0.476098 0.432483 0.48 0.432483 0.48 0.430595 0.480976 0.429651 0.480976 0.426818 0.481951 0.425873 0.481951 0.424929 0.482927 0.423985 0.482927 0.422096 0.483902 0.421152 0.483902 0.420208 0.487805 0.416431 0.48878 0.416431 0.491707 0.413598 0.492683 0.413598 0.493659 0.412653 0.494634 0.412653 0.49561 0.411709 0.496585 0.411709 0.498537 0.409821 0.499512 0.409821 0.501463 0.407932 0.502439 0.407932 0.506341 0.404155 0.507317 0.404155 0.508293 0.403211 0.509268 0.403211 0.510244 0.402266 0.51122 0.402266 0.513171 0.400378 0.515122 0.400378 0.516098 0.399433 0.519024 0.399433 0.52 0.398489 0.520976 0.398489 0.521951 0.397545 0.522927 0.397545 0.523902 0.396601 0.524878 0.396601 0.525854 0.395656 0.525854 0.394712 0.526829 0.393768 0.526829 0.391879 0.527805 0.390935 0.527805 0.383381 0.526829 0.382436 0.526829 0.378659 0.525854 0.377715 0.525854 0.368272 0.524878 0.367328
1 0.955122 0.90746 0.955122 0.915958 0.956098 0.916903 0.957073 0.916903 0.958049 0.917847 0.963902 0.917847 0.963902 0.90746
0 0.134634 0.0793201 0.134634 0.0840416 0.13561 0.0849858 0.13561 0.0897073 0.136585 0.0906516 0.136585 0.0925401 0.137561 0.0934844 0.137561 0.095373 0.138537 0.0963173 0.138537 0.0972616 0.139512 0.0982059 0.140488 0.0982059 0.14439 0.101983 0.14439 0.102927 0.142439 0.104816 0.141463 0.104816 0.138537 0.107649 0.12878 0.107649 0.127805 0.106704 0.122927 0.106704 0.121951 0.10576 0.12 0.10576 0.119024 0.104816 0.119024 0.10576 0.116098 0.108593 0.116098 0.109537 0.115122 0.110482 0.115122 0.11237 0.114146 0.113314 0.114146 0.115203 0.120976 0.115203 0.121951 0.116147 0.129756 0.116147 0.130732 0.115203 0.133659 0.115203 0.134634 0.114259 0.134634 0.113314 0.136585 0.111426 0.139512 0.111426 0.142439 0.114259 0.143415 0.114259 0.147317 0.118036 0.147317 0.11898 0.148293 0.119924 0.148293 0.120869 0.149268 0.121813 0.149268 0.122757 0.150244 0.123702 0.150244 0.124646 0.152195 0.126534 0.152195 0.129367 0.153171 0.130312 0.153171 0.134089 0.154146 0.135033 0.154146 0.143532 0.153171 0.144476 0.153171 0.14542 0.152195 0.146364 0.152195 0.147309 0.15122 0.148253 0.15122 0.150142 0.150244 0.151086 0.150244 0.15203 0.149268 0.152975 0.149268 0.154863 0.148293 0.155807 0.148293 0.157696 0.147317 0.15864 0.147317 0.159585 0.146341 0.160529 0.146341 0.161473 0.145366 0.162417 0.145366 0.163362 0.142439 0.166195 0.141463 0.166195 0.140488 0.167139 0.139512 0.167139 0.138537 0.168083 0.136585 0.168083 0.13561 0.169027 0.133659 0.169027 0.132683 0.169972 0.129756 0.169972 0.12878 0.170916 0.126829 0.170916 0.126829 0.174693 0.127805 0.175637 0.127805 0.17847 0.12878 0.179415 0.12878 0.182247 0.129756 0.183192 0.129756 0.184136 0.12878 0.18508 0.12878 0.186025 0.127805 0.186969 0.127805 0.187913 0.125854 0.189802 0.123902 0.187913 0.123902 0.172805 0.124878 0.17186 0.123902 0.170916 0.123902 0.169972 0.122927 0.169027 0.122927 0.168083 0.121951 0.167139 0.121951 0.166195 0.12 0.164306 0.12 0.163362 0.119024 0.162417 0.119024 0.161473 0.117073 0.159585 0.117073 0.15864 0.116098 0.157696 0.116098 0.155807 0.115122 0.154863 0.115122 0.151086 0.114146 0.150142 0.114146 0.146364 0.114146 0.202077 0.122927 0.202077 0.123902 0.201133 0.124878 0.201133 0.12878 0.197356 0.129756 0.197356 0.130732 0.196412 0.131707 0.196412 0.131707 0.193579 0.132683 0.192635 0.132683 0.188857 0.133659 0.187913 0.133659 0.184136 0.13561 0.182247 0.137561 0.182247 0.138537 0.181303 0.139512 0.181303 0.140488 0.180359 0.142439 0.180359 0.143415 0.179415 0.147317 0.179415 0.148293 0.17847 0.152195 0.17847 0.153171 0.177526 0.154146 0.177526 0.157073 0.174693 0.157073 0.173749 0.158049 0.172805 0.158049 0.17186 0.159024 0.170916 0.159024 0.169972 0.16 0.169027 0.16 0.118036 0.159024 0.117092 0.159024 0.116147 0.155122 0.11237 0.155122 0.111426 0.152195 0.108593 0.152195 0.107649 0.15122 0.106704 0.15122 0.10576 0.150244 0.10576 0.149268 0.104816 0.148293 0.104816 0.147317 0.103872 0.145366 0.103872 0.14439 0.102927 0.14439 0.101983 0.146341 0.100094 0.146341 0.0944287 0.145366 0.0934844 0.145366 0.0925401 0.143415 0.0906516 0.143415 0.0897073 0.142439 0.088763 0.142439 0.0868744 0.141463 0.0859301 0.141463 0.0830973 0.142439 0.082153 0.142439 0.0812087 0.14439 0.0793201
1 0.112195 0.592068 0.112195 0.612842 0.126829 0.612842 0.127805 0.611898 0.12878 0.611898 0.12878 0.592068
0 0.157073 0.535411 0.156098 0.536355 0.154146 0.536355 0.153171 0.537299 0.152195 0.537299 0.149268 0.540132 0.149268 0.541076 0.148293 0.542021 0.148293 0.542965 0.147317 0.543909 0.147317 0.544854 0.146341 0.545798 0.146341 0.548631 0.145366 0.549575 0.145366 0.557129 0.146341 0.558074 0.146341 0.559018 0.147317 0.559962 0.147317 0.560907 0.149268 0.562795 0.149268 0.563739 0.15122 0.565628 0.15122 0.567517 0.155122 0.571294 0.154146 0.572238 0.159024 0.572238 0.159024 0.568461 0.16 0.567517 0.16 0.556185 0.160976 0.555241 0.160976 0.551464 0.162927 0.549575 0.162927 0.548631 0.163902 0.547687 0.166829 0.547687 0.167805 0.546742 0.173659 0.546742 0.174634 0.545798 0.186341 0.545798 0.187317 0.544854 0.198049 0.544854 0.199024 0.543909 0.2 0.543909 0.2 0.535411
0 0.563902 0.759207 0.562927 0.760151 0.561951 0.760151 0.560976 0.761095 0.56 0.761095 0.558049 0.762984 0.557073 0.762984 0.554146 0.765817 0.553171 0.765817 0.55122 0.767705 0.550244 0.767705 0.548293 0.769594 0.547317 0.769594 0.54439 0.772427 0.543415 0.772427 0.541463 0.774315 0.541463 0.77526 0.540488 0.776204 0.540488 0.779981 0.539512 0.780925 0.539512 0.784703 0.540488 0.785647 0.540488 0.78848 0.541463 0.789424 0.541463 0.790368 0.542439 0.791313 0.542439 0.792257 0.545366 0.79509 0.546341 0.79509 0.548293 0.796978 0.549268 0.796978 0.55122 0.798867 0.555122 0.79509 0.555122 0.793201 0.556098 0.792257 0.556098 0.790368 0.557073 0.789424 0.557073 0.78848 0.558049 0.787535 0.558049 0.786591 0.56 0.784703 0.56 0.783758 0.567805 0.776204 0.567805 0.77526 0.570732 0.772427 0.570732 0.770538 0.571707 0.769594 0.571707 0.767705 0.572683 0.766761 0.572683 0.764873 0.573659 0.763928 0.573659 0.762984 0.574634 0.76204 0.574634 0.759207
0 0.183415 0.919736 0.182439 0.92068 0.181463 0.92068 0.180488 0.921624 0.180488 0.922568 0.179512 0.923513 0.179512 0.924457 0.178537 0.925401 0.177561 0.925401 0.176585 0.926346 0.176585 0.92729 0.174634 0.929178 0.173659 0.929178 0.172683 0.930123 0.170732 0.930123 0.169756 0.931067 0.16878 0.931067 0.166829 0.932956 0.166829 0.94712 0.167805 0.94712 0.169756 0.949009 0.172683 0.949009 0.173659 0.949953 0.178537 0.949953 0.179512 0.950897 0.202927 0.950897 0.206829 0.94712 0.207805 0.94712 0.20878 0.946176 0.20878 0.944287 0.207805 0.943343 0.205854 0.943343 0.204878 0.942398 0.201951 0.942398 0.200976 0.941454 0.2 0.941454 0.198049 0.939566 0.198049 0.938621 0.197073 0.937677 0.197073 0.935788 0.196098 0.934844 0.196098 0.9339 0.195122 0.9339 0.194146 0.934844 0.188293 0.934844 0.186341 0.932956 0.186341 0.932011 0.183415 0.929178 0.183415 0.92729 0.18439 0.926346 0.18439 0.925401 0.186341 0.923513 0.186341 0.92068 0.185366 0.919736
0 0 0.448536 0 0.478754 0.00292683 0.478754 0.00487805 0.480642 0.00585366 0.480642 0.00878049 0.483475 0.0097561 0.483475 0.0107317 0.484419 0.0136585 0.484419 0.0146341 0.485364 0.0185366 0.485364 0.0195122 0.484419 0.022439 0.484419 0.022439 0.483475 0.0234146 0.482531 0.0234146 0.481586 0.0243902 0.480642 0.0243902 0.479698 0.0253659 0.478754 0.0253659 0.464589 0.0243902 0.463645 0.0243902 0.462701 0.022439 0.460812 0.022439 0.459868 0.0185366 0.456091 0.0185366 0.455146 0.0165854 0.453258 0.0165854 0.452314 0.0146341 0.450425 0.0146341 0.449481 0.0136585 0.448536
1 0.549268 0.864023 0.549268 0.871577 0.549268 0.870633 0.550244 0.869688 0.550244 0.868744 0.55122 0.8678 0.552195 0.868744 0.552195 0.871577 0.555122 0.87441 0.556098 0.87441 0.557073 0.875354 0.559024 0.875354 0.56 0.876298 0.561951 0.876298 0.562927 0.877243 0.564878 0.877243 0.565854 0.878187 0.567805 0.878187 0.56878 0.879131 0.577561 0.879131 0.577561 0.871577 0.573659 0.8678 0.572683 0.8678 0.56878 0.864023
0 0.978537 0.671388 0.978537 0.674221 0.979512 0.675165 0.979512 0.677054 0.982439 0.679887 0.982439 0.680831 0.983415 0.681775 0.983415 0.687441 0.982439 0.688385 0.982439 0.691218 0.981463 0.692162 0.981463 0.694051 0.980488 0.694995 0.980488 0.697828 0.979512 0.698772 0.979512 0.701605 0.978537 0.70255 0.978537 0.704438 0.976585 0.706327 0.976585 0.71577 0.981463 0.71577 0.982439 0.714825 0.983415 0.714825 0.98439 0.713881 0.98439 0.712937 0.986341 0.711048 0.986341 0.710104 0.987317 0.70916 0.987317 0.707271 0.988293 0.706327 0.988293 0.705382 0.989268 0.704438 0.989268 0.671388
0 0.11122 0.499528 0.110244 0.500472 0.109268 0.500472 0.107317 0.502361 0.107317 0.504249 0.108293 0.505194 0.108293 0.507082 0.109268 0.508026 0.109268 0.511804 0.108293 0.512748 0.108293 0.515581 0.10439 0.519358 0.103415 0.519358 0.102439 0.520302 0.101463 0.520302 0.100488 0.521246 0.0985366 0.521246 0.097561 0.522191 0.0965854 0.522191 0.0956098 0.523135 0.0946341 0.523135 0.0907317 0.526912 0.0907317 0.528801 0.0917073 0.528801 0.0926829 0.529745 0.0936585 0.529745 0.0965854 0.532578 0.097561 0.532578 0.0995122 0.534467 0.100488 0.534467 0.101463 0.535411 0.102439 0.535411 0.103415 0.536355 0.109268 0.536355 0.110244 0.535411 0.11122 0.535411 0.113171 0.533522 0.113171 0.531634 0.114146 0.530689 0.114146 0.529745 0.115122 0.528801 0.115122 0.526912 0.116098 0.525968 0.116098 0.525024 0.117073 0.524079 0.117073 0.505194 0.116098 0.504249 0.116098 0.502361 0.113171 0.499528
0 0.392195 0.76865 0.392195 0.786591 0.396098 0.790368 0.397073 0.790368 0.399024 0.792257 0.4 0.792257 0.401951 0.794145 0.418537 0.794145 0.419512 0.793201 0.421463 0.793201 0.422439 0.792257 0.423415 0.792257 0.42439 0.791313 0.425366 0.791313 0.426341 0.790368 0.426341 0.78848 0.42439 0.786591 0.42439 0.785647 0.41561 0.777148 0.41561 0.771483 0.416585 0.770538 0.416585 0.769594 0.417561 0.76865
1 0.861463 0.700661 0.861463 0.71577 0.868293 0.71577 0.869268 0.716714 0.875122 0.716714 0.876098 0.71577 0.877073 0.71577 0.878049 0.714825 0.878049 0.705382 0.877073 0.704438 0.877073 0.703494 0.876098 0.70255 0.877073 0.701605 0.877073 0.700661
0 0.571707 0.294618 0.570732 0.295562 0.570732 0.305949 0.577561 0.305949 0.586341 0.314448 0.586341 0.315392 0.587317 0.316336 0.587317 0.31728 0.588293 0.318225 0.588293 0.319169 0.589268 0.320113 0.589268 0.321058 0.590244 0.322002 0.593171 0.322002 0.594146 0.322946 0.596098 0.322946 0.598049 0.321058 0.598049 0.30406 0.597073 0.303116 0.597073 0.302172 0.596098 0.301228 0.595122 0.301228 0.591219 0.29745 0.591219 0.296506 0.589268 0.294618
1 0.467317 0.716714 0.467317 0.729934 0.477073 0.729934 0.479024 0.728045 0.48 0.728045 0.48 0.716714
0 0.965854 0.843248 0.965854 0.844193 0.964878 0.845137 0.964878 0.846081 0.961951 0.848914 0.960976 0.848914 0.96 0.849858 0.959024 0.849858 0.958049 0.850803 0.957073 0.850803 0.956098 0.851747 0.955122 0.851747 0.951219 0.855524 0.950244 0.855524 0.947317 0.858357 0.947317 0.871577 0.948293 0.872521 0.948293 0.87441 0.963902 0.87441 0.963902 0.873466 0.965854 0.871577 0.965854 0.870633 0.970732 0.865911 0.970732 0.864023 0.971707 0.863078 0.971707 0.862134 0.972683 0.86119 0.972683 0.859301 0.973659 0.858357 0.973659 0.843248
1 0.739512 0.90085 0.739512 0.918791 0.747317 0.918791 0.748293 0.917847 0.750244 0.917847 0.75122 0.916903 0.758049 0.916903 0.759024 0.915958 0.76 0.915958 0.760976 0.915014 0.762927 0.915014 0.762927 0.902738 0.760976 0.90085
0 0.470244 0.179415 0.469268 0.180359 0.467317 0.180359 0.467317 0.181303 0.466341 0.182247 0.466341 0.184136 0.46439 0.186025 0.46439 0.186969 0.462439 0.188857 0.462439 0.189802 0.457561 0.194523 0.457561 0.195467 0.456585 0.196412 0.456585 0.202077 0.45561 0.203022 0.45561 0.213409 0.456585 0.214353 0.456585 0.215297 0.458537 0.217186 0.459512 0.217186 0.460488 0.21813 0.461463 0.21813 0.463415 0.220019 0.46439 0.220019 0.465366 0.220963 0.467317 0.220963 0.468293 0.221907 0.509268 0.221907 0.510244 0.220963 0.51122 0.220963 0.512195 0.220019 0.513171 0.220019 0.514146 0.219075 0.515122 0.219075 0.517073 0.217186 0.518049 0.217186 0.519024 0.216242 0.52 0.216242 0.521951 0.214353 0.521951 0.213409 0.522927 0.212465 0.522927 0.21152 0.523902 0.210576 0.523902 0.202077 0.522927 0.201133 0.521951 0.201133 0.52 0.199245 0.516098 0.199245 0.515122 0.1983 0.506341 0.1983 0.500488 0.203966 0.493659 0.203966 0.492683 0.203022 0.489756 0.203022 0.48878 0.202077 0.486829 0.202077 0.485854 0.201133 0.484878 0.201133 0.483902 0.200189 0.481951 0.200189 0.480976 0.199245 0.48 0.199245 0.478049 0.197356 0.478049 0.196412 0.477073 0.195467 0.477073 0.192635 0.476098 0.19169 0.476098 0.182247 0.475122 0.181303 0.475122 0.180359 0.474146 0.179415
0 0.876098 0.189802 0.87122 0.194523 0.87122 0.195467 0.870244 0.196412 0.870244 0.197356 0.869268 0.1983 0.869268 0.205855 0.875122 0.205855 0.875122 0.20491 0.879024 0.201133 0.88 0.201133 0.880976 0.200189 0.881951 0.200189 0.883902 0.1983 0.884878 0.1983 0.886829 0.196412 0.887805 0.196412 0.889756 0.194523 0.889756 0.189802
0 0.739512 0.431539 0.740488 0.432483 0.740488 0.433428 0.741463 0.434372 0.741463 0.440982 0.738537 0.443815 0.737561 0.443815 0.736585 0.444759 0.73561 0.444759 0.734634 0.445704 0.732683 0.445704 0.731707 0.446648 0.730732 0.446648 0.730732 0.447592 0.727805 0.450425 0.726829 0.450425 0.724878 0.452314 0.723902 0.452314 0.723902 0.453258 0.722927 0.454202 0.722927 0.456091 0.721951 0.457035 0.721951 0.470255 0.722927 0.471199 0.722927 0.473088 0.723902 0.474032 0.723902 0.474976 0.726829 0.477809 0.738537 0.477809 0.739512 0.476865 0.740488 0.476865 0.741463 0.475921 0.743415 0.475921 0.74439 0.474976 0.745366 0.474976 0.745366 0.474032 0.748293 0.471199 0.748293 0.470255 0.749268 0.469311 0.749268 0.468366 0.750244 0.467422 0.750244 0.431539
1 0.603902 0.253069 0.602927 0.254013 0.600976 0.254013 0.6 0.254957 0.599024 0.254957 0.599024 0.258735 0.598049 0.259679 0.598049 0.272899 0.610732 0.272899 0.611707 0.271955 0.611707 0.253069
1 0.823415 0.892351 0.822439 0.893296 0.821463 0.893296 0.821463 0.905571 0.822439 0.905571 0.823415 0.906516 0.82439 0.906516 0.825366 0.90746 0.826341 0.90746 0.827317 0.908404 0.830244 0.908404 0.831219 0.90746 0.832195 0.90746 0.833171 0.906516 0.834146 0.906516 0.835122 0.905571 0.835122 0.893296 0.834146 0.892351
0 0.610732 0.903683 0.612683 0.905571 0.612683 0.906516 0.613659 0.90746 0.613659 0.91407 0.612683 0.915014 0.612683 0.918791 0.611707 0.919736 0.611707 0.922568 0.610732 0.923513 0.610732 0.92729 0.609756 0.928234 0.609756 0.9339 0.608781 0.934844 0.608781 0.937677 0.604878 0.941454 0.604878 0.942398 0.603902 0.943343 0.603902 0.948064 0.617561 0.948064 0.618537 0.94712 0.618537 0.918791 0.619512 0.917847 0.619512 0.913126 0.620488 0.912181 0.620488 0.903683
1 0.508293 0.931067 0.508293 0.937677 0.509268 0.938621 0.509268 0.949009 0.510244 0.949953 0.510244 0.950897 0.51122 0.951841 0.512195 0.951841 0.513171 0.952786 0.52 0.952786 0.520976 0.951841 0.520976 0.931067
0 0.765854 0.280453 0.765854 0.283286 0.766829 0.28423 0.766829 0.285175 0.767805 0.286119 0.767805 0.288008 0.76878 0.288952 0.76878 0.29084 0.767805 0.291785 0.767805 0.292729 0.766829 0.293673 0.766829 0.294618 0.76 0.301228 0.759024 0.301228 0.753171 0.306893 0.752195 0.306893 0.75122 0.307838 0.750244 0.307838 0.748293 0.309726 0.748293 0.31067 0.760976 0.31067 0.762927 0.308782 0.763902 0.308782 0.771707 0.301228 0.771707 0.280453
1 0.933659 0.660057 0.932683 0.661001 0.932683 0.661945 0.931707 0.66289 0.930732 0.66289 0.929756 0.661945 0.929756 0.6695 0.931707 0.671388 0.931707 0.673277 0.933659 0.675165 0.939512 0.675165 0.940488 0.674221 0.940488 0.673277 0.942439 0.671388 0.942439 0.660057
0 0.136585 0.0944287 0.137561 0.095373 0.137561 0.0963173 0.143415 0.101983 0.143415 0.102927 0.138537 0.107649 0.132683 0.107649 0.132683 0.116147 0.133659 0.115203 0.134634 0.115203 0.13561 0.114259 0.13561 0.113314 0.136585 0.11237 0.136585 0.111426 0.137561 0.110482 0.138537 0.110482 0.139512 0.111426 0.140488 0.111426 0.141463 0.11237 0.143415 0.11237 0.146341 0.115203 0.146341 0.116147 0.148293 0.118036 0.148293 0.11898 0.150244 0.120869 0.150244 0.121813 0.15122 0.122757 0.15122 0.123702 0.152195 0.124646 0.152195 0.12559 0.153171 0.126534 0.153171 0.129367 0.154146 0.130312 0.154146 0.133144 0.155122 0.134089 0.155122 0.139754 0.156098 0.140699 0.156098 0.143532 0.159024 0.143532 0.159024 0.117092 0.158049 0.116147 0.158049 0.115203 0.153171 0.110482 0.153171 0.109537 0.152195 0.108593 0.152195 0.107649 0.15122 0.106704 0.15122 0.10576 0.150244 0.104816 0.149268 0.104816 0.146341 0.101983 0.147317 0.101039 0.147317 0.0991501 0.148293 0.0982059 0.148293 0.0963173 0.147317 0.095373 0.147317 0.0944287
0 0.37561 0.223796 0.374634 0.22474 0.374634 0.225685 0.373659 0.226629 0.373659 0.228517 0.372683 0.229462 0.372683 0.232295 0.370732 0.234183 0.370732 0.237016 0.369756 0.23796 0.369756 0.238905 0.36878 0.239849 0.36878 0.240793 0.366829 0.242682 0.363902 0.242682 0.359024 0.247403 0.359024 0.248347 0.358049 0.249292 0.358049 0.250236 0.357073 0.25118 0.357073 0.2644 0.356098 0.265345 0.356098 0.267233 0.355122 0.268178 0.355122 0.269122 0.354146 0.270066 0.354146 0.27101 0.353171 0.271955 0.353171 0.272899 0.352195 0.273843 0.35122 0.273843 0.349268 0.275732 0.348293 0.275732 0.346341 0.27762 0.345366 0.27762 0.34439 0.278565 0.343415 0.27762 0.342439 0.27762 0.341463 0.276676 0.341463 0.275732 0.340488 0.274788 0.340488 0.269122 0.339512 0.268178 0.339512 0.259679 0.338537 0.258735 0.338537 0.253069 0.333659 0.253069 0.33561 0.254957 0.33561 0.263456 0.336585 0.2644 0.336585 0.27101 0.337561 0.271955 0.337561 0.276676 0.338537 0.27762 0.338537 0.283286 0.337561 0.28423 0.337561 0.287063 0.336585 0.288008 0.336585 0.29084 0.33561 0.291785 0.33561 0.294618 0.334634 0.295562 0.334634 0.298395 0.340488 0.298395 0.341463 0.29745 0.341463 0.295562 0.34439 0.292729 0.34439 0.291785 0.345366 0.29084 0.345366 0.289896 0.346341 0.288952 0.346341 0.288008 0.349268 0.285175 0.350244 0.285175 0.352195 0.283286 0.352195 0.280453 0.360976 0.271955 0.360976 0.27101 0.363902 0.268178 0.363902 0.266289 0.364878 0.265345 0.364878 0.263456 0.365854 0.262512 0.365854 0.261568 0.366829 0.260623 0.366829 0.259679 0.36878 0.25779 0.36878 0.256846 0.369756 0.255902 0.369756 0.254957 0.371707 0.253069 0.371707 0.249292 0.370732 0.248347 0.370732 0.245515 0.371707 0.24457 0.371707 0.243626 0.372683 0.242682 0.372683 0.241737 0.37561 0.238905
1 0.487805 0.283286 0.485854 0.285175 0.484878 0.285175 0.483902 0.286119 0.483902 0.287063 0.482927 0.288008 0.482927 0.296506 0.487805 0.296506 0.489756 0.294618 0.490732 0.294618 0.493659 0.291785 0.493659 0.283286
1 0.198049 0.575071 0.196098 0.576959 0.196098 0.583569 0.197073 0.584514 0.197073 0.586402 0.198049 0.587347 0.198049 0.588291 0.199024 0.589235 0.199024 0.591124 0.204878 0.591124 0.204878 0.575071
0 0.123902 0.939566 0.123902 0.943343 0.124878 0.944287 0.125854 0.944287 0.127805 0.946176 0.126829 0.94712 0.126829 0.949009 0.125854 0.949953 0.125854 0.950897 0.124878 0.951841 0.124878 0.958451 0.133659 0.958451 0.13561 0.956563 0.136585 0.956563 0.140488 0.952786 0.140488 0.951841 0.142439 0.949953 0.142439 0.939566
0 0.903415 0.308782 0.903415 0.31067 0.902439 0.311615 0.902439 0.315392 0.901463 0.316336 0.901463 0.319169 0.900488 0.320113 0.900488 0.350331 0.901463 0.351275 0.902439 0.351275 0.90439 0.353163 0.905366 0.353163 0.906341 0.354108 0.920976 0.354108 0.922927 0.352219 0.922927 0.338999 0.920976 0.33711 0.920976 0.336166 0.92 0.335222 0.92 0.334278 0.919024 0.333333 0.916098 0.333333 0.915122 0.332389 0.914146 0.332389 0.91122 0.329556 0.91122 0.328612 0.910244 0.327668 0.91122 0.326723 0.91122 0.321058 0.913171 0.319169 0.914146 0.319169 0.916098 0.31728 0.918049 0.31728 0.919024 0.316336 0.920976 0.316336 0.921951 0.315392 0.922927 0.315392 0.922927 0.31067 0.920976 0.308782
1 0.37561 0.355996 0.37561 0.367328 0.389268 0.367328 0.39122 0.365439 0.39122 0.355996
1 0.19122 0.177526 0.190244 0.17847 0.189268 0.17847 0.188293 0.179415 0.187317 0.179415 0.186341 0.180359 0.185366 0.180359 0.183415 0.182247 0.182439 0.182247 0.179512 0.18508 0.179512 0.186025 0.17561 0.189802 0.17561 0.19169 0.174634 0.192635 0.174634 0.203966 0.17561 0.203966 0.176585 0.203022 0.18439 0.203022 0.185366 0.203966 0.187317 0.203966 0.188293 0.20491 0.190244 0.20491 0.19122 0.205855 0.192195 0.205855 0.193171 0.206799 0.194146 0.206799 0.198049 0.210576 0.201951 0.210576 0.202927 0.21152 0.20878 0.21152 0.209756 0.210576 0.212683 0.210576 0.213659 0.209632 0.21561 0.209632 0.221463 0.203966 0.222439 0.203966 0.222439 0.180359 0.221463 0.180359 0.218537 0.177526
0 0.36 0.870633 0.36 0.88102 0.361951 0.882908 0.362927 0.882908 0.363902 0.883853 0.363902 0.891407 0.362927 0.892351 0.362927 0.899906 0.361951 0.90085 0.361951 0.909348 0.362927 0.910293 0.362927 0.913126 0.366829 0.916903 0.371707 0.916903 0.372683 0.915958 0.372683 0.870633
0 0.475122 0.610954 0.472195 0.613787 0.472195 0.614731 0.47122 0.615675 0.47122 0.616619 0.469268 0.618508 0.469268 0.620397 0.468293 0.621341 0.468293 0.622285 0.467317 0.623229 0.467317 0.624174 0.466341 0.625118 0.466341 0.626062 0.465366 0.627007 0.465366 0.628895 0.46439 0.629839 0.46439 0.630784 0.463415 0.631728 0.463415 0.632672 0.461463 0.634561 0.460488 0.634561 0.459512 0.633617 0.457561 0.633617 0.456585 0.632672 0.450732 0.632672 0.449756 0.633617 0.449756 0.634561 0.44878 0.635505 0.44878 0.637394 0.447805 0.638338 0.447805 0.640227 0.449756 0.642115 0.449756 0.643059 0.453659 0.646837 0.454634 0.646837 0.45561 0.647781 0.456585 0.647781 0.457561 0.648725 0.458537 0.648725 0.460488 0.650614 0.462439 0.650614 0.463415 0.651558 0.46439 0.651558 0.465366 0.652502 0.466341 0.652502 0.467317 0.653447 0.468293 0.653447 0.469268 0.652502 0.480976 0.652502 0.480976 0.64967 0.48 0.648725 0.48 0.646837 0.479024 0.645892 0.479024 0.644948 0.478049 0.644004 0.478049 0.641171 0.477073 0.640227 0.478049 0.639282 0.478049 0.632672 0.479024 0.631728 0.479024 0.627007 0.48 0.626062 0.48 0.624174 0.480976 0.623229 0.480976 0.610954
0 0.628293 0.819641 0.627317 0.820585 0.626341 0.820585 0.623415 0.823418 0.623415 0.838527 0.62439 0.838527 0.625366 0.837583 0.628293 0.837583 0.630244 0.839471 0.630244 0.840415 0.632195 0.842304 0.633171 0.842304 0.634146 0.843248 0.635122 0.843248 0.636098 0.844193 0.639024 0.844193 0.64 0.845137 0.643902 0.845137 0.644878 0.844193 0.64878 0.844193 0.650732 0.842304 0.651707 0.842304 0.653659 0.840415 0.654634 0.840415 0.654634 0.838527 0.65561 0.837583 0.65561 0.83475 0.656585 0.833806 0.656585 0.819641 0.647805 0.819641 0.645854 0.82153 0.645854 0.822474 0.644878 0.823418 0.644878 0.824363 0.641951 0.827195 0.640976 0.827195 0.639024 0.825307 0.638049 0.825307 0.637073 0.824363 0.636098 0.824363 0.634146 0.822474 0.633171 0.822474 0.632195 0.82153 0.63122 0.82153 0.630244 0.820585 0.629268 0.820585
1 0.309268 0.465534 0.307317 0.467422 0.306341 0.467422 0.305366 0.468366 0.30439 0.468366 0.303415 0.469311 0.303415 0.470255 0.302439 0.471199 0.302439 0.474032 0.301463 0.474976 0.301463 0.478754 0.30439 0.481586 0.313171 0.481586 0.315122 0.479698 0.315122 0.466478 0.314146 0.465534
1 0.690732 0.558074 0.690732 0.565628 0.691707 0.565628 0.692683 0.566572 0.693659 0.566572 0.69561 0.568461 0.696585 0.568461 0.697561 0.569405 0.698537 0.569405 0.699512 0.570349 0.703415 0.566572 0.703415 0.558074
1 0.591219 0.608121 0.591219 0.610009 0.590244 0.610954 0.590244 0.613787 0.589268 0.614731 0.589268 0.615675 0.598049 0.615675 0.598049 0.608121
0 0.155122 0.249292 0.154146 0.250236 0.154146 0.25118 0.153171 0.252125 0.153171 0.253069 0.152195 0.254013 0.152195 0.254957 0.148293 0.258735 0.147317 0.258735 0.146341 0.259679 0.143415 0.259679 0.143415 0.272899 0.14439 0.273843 0.146341 0.273843 0.147317 0.274788 0.148293 0.274788 0.150244 0.276676 0.159024 0.276676 0.159024 0.274788 0.16 0.273843 0.16 0.270066 0.160976 0.269122 0.160976 0.249292
1 0.0956098 0.663834 0.0956098 0.675165 0.097561 0.677054 0.107317 0.677054 0.108293 0.67611 0.108293 0.663834
1 0.0507317 0.473088 0.0507317 0.474032 0.0468293 0.477809 0.0468293 0.503305 0.062439 0.503305 0.0643902 0.501416 0.0643902 0.500472 0.0673171 0.497639 0.0673171 0.478754 0.0663415 0.477809 0.0663415 0.473088
1 0.237073 0.870633 0.235122 0.872521 0.233171 0.872521 0.232195 0.873466 0.232195 0.885741 0.234146 0.885741 0.235122 0.886686 0.237073 0.886686 0.238049 0.88763 0.24 0.88763 0.240976 0.888574 0.241951 0.88763 0.242927 0.88763 0.245854 0.884797 0.245854 0.870633
1 0.753171 0.312559 0.752195 0.313503 0.752195 0.314448 0.75122 0.315392 0.750244 0.315392 0.749268 0.316336 0.747317 0.316336 0.746341 0.31728 0.746341 0.33711 0.747317 0.338055 0.747317 0.339943 0.749268 0.341832 0.749268 0.342776 0.75122 0.344665 0.753171 0.344665 0.755122 0.346553 0.762927 0.346553 0.76878 0.340888 0.769756 0.340888 0.770732 0.339943 0.770732 0.338999 0.771707 0.338055 0.771707 0.33711 0.773659 0.335222 0.773659 0.334278 0.774634 0.333333 0.774634 0.332389 0.77561 0.331445 0.77561 0.3305 0.777561 0.328612 0.777561 0.327668 0.778537 0.326723 0.778537 0.312559
0 0.891707 0.94051 0.890732 0.941454 0.885854 0.941454 0.884878 0.942398 0.873171 0.942398 0.87122 0.944287 0.87122 0.945231 0.870244 0.946176 0.870244 0.94712 0.869268 0.948064 0.869268 0.950897 0.868293 0.951841 0.868293 0.952786 0.869268 0.95373 0.869268 0.955619 0.873171 0.959396 0.874146 0.959396 0.875122 0.96034 0.877073 0.96034 0.878049 0.961284 0.879024 0.961284 0.88 0.962229 0.882927 0.962229 0.883902 0.963173 0.884878 0.963173 0.885854 0.964117 0.887805 0.964117 0.88878 0.963173 0.889756 0.963173 0.890732 0.962229 0.892683 0.962229 0.896585 0.958451 0.896585 0.957507 0.897561 0.956563 0.897561 0.954674 0.899512 0.952786 0.900488 0.95373 0.900488 0.954674 0.90439 0.958451 0.905366 0.958451 0.906341 0.959396 0.908293 0.959396 0.909268 0.96034 0.913171 0.96034 0.913171 0.946176 0.912195 0.945231 0.912195 0.944287 0.91122 0.944287 0.910244 0.943343 0.901463 0.943343 0.900488 0.944287 0.898537 0.944287 0.896585 0.942398 0.89561 0.942398 0.894634 0.941454 0.893659 0.941454 0.892683 0.94051
0 0.743415 0.824363 0.743415 0.830973 0.74439 0.831917 0.74439 0.832861 0.746341 0.83475 0.746341 0.835694 0.747317 0.835694 0.749268 0.837583 0.750244 0.837583 0.75122 0.838527 0.752195 0.838527 0.754146 0.840415 0.753171 0.84136 0.753171 0.842304 0.75122 0.844193 0.75122 0.846081 0.750244 0.847026 0.750244 0.84797 0.749268 0.848914 0.749268 0.849858 0.748293 0.850803 0.748293 0.851747 0.747317 0.852691 0.747317 0.853635 0.746341 0.85458 0.746341 0.855524 0.74439 0.857413 0.743415 0.857413 0.743415 0.864967 0.759024 0.864967 0.76 0.864023 0.760976 0.864023 0.761951 0.863078 0.763902 0.863078 0.77561 0.851747 0.77561 0.850803 0.776585 0.849858 0.776585 0.848914 0.778537 0.847026 0.778537 0.837583 0.776585 0.835694 0.77561 0.836638 0.774634 0.836638 0.773659 0.837583 0.769756 0.837583 0.76878 0.838527 0.765854 0.838527 0.764878 0.839471 0.763902 0.839471 0.762927 0.838527 0.761951 0.838527 0.76 0.836638 0.759024 0.836638 0.757073 0.83475 0.757073 0.833806 0.754146 0.830973 0.754146 0.830028 0.752195 0.82814 0.752195 0.827195 0.75122 0.826251 0.750244 0.826251 0.749268 0.825307 0.747317 0.825307 0.746341 0.824363
1 0.371707 0.353163 0.370732 0.354108 0.370732 0.367328 0.387317 0.367328 0.388293 0.366383 0.390244 0.366383 0.39122 0.365439 0.39122 0.355052 0.389268 0.353163
0 0.225366 0.0358829 0.225366 0.0368272 0.22439 0.0377715 0.22439 0.0491029 0.227317 0.0519358 0.228293 0.0519358 0.229268 0.0528801 0.23122 0.0528801 0.232195 0.0538244 0.233171 0.0538244 0.234146 0.0547686 0.236098 0.0547686 0.238049 0.0528801 0.238049 0.0519358 0.239024 0.0509915 0.239024 0.0358829
0 0.586341 0.140699 0.586341 0.157696 0.587317 0.156752 0.591219 0.156752 0.592195 0.155807 0.594146 0.155807 0.595122 0.154863 0.596098 0.154863 0.597073 0.153919 0.599024 0.153919 0.6 0.152975 0.601951 0.152975 0.602927 0.15203 0.603902 0.15203 0.604878 0.152975 0.607805 0.152975 0.608781 0.153919 0.609756 0.153919 0.610732 0.154863 0.610732 0.155807 0.612683 0.157696 0.612683 0.15864 0.614634 0.160529 0.614634 0.161473 0.61561 0.162417 0.620488 0.162417 0.620488 0.148253 0.619512 0.147309 0.619512 0.146364 0.616585 0.143532 0.61561 0.143532 0.613659 0.141643 0.612683 0.141643 0.611707 0.140699
0 0.897561 0.545798 0.896585 0.546742 0.894634 0.546742 0.893659 0.547687 0.893659 0.548631 0.891707 0.550519 0.890732 0.550519 0.889756 0.551464 0.886829 0.551464 0.885854 0.552408 0.885854 0.553352 0.886829 0.554296 0.886829 0.555241 0.887805 0.554296 0.88878 0.554296 0.889756 0.553352 0.893659 0.553352 0.89561 0.555241 0.89561 0.557129 0.896585 0.558074 0.896585 0.569405 0.897561 0.570349 0.897561 0.573182 0.896585 0.574127 0.896585 0.579792 0.897561 0.580737 0.897561 0.583569 0.898537 0.584514 0.898537 0.585458 0.901463 0.588291 0.901463 0.589235 0.902439 0.590179 0.902439 0.591124 0.903415 0.592068 0.903415 0.593957 0.90439 0.594901 0.90439 0.596789 0.905366 0.597734 0.905366 0.600567 0.906341 0.601511 0.906341 0.602455 0.907317 0.603399 0.907317 0.604344 0.908293 0.605288 0.908293 0.607177 0.909268 0.608121 0.909268 0.610009 0.910244 0.610954 0.910244 0.612842 0.91122 0.613787 0.91122 0.615675 0.912195 0.616619 0.912195 0.620397 0.913171 0.621341 0.913171 0.623229 0.914146 0.624174 0.914146 0.627951 0.915122 0.628895 0.915122 0.632672 0.916098 0.633617 0.916098 0.637394 0.917073 0.638338 0.917073 0.647781 0.918049 0.648725 0.918049 0.651558 0.919024 0.652502 0.919024 0.654391 0.92 0.654391 0.920976 0.655335 0.921951 0.655335 0.924878 0.658168 0.924878 0.653447 0.925854 0.652502 0.925854 0.648725 0.926829 0.647781 0.926829 0.629839 0.925854 0.628895 0.925854 0.626062 0.924878 0.625118 0.924878 0.623229 0.923902 0.622285 0.923902 0.621341 0.922927 0.620397 0.922927 0.617564 0.921951 0.616619 0.921951 0.612842 0.920976 0.611898 0.920976 0.609065 0.92 0.608121 0.92 0.605288 0.919024 0.604344 0.919024 0.600567 0.918049 0.599622 0.918049 0.596789 0.917073 0.595845 0.917073 0.593957 0.916098 0.593012 0.916098 0.589235 0.915122 0.588291 0.915122 0.585458 0.914146 0.584514 0.914146 0.580737 0.913171 0.579792 0.913171 0.576959 0.912195 0.576015 0.912195 0.574127 0.91122 0.573182 0.91122 0.571294 0.910244 0.570349 0.910244 0.569405 0.909268 0.568461 0.909268 0.566572 0.908293 0.565628 0.908293 0.563739 0.907317 0.562795 0.907317 0.559962 0.906341 0.559018 0.906341 0.556185 0.905366 0.555241 0.905366 0.553352 0.90439 0.552408 0.90439 0.551464 0.903415 0.550519 0.903415 0.549575 0.902439 0.548631 0.902439 0.547687 0.900488 0.545798
1 0.383415 0.327668 0.382439 0.328612 0.379512 0.328612 0.378537 0.329556 0.376585 0.329556 0.376585 0.338999 0.390244 0.338999 0.392195 0.33711 0.392195 0.329556 0.39122 0.328612 0.39122 0.327668
1 0.632195 0.552408 0.632195 0.553352 0.63122 0.554296 0.63122 0.570349 0.641951 0.570349 0.643902 0.568461 0.643902 0.552408
0 0.16878 0.896128 0.167805 0.897073 0.167805 0.898017 0.166829 0.898961 0.166829 0.90085 0.165854 0.901794 0.165854 0.911237 0.166829 0.912181 0.166829 0.915014 0.167805 0.915958 0.167805 0.917847 0.16878 0.918791 0.16878 0.919736 0.169756 0.92068 0.169756 0.926346 0.176585 0.926346 0.180488 0.922568 0.182439 0.922568 0.183415 0.921624 0.18439 0.921624 0.18439 0.919736 0.185366 0.918791 0.185366 0.917847 0.186341 0.916903 0.187317 0.916903 0.188293 0.915958 0.189268 0.915958 0.189268 0.909348 0.189268 0.911237 0.186341 0.91407 0.18439 0.91407 0.183415 0.915014 0.177561 0.915014 0.17561 0.913126 0.17561 0.90746 0.176585 0.906516 0.176585 0.905571 0.177561 0.904627 0.177561 0.903683 0.178537 0.902738 0.178537 0.901794 0.180488 0.899906 0.180488 0.898961 0.182439 0.897073 0.182439 0.896128
0 0.782439 0.520302 0.779512 0.523135 0.778537 0.523135 0.777561 0.524079 0.776585 0.524079 0.773659 0.526912 0.773659 0.528801 0.774634 0.529745 0.774634 0.535411 0.771707 0.538244 0.771707 0.539188 0.769756 0.541076 0.76878 0.541076 0.767805 0.542021 0.766829 0.542021 0.765854 0.542965 0.764878 0.542965 0.763902 0.543909 0.762927 0.543909 0.760976 0.545798 0.76 0.545798 0.757073 0.548631 0.756098 0.548631 0.755122 0.549575 0.754146 0.549575 0.753171 0.550519 0.752195 0.550519 0.75122 0.551464 0.750244 0.551464 0.749268 0.550519 0.741463 0.550519 0.740488 0.551464 0.737561 0.551464 0.736585 0.552408 0.734634 0.552408 0.733659 0.553352 0.731707 0.553352 0.729756 0.555241 0.728781 0.555241 0.727805 0.556185 0.726829 0.556185 0.725854 0.557129 0.724878 0.557129 0.722927 0.559018 0.722927 0.561851 0.723902 0.562795 0.723902 0.563739 0.724878 0.564684 0.725854 0.564684 0.726829 0.563739 0.727805 0.563739 0.728781 0.562795 0.732683 0.562795 0.733659 0.561851 0.73561 0.561851 0.736585 0.560907 0.742439 0.560907 0.743415 0.559962 0.745366 0.559962 0.746341 0.560907 0.752195 0.560907 0.753171 0.559962 0.757073 0.559962 0.758049 0.559018 0.759024 0.559018 0.76 0.558074 0.761951 0.558074 0.762927 0.557129 0.764878 0.557129 0.765854 0.556185 0.766829 0.556185 0.767805 0.555241 0.76878 0.555241 0.774634 0.549575 0.77561 0.549575 0.776585 0.548631 0.777561 0.548631 0.786341 0.540132 0.786341 0.538244 0.787317 0.537299 0.787317 0.535411 0.788293 0.534467 0.788293 0.531634 0.787317 0.530689 0.787317 0.527856 0.786341 0.526912 0.786341 0.525024 0.785366 0.524079 0.785366 0.522191 0.783415 0.520302
1 0.613659 0.833806 0.613659 0.835694 0.614634 0.836638 0.614634 0.842304 0.61561 0.843248 0.61561 0.845137 0.617561 0.847026 0.622439 0.847026 0.622439 0.833806
1 0.822439 0.706327 0.822439 0.714825 0.823415 0.71577 0.82439 0.71577 0.825366 0.716714 0.831219 0.716714 0.834146 0.713881 0.834146 0.706327
1 0.508293 0.926346 0.507317 0.92729 0.507317 0.936733 0.508293 0.937677 0.508293 0.939566 0.509268 0.94051 0.509268 0.949009 0.510244 0.949953 0.510244 0.950897 0.51122 0.951841 0.512195 0.951841 0.513171 0.952786 0.519024 0.952786 0.519024 0.926346
0 0.419512 0.418319 0.418537 0.419263 0.418537 0.420208 0.417561 0.421152 0.417561 0.422096 0.411707 0.427762 0.411707 0.448536 0.413659 0.450425 0.413659 0.451369 0.414634 0.451369 0.41561 0.452314 0.41561 0.453258 0.422439 0.453258 0.422439 0.452314 0.423415 0.451369 0.423415 0.450425 0.42439 0.449481 0.42439 0.418319
0 0.902439 0.000944287 0.902439 0.00472144 0.903415 0.00566572 0.903415 0.0113314 0.902439 0.0122757 0.902439 0.0160529 0.898537 0.01983 0.898537 0.0217186 0.897561 0.0226629 0.897561 0.0302172 0.898537 0.0311615 0.898537 0.03305 0.899512 0.0339943 0.899512 0.0368272 0.901463 0.0387158 0.907317 0.0387158 0.908293 0.0377715 0.908293 0.0368272 0.909268 0.0358829 0.909268 0.0349386 0.910244 0.0339943 0.910244 0.03305 0.91122 0.0321058 0.91122 0.0311615 0.912195 0.0302172 0.912195 0.0283286 0.913171 0.0273843 0.913171 0.000944287
0 0.516098 0.364495 0.52 0.368272 0.521951 0.368272 0.523902 0.370161 0.523902 0.371105 0.524878 0.372049 0.524878 0.374882 0.525854 0.375826 0.525854 0.379603 0.524878 0.380548 0.524878 0.382436 0.522927 0.384325 0.521951 0.384325 0.520976 0.385269 0.519024 0.385269 0.517073 0.387158 0.516098 0.387158 0.513171 0.389991 0.512195 0.389991 0.51122 0.390935 0.510244 0.390935 0.509268 0.391879 0.507317 0.391879 0.506341 0.392823 0.50439 0.392823 0.503415 0.393768 0.499512 0.393768 0.496585 0.396601 0.496585 0.397545 0.49561 0.398489 0.494634 0.398489 0.492683 0.400378 0.491707 0.400378 0.490732 0.401322 0.489756 0.401322 0.48878 0.402266 0.487805 0.402266 0.486829 0.403211 0.485854 0.403211 0.484878 0.404155 0.483902 0.404155 0.482927 0.405099 0.481951 0.405099 0.480976 0.406043 0.48 0.406043 0.479024 0.406988 0.478049 0.406988 0.477073 0.407932 0.476098 0.407932 0.475122 0.408876 0.474146 0.408876 0.473171 0.409821 0.473171 0.410765 0.472195 0.411709 0.472195 0.412653 0.47122 0.413598 0.47122 0.414542 0.470244 0.415486 0.470244 0.421152 0.469268 0.422096 0.469268 0.423985 0.468293 0.424929 0.468293 0.437205 0.469268 0.437205 0.477073 0.429651 0.477073 0.428706 0.479024 0.426818 0.48 0.426818 0.48 0.425873 0.481951 0.423985 0.481951 0.423041 0.487805 0.417375 0.48878 0.417375 0.490732 0.415486 0.491707 0.415486 0.492683 0.414542 0.493659 0.414542 0.49561 0.412653 0.496585 0.412653 0.497561 0.411709 0.498537 0.411709 0.500488 0.409821 0.501463 0.409821 0.502439 0.408876 0.503415 0.408876 0.507317 0.405099 0.508293 0.405099 0.510244 0.403211 0.512195 0.403211 0.513171 0.402266 0.514146 0.402266 0.516098 0.400378 0.517073 0.400378 0.518049 0.399433 0.519024 0.399433 0.52 0.398489 0.521951 0.398489 0.522927 0.397545 0.524878 0.397545 0.525854 0.396601 0.527805 0.396601 0.52878 0.395656 0.52878 0.387158 0.527805 0.386213 0.527805 0.383381 0.526829 0.382436 0.526829 0.378659 0.525854 0.377715 0.526829 0.376771 0.527805 0.376771 0.52878 0.375826 0.529756 0.375826 0.530732 0.374882 0.532683 0.374882 0.533659 0.373938 0.536585 0.373938 0.537561 0.372993 0.54439 0.372993 0.546341 0.374882 0.547317 0.374882 0.548293 0.375826 0.55122 0.375826 0.553171 0.377715 0.553171 0.386213 0.552195 0.387158 0.552195 0.388102 0.550244 0.389991 0.55122 0.390935 0.555122 0.390935 0.556098 0.391879 0.557073 0.391879 0.558049 0.390935 0.559024 0.390935 0.56 0.389991 0.560976 0.389991 0.563902 0.387158 0.564878 0.387158 0.565854 0.388102 0.56878 0.388102 0.571707 0.390935 0.571707 0.391879 0.572683 0.392823 0.572683 0.393768 0.573659 0.394712 0.573659 0.395656 0.574634 0.396601 0.574634 0.398489 0.57561 0.399433 0.57561 0.402266 0.576585 0.403211 0.576585 0.406043 0.577561 0.406988 0.577561 0.408876 0.579512 0.410765 0.579512 0.411709 0.583415 0.415486 0.587317 0.415486 0.588293 0.416431 0.590244 0.416431 0.591219 0.417375 0.593171 0.417375 0.594146 0.418319 0.595122 0.418319 0.596098 0.419263 0.597073 0.419263 0.597073 0.396601 0.594146 0.393768 0.594146 0.392823 0.592195 0.390935 0.592195 0.389991 0.591219 0.389046 0.591219 0.388102 0.590244 0.387158 0.590244 0.386213 0.589268 0.385269 0.589268 0.384325 0.585366 0.380548 0.58439 0.380548 0.583415 0.379603 0.582439 0.379603 0.581463 0.378659 0.580488 0.378659 0.578537 0.376771 0.577561 0.376771 0.572683 0.372049 0.571707 0.372049 0.569756 0.370161 0.56878 0.370161 0.566829 0.368272 0.565854 0.368272 0.563902 0.366383 0.561951 0.366383 0.560976 0.365439 0.552195 0.365439 0.55122 0.366383 0.549268 0.366383 0.548293 0.367328 0.547317 0.367328 0.54439 0.370161 0.53561 0.370161 0.534634 0.369216 0.533659 0.369216 0.530732 0.366383 0.530732 0.364495
0 0.433171 0.538244 0.432195 0.539188 0.432195 0.541076 0.43122 0.542021 0.43122 0.542965 0.430244 0.543909 0.430244 0.545798 0.425366 0.550519 0.425366 0.563739 0.426341 0.564684 0.426341 0.565628 0.427317 0.565628 0.429268 0.567517 0.430244 0.567517 0.432195 0.569405 0.432195 0.570349 0.434146 0.572238 0.434146 0.573182 0.435122 0.574127 0.436098 0.574127 0.441951 0.579792 0.442927 0.579792 0.443902 0.580737 0.444878 0.580737 0.445854 0.581681 0.446829 0.581681 0.447805 0.582625 0.454634 0.582625 0.458537 0.586402 0.459512 0.586402 0.462439 0.589235 0.462439 0.593012 0.461463 0.593957 0.461463 0.596789 0.463415 0.596789 0.463415 0.583569 0.461463 0.581681 0.461463 0.577904 0.460488 0.576959 0.459512 0.576959 0.454634 0.572238 0.454634 0.571294 0.453659 0.571294 0.452683 0.570349 0.451707 0.570349 0.446829 0.565628 0.445854 0.565628 0.442927 0.562795 0.442927 0.561851 0.441951 0.560907 0.441951 0.559962 0.440976 0.559018 0.440976 0.558074 0.44 0.557129 0.44 0.556185 0.439024 0.555241 0.439024 0.545798 0.44 0.544854 0.44 0.543909 0.441951 0.542021 0.441951 0.541076 0.442927 0.540132 0.442927 0.539188 0.443902 0.538244
1 0.56878 0.890463 0.56878 0.904627 0.581463 0.904627 0.581463 0.890463
0 0.363902 0.241737 0.362927 0.242682 0.360976 0.242682 0.359024 0.24457 0.359024 0.245515 0.358049 0.246459 0.358049 0.249292 0.357073 0.250236 0.357073 0.255902 0.358049 0.256846 0.358049 0.261568 0.357073 0.262512 0.357073 0.269122 0.356098 0.270066 0.356098 0.271955 0.357073 0.272899 0.359024 0.27101 0.359024 0.269122 0.36 0.268178 0.36 0.267233 0.360976 0.266289 0.361951 0.266289 0.362927 0.265345 0.363902 0.265345 0.363902 0.2644 0.364878 0.263456 0.364878 0.262512 0.365854 0.261568 0.365854 0.260623 0.367805 0.258735 0.367805 0.25779 0.36878 0.256846 0.36878 0.255902 0.369756 0.254957 0.369756 0.254013 0.370732 0.253069 0.370732 0.250236 0.369756 0.249292 0.369756 0.247403 0.36878 0.246459 0.36878 0.24457 0.367805 0.243626 0.367805 0.242682 0.365854 0.242682 0.364878 0.241737
0 0.468293 0.779037 0.470244 0.780925 0.470244 0.78187 0.47122 0.782814 0.47122 0.783758 0.473171 0.783758 0.474146 0.784703 0.481951 0.784703 0.482927 0.785647 0.490732 0.785647 0.491707 0.786591 0.500488 0.786591 0.500488 0.779981 0.499512 0.779037
0 0.68878 0.432483 0.68878 0.435316 0.689756 0.435316 0.692683 0.438149 0.692683 0.440982 0.691707 0.441926 0.691707 0.442871 0.690732 0.443815 0.690732 0.445704 0.68878 0.447592 0.68878 0.466478 0.691707 0.463645 0.691707 0.462701 0.693659 0.460812 0.693659 0.459868 0.69561 0.457979 0.696585 0.457979 0.697561 0.457035 0.698537 0.457035 0.699512 0.456091 0.700488 0.457035 0.700488 0.457979 0.702439 0.459868 0.702439 0.460812 0.703415 0.461756 0.703415 0.462701 0.705366 0.464589 0.706341 0.464589 0.707317 0.465534 0.713171 0.465534 0.714146 0.464589 0.714146 0.453258 0.713171 0.452314 0.713171 0.450425 0.710244 0.447592 0.710244 0.446648 0.709268 0.445704 0.709268 0.442871 0.708293 0.441926 0.708293 0.440038 0.710244 0.438149 0.710244 0.437205 0.711219 0.436261 0.712195 0.436261 0.712195 0.435316 0.713171 0.434372 0.713171 0.432483
1 0.0819512 0.27101 0.0819512 0.287063 0.0868293 0.291785 0.0897561 0.291785 0.0907317 0.292729 0.0965854 0.292729 0.097561 0.291785 0.097561 0.29084 0.0995122 0.288952 0.100488 0.288952 0.101463 0.288008 0.102439 0.288008 0.103415 0.287063 0.103415 0.27101
0 0.989268 0.136922 0.988293 0.137866 0.988293 0.13881 0.987317 0.139754 0.987317 0.148253 0.986341 0.149197 0.986341 0.152975 0.985366 0.153919 0.985366 0.155807 0.98439 0.156752 0.98439 0.157696 0.982439 0.159585 0.982439 0.160529 0.981463 0.161473 0.981463 0.162417 0.980488 0.163362 0.980488 0.169027 0.990244 0.169027 0.99122 0.168083 0.99122 0.167139 0.992195 0.166195 0.992195 0.164306 0.993171 0.163362 0.993171 0.160529 0.994146 0.159585 0.994146 0.157696 0.995122 0.156752 0.995122 0.155807 0.997073 0.153919 0.998049 0.153919 0.998049 0.136922
0 0.233171 0.730878 0.233171 0.736544 0.234146 0.737488 0.234146 0.739377 0.235122 0.740321 0.235122 0.741265 0.236098 0.74221 0.236098 0.743154 0.237073 0.744098 0.237073 0.745987 0.238049 0.746931 0.238049 0.749764 0.24 0.751652 0.24 0.752597 0.241951 0.754485 0.244878 0.754485 0.244878 0.737488 0.243902 0.736544 0.243902 0.730878
1 0.937561 0.305949 0.937561 0.316336 0.941463 0.320113 0.943415 0.320113 0.94439 0.321058 0.945366 0.320113 0.946341 0.320113 0.948293 0.318225 0.948293 0.305949
0 0.898537 0.543909 0.897561 0.544854 0.896585 0.544854 0.89561 0.545798 0.893659 0.545798 0.887805 0.551464 0.886829 0.551464 0.886829 0.552408 0.882927 0.556185 0.881951 0.556185 0.880976 0.557129 0.88 0.557129 0.879024 0.558074 0.879024 0.559018 0.878049 0.559962 0.878049 0.561851 0.874146 0.565628 0.874146 0.567517 0.870244 0.571294 0.869268 0.571294 0.868293 0.572238 0.867317 0.572238 0.866341 0.573182 0.865366 0.573182 0.86439 0.574127 0.861463 0.574127 0.860488 0.575071 0.857561 0.575071 0.856585 0.576015 0.853659 0.576015 0.851707 0.577904 0.850732 0.577904 0.849756 0.578848 0.849756 0.579792 0.847805 0.581681 0.847805 0.586402 0.848781 0.586402 0.849756 0.587347 0.850732 0.587347 0.851707 0.588291 0.863415 0.588291 0.86439 0.587347 0.866341 0.587347 0.867317 0.586402 0.869268 0.586402 0.870244 0.585458 0.874146 0.585458 0.875122 0.584514 0.883902 0.584514 0.884878 0.583569 0.887805 0.583569 0.889756 0.581681 0.890732 0.581681 0.891707 0.580737 0.892683 0.580737 0.893659 0.579792 0.893659 0.578848 0.894634 0.577904 0.894634 0.576015 0.89561 0.575071 0.89561 0.573182 0.896585 0.572238 0.896585 0.569405 0.894634 0.567517 0.891707 0.567517 0.890732 0.568461 0.88878 0.568461 0.887805 0.569405 0.885854 0.569405 0.884878 0.568461 0.884878 0.567517 0.883902 0.566572 0.883902 0.564684 0.885854 0.562795 0.886829 0.562795 0.887805 0.561851 0.88878 0.561851 0.889756 0.560907 0.889756 0.559962 0.890732 0.559018 0.890732 0.558074 0.892683 0.556185 0.893659 0.556185 0.894634 0.555241 0.89561 0.555241 0.898537 0.552408 0.898537 0.551464 0.901463 0.548631 0.901463 0.543909
1 0.686829 0.202077 0.685854 0.203022 0.685854 0.212465 0.693659 0.212465 0.696585 0.209632 0.696585 0.202077
1 0.717073 0.66289 0.717073 0.677054 0.719024 0.678942 0.72 0.678942 0.721951 0.680831 0.722927 0.680831 0.723902 0.681775 0.724878 0.681775 0.725854 0.68272 0.727805 0.68272 0.728781 0.683664 0.732683 0.683664 0.733659 0.68272 0.733659 0.681775 0.734634 0.680831 0.734634 0.664778 0.732683 0.66289
1 0.736585 0.0311615 0.736585 0.0500472 0.74439 0.0500472 0.746341 0.0481586 0.747317 0.0481586 0.749268 0.0462701 0.75122 0.0462701 0.75122 0.0453258 0.752195 0.0443815 0.752195 0.0311615
1 0.729756 0.0491029 0.729756 0.0642115 0.730732 0.0642115 0.731707 0.0651558 0.741463 0.0651558 0.742439 0.0642115 0.74439 0.0642115 0.745366 0.0632672 0.746341 0.0632672 0.747317 0.0623229 0.747317 0.0547686 0.745366 0.0528801 0.747317 0.0509915 0.747317 0.0491029
1 0.440976 0.9339 0.440976 0.934844 0.44 0.935788 0.44 0.936733 0.439024 0.937677 0.439024 0.938621 0.437073 0.94051 0.437073 0.950897 0.442927 0.950897 0.444878 0.949009 0.445854 0.949009 0.446829 0.948064 0.451707 0.948064 0.452683 0.94712 0.454634 0.94712 0.45561 0.946176 0.45561 0.945231 0.456585 0.944287 0.456585 0.938621 0.454634 0.936733 0.454634 0.935788 0.453659 0.934844 0.453659 0.9339
0 0.480976 0.0434372 0.482927 0.0453258 0.482927 0.0462701 0.48878 0.0519358 0.48878 0.0538244 0.489756 0.0547686 0.489756 0.0557129 0.490732 0.0566572 0.490732 0.0576015 0.491707 0.0585458 0.491707 0.0594901 0.490732 0.0604344 0.490732 0.0613787 0.489756 0.0623229 0.489756 0.0632672 0.48878 0.0642115 0.48878 0.0651558 0.486829 0.0670444 0.478049 0.0670444 0.477073 0.0679887 0.475122 0.0679887 0.475122 0.0793201 0.485854 0.0793201 0.48878 0.0764873 0.489756 0.0764873 0.490732 0.075543 0.491707 0.075543 0.492683 0.0745987 0.493659 0.0745987 0.494634 0.0736544 0.494634 0.0727101 0.500488 0.0670444 0.501463 0.0670444 0.503415 0.0651558 0.503415 0.0528801 0.501463 0.0509915 0.501463 0.0500472 0.498537 0.0472144 0.498537 0.0462701 0.496585 0.0443815 0.496585 0.0434372
1 0.467317 0.641171 0.467317 0.654391 0.468293 0.654391 0.469268 0.655335 0.480976 0.655335 0.481951 0.654391 0.48878 0.654391 0.489756 0.653447 0.493659 0.653447 0.494634 0.652502 0.49561 0.652502 0.49561 0.642115 0.494634 0.642115 0.493659 0.641171 0.492683 0.642115 0.490732 0.642115 0.489756 0.643059 0.485854 0.643059 0.484878 0.644004 0.481951 0.644004 0.480976 0.644948 0.476098 0.644948 0.475122 0.644004 0.473171 0.644004 0.472195 0.643059 0.47122 0.643059 0.470244 0.642115 0.468293 0.642115
1 0.736585 0.0830973 0.736585 0.095373 0.737561 0.095373 0.740488 0.0982059 0.741463 0.0982059 0.743415 0.100094 0.745366 0.100094 0.746341 0.101039 0.748293 0.101039 0.749268 0.101983 0.750244 0.101983 0.75122 0.102927 0.752195 0.101983 0.754146 0.101983 0.755122 0.101039 0.757073 0.101039 0.76 0.0982059 0.76 0.0897073 0.757073 0.0868744 0.757073 0.0859301 0.756098 0.0849858 0.756098 0.0840416 0.755122 0.0830973
1 0.794146 0.957507 0.794146 0.966006 0.795122 0.966006 0.796098 0.96695 0.803902 0.96695 0.803902 0.957507
1 0.800976 0.670444 0.800976 0.685552 0.80878 0.685552 0.807805 0.684608 0.809756 0.68272 0.812683 0.68272 0.813659 0.681775 0.813659 0.670444
1 0.331707 0.674221 0.331707 0.675165 0.330732 0.67611 0.330732 0.677054 0.329756 0.677998 0.329756 0.678942 0.327805 0.680831 0.327805 0.700661 0.332683 0.705382 0.333659 0.705382 0.337561 0.70916 0.337561 0.710104 0.339512 0.711992 0.340488 0.711992 0.342439 0.713881 0.342439 0.714825 0.352195 0.714825 0.352195 0.712937 0.35122 0.711992 0.35122 0.708215 0.352195 0.707271 0.352195 0.706327 0.353171 0.705382 0.353171 0.704438 0.354146 0.703494 0.354146 0.701605 0.355122 0.700661 0.355122 0.699717 0.356098 0.698772 0.356098 0.687441 0.355122 0.686497 0.355122 0.683664 0.354146 0.68272 0.354146 0.679887 0.353171 0.678942 0.353171 0.674221
0 0.240976 0.871577 0.24 0.872521 0.238049 0.872521 0.237073 0.873466 0.214634 0.873466 0.211707 0.876298 0.211707 0.878187 0.210732 0.879131 0.210732 0.881964 0.209756 0.882908 0.209756 0.883853 0.205854 0.88763 0.205854 0.888574 0.202927 0.891407 0.202927 0.892351 0.200976 0.89424 0.200976 0.895184 0.2 0.896128 0.2 0.91407 0.200976 0.915014 0.200976 0.917847 0.201951 0.918791 0.201951 0.92068 0.202927 0.921624 0.202927 0.923513 0.203902 0.924457 0.203902 0.925401 0.204878 0.926346 0.204878 0.92729 0.205854 0.928234 0.205854 0.931067 0.206829 0.932011 0.207805 0.932011 0.20878 0.932956 0.213659 0.932956 0.214634 0.9339 0.223415 0.9339 0.22439 0.932956 0.225366 0.932956 0.225366 0.932011 0.226341 0.931067 0.226341 0.925401 0.227317 0.924457 0.227317 0.92068 0.226341 0.919736 0.226341 0.917847 0.225366 0.916903 0.225366 0.915958 0.22439 0.915014 0.22439 0.91407 0.220488 0.910293 0.219512 0.910293 0.218537 0.909348 0.218537 0.903683 0.220488 0.901794 0.221463 0.901794 0.222439 0.90085 0.22439 0.90085 0.225366 0.899906 0.227317 0.899906 0.228293 0.898961 0.228293 0.898017 0.229268 0.897073 0.229268 0.895184 0.230244 0.89424 0.230244 0.893296 0.235122 0.888574 0.236098 0.888574 0.239024 0.885741 0.239024 0.884797 0.240976 0.882908 0.241951 0.882908 0.242927 0.881964 0.244878 0.881964 0.246829 0.880076 0.246829 0.875354 0.245854 0.87441 0.245854 0.873466 0.244878 0.873466 0.243902 0.872521 0.242927 0.872521 0.241951 0.871577
0 0.937561 0.660057 0.937561 0.661001 0.936585 0.661945 0.936585 0.663834 0.93561 0.664778 0.936585 0.665722 0.936585 0.666667 0.938537 0.668555 0.941463 0.668555 0.942439 0.6695 0.94439 0.6695 0.946341 0.671388 0.947317 0.671388 0.948293 0.672332 0.949268 0.672332 0.950244 0.673277 0.951219 0.673277 0.952195 0.674221 0.965854 0.674221 0.966829 0.675165 0.969756 0.675165 0.970732 0.67611 0.971707 0.67611 0.974634 0.678942 0.97561 0.678942 0.976585 0.679887 0.978537 0.679887 0.983415 0.684608 0.98439 0.684608 0.986341 0.686497 0.987317 0.686497 0.988293 0.687441 0.988293 0.688385 0.990244 0.690274 0.990244 0.678942 0.989268 0.678942 0.986341 0.67611 0.985366 0.67611 0.98439 0.675165 0.982439 0.675165 0.981463 0.674221 0.980488 0.674221 0.976585 0.670444 0.97561 0.670444 0.974634 0.6695 0.973659 0.6695 0.972683 0.668555 0.971707 0.668555 0.970732 0.667611 0.968781 0.667611 0.966829 0.665722 0.965854 0.665722 0.964878 0.664778 0.963902 0.664778 0.962927 0.663834 0.960976 0.663834 0.96 0.66289 0.959024 0.66289 0.958049 0.661945 0.956098 0.661945 0.955122 0.661001 0.954146 0.661001 0.953171 0.660057
0 0.745366 0.707271 0.745366 0.70916 0.74439 0.710104 0.74439 0.711048 0.743415 0.711992 0.743415 0.712937 0.742439 0.713881 0.742439 0.71577 0.741463 0.716714 0.741463 0.719547 0.740488 0.720491 0.740488 0.724268 0.739512 0.725212 0.739512 0.727101 0.738537 0.728045 0.738537 0.72899 0.737561 0.729934 0.737561 0.730878 0.736585 0.731822 0.736585 0.743154 0.737561 0.743154 0.738537 0.744098 0.740488 0.744098 0.741463 0.745043 0.742439 0.745043 0.743415 0.745987 0.745366 0.745987 0.749268 0.74221 0.749268 0.740321 0.750244 0.739377 0.750244 0.738432 0.75122 0.737488 0.75122 0.736544 0.752195 0.7356 0.752195 0.733711 0.753171 0.732767 0.753171 0.729934 0.754146 0.72899 0.754146 0.724268 0.755122 0.723324 0.755122 0.707271
0 0.84 0.241737 0.839024 0.242682 0.838049 0.242682 0.837073 0.243626 0.836098 0.243626 0.834146 0.245515 0.834146 0.246459 0.832195 0.248347 0.832195 0.249292 0.831219 0.250236 0.831219 0.25118 0.830244 0.252125 0.830244 0.253069 0.828293 0.254957 0.827317 0.254957 0.82439 0.25779 0.82439 0.258735 0.822439 0.260623 0.816585 0.260623 0.81561 0.261568 0.814634 0.260623 0.811707 0.260623 0.810732 0.259679 0.805854 0.259679 0.804878 0.260623 0.802927 0.260623 0.800976 0.262512 0.8 0.262512 0.798049 0.2644 0.797073 0.2644 0.79122 0.270066 0.79122 0.27101 0.790244 0.271955 0.786341 0.271955 0.785366 0.272899 0.783415 0.272899 0.781463 0.274788 0.781463 0.288008 0.790244 0.288008 0.79122 0.287063 0.792195 0.287063 0.793171 0.286119 0.795122 0.286119 0.796098 0.285175 0.797073 0.285175 0.798049 0.28423 0.799024 0.28423 0.8 0.283286 0.800976 0.283286 0.801951 0.282342 0.803902 0.282342 0.804878 0.281398 0.805854 0.281398 0.806829 0.280453 0.80878 0.280453 0.809756 0.279509 0.811707 0.279509 0.812683 0.278565 0.814634 0.278565 0.81561 0.27762 0.817561 0.27762 0.818537 0.276676 0.820488 0.276676 0.821463 0.275732 0.822439 0.275732 0.823415 0.274788 0.825366 0.274788 0.826341 0.273843 0.827317 0.273843 0.828293 0.272899 0.829268 0.272899 0.832195 0.270066 0.833171 0.270066 0.837073 0.266289 0.837073 0.265345 0.839024 0.263456 0.839024 0.262512 0.841951 0.259679 0.841951 0.241737
0 0.573659 0.430595 0.573659 0.440982 0.574634 0.441926 0.574634 0.442871 0.57561 0.443815 0.57561 0.444759 0.576585 0.445704 0.576585 0.446648 0.578537 0.448536 0.578537 0.449481 0.582439 0.453258 0.582439 0.454202 0.58439 0.454202 0.585366 0.453258 0.586341 0.453258 0.588293 0.451369 0.589268 0.451369 0.589268 0.436261 0.588293 0.435316 0.588293 0.434372 0.587317 0.433428 0.587317 0.431539 0.586341 0.430595
1 0.847805 0.406988 0.847805 0.407932 0.846829 0.408876 0.846829 0.412653 0.844878 0.414542 0.841951 0.414542 0.840976 0.415486 0.840976 0.416431 0.84 0.417375 0.84 0.425873 0.840976 0.424929 0.841951 0.424929 0.845854 0.428706 0.846829 0.428706 0.847805 0.429651 0.853659 0.429651 0.854634 0.428706 0.85561 0.428706 0.85561 0.406988
1 0.583415 0.818697 0.582439 0.819641 0.581463 0.819641 0.580488 0.820585 0.580488 0.837583 0.589268 0.837583 0.590244 0.836638 0.591219 0.836638 0.592195 0.835694 0.593171 0.835694 0.594146 0.83475 0.595122 0.83475 0.596098 0.833806 0.597073 0.833806 0.598049 0.832861 0.598049 0.818697
1 0.324878 0.483475 0.324878 0.484419 0.323902 0.485364 0.323902 0.486308 0.321951 0.488196 0.321951 0.499528 0.321951 0.498584 0.324878 0.495751 0.325854 0.495751 0.326829 0.496695 0.329756 0.496695 0.330732 0.497639 0.336585 0.497639 0.337561 0.496695 0.338537 0.496695 0.338537 0.483475
0 0.652683 0.88102 0.651707 0.881964 0.650732 0.881964 0.647805 0.884797 0.646829 0.884797 0.644878 0.886686 0.643902 0.886686 0.642927 0.88763 0.642927 0.90085 0.646829 0.90085 0.647805 0.899906 0.650732 0.899906 0.651707 0.90085 0.654634 0.90085 0.657561 0.898017 0.658537 0.898017 0.659512 0.897073 0.660488 0.897073 0.661463 0.896128 0.661463 0.893296 0.662439 0.892351 0.662439 0.890463 0.663415 0.889518 0.663415 0.88102
0 0.281951 0.813031 0.280976 0.813975 0.28 0.813975 0.277073 0.816808 0.275122 0.816808 0.274146 0.817753 0.273171 0.817753 0.270244 0.820585 0.269268 0.820585 0.269268 0.82153 0.266341 0.824363 0.265366 0.824363 0.263415 0.826251 0.263415 0.830973 0.268293 0.830973 0.269268 0.830028 0.272195 0.830028 0.273171 0.829084 0.275122 0.829084 0.276098 0.82814 0.277073 0.82814 0.278049 0.827195 0.279024 0.827195 0.28 0.826251 0.285854 0.826251 0.286829 0.825307 0.287805 0.826251 0.294634 0.826251 0.29561 0.827195 0.299512 0.827195 0.300488 0.826251 0.302439 0.826251 0.303415 0.825307 0.30439 0.825307 0.305366 0.824363 0.306341 0.824363 0.306341 0.81492 0.305366 0.81492 0.30439 0.813975 0.301463 0.813975 0.300488 0.813031
0 0.499512 0.661001 0.498537 0.661945 0.497561 0.661945 0.496585 0.66289 0.49561 0.66289 0.494634 0.663834 0.492683 0.663834 0.490732 0.665722 0.490732 0.666667 0.48878 0.668555 0.487805 0.668555 0.486829 0.6695 0.478049 0.6695 0.477073 0.668555 0.476098 0.668555 0.474146 0.666667 0.473171 0.666667 0.47122 0.664778 0.470244 0.664778 0.469268 0.663834 0.468293 0.663834 0.467317 0.66289 0.466341 0.66289 0.465366 0.663834 0.461463 0.663834 0.460488 0.664778 0.460488 0.668555 0.461463 0.6695 0.461463 0.677054 0.462439 0.677998 0.462439 0.678942 0.463415 0.679887 0.463415 0.680831 0.468293 0.685552 0.469268 0.685552 0.470244 0.686497 0.482927 0.686497 0.483902 0.685552 0.484878 0.685552 0.485854 0.684608 0.490732 0.684608 0.491707 0.683664 0.498537 0.683664 0.497561 0.683664 0.496585 0.68272 0.496585 0.679887 0.49561 0.678942 0.49561 0.677998 0.496585 0.677054 0.496585 0.67611 0.497561 0.675165 0.497561 0.674221 0.498537 0.673277 0.498537 0.671388 0.499512 0.670444 0.499512 0.6695 0.500488 0.668555 0.500488 0.667611 0.502439 0.665722 0.502439 0.663834 0.501463 0.66289 0.501463 0.661945 0.500488 0.661945
0 0.807805 0.605288 0.801951 0.610954 0.800976 0.610954 0.796098 0.615675 0.795122 0.615675 0.794146 0.616619 0.793171 0.616619 0.790244 0.619452 0.788293 0.619452 0.787317 0.618508 0.786341 0.618508 0.78439 0.616619 0.78439 0.615675 0.783415 0.614731 0.783415 0.613787 0.782439 0.612842 0.780488 0.612842 0.779512 0.611898 0.779512 0.619452 0.780488 0.620397 0.780488 0.621341 0.783415 0.624174 0.783415 0.625118 0.78439 0.626062 0.78439 0.627007 0.785366 0.627951 0.785366 0.630784 0.793171 0.630784 0.795122 0.628895 0.796098 0.628895 0.796098 0.627951 0.799024 0.625118 0.8 0.625118 0.811707 0.613787 0.811707 0.605288
1 0.460488 0.103872 0.460488 0.109537 0.461463 0.109537 0.463415 0.111426 0.463415 0.11237 0.466341 0.115203 0.466341 0.116147 0.472195 0.116147 0.472195 0.103872
0 0.317073 0.882908 0.317073 0.886686 0.318049 0.88763 0.318049 0.891407 0.317073 0.892351 0.317073 0.906516 0.319024 0.906516 0.320976 0.908404 0.320976 0.909348 0.326829 0.915014 0.326829 0.915958 0.327805 0.916903 0.327805 0.917847 0.328781 0.918791 0.328781 0.92068 0.329756 0.921624 0.329756 0.923513 0.330732 0.924457 0.330732 0.925401 0.331707 0.926346 0.331707 0.92729 0.332683 0.92729 0.334634 0.925401 0.33561 0.925401 0.336585 0.924457 0.337561 0.924457 0.337561 0.915014 0.336585 0.91407 0.336585 0.913126 0.33561 0.912181 0.33561 0.910293 0.334634 0.909348 0.334634 0.905571 0.333659 0.904627 0.333659 0.882908
0 0.110244 0.500472 0.108293 0.502361 0.108293 0.506138 0.109268 0.507082 0.109268 0.512748 0.108293 0.513692 0.108293 0.515581 0.10439 0.519358 0.103415 0.519358 0.102439 0.520302 0.101463 0.520302 0.100488 0.521246 0.0985366 0.521246 0.097561 0.522191 0.0965854 0.522191 0.0965854 0.532578 0.0985366 0.534467 0.0995122 0.534467 0.100488 0.535411 0.101463 0.535411 0.102439 0.536355 0.109268 0.536355 0.110244 0.535411 0.11122 0.535411 0.112195 0.534467 0.112195 0.533522 0.113171 0.532578 0.113171 0.531634 0.114146 0.530689 0.114146 0.529745 0.115122 0.528801 0.115122 0.526912 0.116098 0.525968 0.116098 0.525024 0.117073 0.524079 0.117073 0.522191 0.118049 0.521246 0.118049 0.506138 0.117073 0.505194 0.117073 0.504249 0.116098 0.503305 0.116098 0.502361 0.114146 0.500472
1 0.816585 0.959396 0.816585 0.96695 0.817561 0.96695 0.818537 0.967894 0.823415 0.967894 0.825366 0.966006 0.826341 0.966006 0.826341 0.959396
0 0.898537 0.705382 0.899512 0.706327 0.901463 0.706327 0.902439 0.707271 0.903415 0.707271 0.90439 0.708215 0.905366 0.708215 0.907317 0.710104 0.908293 0.710104 0.909268 0.711048 0.910244 0.711048 0.91122 0.711992 0.912195 0.711992 0.913171 0.712937 0.915122 0.712937 0.916098 0.713881 0.917073 0.713881 0.918049 0.714825 0.92 0.714825 0.921951 0.716714 0.922927 0.716714 0.923902 0.717658 0.924878 0.717658 0.92878 0.721435 0.92878 0.72238 0.929756 0.723324 0.929756 0.726157 0.930732 0.727101 0.930732 0.734655 0.931707 0.7356 0.932683 0.7356 0.933659 0.734655 0.936585 0.734655 0.937561 0.733711 0.938537 0.733711 0.940488 0.731822 0.940488 0.719547 0.939512 0.718602 0.939512 0.717658 0.936585 0.714825 0.93561 0.714825 0.932683 0.711992 0.931707 0.711992 0.930732 0.711048 0.929756 0.711048 0.927805 0.70916 0.926829 0.70916 0.925854 0.708215 0.922927 0.708215 0.921951 0.707271 0.92 0.707271 0.919024 0.706327 0.915122 0.706327 0.914146 0.705382
0 0.379512 0.270066 0.376585 0.272899 0.376585 0.274788 0.37561 0.275732 0.37561 0.28423 0.374634 0.285175 0.374634 0.288008 0.373659 0.288952 0.373659 0.289896 0.370732 0.292729 0.369756 0.292729 0.36878 0.293673 0.366829 0.293673 0.365854 0.294618 0.364878 0.294618 0.364878 0.299339 0.377561 0.299339 0.378537 0.298395 0.383415 0.298395 0.38439 0.29745 0.385366 0.29745 0.386341 0.296506 0.388293 0.296506 0.392195 0.292729 0.393171 0.292729 0.395122 0.29084 0.396098 0.29084 0.397073 0.289896 0.397073 0.288008 0.400976 0.28423 0.400976 0.270066
0 0.357073 0.241737 0.357073 0.266289 0.356098 0.267233 0.356098 0.269122 0.355122 0.270066 0.355122 0.27101 0.354146 0.271955 0.354146 0.274788 0.353171 0.275732 0.35122 0.275732 0.350244 0.276676 0.346341 0.276676 0.345366 0.27762 0.34439 0.27762 0.343415 0.276676 0.343415 0.275732 0.342439 0.274788 0.342439 0.27101 0.341463 0.270066 0.341463 0.265345 0.340488 0.2644 0.340488 0.25779 0.339512 0.256846 0.339512 0.252125 0.338537 0.25118 0.338537 0.250236 0.337561 0.249292 0.33561 0.249292 0.334634 0.250236 0.331707 0.250236 0.330732 0.25118 0.330732 0.253069 0.331707 0.254013 0.331707 0.255902 0.333659 0.25779 0.333659 0.260623 0.334634 0.261568 0.334634 0.268178 0.33561 0.269122 0.33561 0.273843 0.336585 0.274788 0.336585 0.281398 0.337561 0.282342 0.337561 0.28423 0.336585 0.285175 0.336585 0.286119 0.346341 0.286119 0.35122 0.281398 0.35122 0.280453 0.354146 0.27762 0.355122 0.27762 0.358049 0.274788 0.358049 0.273843 0.36 0.271955 0.36 0.270066 0.360976 0.269122 0.360976 0.268178 0.363902 0.265345 0.363902 0.263456 0.364878 0.262512 0.364878 0.261568 0.365854 0.260623 0.365854 0.259679 0.366829 0.258735 0.366829 0.25779 0.367805 0.256846 0.367805 0.255902 0.369756 0.254013 0.369756 0.245515 0.370732 0.24457 0.374634 0.24457 0.374634 0.241737
0 0.937561 0.222852 0.937561 0.22474 0.936585 0.225685 0.936585 0.228517 0.937561 0.229462 0.937561 0.236072 0.938537 0.237016 0.938537 0.240793 0.939512 0.241737 0.939512 0.243626 0.940488 0.24457 0.940488 0.248347 0.941463 0.249292 0.941463 0.253069 0.942439 0.254013 0.942439 0.256846 0.943415 0.25779 0.943415 0.258735 0.94439 0.259679 0.945366 0.259679 0.946341 0.258735 0.946341 0.25779 0.949268 0.254957 0.949268 0.254013 0.950244 0.253069 0.950244 0.246459 0.949268 0.245515 0.949268 0.24457 0.948293 0.243626 0.948293 0.241737 0.947317 0.240793 0.947317 0.235127 0.946341 0.234183 0.946341 0.227573 0.945366 0.226629 0.945366 0.225685 0.943415 0.223796 0.942439 0.223796 0.941463 0.222852
0 0.305366 0.313503 0.302439 0.316336 0.302439 0.319169 0.301463 0.320113 0.301463 0.322002 0.300488 0.322946 0.300488 0.32389 0.299512 0.324835 0.299512 0.349386 0.301463 0.347498 0.302439 0.347498 0.303415 0.346553 0.314146 0.346553 0.313171 0.346553 0.312195 0.345609 0.310244 0.345609 0.309268 0.344665 0.309268 0.34372 0.308293 0.342776 0.308293 0.315392 0.307317 0.314448 0.307317 0.313503
0 0.692683 0.508971 0.692683 0.510859 0.691707 0.511804 0.691707 0.512748 0.690732 0.513692 0.690732 0.516525 0.689756 0.517469 0.689756 0.521246 0.68878 0.522191 0.68878 0.525968 0.687805 0.526912 0.687805 0.529745 0.686829 0.530689 0.686829 0.532578 0.685854 0.533522 0.685854 0.535411 0.684878 0.536355 0.684878 0.538244 0.683902 0.539188 0.683902 0.542021 0.682927 0.542965 0.682927 0.544854 0.681951 0.545798 0.681951 0.559018 0.687805 0.559018 0.68878 0.558074 0.68878 0.557129 0.689756 0.556185 0.689756 0.552408 0.690732 0.551464 0.690732 0.550519 0.691707 0.549575 0.691707 0.547687 0.692683 0.546742 0.692683 0.544854 0.693659 0.543909 0.693659 0.539188 0.694634 0.538244 0.694634 0.536355 0.69561 0.535411 0.69561 0.531634 0.696585 0.530689 0.696585 0.526912 0.697561 0.525968 0.697561 0.524079 0.699512 0.522191 0.699512 0.508971
0 0.346341 0.954674 0.346341 0.965061 0.364878 0.965061 0.364878 0.954674
0 0.897561 0.542965 0.89561 0.544854 0.894634 0.544854 0.893659 0.545798 0.892683 0.545798 0.891707 0.546742 0.891707 0.547687 0.882927 0.556185 0.881951 0.556185 0.880976 0.557129 0.88 0.557129 0.88 0.558074 0.878049 0.559962 0.878049 0.560907 0.877073 0.561851 0.877073 0.562795 0.874146 0.565628 0.874146 0.575071 0.89561 0.575071 0.896585 0.574127 0.896585 0.573182 0.898537 0.571294 0.898537 0.570349 0.899512 0.569405 0.899512 0.568461 0.900488 0.567517 0.900488 0.559962 0.899512 0.559018 0.899512 0.557129 0.900488 0.556185 0.900488 0.552408 0.901463 0.551464 0.901463 0.542965
1 0.193171 0.700661 0.193171 0.701605 0.192195 0.70255 0.192195 0.710104 0.201951 0.710104 0.201951 0.700661
0 0.441951 0.837583 0.440976 0.838527 0.44 0.838527 0.438049 0.840415 0.437073 0.840415 0.434146 0.843248 0.434146 0.844193 0.433171 0.845137 0.433171 0.84797 0.432195 0.848914 0.432195 0.851747 0.43122 0.852691 0.43122 0.859301 0.44 0.859301 0.440976 0.858357 0.440976 0.857413 0.441951 0.856468 0.441951 0.855524 0.443902 0.853635 0.443902 0.839471
0 0.444878 0.772427 0.444878 0.776204 0.443902 0.777148 0.443902 0.807365 0.444878 0.807365 0.446829 0.805477 0.446829 0.803588 0.447805 0.802644 0.44878 0.803588 0.44878 0.809254 0.449756 0.810198 0.449756 0.811143 0.450732 0.812087 0.450732 0.813031 0.452683 0.81492 0.452683 0.816808 0.453659 0.817753 0.453659 0.820585 0.454634 0.82153 0.454634 0.823418 0.460488 0.823418 0.460488 0.790368 0.459512 0.789424 0.459512 0.787535 0.458537 0.786591 0.458537 0.785647 0.457561 0.784703 0.457561 0.782814 0.456585 0.78187 0.456585 0.779981 0.45561 0.779037 0.45561 0.77526 0.454634 0.774315 0.454634 0.772427
0 0.193171 0.00188857 0.193171 0.00472144 0.194146 0.00566572 0.194146 0.00661001 0.195122 0.0075543 0.195122 0.00849858 0.197073 0.0103872 0.199024 0.0103872 0.2 0.0113314 0.200976 0.0113314 0.201951 0.0122757 0.203902 0.0122757 0.204878 0.01322 0.206829 0.01322 0.207805 0.0141643 0.209756 0.0141643 0.210732 0.0151086 0.226341 0.0151086 0.226341 0.00188857
0 0.827317 0.475921 0.827317 0.507082 0.828293 0.508026 0.828293 0.508971 0.831219 0.511804 0.831219 0.512748 0.833171 0.514636 0.833171 0.517469 0.832195 0.518414 0.843902 0.518414 0.843902 0.512748 0.844878 0.511804 0.844878 0.508026 0.843902 0.507082 0.843902 0.505194 0.842927 0.504249 0.842927 0.503305 0.84 0.500472 0.84 0.499528 0.839024 0.498584 0.839024 0.490085 0.84 0.489141 0.84 0.488196 0.840976 0.487252 0.842927 0.487252 0.843902 0.486308 0.851707 0.486308 0.852683 0.485364 0.854634 0.485364 0.85561 0.484419 0.856585 0.484419 0.856585 0.482531 0.857561 0.481586 0.857561 0.480642 0.858537 0.479698 0.858537 0.477809 0.857561 0.477809 0.856585 0.476865 0.85561 0.476865 0.854634 0.475921 0.851707 0.475921 0.850732 0.476865 0.846829 0.476865 0.845854 0.475921
1 0.772683 0.69594 0.772683 0.70916 0.780488 0.70916 0.781463 0.708215 0.783415 0.708215 0.78439 0.707271 0.785366 0.707271 0.786341 0.706327 0.786341 0.69594
0 0.538537 0.242682 0.537561 0.243626 0.537561 0.245515 0.536585 0.246459 0.536585 0.248347 0.53561 0.249292 0.53561 0.25118 0.534634 0.252125 0.534634 0.254013 0.53561 0.254957 0.53561 0.256846 0.536585 0.25779 0.536585 0.259679 0.537561 0.260623 0.537561 0.262512 0.539512 0.2644 0.539512 0.278565 0.540488 0.279509 0.540488 0.286119 0.541463 0.287063 0.541463 0.289896 0.542439 0.29084 0.542439 0.291785 0.541463 0.292729 0.541463 0.306893 0.542439 0.307838 0.542439 0.309726 0.543415 0.31067 0.543415 0.311615 0.54439 0.312559 0.54439 0.313503 0.546341 0.313503 0.547317 0.312559 0.549268 0.312559 0.550244 0.311615 0.55122 0.311615 0.55122 0.289896 0.549268 0.288008 0.549268 0.287063 0.548293 0.286119 0.548293 0.283286 0.547317 0.282342 0.547317 0.276676 0.546341 0.275732 0.546341 0.269122 0.545366 0.268178 0.545366 0.25118 0.54439 0.250236 0.54439 0.249292 0.541463 0.246459 0.541463 0.245515
1 0.229268 0.16525 0.227317 0.167139 0.227317 0.174693 0.236098 0.174693 0.237073 0.173749 0.237073 0.16525
0 0.194146 0.496695 0.194146 0.504249 0.196098 0.506138 0.196098 0.507082 0.197073 0.508026 0.197073 0.508971 0.198049 0.509915 0.198049 0.519358 0.197073 0.520302 0.197073 0.523135 0.196098 0.524079 0.196098 0.525968 0.195122 0.526912 0.195122 0.528801 0.194146 0.529745 0.194146 0.536355 0.203902 0.536355 0.203902 0.496695
0 0.593171 0.186969 0.593171 0.187913 0.591219 0.189802 0.591219 0.190746 0.588293 0.193579 0.588293 0.194523 0.586341 0.196412 0.586341 0.197356 0.58439 0.199245 0.58439 0.200189 0.582439 0.202077 0.582439 0.203022 0.580488 0.20491 0.580488 0.205855 0.579512 0.206799 0.579512 0.207743 0.578537 0.208687 0.578537 0.209632 0.576585 0.21152 0.57561 0.21152 0.574634 0.212465 0.573659 0.212465 0.571707 0.214353 0.571707 0.225685 0.573659 0.227573 0.577561 0.227573 0.583415 0.221907 0.583415 0.220963 0.58439 0.220019 0.58439 0.219075 0.586341 0.217186 0.586341 0.216242 0.587317 0.215297 0.587317 0.213409 0.589268 0.21152 0.589268 0.210576 0.590244 0.209632 0.590244 0.208687 0.592195 0.206799 0.592195 0.205855 0.595122 0.203022 0.595122 0.202077 0.597073 0.200189 0.597073 0.199245 0.598049 0.1983 0.598049 0.197356 0.599024 0.196412 0.599024 0.195467 0.6 0.194523 0.6 0.186969
1 0.26439 0.326723 0.263415 0.327668 0.263415 0.329556 0.26439 0.3305 0.26439 0.335222 0.267317 0.338055 0.269268 0.338055 0.270244 0.33711 0.274146 0.33711 0.276098 0.335222 0.276098 0.326723
0 0.270244 0.418319 0.270244 0.427762 0.272195 0.429651 0.272195 0.430595 0.274146 0.432483 0.274146 0.434372 0.275122 0.435316 0.275122 0.443815 0.276098 0.444759 0.276098 0.457035 0.277073 0.457979 0.277073 0.460812 0.276098 0.461756 0.276098 0.466478 0.275122 0.467422 0.275122 0.468366 0.273171 0.470255 0.272195 0.470255 0.27122 0.471199 0.282927 0.471199 0.282927 0.466478 0.281951 0.465534 0.281951 0.464589 0.282927 0.463645 0.282927 0.423985 0.281951 0.423041 0.281951 0.418319
1 0.162927 0.616619 0.162927 0.623229 0.173659 0.623229 0.173659 0.616619
0 0.550244 0.738432 0.548293 0.740321 0.547317 0.740321 0.547317 0.747875 0.583415 0.747875 0.583415 0.738432
0 0.86439 0.573182 0.863415 0.574127 0.859512 0.574127 0.858537 0.575071 0.854634 0.575071 0.853659 0.576015 0.852683 0.576015 0.851707 0.576959 0.850732 0.576959 0.849756 0.577904 0.848781 0.577904 0.847805 0.578848 0.847805 0.587347 0.848781 0.587347 0.849756 0.588291 0.858537 0.588291 0.859512 0.589235 0.860488 0.589235 0.861463 0.588291 0.86439 0.588291 0.865366 0.587347 0.867317 0.587347 0.868293 0.586402 0.87122 0.586402 0.872195 0.585458 0.876098 0.585458 0.877073 0.584514 0.885854 0.584514 0.886829 0.583569 0.88878 0.583569 0.890732 0.581681 0.891707 0.581681 0.894634 0.578848 0.894634 0.576959 0.89561 0.576015 0.89561 0.574127 0.896585 0.573182
0 0.162927 0.8017 0.162927 0.816808 0.166829 0.820585 0.167805 0.820585 0.169756 0.822474 0.170732 0.822474 0.172683 0.824363 0.173659 0.824363 0.176585 0.827195 0.177561 0.827195 0.181463 0.823418 0.181463 0.8017
1 0.374634 0.655335 0.374634 0.657224 0.373659 0.658168 0.373659 0.665722 0.385366 0.665722 0.388293 0.66289 0.388293 0.655335
0 0.530732 0.865911 0.529756 0.866856 0.524878 0.866856 0.523902 0.8678 0.522927 0.8678 0.521951 0.868744 0.52 0.868744 0.519024 0.869688 0.518049 0.869688 0.516098 0.871577 0.515122 0.871577 0.512195 0.87441 0.510244 0.87441 0.509268 0.875354 0.505366 0.875354 0.50439 0.876298 0.501463 0.876298 0.500488 0.877243 0.497561 0.877243 0.496585 0.876298 0.49561 0.876298 0.49561 0.884797 0.499512 0.884797 0.500488 0.885741 0.501463 0.885741 0.502439 0.886686 0.503415 0.886686 0.50439 0.88763 0.526829 0.88763 0.527805 0.886686 0.52878 0.886686 0.529756 0.885741 0.530732 0.885741 0.531707 0.884797 0.532683 0.884797 0.533659 0.883853 0.53561 0.883853 0.536585 0.882908 0.538537 0.882908 0.539512 0.881964 0.540488 0.881964 0.541463 0.88102 0.542439 0.88102 0.545366 0.878187 0.545366 0.877243 0.55122 0.871577 0.553171 0.873466 0.554146 0.873466 0.555122 0.87441 0.557073 0.87441 0.558049 0.875354 0.56 0.875354 0.560976 0.876298 0.562927 0.876298 0.563902 0.877243 0.565854 0.877243 0.566829 0.878187 0.56878 0.878187 0.569756 0.879131 0.578537 0.879131 0.578537 0.868744 0.576585 0.868744 0.57561 0.8678 0.574634 0.8678 0.573659 0.866856 0.572683 0.866856 0.571707 0.865911
1 0.863415 0.672332 0.863415 0.684608 0.872195 0.684608 0.873171 0.683664 0.874146 0.683664 0.874146 0.68272 0.875122 0.681775 0.875122 0.672332
1 0.198049 0.603399 0.197073 0.604344 0.197073 0.605288 0.196098 0.606232 0.196098 0.611898 0.199024 0.614731 0.199024 0.615675 0.200976 0.617564 0.205854 0.617564 0.206829 0.616619 0.206829 0.603399
0 0.813659 0.464589 0.812683 0.465534 0.812683 0.472144 0.807805 0.476865 0.807805 0.478754 0.806829 0.479698 0.806829 0.481586 0.803902 0.484419 0.802927 0.484419 0.800976 0.486308 0.8 0.486308 0.799024 0.487252 0.798049 0.487252 0.792195 0.492918 0.79122 0.492918 0.790244 0.493862 0.789268 0.493862 0.788293 0.494806 0.786341 0.494806 0.785366 0.495751 0.783415 0.495751 0.778537 0.500472 0.777561 0.500472 0.772683 0.505194 0.771707 0.505194 0.770732 0.506138 0.769756 0.506138 0.764878 0.510859 0.764878 0.511804 0.763902 0.512748 0.763902 0.513692 0.762927 0.514636 0.762927 0.515581 0.763902 0.516525 0.763902 0.517469 0.766829 0.520302 0.766829 0.521246 0.769756 0.524079 0.769756 0.525024 0.771707 0.526912 0.772683 0.526912 0.776585 0.530689 0.776585 0.531634 0.777561 0.532578 0.777561 0.533522 0.776585 0.534467 0.776585 0.535411 0.77561 0.536355 0.785366 0.536355 0.785366 0.535411 0.78439 0.534467 0.78439 0.529745 0.785366 0.528801 0.785366 0.526912 0.786341 0.525968 0.786341 0.524079 0.787317 0.523135 0.787317 0.518414 0.786341 0.517469 0.786341 0.508971 0.788293 0.507082 0.788293 0.506138 0.790244 0.504249 0.79122 0.504249 0.793171 0.502361 0.794146 0.502361 0.795122 0.501416 0.796098 0.501416 0.797073 0.500472 0.798049 0.500472 0.799024 0.499528 0.8 0.499528 0.800976 0.498584 0.801951 0.498584 0.803902 0.496695 0.804878 0.496695 0.804878 0.495751 0.805854 0.494806 0.805854 0.493862 0.809756 0.490085 0.810732 0.490085 0.810732 0.489141 0.812683 0.487252 0.813659 0.487252 0.814634 0.486308 0.81561 0.486308 0.816585 0.485364 0.816585 0.464589
0 0.409756 0.200189 0.40878 0.201133 0.40878 0.20491 0.407805 0.205855 0.407805 0.208687 0.406829 0.209632 0.406829 0.210576 0.405854 0.21152 0.405854 0.212465 0.402927 0.215297 0.401951 0.214353 0.400976 0.214353 0.4 0.213409 0.399024 0.213409 0.398049 0.212465 0.394146 0.212465 0.393171 0.213409 0.393171 0.216242 0.394146 0.217186 0.394146 0.21813 0.395122 0.219075 0.395122 0.221907 0.396098 0.222852 0.396098 0.225685 0.397073 0.226629 0.397073 0.227573 0.398049 0.228517 0.398049 0.229462 0.399024 0.230406 0.399024 0.23135 0.400976 0.233239 0.400976 0.235127 0.401951 0.236072 0.401951 0.237016 0.402927 0.23796 0.402927 0.239849 0.403902 0.240793 0.403902 0.243626 0.404878 0.24457 0.404878 0.248347 0.405854 0.249292 0.405854 0.252125 0.406829 0.253069 0.406829 0.254013 0.40878 0.255902 0.40878 0.256846 0.410732 0.258735 0.410732 0.259679 0.411707 0.260623 0.412683 0.260623 0.414634 0.262512 0.41561 0.262512 0.417561 0.2644 0.418537 0.2644 0.419512 0.265345 0.420488 0.265345 0.421463 0.266289 0.422439 0.266289 0.423415 0.267233 0.426341 0.267233 0.427317 0.268178 0.428293 0.268178 0.429268 0.269122 0.43122 0.269122 0.432195 0.270066 0.433171 0.270066 0.434146 0.27101 0.435122 0.27101 0.436098 0.271955 0.438049 0.271955 0.439024 0.272899 0.44 0.272899 0.440976 0.273843 0.442927 0.273843 0.443902 0.274788 0.445854 0.274788 0.447805 0.276676 0.449756 0.276676 0.450732 0.27762 0.451707 0.27762 0.452683 0.278565 0.453659 0.278565 0.454634 0.279509 0.45561 0.279509 0.456585 0.278565 0.457561 0.278565 0.458537 0.27762 0.458537 0.27101 0.456585 0.27101 0.45561 0.270066 0.454634 0.270066 0.453659 0.269122 0.452683 0.269122 0.450732 0.267233 0.449756 0.267233 0.44878 0.266289 0.447805 0.266289 0.444878 0.263456 0.443902 0.263456 0.442927 0.262512 0.441951 0.262512 0.44 0.260623 0.439024 0.260623 0.437073 0.258735 0.436098 0.258735 0.435122 0.25779 0.434146 0.25779 0.432195 0.255902 0.43122 0.255902 0.423415 0.248347 0.423415 0.247403 0.422439 0.246459 0.422439 0.245515 0.421463 0.24457 0.421463 0.242682 0.420488 0.241737 0.420488 0.239849 0.419512 0.238905 0.419512 0.237016 0.418537 0.236072 0.418537 0.233239 0.417561 0.232295 0.417561 0.228517 0.416585 0.227573 0.416585 0.222852 0.41561 0.221907 0.41561 0.216242 0.414634 0.215297 0.414634 0.214353 0.41561 0.213409 0.41561 0.200189
1 0.807805 0.220019 0.807805 0.23135 0.817561 0.23135 0.818537 0.230406 0.819512 0.230406 0.819512 0.220019
1 0.326829 0.484419 0.326829 0.496695 0.327805 0.497639 0.334634 0.497639 0.33561 0.498584 0.340488 0.498584 0.341463 0.499528 0.343415 0.499528 0.34439 0.500472 0.34439 0.489141 0.342439 0.487252 0.342439 0.486308 0.341463 0.485364 0.341463 0.484419
0 0.218537 0.78848 0.218537 0.796034 0.222439 0.796034 0.223415 0.796978 0.225366 0.796978 0.226341 0.797923 0.227317 0.797923 0.23122 0.8017 0.23122 0.802644 0.230244 0.803588 0.230244 0.804533 0.229268 0.805477 0.229268 0.806421 0.228293 0.807365 0.228293 0.809254 0.227317 0.810198 0.227317 0.811143 0.226341 0.812087 0.226341 0.813031 0.225366 0.813975 0.225366 0.81492 0.22439 0.815864 0.22439 0.820585 0.223415 0.82153 0.22439 0.822474 0.22439 0.825307 0.226341 0.827195 0.227317 0.827195 0.228293 0.82814 0.235122 0.82153 0.235122 0.820585 0.236098 0.819641 0.236098 0.817753 0.237073 0.816808 0.237073 0.813031 0.238049 0.812087 0.238049 0.809254 0.239024 0.80831 0.239024 0.792257 0.238049 0.791313 0.238049 0.790368 0.237073 0.789424 0.236098 0.789424 0.235122 0.78848
0 0.487805 0.820585 0.487805 0.832861 0.494634 0.839471 0.494634 0.840415 0.49561 0.840415 0.497561 0.842304 0.498537 0.842304 0.499512 0.843248 0.500488 0.843248 0.501463 0.844193 0.503415 0.844193 0.50439 0.845137 0.505366 0.845137 0.506341 0.846081 0.507317 0.845137 0.509268 0.845137 0.510244 0.844193 0.512195 0.844193 0.515122 0.84136 0.515122 0.825307 0.514146 0.824363 0.514146 0.823418 0.51122 0.820585
1 0.760976 0.276676 0.760976 0.278565 0.76 0.279509 0.76 0.281398 0.758049 0.283286 0.758049 0.28423 0.763902 0.28423 0.764878 0.285175 0.765854 0.285175 0.76878 0.288008 0.769756 0.288008 0.769756 0.276676
1 0.345366 0.95373 0.345366 0.96695 0.348293 0.96695 0.349268 0.966006 0.360976 0.966006 0.361951 0.965061 0.363902 0.965061 0.364878 0.964117 0.365854 0.964117 0.366829 0.963173 0.367805 0.963173 0.36878 0.962229 0.369756 0.962229 0.370732 0.961284 0.370732 0.95373
1 0.171707 0.390935 0.169756 0.392823 0.16878 0.392823 0.16878 0.403211 0.176585 0.403211 0.178537 0.401322 0.180488 0.401322 0.181463 0.400378 0.182439 0.400378 0.182439 0.390935
1 0.937561 0.782814 0.93561 0.784703 0.93561 0.785647 0.934634 0.786591 0.934634 0.787535 0.932683 0.789424 0.932683 0.790368 0.933659 0.791313 0.933659 0.793201 0.934634 0.794145 0.934634 0.79509 0.93561 0.796034 0.93561 0.797923 0.936585 0.798867 0.936585 0.799811 0.938537 0.8017 0.939512 0.8017 0.942439 0.804533 0.943415 0.804533 0.94439 0.805477 0.952195 0.805477 0.953171 0.804533 0.954146 0.804533 0.956098 0.802644 0.956098 0.782814
0 0.354146 0.110482 0.353171 0.111426 0.352195 0.111426 0.349268 0.114259 0.349268 0.115203 0.348293 0.116147 0.348293 0.117092 0.345366 0.119924 0.345366 0.123702 0.346341 0.123702 0.347317 0.122757 0.349268 0.122757 0.350244 0.121813 0.353171 0.121813 0.354146 0.120869 0.358049 0.120869 0.359024 0.121813 0.361951 0.121813 0.362927 0.122757 0.366829 0.122757 0.367805 0.123702 0.371707 0.123702 0.372683 0.124646 0.37561 0.124646 0.376585 0.12559 0.382439 0.12559 0.383415 0.124646 0.38439 0.124646 0.38439 0.11898 0.383415 0.11898 0.381463 0.117092 0.380488 0.117092 0.373659 0.110482
1 0.726829 0.0764873 0.726829 0.0774315 0.724878 0.0793201 0.723902 0.0793201 0.722927 0.0802644 0.721951 0.0802644 0.721951 0.0868744 0.724878 0.0897073 0.724878 0.0906516 0.725854 0.0906516 0.726829 0.0897073 0.727805 0.0897073 0.728781 0.088763 0.731707 0.088763 0.732683 0.0878187 0.733659 0.0878187 0.734634 0.0868744 0.73561 0.0868744 0.736585 0.0859301 0.736585 0.0764873
1 0.199024 0.605288 0.199024 0.616619 0.206829 0.616619 0.206829 0.605288
0 0.976585 0.0500472 0.976585 0.0509915 0.974634 0.0528801 0.974634 0.0538244 0.973659 0.0547686 0.973659 0.0566572 0.972683 0.0576015 0.972683 0.0585458 0.971707 0.0594901 0.971707 0.0604344 0.970732 0.0613787 0.970732 0.0623229 0.969756 0.0632672 0.969756 0.0642115 0.968781 0.0651558 0.968781 0.068933 0.967805 0.0698772 0.967805 0.0736544 0.966829 0.0745987 0.966829 0.0774315 0.965854 0.0783758 0.965854 0.0802644 0.964878 0.0812087 0.964878 0.082153 0.963902 0.0830973 0.962927 0.0830973 0.962927 0.0982059 0.966829 0.0982059 0.967805 0.0972616 0.967805 0.0963173 0.968781 0.095373 0.969756 0.095373 0.970732 0.0944287 0.971707 0.0944287 0.973659 0.0925401 0.974634 0.0925401 0.97561 0.0915958 0.97561 0.0906516 0.977561 0.088763 0.978537 0.088763 0.979512 0.0878187 0.979512 0.0859301 0.980488 0.0849858 0.980488 0.0793201 0.981463 0.0783758 0.981463 0.0708215 0.982439 0.0698772 0.982439 0.0670444 0.983415 0.0661001 0.983415 0.0651558 0.98439 0.0642115 0.98439 0.0632672 0.986341 0.0613787 0.986341 0.0604344 0.990244 0.0566572 0.99122 0.0566572 0.99122 0.0500472
0 0.37561 0.380548 0.374634 0.381492 0.374634 0.387158 0.37561 0.388102 0.37561 0.390935 0.373659 0.392823 0.373659 0.393768 0.371707 0.395656 0.370732 0.395656 0.369756 0.396601 0.363902 0.396601 0.362927 0.397545 0.356098 0.397545 0.355122 0.396601 0.354146 0.396601 0.353171 0.395656 0.353171 0.393768 0.352195 0.392823 0.352195 0.387158 0.353171 0.386213 0.353171 0.383381 0.350244 0.383381 0.349268 0.384325 0.348293 0.384325 0.347317 0.385269 0.345366 0.385269 0.34439 0.386213 0.339512 0.386213 0.338537 0.387158 0.337561 0.386213 0.334634 0.386213 0.333659 0.385269 0.331707 0.385269 0.328781 0.388102 0.328781 0.389046 0.327805 0.389991 0.327805 0.390935 0.328781 0.391879 0.328781 0.394712 0.329756 0.395656 0.329756 0.396601 0.330732 0.397545 0.330732 0.398489 0.331707 0.398489 0.332683 0.399433 0.333659 0.399433 0.334634 0.400378 0.33561 0.400378 0.336585 0.401322 0.337561 0.401322 0.34439 0.407932 0.345366 0.407932 0.347317 0.409821 0.348293 0.409821 0.349268 0.410765 0.36878 0.410765 0.369756 0.411709 0.371707 0.411709 0.372683 0.412653 0.373659 0.412653 0.378537 0.417375 0.379512 0.417375 0.383415 0.421152 0.38439 0.421152 0.389268 0.425873 0.394146 0.425873 0.394146 0.413598 0.393171 0.412653 0.392195 0.412653 0.39122 0.411709 0.390244 0.411709 0.389268 0.410765 0.387317 0.410765 0.386341 0.409821 0.385366 0.409821 0.38439 0.408876 0.38439 0.407932 0.381463 0.405099 0.381463 0.404155 0.380488 0.403211 0.380488 0.388102 0.379512 0.387158 0.379512 0.383381 0.376585 0.380548
1 0.306341 0.467422 0.305366 0.468366 0.30439 0.468366 0.302439 0.470255 0.302439 0.471199 0.301463 0.472144 0.301463 0.474032 0.300488 0.474976 0.300488 0.476865 0.299512 0.477809 0.300488 0.478754 0.300488 0.479698 0.302439 0.481586 0.303415 0.481586 0.30439 0.482531 0.310244 0.482531 0.31122 0.481586 0.313171 0.481586 0.313171 0.467422
1 0.145366 0.461756 0.145366 0.462701 0.14439 0.463645 0.142439 0.463645 0.142439 0.473088 0.142439 0.471199 0.143415 0.470255 0.143415 0.468366 0.14439 0.467422 0.146341 0.469311 0.146341 0.470255 0.150244 0.474032 0.152195 0.474032 0.154146 0.472144 0.154146 0.461756
0 0.692683 0.406043 0.692683 0.410765 0.691707 0.411709 0.686829 0.411709 0.683902 0.414542 0.682927 0.414542 0.680976 0.416431 0.68 0.416431 0.679024 0.417375 0.677073 0.417375 0.676098 0.418319 0.675122 0.418319 0.675122 0.431539 0.676098 0.432483 0.677073 0.432483 0.679024 0.434372 0.682927 0.434372 0.683902 0.435316 0.698537 0.435316 0.699512 0.434372 0.701463 0.434372 0.702439 0.433428 0.705366 0.433428 0.705366 0.432483 0.706341 0.431539 0.706341 0.430595 0.709268 0.427762 0.709268 0.420208 0.710244 0.419263 0.710244 0.418319 0.712195 0.416431 0.712195 0.413598 0.713171 0.412653 0.713171 0.408876 0.711219 0.408876 0.710244 0.407932 0.708293 0.407932 0.706341 0.406043 0.705366 0.406043 0.70439 0.406988 0.70439 0.407932 0.703415 0.408876 0.703415 0.409821 0.699512 0.413598 0.698537 0.413598 0.697561 0.414542 0.696585 0.414542 0.69561 0.415486 0.694634 0.415486 0.693659 0.416431 0.692683 0.416431 0.691707 0.415486 0.691707 0.411709 0.692683 0.410765 0.692683 0.409821 0.693659 0.408876 0.693659 0.406043
0 0.899512 0.101039 0.899512 0.11237 0.902439 0.115203 0.90439 0.115203 0.905366 0.116147 0.906341 0.116147 0.907317 0.117092 0.910244 0.117092 0.91122 0.118036 0.914146 0.118036 0.915122 0.11898 0.916098 0.11898 0.917073 0.119924 0.92 0.119924 0.920976 0.120869 0.921951 0.120869 0.922927 0.121813 0.92878 0.121813 0.929756 0.122757 0.934634 0.122757 0.93561 0.123702 0.939512 0.123702 0.940488 0.122757 0.940488 0.114259 0.938537 0.11237 0.938537 0.111426 0.936585 0.111426 0.93561 0.110482 0.933659 0.110482 0.932683 0.109537 0.930732 0.109537 0.927805 0.106704 0.926829 0.106704 0.924878 0.104816 0.923902 0.104816 0.92 0.101039
1 0.150244 0.599622 0.150244 0.611898 0.15122 0.610954 0.153171 0.610954 0.154146 0.610009 0.160976 0.610009 0.161951 0.610954 0.163902 0.610954 0.163902 0.599622
1 0.272195 0.629839 0.27122 0.630784 0.270244 0.630784 0.270244 0.631728 0.269268 0.632672 0.269268 0.634561 0.266341 0.637394 0.266341 0.640227 0.274146 0.640227 0.278049 0.636449 0.278049 0.629839
0 0.17561 0.188857 0.173659 0.190746 0.172683 0.190746 0.171707 0.19169 0.170732 0.19169 0.169756 0.192635 0.169756 0.193579 0.16878 0.194523 0.16878 0.195467 0.165854 0.1983 0.164878 0.1983 0.163902 0.199245 0.162927 0.199245 0.161951 0.200189 0.16 0.200189 0.159024 0.201133 0.157073 0.201133 0.156098 0.202077 0.154146 0.202077 0.153171 0.203022 0.15122 0.203022 0.150244 0.203966 0.149268 0.203966 0.146341 0.206799 0.146341 0.209632 0.147317 0.210576 0.148293 0.210576 0.149268 0.21152 0.150244 0.21152 0.15122 0.212465 0.158049 0.212465 0.159024 0.21152 0.161951 0.21152 0.162927 0.210576 0.164878 0.210576 0.165854 0.209632 0.166829 0.209632 0.169756 0.206799 0.170732 0.206799 0.171707 0.205855 0.172683 0.205855 0.177561 0.201133 0.177561 0.188857
0 0.628293 0.512748 0.628293 0.513692 0.627317 0.514636 0.627317 0.515581 0.626341 0.516525 0.626341 0.518414 0.625366 0.519358 0.625366 0.520302 0.62439 0.521246 0.62439 0.522191 0.621463 0.525024 0.621463 0.525968 0.620488 0.526912 0.620488 0.528801 0.619512 0.529745 0.619512 0.531634 0.618537 0.532578 0.618537 0.533522 0.617561 0.534467 0.617561 0.535411 0.61561 0.537299 0.61561 0.538244 0.612683 0.541076 0.612683 0.542021 0.611707 0.542965 0.611707 0.543909 0.610732 0.544854 0.610732 0.546742 0.608781 0.548631 0.607805 0.548631 0.606829 0.549575 0.605854 0.549575 0.604878 0.550519 0.604878 0.551464 0.603902 0.552408 0.603902 0.553352 0.602927 0.554296 0.602927 0.555241 0.601951 0.556185 0.601951 0.558074 0.600976 0.559018 0.600976 0.559962 0.599024 0.561851 0.599024 0.577904 0.601951 0.575071 0.602927 0.575071 0.610732 0.567517 0.610732 0.566572 0.612683 0.564684 0.612683 0.563739 0.614634 0.561851 0.614634 0.560907 0.616585 0.559018 0.616585 0.558074 0.620488 0.554296 0.620488 0.553352 0.626341 0.547687 0.626341 0.546742 0.627317 0.545798 0.627317 0.544854 0.628293 0.543909 0.628293 0.535411 0.627317 0.534467 0.627317 0.533522 0.628293 0.532578
0 0.277073 0.280453 0.276098 0.281398 0.275122 0.281398 0.274146 0.282342 0.273171 0.282342 0.27122 0.28423 0.27122 0.29745 0.272195 0.298395 0.272195 0.299339 0.274146 0.301228 0.275122 0.300283 0.292683 0.300283 0.29561 0.29745 0.29561 0.296506 0.296585 0.295562 0.296585 0.293673 0.298537 0.291785 0.298537 0.29084 0.299512 0.289896 0.299512 0.288952 0.300488 0.288008 0.300488 0.287063 0.302439 0.285175 0.302439 0.28423 0.306341 0.280453 0.293659 0.280453 0.292683 0.281398 0.285854 0.281398 0.284878 0.280453
1 0.34439 0.860246 0.34439 0.873466 0.355122 0.873466 0.355122 0.860246
0 0.0487805 0.333333 0.0468293 0.335222 0.0468293 0.336166 0.0458537 0.33711 0.0458537 0.338055 0.044878 0.338999 0.044878 0.340888 0.0439024 0.341832 0.0439024 0.34372 0.0429268 0.344665 0.0429268 0.352219 0.0478049 0.356941 0.0487805 0.356941 0.0497561 0.357885 0.0507317 0.357885 0.0517073 0.358829 0.0556098 0.358829 0.0565854 0.359773 0.0604878 0.359773 0.0634146 0.356941 0.0634146 0.333333
1 0.0634146 0.0849858 0.0634146 0.116147 0.0653659 0.118036 0.0663415 0.118036 0.0673171 0.11898 0.0682927 0.11898 0.0692683 0.119924 0.0712195 0.119924 0.0721951 0.120869 0.0790244 0.120869 0.08 0.119924 0.0809756 0.119924 0.0858537 0.115203 0.0858537 0.111426 0.084878 0.110482 0.084878 0.108593 0.0790244 0.102927 0.0790244 0.101983 0.0829268 0.0982059 0.0839024 0.0982059 0.084878 0.0972616 0.0868293 0.0972616 0.0887805 0.0991501 0.0887805 0.100094 0.0917073 0.102927 0.0917073 0.108593 0.0936585 0.110482 0.0936585 0.111426 0.0936585 0.0906516 0.0907317 0.0878187 0.0897561 0.0878187 0.0887805 0.0868744 0.0887805 0.0859301 0.0878049 0.0849858
0 0.651707 0.16525 0.651707 0.17186 0.65561 0.175637 0.65561 0.176582 0.656585 0.177526 0.656585 0.179415 0.657561 0.180359 0.657561 0.194523 0.656585 0.195467 0.656585 0.203966 0.657561 0.20491 0.657561 0.206799 0.659512 0.208687 0.660488 0.208687 0.661463 0.209632 0.661463 0.210576 0.662439 0.21152 0.662439 0.213409 0.663415 0.214353 0.663415 0.216242 0.66439 0.217186 0.66439 0.21813 0.665366 0.219075 0.665366 0.22474 0.66439 0.225685 0.66439 0.227573 0.663415 0.228517 0.663415 0.229462 0.662439 0.230406 0.661463 0.230406 0.659512 0.232295 0.658537 0.232295 0.657561 0.233239 0.656585 0.233239 0.65561 0.234183 0.654634 0.234183 0.649756 0.238905 0.64878 0.238905 0.647805 0.239849 0.645854 0.239849 0.644878 0.240793 0.642927 0.240793 0.657561 0.240793 0.658537 0.239849 0.660488 0.239849 0.665366 0.235127 0.667317 0.235127 0.668293 0.234183 0.668293 0.199245 0.667317 0.1983 0.667317 0.194523 0.666341 0.193579 0.666341 0.187913 0.665366 0.186969 0.665366 0.184136 0.66439 0.183192 0.66439 0.180359 0.663415 0.179415 0.663415 0.170916 0.665366 0.169027 0.665366 0.168083 0.668293 0.16525
0 0.506341 0.426818 0.505366 0.427762 0.505366 0.428706 0.508293 0.431539 0.508293 0.433428 0.509268 0.434372 0.509268 0.435316 0.514146 0.440038 0.514146 0.440982 0.515122 0.441926 0.515122 0.443815 0.516098 0.444759 0.516098 0.445704 0.517073 0.446648 0.517073 0.447592 0.516098 0.448536 0.516098 0.450425 0.513171 0.453258 0.51122 0.453258 0.510244 0.454202 0.508293 0.454202 0.507317 0.455146 0.492683 0.455146 0.491707 0.456091 0.490732 0.456091 0.489756 0.457035 0.487805 0.457035 0.486829 0.457979 0.484878 0.457979 0.483902 0.458924 0.480976 0.458924 0.480976 0.461756 0.48 0.462701 0.48 0.465534 0.480976 0.465534 0.481951 0.466478 0.482927 0.466478 0.483902 0.467422 0.507317 0.467422 0.508293 0.468366 0.517073 0.468366 0.518049 0.469311 0.532683 0.469311 0.533659 0.470255 0.534634 0.470255 0.53561 0.471199 0.536585 0.471199 0.537561 0.472144 0.538537 0.472144 0.539512 0.473088 0.539512 0.474032 0.542439 0.476865 0.542439 0.478754 0.543415 0.479698 0.543415 0.480642 0.54439 0.481586 0.54439 0.485364 0.545366 0.486308 0.545366 0.496695 0.546341 0.497639 0.546341 0.498584 0.547317 0.499528 0.547317 0.500472 0.548293 0.501416 0.548293 0.502361 0.552195 0.506138 0.566829 0.506138 0.566829 0.495751 0.565854 0.496695 0.563902 0.496695 0.562927 0.495751 0.562927 0.492918 0.561951 0.491974 0.561951 0.489141 0.560976 0.488196 0.560976 0.486308 0.56 0.485364 0.56 0.484419 0.557073 0.481586 0.557073 0.480642 0.556098 0.479698 0.556098 0.478754 0.555122 0.477809 0.555122 0.476865 0.554146 0.475921 0.554146 0.474976 0.553171 0.474032 0.553171 0.473088 0.55122 0.471199 0.55122 0.470255 0.550244 0.470255 0.543415 0.463645 0.542439 0.463645 0.539512 0.460812 0.538537 0.460812 0.536585 0.458924 0.536585 0.457035 0.53561 0.456091 0.53561 0.454202 0.533659 0.452314 0.533659 0.450425 0.532683 0.449481 0.532683 0.447592 0.530732 0.445704 0.52878 0.445704 0.527805 0.444759 0.526829 0.444759 0.523902 0.441926 0.523902 0.440038 0.519024 0.435316 0.519024 0.434372 0.518049 0.434372 0.513171 0.429651 0.513171 0.428706 0.512195 0.427762 0.508293 0.427762 0.507317 0.426818
1 0.921951 0.608121 0.921951 0.621341 0.932683 0.621341 0.933659 0.620397 0.933659 0.608121
1 0.737561 0.899906 0.73561 0.901794 0.734634 0.901794 0.733659 0.902738 0.733659 0.917847 0.745366 0.917847 0.746341 0.916903 0.747317 0.916903 0.75122 0.913126 0.753171 0.913126 0.754146 0.912181 0.755122 0.912181 0.755122 0.899906
0 0.773659 0.460812 0.771707 0.462701 0.770732 0.462701 0.76878 0.464589 0.76878 0.467422 0.767805 0.468366 0.767805 0.470255 0.766829 0.471199 0.766829 0.473088 0.767805 0.474032 0.767805 0.480642 0.76878 0.481586 0.76878 0.484419 0.770732 0.486308 0.771707 0.486308 0.772683 0.487252 0.774634 0.487252 0.77561 0.488196 0.777561 0.488196 0.778537 0.487252 0.779512 0.487252 0.781463 0.485364 0.782439 0.485364 0.783415 0.484419 0.78439 0.484419 0.78439 0.475921 0.781463 0.473088 0.781463 0.472144 0.780488 0.471199 0.780488 0.468366 0.779512 0.467422 0.779512 0.460812
1 0.353171 0.437205 0.353171 0.442871 0.352195 0.443815 0.352195 0.446648 0.35122 0.447592 0.35122 0.456091 0.36 0.456091 0.362927 0.453258 0.363902 0.453258 0.364878 0.452314 0.364878 0.451369 0.366829 0.449481 0.366829 0.437205
0 0.225366 0.548631 0.226341 0.549575 0.226341 0.550519 0.227317 0.551464 0.227317 0.553352 0.226341 0.554296 0.226341 0.558074 0.225366 0.559018 0.225366 0.561851 0.22439 0.562795 0.22439 0.565628 0.223415 0.566572 0.223415 0.576015 0.22439 0.576959 0.22439 0.581681 0.225366 0.582625 0.225366 0.584514 0.226341 0.585458 0.226341 0.586402 0.23122 0.591124 0.232195 0.591124 0.234146 0.593012 0.238049 0.593012 0.239024 0.592068 0.240976 0.592068 0.242927 0.590179 0.242927 0.583569 0.241951 0.583569 0.238049 0.579792 0.238049 0.578848 0.237073 0.577904 0.237073 0.573182 0.236098 0.572238 0.236098 0.571294 0.237073 0.570349 0.237073 0.569405 0.238049 0.568461 0.238049 0.567517 0.24 0.565628 0.24 0.556185 0.239024 0.555241 0.239024 0.554296 0.238049 0.553352 0.238049 0.552408 0.237073 0.551464 0.236098 0.551464 0.233171 0.548631
0 0.644878 0.16525 0.644878 0.166195 0.647805 0.169027 0.647805 0.169972 0.65561 0.177526 0.65561 0.17847 0.656585 0.179415 0.656585 0.196412 0.65561 0.197356 0.65561 0.201133 0.654634 0.202077 0.654634 0.20491 0.656585 0.206799 0.659512 0.206799 0.660488 0.207743 0.662439 0.207743 0.66439 0.209632 0.66439 0.215297 0.667317 0.215297 0.667317 0.200189 0.666341 0.199245 0.666341 0.186025 0.665366 0.18508 0.665366 0.181303 0.66439 0.180359 0.66439 0.17847 0.663415 0.177526 0.66439 0.176582 0.66439 0.17186 0.665366 0.170916 0.665366 0.169972 0.667317 0.168083 0.667317 0.16525
0 0.178537 0.108593 0.178537 0.116147 0.172683 0.121813 0.172683 0.135033 0.173659 0.135977 0.173659 0.137866 0.174634 0.13881 0.174634 0.140699 0.17561 0.141643 0.17561 0.147309 0.174634 0.148253 0.174634 0.15203 0.173659 0.152975 0.173659 0.157696 0.172683 0.15864 0.172683 0.175637 0.180488 0.175637 0.180488 0.173749 0.181463 0.172805 0.181463 0.17186 0.182439 0.170916 0.182439 0.169972 0.183415 0.169027 0.183415 0.168083 0.18439 0.167139 0.18439 0.16525 0.185366 0.164306 0.185366 0.162417 0.186341 0.161473 0.186341 0.160529 0.187317 0.159585 0.187317 0.157696 0.188293 0.156752 0.188293 0.154863 0.189268 0.153919 0.189268 0.15203 0.190244 0.151086 0.190244 0.108593
0 0.842927 0.523135 0.841951 0.524079 0.840976 0.524079 0.84 0.525024 0.84 0.525968 0.839024 0.526912 0.84 0.527856 0.841951 0.527856 0.846829 0.532578 0.846829 0.533522 0.848781 0.535411 0.849756 0.535411 0.850732 0.536355 0.851707 0.536355 0.85561 0.540132 0.856585 0.540132 0.857561 0.541076 0.858537 0.541076 0.859512 0.542021 0.861463 0.542021 0.862439 0.542965 0.865366 0.542965 0.866341 0.543909 0.868293 0.543909 0.869268 0.544854 0.870244 0.544854 0.87122 0.545798 0.872195 0.545798 0.873171 0.546742 0.875122 0.546742 0.876098 0.547687 0.882927 0.547687 0.883902 0.546742 0.882927 0.545798 0.882927 0.544854 0.881951 0.543909 0.881951 0.542965 0.880976 0.542021 0.880976 0.540132 0.88 0.540132 0.878049 0.538244 0.877073 0.538244 0.876098 0.537299 0.874146 0.537299 0.873171 0.536355 0.872195 0.536355 0.870244 0.534467 0.869268 0.534467 0.868293 0.533522 0.867317 0.533522 0.866341 0.532578 0.865366 0.532578 0.86439 0.531634 0.863415 0.531634 0.862439 0.530689 0.860488 0.530689 0.859512 0.529745 0.858537 0.529745 0.857561 0.528801 0.856585 0.528801 0.854634 0.526912 0.853659 0.526912 0.852683 0.525968 0.851707 0.525968 0.850732 0.525024 0.849756 0.525024 0.847805 0.523135
1 0.820488 0.614731 0.81561 0.619452 0.814634 0.619452 0.814634 0.628895 0.81561 0.629839 0.81561 0.630784 0.816585 0.631728 0.818537 0.631728 0.819512 0.632672 0.823415 0.632672 0.82439 0.631728 0.825366 0.631728 0.826341 0.630784 0.828293 0.630784 0.829268 0.629839 0.830244 0.629839 0.831219 0.628895 0.832195 0.628895 0.832195 0.614731
0 0.00097561 0.729934 0.00097561 0.762984 0.00878049 0.762984 0.00780488 0.76204 0.00780488 0.759207 0.00878049 0.758263 0.00878049 0.729934
1 0.54439 0.539188 0.54439 0.548631 0.545366 0.549575 0.546341 0.549575 0.547317 0.550519 0.548293 0.550519 0.549268 0.551464 0.552195 0.551464 0.553171 0.550519 0.554146 0.550519 0.555122 0.549575 0.555122 0.539188
0 0.937561 0.234183 0.937561 0.236072 0.938537 0.237016 0.938537 0.242682 0.939512 0.243626 0.939512 0.246459 0.940488 0.247403 0.940488 0.252125 0.941463 0.253069 0.941463 0.258735 0.94439 0.261568 0.945366 0.261568 0.947317 0.259679 0.947317 0.258735 0.949268 0.256846 0.949268 0.243626 0.948293 0.242682 0.948293 0.240793 0.947317 0.239849 0.947317 0.235127 0.946341 0.234183
0 0.226341 0.557129 0.226341 0.558074 0.225366 0.559018 0.225366 0.560907 0.22439 0.561851 0.22439 0.563739 0.223415 0.564684 0.223415 0.568461 0.222439 0.569405 0.222439 0.573182 0.223415 0.574127 0.223415 0.578848 0.22439 0.579792 0.22439 0.583569 0.225366 0.584514 0.225366 0.585458 0.226341 0.586402 0.226341 0.587347 0.229268 0.590179 0.230244 0.590179 0.232195 0.592068 0.233171 0.592068 0.235122 0.593957 0.236098 0.593012 0.239024 0.593012 0.239024 0.579792 0.237073 0.577904 0.237073 0.576015 0.238049 0.575071 0.238049 0.572238 0.239024 0.571294 0.239024 0.557129
1 0.591219 0.64967 0.589268 0.651558 0.588293 0.651558 0.587317 0.652502 0.585366 0.652502 0.585366 0.653447 0.590244 0.658168 0.595122 0.658168 0.595122 0.64967
0 0.27122 0.287063 0.27122 0.288008 0.270244 0.288952 0.270244 0.308782 0.27122 0.309726 0.272195 0.309726 0.275122 0.312559 0.276098 0.312559 0.279024 0.315392 0.28 0.315392 0.280976 0.316336 0.281951 0.316336 0.282927 0.31728 0.302439 0.31728 0.302439 0.305005 0.289756 0.305005 0.28878 0.30406 0.284878 0.30406 0.282927 0.302172 0.283902 0.301228 0.284878 0.301228 0.285854 0.300283 0.286829 0.300283 0.287805 0.299339 0.28878 0.299339 0.289756 0.298395 0.290732 0.298395 0.291707 0.29745 0.293659 0.29745 0.294634 0.296506 0.296585 0.296506 0.291707 0.291785 0.291707 0.289896 0.290732 0.288952 0.290732 0.288008 0.289756 0.287063
0 0.302439 0.0944287 0.301463 0.095373 0.301463 0.0963173 0.300488 0.0972616 0.300488 0.0982059 0.299512 0.0991501 0.299512 0.100094 0.296585 0.102927 0.296585 0.103872 0.294634 0.10576 0.294634 0.106704 0.292683 0.108593 0.293659 0.109537 0.293659 0.110482 0.294634 0.111426 0.294634 0.11237 0.297561 0.115203 0.298537 0.115203 0.299512 0.116147 0.300488 0.116147 0.301463 0.117092 0.302439 0.117092 0.303415 0.118036 0.30439 0.118036 0.305366 0.11898 0.307317 0.11898 0.310244 0.116147 0.310244 0.115203 0.31122 0.114259 0.31122 0.113314 0.312195 0.11237 0.312195 0.110482 0.313171 0.109537 0.313171 0.108593 0.317073 0.104816 0.326829 0.104816 0.327805 0.10576 0.340488 0.10576 0.341463 0.104816 0.34439 0.104816 0.345366 0.103872 0.347317 0.103872 0.348293 0.102927 0.349268 0.102927 0.349268 0.101983 0.348293 0.101039 0.348293 0.100094 0.347317 0.0991501 0.347317 0.0982059 0.346341 0.0972616 0.346341 0.0963173 0.345366 0.0963173 0.34439 0.095373 0.343415 0.095373 0.342439 0.0944287
0 0.36878 0.361662 0.36878 0.362606 0.367805 0.363551 0.367805 0.364495 0.366829 0.365439 0.366829 0.367328 0.365854 0.368272 0.365854 0.369216 0.36 0.374882 0.358049 0.374882 0.357073 0.375826 0.356098 0.375826 0.353171 0.378659 0.352195 0.378659 0.350244 0.380548 0.349268 0.380548 0.347317 0.382436 0.346341 0.382436 0.345366 0.383381 0.34439 0.383381 0.343415 0.384325 0.341463 0.384325 0.340488 0.385269 0.338537 0.385269 0.337561 0.386213 0.336585 0.385269 0.331707 0.385269 0.330732 0.386213 0.328781 0.386213 0.327805 0.387158 0.326829 0.387158 0.324878 0.389046 0.324878 0.392823 0.325854 0.393768 0.325854 0.398489 0.324878 0.399433 0.324878 0.400378 0.323902 0.401322 0.323902 0.405099 0.322927 0.406043 0.322927 0.406988 0.320976 0.408876 0.319024 0.408876 0.321951 0.408876 0.322927 0.409821 0.324878 0.409821 0.325854 0.408876 0.326829 0.408876 0.328781 0.406988 0.330732 0.406988 0.331707 0.406043 0.332683 0.406043 0.333659 0.405099 0.336585 0.405099 0.337561 0.404155 0.339512 0.404155 0.340488 0.405099 0.34439 0.405099 0.345366 0.406043 0.346341 0.406043 0.349268 0.408876 0.350244 0.408876 0.35122 0.409821 0.369756 0.409821 0.370732 0.410765 0.372683 0.410765 0.373659 0.411709 0.374634 0.411709 0.37561 0.412653 0.37561 0.413598 0.377561 0.415486 0.378537 0.415486 0.379512 0.416431 0.380488 0.416431 0.381463 0.417375 0.382439 0.417375 0.387317 0.422096 0.387317 0.415486 0.386341 0.414542 0.385366 0.414542 0.38439 0.413598 0.383415 0.413598 0.382439 0.412653 0.381463 0.412653 0.378537 0.409821 0.378537 0.404155 0.377561 0.403211 0.377561 0.401322 0.376585 0.400378 0.373659 0.400378 0.372683 0.401322 0.370732 0.401322 0.369756 0.400378 0.36878 0.400378 0.367805 0.399433 0.365854 0.399433 0.364878 0.398489 0.354146 0.398489 0.353171 0.397545 0.35122 0.397545 0.350244 0.396601 0.35122 0.395656 0.352195 0.395656 0.353171 0.394712 0.353171 0.393768 0.354146 0.392823 0.354146 0.391879 0.355122 0.390935 0.355122 0.389991 0.360976 0.384325 0.360976 0.383381 0.364878 0.379603 0.365854 0.379603 0.367805 0.377715 0.367805 0.376771 0.370732 0.373938 0.370732 0.372993 0.371707 0.372049 0.371707 0.371105 0.37561 0.367328 0.379512 0.367328 0.380488 0.366383 0.385366 0.366383 0.386341 0.365439 0.387317 0.365439 0.387317 0.361662
1 0.00487805 0.751652 0.00487805 0.76865 0.00780488 0.771483 0.00878049 0.771483 0.0097561 0.772427 0.0107317 0.772427 0.0117073 0.773371 0.0136585 0.773371 0.0146341 0.774315 0.0156098 0.774315 0.0165854 0.77526 0.0185366 0.77526 0.0195122 0.776204 0.0312195 0.776204 0.0321951 0.77526 0.035122 0.77526 0.0360976 0.774315 0.0370732 0.774315 0.0380488 0.773371 0.0390244 0.773371 0.04 0.772427 0.0409756 0.772427 0.0429268 0.770538 0.0429268 0.769594 0.0468293 0.765817 0.0478049 0.765817 0.0478049 0.751652 0.0370732 0.751652 0.0360976 0.752597 0.0360976 0.753541 0.035122 0.754485 0.035122 0.757318 0.0312195 0.761095 0.0292683 0.761095 0.0282927 0.76204 0.0214634 0.76204 0.0204878 0.761095 0.017561 0.761095 0.0165854 0.760151 0.0146341 0.760151 0.0126829 0.758263 0.0126829 0.757318 0.0117073 0.756374 0.0117073 0.75543 0.0107317 0.754485 0.0107317 0.752597 0.0097561 0.751652
1 0.0712195 0.918791 0.0712195 0.925401 0.0721951 0.926346 0.0721951 0.92729 0.0770732 0.932011 0.0790244 0.932011 0.08 0.932956 0.0809756 0.932956 0.0819512 0.932011 0.0829268 0.932011 0.084878 0.930123 0.084878 0.918791
1 0.850732 0.7356 0.849756 0.736544 0.849756 0.741265 0.850732 0.74221 0.850732 0.743154 0.854634 0.746931 0.85561 0.745987 0.857561 0.745987 0.858537 0.745043 0.860488 0.745043 0.860488 0.737488 0.859512 0.737488 0.858537 0.736544 0.857561 0.736544 0.856585 0.7356
0 0.36878 0.598678 0.367805 0.599622 0.366829 0.599622 0.363902 0.602455 0.360976 0.602455 0.36 0.603399 0.358049 0.603399 0.357073 0.604344 0.357073 0.617564 0.358049 0.618508 0.358049 0.620397 0.359024 0.621341 0.359024 0.624174 0.36 0.625118 0.36 0.628895 0.360976 0.629839 0.360976 0.630784 0.361951 0.631728 0.361951 0.633617 0.362927 0.634561 0.362927 0.635505 0.363902 0.636449 0.363902 0.637394 0.364878 0.638338 0.364878 0.639282 0.366829 0.641171 0.366829 0.642115 0.367805 0.643059 0.367805 0.644004 0.36878 0.644948 0.36878 0.645892 0.372683 0.64967 0.373659 0.64967 0.374634 0.650614 0.385366 0.650614 0.387317 0.648725 0.387317 0.647781 0.388293 0.646837 0.388293 0.644948 0.387317 0.644004 0.387317 0.643059 0.386341 0.642115 0.386341 0.641171 0.385366 0.640227 0.385366 0.637394 0.38439 0.636449 0.38439 0.633617 0.385366 0.632672 0.385366 0.631728 0.390244 0.627007 0.390244 0.626062 0.39122 0.625118 0.39122 0.603399 0.386341 0.598678
1 0.854634 0.646837 0.854634 0.661001 0.857561 0.658168 0.858537 0.658168 0.859512 0.657224 0.868293 0.657224 0.869268 0.658168 0.870244 0.658168 0.87122 0.659112 0.87122 0.660057 0.873171 0.661945 0.874146 0.661001 0.874146 0.650614 0.872195 0.648725 0.87122 0.648725 0.870244 0.647781 0.869268 0.647781 0.868293 0.646837
0 0.205854 0.868744 0.205854 0.869688 0.206829 0.870633 0.206829 0.871577 0.20878 0.873466 0.20878 0.878187 0.209756 0.879131 0.209756 0.88102 0.212683 0.883853 0.211707 0.884797 0.210732 0.884797 0.209756 0.885741 0.20878 0.885741 0.20878 0.886686 0.203902 0.891407 0.202927 0.891407 0.202927 0.917847 0.222439 0.917847 0.222439 0.916903 0.221463 0.915958 0.221463 0.915014 0.21561 0.909348 0.21561 0.906516 0.214634 0.905571 0.214634 0.901794 0.217561 0.898961 0.218537 0.898961 0.220488 0.897073 0.221463 0.897073 0.225366 0.893296 0.225366 0.892351 0.226341 0.891407 0.226341 0.890463 0.228293 0.888574 0.229268 0.888574 0.230244 0.88763 0.23122 0.88763 0.232195 0.886686 0.235122 0.886686 0.236098 0.885741 0.24 0.885741 0.240976 0.884797 0.241951 0.884797 0.242927 0.883853 0.244878 0.883853 0.245854 0.882908 0.245854 0.870633 0.244878 0.869688 0.24 0.869688 0.239024 0.870633 0.238049 0.870633 0.236098 0.872521 0.233171 0.872521 0.232195 0.873466 0.228293 0.873466 0.227317 0.872521 0.225366 0.872521 0.22439 0.871577 0.223415 0.871577 0.222439 0.870633 0.219512 0.870633 0.218537 0.869688 0.216585 0.869688 0.21561 0.868744
1 0.196098 0.766761 0.195122 0.767705 0.194146 0.767705 0.193171 0.76865 0.193171 0.77526 0.194146 0.776204 0.194146 0.778093 0.195122 0.779037 0.195122 0.780925 0.196098 0.78187 0.196098 0.782814 0.198049 0.782814 0.199024 0.78187 0.203902 0.78187 0.205854 0.779981 0.205854 0.767705 0.204878 0.766761
0 0.197073 0.673277 0.196098 0.674221 0.195122 0.674221 0.195122 0.681775 0.196098 0.68272 0.197073 0.68272 0.198049 0.683664 0.2 0.683664 0.200976 0.684608 0.201951 0.684608 0.202927 0.685552 0.205854 0.685552 0.206829 0.686497 0.210732 0.686497 0.211707 0.685552 0.212683 0.685552 0.214634 0.683664 0.21561 0.683664 0.216585 0.68272 0.219512 0.68272 0.220488 0.681775 0.222439 0.681775 0.222439 0.673277
0 0.867317 0.839471 0.866341 0.840415 0.866341 0.842304 0.865366 0.843248 0.865366 0.845137 0.86439 0.846081 0.86439 0.84797 0.865366 0.848914 0.865366 0.849858 0.866341 0.850803 0.867317 0.850803 0.867317 0.849858 0.868293 0.848914 0.868293 0.846081 0.869268 0.845137 0.869268 0.843248 0.870244 0.842304 0.870244 0.84136 0.87122 0.840415 0.872195 0.840415 0.87122 0.840415 0.870244 0.839471
1 0.044878 0.0557129 0.044878 0.0632672 0.0478049 0.0632672 0.0487805 0.0642115 0.0546341 0.0642115 0.0556098 0.0632672 0.0556098 0.0557129
0 0.644878 0.406988 0.642927 0.408876 0.641951 0.408876 0.641951 0.409821 0.640976 0.410765 0.640976 0.411709 0.64 0.412653 0.64 0.413598 0.639024 0.414542 0.639024 0.415486 0.638049 0.416431 0.638049 0.417375 0.637073 0.418319 0.637073 0.419263 0.636098 0.420208 0.636098 0.440038 0.637073 0.440982 0.637073 0.441926 0.638049 0.442871 0.638049 0.443815 0.645854 0.451369 0.645854 0.452314 0.646829 0.453258 0.646829 0.474032 0.647805 0.474976 0.647805 0.477809 0.64878 0.478754 0.64878 0.479698 0.649756 0.480642 0.656585 0.480642 0.656585 0.450425 0.654634 0.448536 0.653659 0.448536 0.652683 0.447592 0.652683 0.445704 0.651707 0.444759 0.651707 0.434372 0.652683 0.433428 0.652683 0.432483 0.653659 0.431539 0.653659 0.430595 0.65561 0.428706 0.65561 0.422096 0.654634 0.421152 0.654634 0.416431 0.653659 0.415486 0.653659 0.412653 0.652683 0.411709 0.652683 0.409821 0.651707 0.408876 0.651707 0.407932 0.650732 0.406988
0 0.406829 0.169027 0.407805 0.169972 0.40878 0.169972 0.409756 0.170916 0.409756 0.17186 0.410732 0.172805 0.410732 0.176582 0.411707 0.177526 0.407805 0.181303 0.407805 0.182247 0.406829 0.183192 0.406829 0.184136 0.405854 0.18508 0.405854 0.187913 0.404878 0.188857 0.404878 0.201133 0.403902 0.202077 0.403902 0.210576 0.402927 0.21152 0.402927 0.213409 0.401951 0.214353 0.401951 0.216242 0.402927 0.217186 0.402927 0.237016 0.403902 0.23796 0.403902 0.241737 0.404878 0.242682 0.404878 0.246459 0.405854 0.247403 0.405854 0.248347 0.40878 0.25118 0.412683 0.25118 0.413659 0.252125 0.41561 0.252125 0.417561 0.250236 0.417561 0.242682 0.416585 0.241737 0.416585 0.238905 0.41561 0.23796 0.41561 0.235127 0.414634 0.234183 0.414634 0.232295 0.413659 0.23135 0.413659 0.230406 0.412683 0.229462 0.412683 0.228517 0.411707 0.227573 0.411707 0.220963 0.413659 0.219075 0.413659 0.21813 0.414634 0.217186 0.414634 0.215297 0.41561 0.214353 0.41561 0.213409 0.416585 0.212465 0.416585 0.21152 0.418537 0.209632 0.418537 0.208687 0.419512 0.207743 0.419512 0.206799 0.420488 0.205855 0.420488 0.203966 0.421463 0.203022 0.421463 0.202077 0.420488 0.201133 0.420488 0.200189 0.419512 0.199245 0.419512 0.1983 0.418537 0.197356 0.418537 0.192635 0.417561 0.19169 0.417561 0.189802 0.419512 0.187913 0.419512 0.186969 0.422439 0.184136 0.423415 0.184136 0.423415 0.180359 0.422439 0.179415 0.422439 0.169027
0 0.865366 0.840415 0.86439 0.84136 0.86439 0.842304 0.860488 0.846081 0.858537 0.846081 0.858537 0.851747 0.860488 0.853635 0.860488 0.85458 0.862439 0.856468 0.862439 0.857413 0.867317 0.862134 0.869268 0.862134 0.870244 0.863078 0.872195 0.863078 0.873171 0.864023 0.877073 0.864023 0.878049 0.864967 0.88 0.864967 0.880976 0.864023 0.880976 0.862134 0.881951 0.86119 0.881951 0.858357 0.88 0.856468 0.879024 0.856468 0.878049 0.855524 0.877073 0.855524 0.876098 0.85458 0.875122 0.85458 0.874146 0.853635 0.873171 0.853635 0.872195 0.852691 0.872195 0.851747 0.87122 0.850803 0.87122 0.848914 0.870244 0.84797 0.870244 0.844193 0.87122 0.843248 0.87122 0.842304 0.872195 0.84136 0.872195 0.840415
0 0.0673171 0.574127 0.0663415 0.575071 0.0643902 0.575071 0.0634146 0.576015 0.062439 0.576015 0.0614634 0.576959 0.0604878 0.576959 0.0595122 0.577904 0.0585366 0.577904 0.057561 0.578848 0.0565854 0.578848 0.0556098 0.579792 0.0546341 0.579792 0.0536585 0.580737 0.0526829 0.580737 0.0517073 0.581681 0.0507317 0.581681 0.0487805 0.583569 0.0478049 0.583569 0.044878 0.586402 0.0439024 0.586402 0.0439024 0.597734 0.0497561 0.597734 0.0517073 0.595845 0.0526829 0.595845 0.0536585 0.594901 0.0546341 0.594901 0.0556098 0.593957 0.0565854 0.593957 0.057561 0.593012 0.0585366 0.593012 0.0595122 0.592068 0.0604878 0.592068 0.0614634 0.591124 0.0634146 0.591124 0.0643902 0.590179 0.0653659 0.590179 0.0663415 0.589235 0.0702439 0.589235 0.0712195 0.590179 0.0741463 0.590179 0.075122 0.591124 0.0760976 0.591124 0.0770732 0.592068 0.0780488 0.592068 0.0790244 0.593012 0.0829268 0.593012 0.0839024 0.593957 0.0868293 0.593957 0.0878049 0.593012 0.0887805 0.593012 0.0907317 0.591124 0.0917073 0.591124 0.0926829 0.590179 0.0936585 0.590179 0.0956098 0.588291 0.0956098 0.574127
1 0.92878 0.80831 0.92878 0.818697 0.932683 0.822474 0.933659 0.822474 0.937561 0.826251 0.938537 0.826251 0.939512 0.827195 0.951219 0.827195 0.952195 0.826251 0.953171 0.826251 0.954146 0.825307 0.955122 0.825307 0.956098 0.824363 0.956098 0.818697 0.954146 0.818697 0.953171 0.817753 0.950244 0.817753 0.949268 0.816808 0.947317 0.816808 0.946341 0.815864 0.94439 0.815864 0.943415 0.81492 0.943415 0.813975 0.942439 0.813031 0.942439 0.812087 0.941463 0.811143 0.941463 0.810198 0.940488 0.809254 0.940488 0.80831
1 0.00097561 0.0623229 0.00097561 0.075543 0.00292683 0.075543 0.00487805 0.0774315 0.00682927 0.0774315 0.00780488 0.0783758 0.0107317 0.0783758 0.0117073 0.0793201 0.017561 0.0793201 0.0195122 0.0774315 0.0204878 0.0774315 0.0214634 0.0764873 0.0214634 0.0623229
0 0.307317 0.266289 0.306341 0.267233 0.305366 0.267233 0.301463 0.27101 0.301463 0.271955 0.298537 0.274788 0.297561 0.274788 0.29561 0.276676 0.29561 0.27762 0.292683 0.280453 0.28878 0.280453 0.287805 0.281398 0.286829 0.281398 0.285854 0.280453 0.283902 0.280453 0.282927 0.279509 0.281951 0.279509 0.280976 0.278565 0.28 0.278565 0.279024 0.279509 0.279024 0.295562 0.296585 0.295562 0.296585 0.294618 0.299512 0.291785 0.299512 0.289896 0.301463 0.288008 0.301463 0.287063 0.302439 0.286119 0.302439 0.285175 0.30439 0.283286 0.30439 0.282342 0.307317 0.279509 0.307317 0.278565 0.308293 0.27762 0.308293 0.276676 0.309268 0.275732 0.309268 0.266289
1 0.162927 0.8017 0.162927 0.816808 0.163902 0.816808 0.167805 0.820585 0.16878 0.820585 0.170732 0.822474 0.171707 0.822474 0.174634 0.825307 0.17561 0.825307 0.176585 0.826251 0.177561 0.826251 0.181463 0.822474 0.181463 0.8017
0 0.283902 0.678942 0.282927 0.679887 0.281951 0.679887 0.28 0.681775 0.278049 0.681775 0.274146 0.685552 0.273171 0.685552 0.270244 0.688385 0.270244 0.690274 0.269268 0.691218 0.269268 0.701605 0.272195 0.701605 0.273171 0.700661 0.277073 0.700661 0.278049 0.699717 0.279024 0.699717 0.28 0.698772 0.284878 0.698772 0.285854 0.699717 0.286829 0.698772 0.287805 0.698772 0.290732 0.69594 0.290732 0.680831 0.289756 0.680831 0.287805 0.678942
0 0.53561 0.91407 0.53561 0.915014 0.534634 0.915958 0.534634 0.928234 0.53561 0.929178 0.536585 0.929178 0.537561 0.930123 0.538537 0.930123 0.539512 0.931067 0.540488 0.931067 0.543415 0.9339 0.543415 0.935788 0.557073 0.935788 0.558049 0.934844 0.558049 0.9339 0.561951 0.930123 0.562927 0.930123 0.562927 0.919736 0.561951 0.919736 0.560976 0.92068 0.560976 0.921624 0.559024 0.923513 0.557073 0.923513 0.556098 0.924457 0.554146 0.924457 0.553171 0.925401 0.550244 0.925401 0.546341 0.921624 0.546341 0.915014 0.547317 0.91407
0 0.896585 0.882908 0.89561 0.883853 0.89561 0.884797 0.894634 0.885741 0.894634 0.897073 0.89561 0.898017 0.896585 0.898017 0.897561 0.898961 0.898537 0.898961 0.899512 0.899906 0.900488 0.899906 0.901463 0.90085 0.903415 0.90085 0.90439 0.901794 0.905366 0.901794 0.906341 0.902738 0.906341 0.906516 0.914146 0.906516 0.913171 0.905571 0.913171 0.904627 0.912195 0.903683 0.909268 0.903683 0.908293 0.902738 0.909268 0.901794 0.912195 0.901794 0.915122 0.898961 0.916098 0.898961 0.916098 0.898017 0.917073 0.897073 0.917073 0.88763 0.915122 0.885741 0.915122 0.884797 0.913171 0.882908
0 0.254634 0.503305 0.254634 0.510859 0.25561 0.511804 0.25561 0.512748 0.257561 0.514636 0.257561 0.516525 0.258537 0.517469 0.258537 0.519358 0.259512 0.520302 0.259512 0.524079 0.258537 0.525024 0.258537 0.526912 0.257561 0.527856 0.257561 0.531634 0.256585 0.532578 0.256585 0.534467 0.257561 0.535411 0.26439 0.535411 0.265366 0.534467 0.267317 0.534467 0.267317 0.503305
1 0.397073 0.308782 0.397073 0.321058 0.40878 0.321058 0.412683 0.31728 0.412683 0.308782
0 0.297561 0.34372 0.296585 0.344665 0.294634 0.344665 0.293659 0.345609 0.291707 0.345609 0.289756 0.347498 0.289756 0.353163 0.290732 0.354108 0.290732 0.357885 0.291707 0.358829 0.290732 0.359773 0.290732 0.362606 0.289756 0.363551 0.289756 0.366383 0.28878 0.367328 0.28878 0.369216 0.287805 0.370161 0.287805 0.372993 0.28878 0.373938 0.28878 0.376771 0.289756 0.377715 0.289756 0.381492 0.290732 0.382436 0.290732 0.385269 0.291707 0.386213 0.291707 0.388102 0.292683 0.389046 0.292683 0.389991 0.293659 0.390935 0.293659 0.391879 0.294634 0.392823 0.294634 0.393768 0.29561 0.394712 0.29561 0.396601 0.296585 0.397545 0.296585 0.398489 0.297561 0.399433 0.297561 0.400378 0.298537 0.401322 0.298537 0.402266 0.300488 0.404155 0.300488 0.405099 0.302439 0.406988 0.302439 0.407932 0.303415 0.408876 0.303415 0.409821 0.30439 0.410765 0.30439 0.412653 0.305366 0.413598 0.305366 0.416431 0.30439 0.417375 0.30439 0.418319 0.301463 0.421152 0.312195 0.421152 0.312195 0.396601 0.31122 0.395656 0.31122 0.392823 0.310244 0.391879 0.310244 0.389046 0.309268 0.388102 0.309268 0.383381 0.308293 0.382436 0.308293 0.381492 0.307317 0.380548 0.307317 0.379603 0.306341 0.378659 0.306341 0.377715 0.30439 0.375826 0.30439 0.374882 0.302439 0.372993 0.302439 0.372049 0.301463 0.371105 0.301463 0.370161 0.299512 0.368272 0.299512 0.367328 0.297561 0.365439 0.297561 0.363551 0.296585 0.362606 0.296585 0.359773 0.29561 0.358829 0.29561 0.357885 0.296585 0.356941 0.296585 0.353163 0.297561 0.352219 0.297561 0.350331 0.299512 0.348442 0.299512 0.347498 0.303415 0.34372 0.305366 0.34372
0 0.33561 0.584514 0.33561 0.585458 0.336585 0.586402 0.336585 0.597734 0.337561 0.598678 0.337561 0.600567 0.338537 0.601511 0.338537 0.603399 0.339512 0.604344 0.339512 0.608121 0.340488 0.609065 0.339512 0.610009 0.339512 0.615675 0.338537 0.616619 0.338537 0.618508 0.337561 0.619452 0.337561 0.621341 0.336585 0.622285 0.336585 0.624174 0.33561 0.625118 0.33561 0.626062 0.334634 0.627007 0.334634 0.628895 0.333659 0.629839 0.333659 0.631728 0.332683 0.632672 0.332683 0.634561 0.333659 0.635505 0.334634 0.635505 0.338537 0.639282 0.34439 0.639282 0.34439 0.584514
1 0.894634 0.460812 0.894634 0.471199 0.901463 0.471199 0.901463 0.470255 0.902439 0.469311 0.902439 0.468366 0.903415 0.467422 0.903415 0.460812
0 0.777561 0.577904 0.777561 0.588291 0.778537 0.589235 0.778537 0.591124 0.777561 0.592068 0.777561 0.599622 0.780488 0.599622 0.781463 0.598678 0.782439 0.598678 0.783415 0.597734 0.78439 0.598678 0.800976 0.598678 0.801951 0.597734 0.803902 0.597734 0.804878 0.596789 0.805854 0.596789 0.805854 0.586402 0.804878 0.585458 0.804878 0.582625 0.803902 0.581681 0.803902 0.577904
1 0.449756 0.910293 0.447805 0.912181 0.446829 0.912181 0.445854 0.913126 0.445854 0.922568 0.45561 0.922568 0.456585 0.921624 0.456585 0.910293
0 0.581463 0.626062 0.580488 0.627007 0.57561 0.627007 0.574634 0.627951 0.573659 0.627951 0.572683 0.628895 0.569756 0.628895 0.56878 0.629839 0.565854 0.629839 0.564878 0.630784 0.56 0.630784 0.559024 0.631728 0.556098 0.631728 0.555122 0.632672 0.553171 0.632672 0.552195 0.633617 0.550244 0.633617 0.548293 0.635505 0.547317 0.635505 0.545366 0.637394 0.54439 0.637394 0.543415 0.638338 0.542439 0.638338 0.540488 0.640227 0.540488 0.641171 0.539512 0.642115 0.539512 0.644948 0.538537 0.645892 0.542439 0.64967 0.542439 0.650614 0.54439 0.652502 0.545366 0.652502 0.546341 0.653447 0.547317 0.653447 0.548293 0.654391 0.549268 0.654391 0.550244 0.655335 0.55122 0.655335 0.55122 0.654391 0.552195 0.653447 0.552195 0.646837 0.555122 0.644004 0.556098 0.644004 0.557073 0.643059 0.558049 0.643059 0.559024 0.642115 0.56 0.642115 0.560976 0.641171 0.561951 0.641171 0.562927 0.640227 0.564878 0.640227 0.565854 0.639282 0.567805 0.639282 0.56878 0.638338 0.573659 0.638338 0.574634 0.637394 0.586341 0.637394 0.587317 0.638338 0.588293 0.638338 0.589268 0.639282 0.589268 0.640227 0.590244 0.641171 0.591219 0.641171 0.594146 0.644004 0.594146 0.644948 0.595122 0.645892 0.595122 0.655335 0.596098 0.65628 0.596098 0.658168 0.596098 0.657224 0.597073 0.65628 0.597073 0.655335 0.598049 0.654391 0.598049 0.653447 0.599024 0.652502 0.6 0.652502 0.6 0.633617 0.596098 0.633617 0.595122 0.632672 0.594146 0.632672 0.592195 0.630784 0.591219 0.630784 0.590244 0.629839 0.590244 0.628895 0.589268 0.628895 0.588293 0.627951 0.587317 0.627951 0.586341 0.627007 0.585366 0.627007 0.58439 0.626062
0 0.136585 0.586402 0.13561 0.587347 0.131707 0.587347 0.130732 0.588291 0.118049 0.588291 0.115122 0.591124 0.114146 0.591124 0.112195 0.593012 0.11122 0.593012 0.11122 0.608121 0.115122 0.611898 0.116098 0.611898 0.119024 0.614731 0.123902 0.614731 0.124878 0.615675 0.12878 0.615675 0.129756 0.614731 0.131707 0.614731 0.133659 0.612842 0.134634 0.612842 0.13561 0.611898 0.136585 0.611898 0.137561 0.610954 0.138537 0.610954 0.139512 0.611898 0.140488 0.611898 0.142439 0.613787 0.143415 0.613787 0.14439 0.614731 0.14439 0.613787 0.145366 0.612842 0.145366 0.610954 0.147317 0.609065 0.147317 0.608121 0.148293 0.607177 0.148293 0.606232 0.149268 0.605288 0.149268 0.604344 0.15122 0.602455 0.150244 0.601511 0.150244 0.599622 0.149268 0.598678 0.149268 0.596789 0.147317 0.594901 0.147317 0.593012 0.146341 0.592068 0.146341 0.589235 0.145366 0.588291 0.145366 0.587347 0.14439 0.586402
1 0.846829 0.767705 0.846829 0.779981 0.858537 0.779981 0.859512 0.779037 0.859512 0.767705
1 0.927805 0.404155 0.927805 0.406043 0.930732 0.408876 0.930732 0.409821 0.929756 0.410765 0.929756 0.412653 0.92878 0.413598 0.92878 0.416431 0.929756 0.417375 0.931707 0.417375 0.932683 0.418319 0.93561 0.418319 0.936585 0.419263 0.938537 0.419263 0.941463 0.416431 0.941463 0.404155
0 0.287805 0.504249 0.286829 0.505194 0.286829 0.507082 0.285854 0.508026 0.285854 0.508971 0.286829 0.509915 0.286829 0.510859 0.287805 0.511804 0.287805 0.512748 0.28878 0.513692 0.28878 0.515581 0.286829 0.517469 0.285854 0.517469 0.284878 0.518414 0.283902 0.518414 0.281951 0.520302 0.280976 0.520302 0.28 0.521246 0.277073 0.521246 0.276098 0.522191 0.273171 0.522191 0.272195 0.521246 0.27122 0.521246 0.268293 0.518414 0.268293 0.517469 0.267317 0.516525 0.267317 0.515581 0.267317 0.534467 0.268293 0.534467 0.269268 0.533522 0.27122 0.533522 0.273171 0.531634 0.275122 0.531634 0.276098 0.532578 0.280976 0.532578 0.281951 0.531634 0.283902 0.531634 0.284878 0.530689 0.287805 0.530689 0.28878 0.529745 0.289756 0.529745 0.291707 0.527856 0.292683 0.527856 0.29561 0.525024 0.296585 0.525024 0.296585 0.524079 0.297561 0.523135 0.297561 0.508971 0.296585 0.508026 0.296585 0.506138 0.29561 0.505194 0.29561 0.504249
0 0.148293 0.582625 0.148293 0.583569 0.147317 0.584514 0.147317 0.586402 0.146341 0.587347 0.146341 0.588291 0.145366 0.589235 0.145366 0.595845 0.143415 0.597734 0.143415 0.598678 0.141463 0.600567 0.141463 0.602455 0.138537 0.605288 0.137561 0.605288 0.136585 0.606232 0.13561 0.606232 0.134634 0.607177 0.133659 0.607177 0.131707 0.609065 0.12878 0.606232 0.12878 0.605288 0.12878 0.620397 0.129756 0.621341 0.12878 0.622285 0.12878 0.633617 0.129756 0.633617 0.131707 0.635505 0.132683 0.634561 0.137561 0.634561 0.141463 0.630784 0.141463 0.629839 0.143415 0.627951 0.143415 0.627007 0.14439 0.626062 0.14439 0.624174 0.145366 0.623229 0.145366 0.620397 0.146341 0.619452 0.146341 0.618508 0.147317 0.617564 0.147317 0.615675 0.148293 0.614731 0.148293 0.610954 0.149268 0.610009 0.149268 0.607177 0.150244 0.606232 0.150244 0.604344 0.15122 0.603399 0.15122 0.599622 0.152195 0.598678 0.152195 0.595845 0.153171 0.594901 0.153171 0.589235 0.154146 0.588291 0.154146 0.582625
1 0.683902 0.248347 0.681951 0.250236 0.681951 0.25118 0.680976 0.252125 0.680976 0.263456 0.681951 0.263456 0.682927 0.262512 0.685854 0.262512 0.686829 0.261568 0.696585 0.261568 0.697561 0.260623 0.699512 0.260623 0.700488 0.259679 0.701463 0.259679 0.702439 0.258735 0.702439 0.253069 0.701463 0.252125 0.701463 0.25118 0.698537 0.248347
1 0.0478049 0.333333 0.0478049 0.334278 0.0468293 0.335222 0.0468293 0.336166 0.0458537 0.33711 0.0458537 0.338999 0.044878 0.339943 0.044878 0.341832 0.0439024 0.342776 0.0439024 0.34372 0.0429268 0.344665 0.0429268 0.345609 0.0419512 0.346553 0.0419512 0.352219 0.0429268 0.353163 0.0429268 0.354108 0.0478049 0.358829 0.0526829 0.358829 0.0536585 0.359773 0.057561 0.359773 0.0585366 0.358829 0.0604878 0.358829 0.062439 0.356941 0.062439 0.333333
1 0.684878 0.729934 0.684878 0.744098 0.68878 0.744098 0.689756 0.745043 0.693659 0.745043 0.694634 0.745987 0.69561 0.745987 0.697561 0.747875 0.699512 0.747875 0.700488 0.746931 0.700488 0.745987 0.702439 0.744098 0.702439 0.729934
0 0.976585 0.90746 0.976585 0.915958 0.977561 0.916903 0.977561 0.918791 0.978537 0.918791 0.979512 0.919736 0.983415 0.919736 0.98439 0.92068 0.988293 0.92068 0.99122 0.923513 0.99122 0.926346 0.992195 0.92729 0.992195 0.929178 0.99122 0.930123 0.99122 0.935788 0.990244 0.936733 0.989268 0.936733 0.986341 0.9339 0.986341 0.932956 0.985366 0.932956 0.98439 0.932011 0.983415 0.932011 0.982439 0.931067 0.982439 0.929178 0.981463 0.928234 0.981463 0.925401 0.980488 0.924457 0.980488 0.923513 0.979512 0.923513 0.978537 0.922568 0.977561 0.922568 0.976585 0.923513 0.976585 0.94051 0.995122 0.94051 0.995122 0.915014 0.992195 0.912181 0.992195 0.909348 0.99122 0.908404 0.99122 0.90746
1 0.718049 0.86119 0.718049 0.869688 0.719024 0.870633 0.719024 0.871577 0.720976 0.873466 0.722927 0.873466 0.723902 0.87441 0.727805 0.87441 0.728781 0.873466 0.731707 0.873466 0.732683 0.872521 0.733659 0.872521 0.734634 0.871577 0.734634 0.86119
0 0.516098 0.366383 0.518049 0.368272 0.518049 0.369216 0.520976 0.372049 0.520976 0.372993 0.521951 0.373938 0.521951 0.378659 0.517073 0.383381 0.517073 0.384325 0.512195 0.389046 0.51122 0.389046 0.510244 0.389991 0.509268 0.389991 0.508293 0.390935 0.507317 0.390935 0.506341 0.391879 0.50439 0.391879 0.503415 0.392823 0.501463 0.392823 0.500488 0.393768 0.499512 0.393768 0.498537 0.394712 0.497561 0.394712 0.492683 0.399433 0.491707 0.399433 0.490732 0.400378 0.489756 0.400378 0.487805 0.402266 0.485854 0.402266 0.484878 0.403211 0.483902 0.403211 0.482927 0.404155 0.481951 0.404155 0.480976 0.405099 0.48 0.405099 0.479024 0.406043 0.478049 0.406043 0.477073 0.406988 0.476098 0.406988 0.474146 0.408876 0.473171 0.408876 0.473171 0.409821 0.472195 0.410765 0.472195 0.411709 0.47122 0.412653 0.47122 0.413598 0.470244 0.414542 0.470244 0.417375 0.469268 0.418319 0.469268 0.423041 0.468293 0.423985 0.468293 0.424929 0.466341 0.426818 0.466341 0.460812 0.467317 0.461756 0.467317 0.468366 0.466341 0.469311 0.466341 0.473088 0.470244 0.473088 0.469268 0.472144 0.469268 0.471199 0.468293 0.470255 0.468293 0.467422 0.467317 0.466478 0.467317 0.458924 0.468293 0.457979 0.468293 0.456091 0.469268 0.455146 0.469268 0.450425 0.468293 0.449481 0.468293 0.446648 0.467317 0.445704 0.467317 0.440038 0.473171 0.434372 0.474146 0.434372 0.475122 0.433428 0.476098 0.433428 0.477073 0.432483 0.478049 0.432483 0.48 0.430595 0.48 0.429651 0.480976 0.428706 0.480976 0.426818 0.481951 0.425873 0.481951 0.424929 0.482927 0.423985 0.482927 0.423041 0.483902 0.422096 0.483902 0.421152 0.487805 0.417375 0.48878 0.417375 0.491707 0.414542 0.492683 0.414542 0.493659 0.413598 0.494634 0.413598 0.49561 0.412653 0.496585 0.412653 0.497561 0.411709 0.498537 0.411709 0.500488 0.409821 0.501463 0.409821 0.503415 0.407932 0.50439 0.407932 0.507317 0.405099 0.508293 0.405099 0.510244 0.403211 0.51122 0.403211 0.512195 0.402266 0.514146 0.402266 0.515122 0.401322 0.516098 0.401322 0.517073 0.400378 0.518049 0.400378 0.519024 0.399433 0.520976 0.399433 0.521951 0.398489 0.522927 0.398489 0.523902 0.397545 0.525854 0.397545 0.526829 0.396601 0.527805 0.396601 0.52878 0.395656 0.52878 0.393768 0.529756 0.392823 0.529756 0.390935 0.530732 0.389991 0.530732 0.373938 0.529756 0.372993 0.529756 0.366383
0 0.176585 0.930123 0.17561 0.931067 0.170732 0.931067 0.169756 0.932011 0.169756 0.949009 0.174634 0.949009 0.17561 0.949953 0.182439 0.949953 0.183415 0.950897 0.187317 0.950897 0.188293 0.951841 0.190244 0.951841 0.19122 0.952786 0.200976 0.952786 0.201951 0.951841 0.202927 0.951841 0.202927 0.950897 0.205854 0.948064 0.206829 0.948064 0.207805 0.94712 0.20878 0.94712 0.209756 0.946176 0.209756 0.943343 0.210732 0.942398 0.211707 0.942398 0.211707 0.939566 0.210732 0.939566 0.207805 0.942398 0.206829 0.942398 0.205854 0.943343 0.201951 0.943343 0.200976 0.942398 0.199024 0.942398 0.198049 0.941454 0.197073 0.941454 0.193171 0.937677 0.190244 0.937677 0.189268 0.936733 0.188293 0.936733 0.187317 0.935788 0.186341 0.935788 0.185366 0.934844 0.18439 0.934844 0.182439 0.932956 0.181463 0.932956 0.179512 0.931067 0.178537 0.931067 0.177561 0.930123
1 0.133659 0.518414 0.133659 0.528801 0.13561 0.528801 0.136585 0.529745 0.140488 0.529745 0.141463 0.530689 0.145366 0.530689 0.146341 0.529745 0.147317 0.529745 0.148293 0.528801 0.148293 0.518414
0 0.858537 0.458924 0.858537 0.462701 0.861463 0.462701 0.866341 0.467422 0.868293 0.467422 0.870244 0.469311 0.87122 0.469311 0.872195 0.470255 0.873171 0.470255 0.874146 0.471199 0.875122 0.471199 0.876098 0.472144 0.878049 0.472144 0.879024 0.473088 0.883902 0.473088 0.883902 0.461756 0.882927 0.460812 0.882927 0.459868 0.881951 0.458924
1 0.035122 0.227573 0.035122 0.228517 0.0341463 0.229462 0.0341463 0.230406 0.0321951 0.232295 0.0321951 0.239849 0.0331707 0.239849 0.0341463 0.238905 0.0419512 0.238905 0.0439024 0.237016 0.044878 0.237016 0.0468293 0.235127 0.0468293 0.227573
0 0.272195 0.283286 0.272195 0.301228 0.273171 0.302172 0.274146 0.302172 0.275122 0.301228 0.277073 0.301228 0.278049 0.300283 0.284878 0.300283 0.285854 0.299339 0.290732 0.299339 0.291707 0.298395 0.293659 0.298395 0.29561 0.296506 0.29561 0.295562 0.296585 0.294618 0.296585 0.292729 0.297561 0.291785 0.297561 0.29084 0.299512 0.288952 0.299512 0.288008 0.300488 0.287063 0.300488 0.286119 0.302439 0.28423 0.302439 0.283286
1 0.837073 0.884797 0.837073 0.88763 0.838049 0.888574 0.838049 0.892351 0.837073 0.893296 0.837073 0.896128 0.836098 0.897073 0.836098 0.898017 0.835122 0.898961 0.834146 0.898017 0.834146 0.896128 0.833171 0.895184 0.833171 0.89424 0.832195 0.89424 0.831219 0.893296 0.829268 0.893296 0.828293 0.892351 0.827317 0.893296 0.826341 0.893296 0.825366 0.89424 0.823415 0.89424 0.823415 0.903683 0.82439 0.904627 0.825366 0.904627 0.827317 0.906516 0.830244 0.906516 0.832195 0.904627 0.833171 0.904627 0.835122 0.902738 0.836098 0.902738 0.839024 0.899906 0.839024 0.884797
0 0.722927 0.556185 0.720976 0.558074 0.72 0.558074 0.716098 0.561851 0.716098 0.562795 0.714146 0.564684 0.714146 0.568461 0.715122 0.569405 0.715122 0.578848 0.714146 0.579792 0.714146 0.582625 0.713171 0.583569 0.713171 0.586402 0.712195 0.587347 0.712195 0.588291 0.711219 0.589235 0.711219 0.590179 0.712195 0.590179 0.713171 0.591124 0.715122 0.591124 0.716098 0.592068 0.730732 0.592068 0.733659 0.589235 0.734634 0.589235 0.73561 0.588291 0.736585 0.588291 0.737561 0.587347 0.738537 0.587347 0.739512 0.586402 0.740488 0.586402 0.741463 0.585458 0.742439 0.585458 0.743415 0.584514 0.74439 0.584514 0.745366 0.583569 0.746341 0.583569 0.746341 0.582625 0.748293 0.580737 0.749268 0.580737 0.75122 0.578848 0.752195 0.578848 0.753171 0.577904 0.753171 0.576959 0.752195 0.576015 0.752195 0.574127 0.75122 0.573182 0.750244 0.573182 0.749268 0.574127 0.745366 0.574127 0.74439 0.575071 0.740488 0.575071 0.739512 0.576015 0.736585 0.576015 0.73561 0.576959 0.732683 0.576959 0.731707 0.577904 0.730732 0.577904 0.729756 0.576959 0.725854 0.576959 0.723902 0.575071 0.723902 0.574127 0.722927 0.573182 0.722927 0.571294 0.726829 0.567517 0.727805 0.567517 0.731707 0.563739 0.73561 0.563739 0.736585 0.562795 0.740488 0.562795 0.741463 0.563739 0.745366 0.563739 0.746341 0.564684 0.749268 0.564684 0.75122 0.566572 0.75122 0.565628 0.755122 0.561851 0.755122 0.560907 0.757073 0.559018 0.758049 0.559018 0.758049 0.556185
1 0.425366 0.8678 0.425366 0.879131 0.428293 0.879131 0.429268 0.880076 0.441951 0.880076 0.441951 0.868744 0.44 0.868744 0.439024 0.8678
0 0.484878 0.818697 0.483902 0.819641 0.482927 0.819641 0.478049 0.824363 0.478049 0.83475 0.479024 0.833806 0.48 0.833806 0.480976 0.832861 0.481951 0.832861 0.483902 0.830973 0.484878 0.830973 0.485854 0.830028 0.486829 0.830028 0.491707 0.83475 0.491707 0.835694 0.497561 0.84136 0.498537 0.84136 0.500488 0.843248 0.501463 0.843248 0.502439 0.844193 0.503415 0.844193 0.50439 0.845137 0.508293 0.845137 0.509268 0.844193 0.512195 0.844193 0.515122 0.84136 0.515122 0.824363 0.513171 0.822474 0.513171 0.82153 0.51122 0.819641 0.510244 0.819641 0.509268 0.818697
0 0.876098 0.274788 0.875122 0.275732 0.875122 0.27762 0.872195 0.280453 0.87122 0.280453 0.869268 0.282342 0.869268 0.283286 0.866341 0.286119 0.865366 0.286119 0.86439 0.287063 0.863415 0.287063 0.862439 0.288008 0.860488 0.288008 0.857561 0.29084 0.856585 0.29084 0.85561 0.291785 0.854634 0.291785 0.853659 0.292729 0.851707 0.292729 0.851707 0.308782 0.852683 0.309726 0.853659 0.309726 0.854634 0.31067 0.85561 0.31067 0.860488 0.315392 0.87122 0.315392 0.877073 0.309726 0.877073 0.308782 0.878049 0.307838 0.878049 0.305005 0.879024 0.30406 0.879024 0.301228 0.877073 0.299339 0.877073 0.298395 0.876098 0.29745 0.876098 0.296506 0.875122 0.295562 0.875122 0.293673 0.874146 0.292729 0.874146 0.289896 0.878049 0.286119 0.879024 0.286119 0.880976 0.28423 0.881951 0.28423 0.881951 0.283286 0.884878 0.280453 0.884878 0.279509 0.885854 0.278565 0.885854 0.274788
0 0.995122 0.720491 0.99122 0.724268 0.990244 0.724268 0.989268 0.725212 0.988293 0.725212 0.987317 0.726157 0.986341 0.726157 0.985366 0.727101 0.98439 0.727101 0.983415 0.728045 0.982439 0.728045 0.981463 0.72899 0.979512 0.72899 0.978537 0.729934 0.977561 0.729934 0.976585 0.730878 0.97561 0.730878 0.97561 0.739377 0.98439 0.739377 0.985366 0.738432 0.986341 0.738432 0.987317 0.737488 0.989268 0.737488 0.990244 0.736544 0.99122 0.736544 0.992195 0.7356 0.994146 0.7356 0.995122 0.734655 0.996098 0.734655 0.997073 0.733711 0.997073 0.720491
0 0.272195 0.30406 0.272195 0.305005 0.27122 0.305949 0.27122 0.308782 0.272195 0.309726 0.273171 0.309726 0.276098 0.312559 0.277073 0.312559 0.278049 0.313503 0.278049 0.314448 0.279024 0.314448 0.28 0.315392 0.280976 0.315392 0.281951 0.316336 0.283902 0.316336 0.284878 0.31728 0.286829 0.31728 0.287805 0.318225 0.290732 0.318225 0.291707 0.319169 0.293659 0.319169 0.294634 0.318225 0.297561 0.318225 0.298537 0.31728 0.301463 0.31728 0.301463 0.305949 0.300488 0.305949 0.299512 0.305005 0.292683 0.305005 0.291707 0.30406
0 0.277073 0.168083 0.276098 0.169027 0.276098 0.189802 0.279024 0.192635 0.289756 0.192635 0.291707 0.190746 0.291707 0.189802 0.293659 0.187913 0.293659 0.168083
0 0.180488 0.445704 0.179512 0.446648 0.179512 0.453258 0.177561 0.455146 0.177561 0.456091 0.176585 0.457035 0.176585 0.465534 0.178537 0.467422 0.178537 0.468366 0.179512 0.469311 0.179512 0.473088 0.180488 0.474032 0.180488 0.475921 0.181463 0.476865 0.181463 0.478754 0.182439 0.479698 0.182439 0.480642 0.183415 0.481586 0.183415 0.482531 0.185366 0.484419 0.186341 0.484419 0.188293 0.486308 0.19122 0.486308 0.192195 0.487252 0.197073 0.487252 0.198049 0.486308 0.199024 0.486308 0.2 0.485364 0.2 0.469311 0.197073 0.469311 0.196098 0.468366 0.194146 0.468366 0.193171 0.467422 0.192195 0.467422 0.19122 0.466478 0.190244 0.466478 0.189268 0.465534 0.189268 0.463645 0.190244 0.462701 0.190244 0.461756 0.19122 0.460812 0.19122 0.458924 0.193171 0.457035 0.193171 0.456091 0.194146 0.455146 0.194146 0.454202 0.195122 0.453258 0.195122 0.451369 0.196098 0.450425 0.196098 0.449481 0.197073 0.448536 0.197073 0.445704
0 0.357073 0.603399 0.356098 0.604344 0.356098 0.617564 0.358049 0.619452 0.358049 0.620397 0.359024 0.621341 0.359024 0.625118 0.36 0.626062 0.36 0.628895 0.360976 0.629839 0.360976 0.630784 0.361951 0.631728 0.361951 0.633617 0.362927 0.634561 0.362927 0.635505 0.364878 0.637394 0.364878 0.638338 0.366829 0.640227 0.366829 0.641171 0.36878 0.643059 0.36878 0.644948 0.369756 0.645892 0.369756 0.646837 0.370732 0.647781 0.371707 0.647781 0.37561 0.651558 0.381463 0.651558 0.381463 0.640227 0.380488 0.639282 0.378537 0.639282 0.377561 0.638338 0.376585 0.638338 0.373659 0.635505 0.373659 0.634561 0.371707 0.632672 0.371707 0.631728 0.369756 0.629839 0.369756 0.628895 0.36878 0.627951 0.36878 0.627007 0.367805 0.626062 0.367805 0.624174 0.366829 0.623229 0.366829 0.620397 0.365854 0.619452 0.365854 0.615675 0.364878 0.614731 0.364878 0.611898 0.363902 0.610954 0.363902 0.610009 0.362927 0.610009 0.361951 0.609065 0.361951 0.608121 0.36 0.606232 0.36 0.605288 0.358049 0.603399
0 0.989268 0.137866 0.988293 0.13881 0.988293 0.142587 0.987317 0.143532 0.987317 0.149197 0.986341 0.150142 0.986341 0.152975 0.985366 0.153919 0.985366 0.168083 0.990244 0.168083 0.992195 0.166195 0.992195 0.164306 0.993171 0.163362 0.993171 0.161473 0.994146 0.160529 0.994146 0.159585 0.995122 0.15864 0.995122 0.157696 0.996098 0.156752 0.999024 0.156752 0.999024 0.137866
1 0.88878 0.460812 0.88878 0.476865 0.894634 0.476865 0.89561 0.475921 0.896585 0.475921 0.898537 0.474032 0.899512 0.474032 0.900488 0.473088 0.900488 0.460812
0 0.0585366 0.367328 0.0585366 0.376771 0.057561 0.377715 0.057561 0.384325 0.0565854 0.385269 0.0565854 0.389991 0.057561 0.390935 0.057561 0.393768 0.0585366 0.394712 0.0585366 0.395656 0.0595122 0.396601 0.0595122 0.397545 0.0604878 0.398489 0.0604878 0.399433 0.0614634 0.400378 0.0614634 0.407932 0.0604878 0.408876 0.0604878 0.414542 0.0692683 0.414542 0.0712195 0.412653 0.0712195 0.369216 0.0702439 0.368272 0.0702439 0.367328
0 0.44 0.102927 0.44 0.104816 0.440976 0.10576 0.440976 0.109537 0.441951 0.110482 0.441951 0.111426 0.442927 0.11237 0.442927 0.114259 0.443902 0.115203 0.443902 0.116147 0.445854 0.118036 0.445854 0.11898 0.446829 0.119924 0.446829 0.120869 0.447805 0.121813 0.447805 0.12559 0.44878 0.126534 0.44878 0.129367 0.447805 0.130312 0.447805 0.133144 0.446829 0.134089 0.447805 0.135033 0.447805 0.139754 0.44878 0.140699 0.453659 0.140699 0.45561 0.13881 0.45561 0.102927
1 0.194146 0.532578 0.192195 0.534467 0.192195 0.544854 0.202927 0.544854 0.204878 0.542965 0.204878 0.532578
0 0.428293 0.708215 0.428293 0.70916 0.427317 0.710104 0.427317 0.711992 0.426341 0.712937 0.426341 0.71577 0.427317 0.71577 0.428293 0.716714 0.429268 0.716714 0.432195 0.719547 0.432195 0.720491 0.433171 0.721435 0.433171 0.72238 0.434146 0.723324 0.434146 0.725212 0.435122 0.726157 0.435122 0.72899 0.436098 0.729934 0.436098 0.738432 0.435122 0.739377 0.435122 0.741265 0.43122 0.745043 0.430244 0.745043 0.429268 0.745987 0.428293 0.745987 0.426341 0.747875 0.426341 0.754485 0.432195 0.754485 0.434146 0.752597 0.435122 0.752597 0.435122 0.750708 0.436098 0.749764 0.436098 0.74882 0.437073 0.747875 0.437073 0.746931 0.440976 0.743154 0.441951 0.743154 0.442927 0.74221 0.443902 0.74221 0.444878 0.741265 0.445854 0.741265 0.447805 0.739377 0.44878 0.739377 0.449756 0.738432 0.449756 0.718602 0.44878 0.717658 0.44878 0.713881 0.447805 0.712937 0.447805 0.70916 0.446829 0.708215
1 0.420488 0.609065 0.420488 0.614731 0.423415 0.617564 0.423415 0.618508 0.425366 0.620397 0.425366 0.621341 0.428293 0.624174 0.429268 0.624174 0.430244 0.623229 0.43122 0.623229 0.43122 0.609065
0 0.818537 0.599622 0.817561 0.600567 0.816585 0.600567 0.81561 0.601511 0.814634 0.601511 0.813659 0.602455 0.813659 0.603399 0.812683 0.604344 0.812683 0.614731 0.813659 0.613787 0.813659 0.612842 0.814634 0.611898 0.814634 0.610954 0.81561 0.610009 0.817561 0.610009 0.817561 0.609065 0.818537 0.608121 0.818537 0.607177 0.821463 0.604344 0.822439 0.604344 0.823415 0.605288 0.82439 0.605288 0.825366 0.606232 0.826341 0.606232 0.829268 0.609065 0.828293 0.610009 0.827317 0.610009 0.825366 0.611898 0.82439 0.611898 0.817561 0.618508 0.816585 0.618508 0.814634 0.620397 0.814634 0.623229 0.81561 0.624174 0.81561 0.627951 0.816585 0.628895 0.817561 0.628895 0.819512 0.630784 0.821463 0.630784 0.822439 0.631728 0.823415 0.630784 0.825366 0.630784 0.826341 0.629839 0.828293 0.629839 0.829268 0.628895 0.830244 0.628895 0.831219 0.627951 0.832195 0.627951 0.833171 0.627007 0.834146 0.627007 0.835122 0.626062 0.836098 0.627007 0.844878 0.627007 0.845854 0.627951 0.847805 0.627951 0.848781 0.627007 0.852683 0.627007 0.853659 0.626062 0.85561 0.626062 0.856585 0.625118 0.857561 0.625118 0.858537 0.624174 0.859512 0.624174 0.862439 0.621341 0.862439 0.603399 0.861463 0.603399 0.859512 0.601511 0.858537 0.601511 0.856585 0.599622
1 0.559024 0.609065 0.557073 0.610954 0.555122 0.610954 0.555122 0.623229 0.564878 0.623229 0.565854 0.622285 0.566829 0.622285 0.566829 0.621341 0.567805 0.620397 0.567805 0.619452 0.56878 0.618508 0.56878 0.609065
0 0.916098 0.737488 0.915122 0.738432 0.912195 0.738432 0.91122 0.739377 0.910244 0.739377 0.902439 0.746931 0.902439 0.747875 0.901463 0.74882 0.901463 0.749764 0.900488 0.750708 0.900488 0.753541 0.899512 0.754485 0.899512 0.760151 0.898537 0.761095 0.898537 0.765817 0.897561 0.766761 0.897561 0.769594 0.896585 0.770538 0.896585 0.776204 0.89561 0.777148 0.89561 0.785647 0.902439 0.785647 0.902439 0.784703 0.903415 0.783758 0.903415 0.78187 0.90439 0.780925 0.90439 0.779037 0.905366 0.778093 0.905366 0.776204 0.906341 0.77526 0.906341 0.771483 0.907317 0.770538 0.907317 0.766761 0.908293 0.765817 0.908293 0.762984 0.909268 0.76204 0.909268 0.760151 0.910244 0.759207 0.910244 0.758263 0.91122 0.757318 0.91122 0.756374 0.912195 0.75543 0.912195 0.753541 0.913171 0.752597 0.913171 0.751652 0.915122 0.749764 0.915122 0.74882 0.917073 0.746931 0.917073 0.745987 0.92 0.743154 0.92 0.737488
0 0.396098 0.210576 0.396098 0.229462 0.398049 0.23135 0.398049 0.232295 0.399024 0.233239 0.399024 0.234183 0.401951 0.237016 0.401951 0.23796 0.403902 0.239849 0.403902 0.240793 0.404878 0.241737 0.404878 0.242682 0.405854 0.243626 0.405854 0.24457 0.406829 0.245515 0.406829 0.253069 0.407805 0.254013 0.407805 0.254957 0.40878 0.255902 0.40878 0.256846 0.409756 0.25779 0.409756 0.258735 0.411707 0.260623 0.411707 0.261568 0.412683 0.261568 0.41561 0.2644 0.416585 0.2644 0.418537 0.266289 0.419512 0.266289 0.420488 0.267233 0.422439 0.267233 0.423415 0.268178 0.42439 0.268178 0.425366 0.269122 0.427317 0.269122 0.428293 0.270066 0.429268 0.270066 0.430244 0.27101 0.43122 0.27101 0.432195 0.271955 0.433171 0.271955 0.434146 0.272899 0.436098 0.272899 0.437073 0.273843 0.439024 0.273843 0.44 0.274788 0.440976 0.274788 0.441951 0.275732 0.443902 0.275732 0.444878 0.276676 0.445854 0.276676 0.446829 0.27762 0.447805 0.27762 0.44878 0.278565 0.450732 0.278565 0.451707 0.279509 0.453659 0.279509 0.454634 0.280453 0.45561 0.279509 0.457561 0.279509 0.458537 0.278565 0.459512 0.278565 0.460488 0.27762 0.460488 0.276676 0.461463 0.275732 0.461463 0.274788 0.462439 0.273843 0.462439 0.27101 0.459512 0.268178 0.458537 0.268178 0.457561 0.267233 0.456585 0.267233 0.45561 0.266289 0.454634 0.266289 0.453659 0.265345 0.452683 0.265345 0.451707 0.2644 0.450732 0.2644 0.449756 0.263456 0.44878 0.263456 0.447805 0.262512 0.446829 0.262512 0.445854 0.261568 0.443902 0.261568 0.442927 0.260623 0.44 0.260623 0.439024 0.259679 0.437073 0.259679 0.436098 0.258735 0.434146 0.258735 0.433171 0.25779 0.432195 0.25779 0.43122 0.256846 0.430244 0.256846 0.428293 0.254957 0.427317 0.254957 0.426341 0.254013 0.425366 0.254013 0.420488 0.249292 0.420488 0.248347 0.419512 0.247403 0.419512 0.246459 0.418537 0.245515 0.418537 0.243626 0.417561 0.242682 0.417561 0.240793 0.416585 0.239849 0.416585 0.23796 0.41561 0.237016 0.41561 0.236072 0.414634 0.235127 0.414634 0.233239 0.413659 0.232295 0.413659 0.230406 0.412683 0.229462 0.412683 0.227573 0.410732 0.225685 0.410732 0.22474 0.409756 0.223796 0.40878 0.223796 0.407805 0.222852 0.407805 0.221907 0.403902 0.21813 0.402927 0.21813 0.400976 0.216242 0.400976 0.215297
1 0.211707 0.385269 0.211707 0.392823 0.21561 0.396601 0.22439 0.396601 0.22439 0.386213 0.223415 0.385269
1 0.252683 0.829084 0.251707 0.830028 0.250732 0.830028 0.250732 0.837583 0.252683 0.839471 0.25561 0.839471 0.256585 0.838527 0.257561 0.838527 0.258537 0.837583 0.259512 0.837583 0.260488 0.836638 0.260488 0.830973 0.259512 0.830973 0.258537 0.830028 0.25561 0.830028 0.254634 0.829084
0 0.87122 0.77526 0.87122 0.776204 0.870244 0.777148 0.870244 0.779981 0.869268 0.780925 0.869268 0.784703 0.868293 0.785647 0.868293 0.789424 0.867317 0.790368 0.867317 0.800755 0.88 0.800755 0.88 0.799811 0.883902 0.796034 0.884878 0.796034 0.88878 0.792257 0.88878 0.776204 0.887805 0.77526
0 0.518049 0.454202 0.517073 0.455146 0.508293 0.455146 0.508293 0.466478 0.509268 0.467422 0.518049 0.467422 0.519024 0.468366 0.532683 0.468366 0.533659 0.469311 0.534634 0.469311 0.536585 0.471199 0.537561 0.471199 0.541463 0.474976 0.541463 0.475921 0.542439 0.476865 0.542439 0.477809 0.543415 0.478754 0.543415 0.479698 0.54439 0.480642 0.54439 0.482531 0.545366 0.483475 0.545366 0.493862 0.546341 0.494806 0.546341 0.497639 0.547317 0.498584 0.547317 0.499528 0.549268 0.501416 0.549268 0.502361 0.550244 0.503305 0.550244 0.504249 0.55122 0.505194 0.560976 0.505194 0.560976 0.490085 0.559024 0.488196 0.559024 0.487252 0.558049 0.486308 0.558049 0.485364 0.557073 0.484419 0.557073 0.483475 0.556098 0.482531 0.556098 0.479698 0.555122 0.478754 0.555122 0.476865 0.553171 0.474976 0.553171 0.474032 0.55122 0.472144 0.55122 0.471199 0.546341 0.466478 0.546341 0.465534 0.545366 0.464589 0.545366 0.463645 0.543415 0.461756 0.542439 0.461756 0.539512 0.458924 0.539512 0.454202
1 0.821463 0.740321 0.819512 0.74221 0.819512 0.744098 0.818537 0.745043 0.818537 0.746931 0.819512 0.747875 0.819512 0.751652 0.820488 0.752597 0.820488 0.75543 0.821463 0.756374 0.821463 0.757318 0.823415 0.759207 0.829268 0.759207 0.829268 0.740321
1 0.0946341 0.661001 0.0946341 0.674221 0.0956098 0.675165 0.108293 0.675165 0.108293 0.661001
1 0.845854 0.72238 0.845854 0.733711 0.845854 0.731822 0.846829 0.730878 0.849756 0.730878 0.850732 0.731822 0.854634 0.731822 0.85561 0.730878 0.856585 0.730878 0.858537 0.72899 0.858537 0.72238
0 0.809756 0.648725 0.80878 0.64967 0.80878 0.650614 0.806829 0.652502 0.806829 0.675165 0.820488 0.675165 0.821463 0.674221 0.822439 0.674221 0.822439 0.673277 0.82439 0.671388 0.82439 0.670444 0.828293 0.666667 0.828293 0.65628 0.826341 0.654391 0.826341 0.653447 0.825366 0.652502 0.825366 0.650614 0.82439 0.64967 0.82439 0.648725
1 0.630244 0.556185 0.630244 0.569405 0.63122 0.570349 0.632195 0.570349 0.633171 0.571294 0.638049 0.571294 0.639024 0.570349 0.641951 0.570349 0.641951 0.556185
0 0.372683 0.378659 0.372683 0.386213 0.373659 0.387158 0.373659 0.389991 0.372683 0.390935 0.372683 0.392823 0.371707 0.393768 0.371707 0.395656 0.370732 0.396601 0.370732 0.409821 0.371707 0.410765 0.372683 0.410765 0.374634 0.412653 0.374634 0.413598 0.376585 0.415486 0.386341 0.415486 0.386341 0.407932 0.385366 0.406988 0.385366 0.406043 0.38439 0.405099 0.38439 0.400378 0.385366 0.399433 0.385366 0.397545 0.386341 0.396601 0.386341 0.391879 0.385366 0.390935 0.385366 0.386213 0.38439 0.385269 0.38439 0.382436 0.383415 0.381492 0.383415 0.378659
1 0.87122 0.77526 0.87122 0.776204 0.870244 0.777148 0.870244 0.778093 0.869268 0.779037 0.869268 0.782814 0.868293 0.783758 0.868293 0.796034 0.883902 0.796034 0.885854 0.794145 0.886829 0.794145 0.886829 0.793201 0.887805 0.792257 0.887805 0.77526
0 0.371707 0.379603 0.372683 0.380548 0.372683 0.386213 0.373659 0.387158 0.373659 0.389991 0.372683 0.390935 0.372683 0.392823 0.371707 0.393768 0.371707 0.394712 0.369756 0.396601 0.369756 0.410765 0.370732 0.410765 0.371707 0.411709 0.372683 0.411709 0.378537 0.417375 0.379512 0.417375 0.388293 0.425873 0.395122 0.425873 0.395122 0.413598 0.393171 0.411709 0.392195 0.411709 0.385366 0.405099 0.385366 0.404155 0.38439 0.403211 0.38439 0.402266 0.385366 0.401322 0.385366 0.398489 0.386341 0.397545 0.386341 0.393768 0.385366 0.392823 0.385366 0.388102 0.38439 0.387158 0.38439 0.383381 0.383415 0.382436 0.383415 0.381492 0.382439 0.380548 0.382439 0.379603
0 0.166829 0.0245515 0.166829 0.0292729 0.170732 0.0292729 0.171707 0.0302172 0.176585 0.0302172 0.177561 0.0311615 0.178537 0.0311615 0.179512 0.0321058 0.180488 0.0321058 0.182439 0.0339943 0.18439 0.0339943 0.185366 0.0349386 0.188293 0.0349386 0.189268 0.0358829 0.19122 0.0358829 0.192195 0.0368272 0.194146 0.0368272 0.195122 0.0377715 0.196098 0.0377715 0.197073 0.0387158 0.198049 0.0387158 0.199024 0.0396601 0.2 0.0396601 0.202927 0.0424929 0.203902 0.0424929 0.205854 0.0443815 0.206829 0.0443815 0.207805 0.0453258 0.209756 0.0453258 0.213659 0.0491029 0.21561 0.0491029 0.21561 0.0377715 0.214634 0.0368272 0.213659 0.0368272 0.211707 0.0349386 0.210732 0.0349386 0.20878 0.03305 0.207805 0.03305 0.206829 0.0321058 0.205854 0.0321058 0.204878 0.0311615 0.203902 0.0311615 0.202927 0.0302172 0.199024 0.0302172 0.198049 0.0292729 0.196098 0.0292729 0.195122 0.0283286 0.194146 0.0283286 0.193171 0.0273843 0.19122 0.0273843 0.190244 0.02644 0.185366 0.02644 0.18439 0.0254958 0.16878 0.0254958 0.167805 0.0245515
1 0.698537 0.952786 0.696585 0.954674 0.69561 0.954674 0.694634 0.955619 0.693659 0.955619 0.692683 0.956563 0.691707 0.956563 0.690732 0.957507 0.689756 0.957507 0.68878 0.958451 0.687805 0.958451 0.686829 0.959396 0.685854 0.959396 0.685854 0.96695 0.691707 0.96695 0.692683 0.967894 0.693659 0.96695 0.707317 0.96695 0.708293 0.966006 0.709268 0.966006 0.710244 0.965061 0.711219 0.965061 0.711219 0.952786
1 0.500488 0.427762 0.500488 0.429651 0.501463 0.430595 0.501463 0.431539 0.502439 0.432483 0.503415 0.432483 0.50439 0.433428 0.506341 0.433428 0.507317 0.434372 0.507317 0.435316 0.513171 0.440982 0.513171 0.443815 0.514146 0.444759 0.514146 0.450425 0.515122 0.451369 0.515122 0.452314 0.514146 0.453258 0.518049 0.453258 0.518049 0.432483 0.515122 0.429651 0.515122 0.428706 0.514146 0.427762
1 0.810732 0.0500472 0.810732 0.0604344 0.811707 0.0613787 0.812683 0.0613787 0.814634 0.0632672 0.81561 0.0632672 0.816585 0.0642115 0.818537 0.0642115 0.819512 0.0651558 0.819512 0.0661001 0.825366 0.0661001 0.827317 0.0642115 0.828293 0.0642115 0.828293 0.0500472
1 0.747317 0.115203 0.747317 0.128423 0.748293 0.128423 0.749268 0.129367 0.759024 0.129367 0.76 0.128423 0.760976 0.128423 0.761951 0.127479 0.762927 0.127479 0.762927 0.115203
1 0.319024 0.306893 0.319024 0.31728 0.32 0.318225 0.320976 0.318225 0.321951 0.319169 0.322927 0.319169 0.323902 0.320113 0.324878 0.320113 0.325854 0.321058 0.332683 0.321058 0.333659 0.320113 0.333659 0.306893
0 0.308293 0.923513 0.307317 0.924457 0.307317 0.926346 0.306341 0.92729 0.306341 0.929178 0.305366 0.930123 0.305366 0.932956 0.30439 0.9339 0.30439 0.936733 0.305366 0.937677 0.305366 0.939566 0.307317 0.941454 0.307317 0.942398 0.308293 0.943343 0.308293 0.944287 0.309268 0.945231 0.309268 0.94712 0.308293 0.948064 0.308293 0.949953 0.307317 0.950897 0.307317 0.952786 0.306341 0.95373 0.306341 0.954674 0.305366 0.955619 0.305366 0.956563 0.30439 0.957507 0.30439 0.959396 0.306341 0.961284 0.308293 0.961284 0.309268 0.962229 0.313171 0.962229 0.314146 0.963173 0.318049 0.963173 0.319024 0.964117 0.320976 0.962229 0.320976 0.943343 0.32 0.942398 0.32 0.941454 0.319024 0.94051 0.319024 0.939566 0.317073 0.937677 0.317073 0.936733 0.316098 0.935788 0.316098 0.928234 0.315122 0.92729 0.315122 0.924457 0.314146 0.923513
0 0.69561 0.14542 0.69561 0.148253 0.694634 0.149197 0.694634 0.151086 0.693659 0.15203 0.693659 0.152975 0.691707 0.154863 0.691707 0.155807 0.690732 0.156752 0.690732 0.15864 0.689756 0.159585 0.689756 0.160529 0.68878 0.161473 0.68878 0.162417 0.687805 0.163362 0.687805 0.164306 0.686829 0.16525 0.686829 0.169027 0.685854 0.169972 0.685854 0.184136 0.68878 0.186969 0.68878 0.188857 0.689756 0.189802 0.689756 0.190746 0.690732 0.19169 0.694634 0.19169 0.69561 0.190746 0.69561 0.188857 0.694634 0.187913 0.694634 0.183192 0.69561 0.182247 0.69561 0.181303 0.696585 0.180359 0.696585 0.17847 0.697561 0.177526 0.697561 0.176582 0.699512 0.174693 0.699512 0.173749 0.700488 0.172805 0.700488 0.170916 0.701463 0.169972 0.701463 0.169027 0.702439 0.168083 0.702439 0.167139 0.703415 0.166195 0.703415 0.16525 0.70439 0.164306 0.70439 0.14542
1 0.774634 0.75543 0.772683 0.757318 0.772683 0.76204 0.773659 0.762984 0.773659 0.763928 0.774634 0.763928 0.77561 0.764873 0.777561 0.764873 0.780488 0.76204 0.780488 0.75543
0 0.485854 0.0878187 0.483902 0.0897073 0.483902 0.0906516 0.482927 0.0915958 0.482927 0.0982059 0.484878 0.100094 0.485854 0.100094 0.487805 0.101983 0.487805 0.10576 0.486829 0.106704 0.486829 0.109537 0.489756 0.11237 0.490732 0.11237 0.491707 0.113314 0.493659 0.113314 0.494634 0.11237 0.497561 0.11237 0.498537 0.111426 0.499512 0.111426 0.500488 0.110482 0.501463 0.110482 0.503415 0.108593 0.50439 0.108593 0.50439 0.0878187
1 0.339512 0.703494 0.339512 0.716714 0.340488 0.716714 0.34439 0.720491 0.348293 0.720491 0.349268 0.719547 0.35122 0.719547 0.354146 0.716714 0.355122 0.716714 0.356098 0.71577 0.356098 0.703494
0 0.188293 0.292729 0.187317 0.293673 0.186341 0.293673 0.185366 0.294618 0.18439 0.294618 0.183415 0.295562 0.182439 0.295562 0.181463 0.296506 0.181463 0.29745 0.182439 0.298395 0.182439 0.301228 0.183415 0.302172 0.183415 0.30406 0.18439 0.305005 0.18439 0.307838 0.185366 0.308782 0.185366 0.311615 0.186341 0.312559 0.186341 0.31728 0.187317 0.318225 0.187317 0.328612 0.186341 0.329556 0.186341 0.34372 0.187317 0.344665 0.187317 0.347498 0.188293 0.348442 0.188293 0.349386 0.189268 0.350331 0.189268 0.351275 0.190244 0.352219 0.192195 0.352219 0.193171 0.351275 0.194146 0.351275 0.195122 0.350331 0.195122 0.349386 0.196098 0.348442 0.196098 0.34372 0.197073 0.342776 0.197073 0.338055 0.198049 0.33711 0.198049 0.324835 0.197073 0.32389 0.197073 0.321058 0.198049 0.320113 0.198049 0.318225 0.199024 0.31728 0.199024 0.315392 0.203902 0.31067 0.205854 0.31067 0.206829 0.309726 0.209756 0.309726 0.210732 0.31067 0.212683 0.31067 0.213659 0.311615 0.21561 0.311615 0.223415 0.319169 0.22439 0.319169 0.229268 0.32389 0.23122 0.32389 0.234146 0.326723 0.234146 0.327668 0.235122 0.328612 0.235122 0.331445 0.236098 0.332389 0.236098 0.335222 0.237073 0.336166 0.237073 0.338999 0.238049 0.339943 0.237073 0.340888 0.237073 0.342776 0.236098 0.34372 0.236098 0.346553 0.233171 0.349386 0.233171 0.350331 0.23122 0.352219 0.23122 0.353163 0.230244 0.354108 0.230244 0.355052 0.227317 0.357885 0.226341 0.357885 0.223415 0.360718 0.220488 0.360718 0.219512 0.359773 0.218537 0.359773 0.217561 0.358829 0.216585 0.358829 0.21561 0.357885 0.207805 0.357885 0.206829 0.358829 0.204878 0.358829 0.201951 0.361662 0.201951 0.365439 0.202927 0.366383 0.203902 0.366383 0.204878 0.367328 0.205854 0.367328 0.206829 0.368272 0.207805 0.368272 0.20878 0.369216 0.210732 0.369216 0.211707 0.370161 0.212683 0.370161 0.213659 0.371105 0.216585 0.371105 0.217561 0.370161 0.218537 0.370161 0.220488 0.368272 0.221463 0.368272 0.222439 0.367328 0.223415 0.367328 0.22439 0.366383 0.227317 0.366383 0.228293 0.365439 0.229268 0.365439 0.230244 0.364495 0.23122 0.364495 0.233171 0.362606 0.235122 0.362606 0.237073 0.360718 0.238049 0.360718 0.239024 0.359773 0.240976 0.359773 0.246829 0.354108 0.246829 0.325779 0.245854 0.325779 0.242927 0.322946 0.242927 0.322002 0.240976 0.320113 0.239024 0.320113 0.238049 0.319169 0.236098 0.319169 0.235122 0.318225 0.235122 0.316336 0.234146 0.315392 0.233171 0.315392 0.232195 0.314448 0.230244 0.314448 0.229268 0.313503 0.228293 0.313503 0.218537 0.30406 0.218537 0.303116 0.210732 0.295562 0.209756 0.295562 0.20878 0.294618 0.206829 0.294618 0.205854 0.293673 0.203902 0.293673 0.202927 0.292729
0 0.89561 0.558074 0.89561 0.566572 0.896585 0.567517 0.896585 0.577904 0.897561 0.578848 0.897561 0.581681 0.898537 0.582625 0.898537 0.584514 0.901463 0.587347 0.901463 0.588291 0.902439 0.589235 0.902439 0.591124 0.903415 0.592068 0.903415 0.593957 0.90439 0.594901 0.90439 0.597734 0.905366 0.598678 0.905366 0.600567 0.906341 0.601511 0.906341 0.603399 0.907317 0.604344 0.907317 0.605288 0.908293 0.606232 0.908293 0.607177 0.909268 0.608121 0.909268 0.610009 0.910244 0.610954 0.910244 0.612842 0.91122 0.613787 0.91122 0.615675 0.912195 0.616619 0.912195 0.620397 0.913171 0.621341 0.913171 0.623229 0.914146 0.624174 0.914146 0.627007 0.915122 0.627951 0.915122 0.630784 0.916098 0.631728 0.916098 0.634561 0.917073 0.635505 0.917073 0.647781 0.918049 0.648725 0.918049 0.651558 0.919024 0.652502 0.919024 0.655335 0.924878 0.655335 0.924878 0.652502 0.925854 0.651558 0.925854 0.646837 0.926829 0.645892 0.926829 0.630784 0.925854 0.629839 0.925854 0.627007 0.924878 0.626062 0.924878 0.623229 0.923902 0.622285 0.923902 0.616619 0.922927 0.615675 0.922927 0.612842 0.921951 0.611898 0.921951 0.609065 0.920976 0.608121 0.920976 0.606232 0.92 0.605288 0.92 0.602455 0.919024 0.601511 0.919024 0.599622 0.918049 0.598678 0.918049 0.595845 0.917073 0.594901 0.917073 0.592068 0.916098 0.591124 0.916098 0.586402 0.915122 0.585458 0.915122 0.581681 0.914146 0.580737 0.914146 0.576959 0.913171 0.576015 0.913171 0.575071 0.912195 0.574127 0.912195 0.572238 0.91122 0.571294 0.91122 0.570349 0.910244 0.569405 0.910244 0.568461 0.909268 0.567517 0.909268 0.566572 0.908293 0.565628 0.908293 0.563739 0.907317 0.562795 0.907317 0.559962 0.906341 0.559018 0.906341 0.558074
0 0.0780488 0.694051 0.0780488 0.69594 0.075122 0.698772 0.0741463 0.698772 0.0721951 0.700661 0.0712195 0.700661 0.0692683 0.70255 0.0692683 0.703494 0.0653659 0.707271 0.0653659 0.708215 0.0643902 0.70916 0.0643902 0.710104 0.0634146 0.711048 0.0634146 0.711992 0.0604878 0.714825 0.0604878 0.719547 0.0614634 0.718602 0.062439 0.718602 0.0634146 0.717658 0.0673171 0.717658 0.0692683 0.71577 0.0702439 0.71577 0.0721951 0.713881 0.0731707 0.713881 0.0770732 0.710104 0.0780488 0.710104 0.0819512 0.706327 0.0829268 0.706327 0.0839024 0.705382 0.0858537 0.705382 0.0868293 0.704438 0.0878049 0.704438 0.0887805 0.703494 0.0897561 0.703494 0.0907317 0.70255 0.0917073 0.70255 0.0936585 0.700661 0.0956098 0.700661 0.0965854 0.699717 0.101463 0.699717 0.105366 0.703494 0.107317 0.703494 0.110244 0.706327 0.110244 0.707271 0.11122 0.708215 0.11122 0.70916 0.112195 0.710104 0.114146 0.710104 0.115122 0.711048 0.118049 0.711048 0.119024 0.711992 0.119024 0.711048 0.12 0.710104 0.12 0.70916 0.119024 0.708215 0.117073 0.708215 0.116098 0.707271 0.115122 0.707271 0.114146 0.706327 0.114146 0.705382 0.113171 0.704438 0.113171 0.703494 0.112195 0.70255 0.11122 0.70255 0.110244 0.701605 0.109268 0.701605 0.107317 0.699717 0.107317 0.698772 0.106341 0.697828 0.106341 0.69594 0.105366 0.694995 0.103415 0.694995 0.102439 0.694051
0 0.696585 0.143532 0.696585 0.147309 0.69561 0.148253 0.69561 0.150142 0.694634 0.151086 0.694634 0.15203 0.693659 0.152975 0.693659 0.153919 0.691707 0.155807 0.691707 0.157696 0.690732 0.15864 0.690732 0.159585 0.689756 0.160529 0.689756 0.161473 0.68878 0.162417 0.68878 0.163362 0.687805 0.164306 0.687805 0.169027 0.686829 0.169972 0.686829 0.172805 0.685854 0.173749 0.685854 0.184136 0.686829 0.18508 0.686829 0.186025 0.68878 0.187913 0.68878 0.189802 0.689756 0.190746 0.689756 0.19169 0.691707 0.193579 0.691707 0.194523 0.692683 0.195467 0.692683 0.200189 0.691707 0.201133 0.691707 0.202077 0.69561 0.202077 0.694634 0.201133 0.694634 0.199245 0.693659 0.1983 0.693659 0.195467 0.694634 0.194523 0.694634 0.19169 0.69561 0.190746 0.69561 0.187913 0.694634 0.186969 0.694634 0.184136 0.69561 0.183192 0.69561 0.181303 0.696585 0.180359 0.696585 0.179415 0.697561 0.17847 0.697561 0.177526 0.699512 0.175637 0.699512 0.174693 0.700488 0.173749 0.700488 0.17186 0.701463 0.170916 0.701463 0.169972 0.702439 0.169027 0.702439 0.168083 0.703415 0.167139 0.703415 0.166195 0.70439 0.16525 0.70439 0.163362 0.705366 0.162417 0.705366 0.161473 0.706341 0.160529 0.706341 0.159585 0.707317 0.15864 0.707317 0.143532
1 0.979512 0.654391 0.979512 0.677054 0.980488 0.677998 0.981463 0.677998 0.983415 0.679887 0.99122 0.679887 0.99122 0.677998 0.993171 0.67611 0.994146 0.67611 0.996098 0.674221 0.998049 0.674221 0.998049 0.654391
0 0.21561 0.880076 0.214634 0.88102 0.214634 0.881964 0.213659 0.882908 0.213659 0.883853 0.212683 0.884797 0.211707 0.884797 0.209756 0.886686 0.20878 0.886686 0.204878 0.890463 0.204878 0.891407 0.203902 0.892351 0.203902 0.893296 0.201951 0.895184 0.201951 0.897073 0.200976 0.898017 0.200976 0.898961 0.2 0.899906 0.2 0.90085 0.199024 0.901794 0.199024 0.905571 0.2 0.906516 0.2 0.913126 0.200976 0.91407 0.200976 0.916903 0.201951 0.917847 0.201951 0.918791 0.202927 0.919736 0.202927 0.921624 0.204878 0.923513 0.204878 0.924457 0.207805 0.92729 0.207805 0.928234 0.20878 0.929178 0.20878 0.930123 0.209756 0.930123 0.211707 0.932011 0.212683 0.932011 0.213659 0.932956 0.214634 0.932956 0.21561 0.9339 0.214634 0.934844 0.213659 0.934844 0.212683 0.935788 0.211707 0.935788 0.210732 0.936733 0.209756 0.936733 0.20878 0.937677 0.207805 0.937677 0.205854 0.939566 0.204878 0.939566 0.201951 0.942398 0.200976 0.942398 0.2 0.943343 0.199024 0.943343 0.198049 0.944287 0.19122 0.944287 0.190244 0.943343 0.185366 0.943343 0.18439 0.942398 0.182439 0.942398 0.182439 0.949009 0.209756 0.949009 0.213659 0.945231 0.213659 0.944287 0.218537 0.939566 0.218537 0.938621 0.220488 0.936733 0.221463 0.936733 0.222439 0.935788 0.226341 0.935788 0.227317 0.934844 0.229268 0.934844 0.230244 0.9339 0.233171 0.9339 0.233171 0.931067 0.235122 0.929178 0.236098 0.929178 0.237073 0.930123 0.240976 0.930123 0.241951 0.929178 0.241951 0.92729 0.229268 0.92729 0.227317 0.925401 0.227317 0.922568 0.226341 0.921624 0.226341 0.92068 0.225366 0.919736 0.225366 0.918791 0.221463 0.915014 0.221463 0.91407 0.217561 0.910293 0.217561 0.909348 0.216585 0.908404 0.216585 0.905571 0.217561 0.904627 0.217561 0.902738 0.219512 0.90085 0.220488 0.90085 0.221463 0.899906 0.222439 0.899906 0.223415 0.898961 0.225366 0.898961 0.226341 0.898017 0.227317 0.898017 0.228293 0.897073 0.228293 0.895184 0.229268 0.89424 0.229268 0.892351 0.230244 0.891407 0.230244 0.890463 0.234146 0.886686 0.234146 0.885741 0.235122 0.884797 0.236098 0.884797 0.238049 0.882908 0.239024 0.882908 0.24 0.881964 0.241951 0.881964 0.242927 0.88102 0.244878 0.88102 0.245854 0.880076 0.246829 0.880076
1 0.097561 0.951841 0.097561 0.952786 0.0965854 0.95373 0.0965854 0.964117 0.107317 0.964117 0.107317 0.963173 0.108293 0.962229 0.108293 0.96034 0.109268 0.959396 0.109268 0.951841
0 0.832195 0.858357 0.832195 0.880076 0.836098 0.883853 0.836098 0.884797 0.837073 0.885741 0.837073 0.88763 0.838049 0.888574 0.838049 0.891407 0.839024 0.892351 0.839024 0.89424 0.84 0.895184 0.84 0.896128 0.840976 0.897073 0.840976 0.898017 0.841951 0.898961 0.841951 0.899906 0.845854 0.903683 0.846829 0.903683 0.847805 0.904627 0.848781 0.904627 0.849756 0.903683 0.850732 0.903683 0.851707 0.902738 0.851707 0.90085 0.850732 0.899906 0.850732 0.892351 0.849756 0.891407 0.849756 0.882908 0.848781 0.881964 0.848781 0.872521 0.847805 0.871577 0.847805 0.868744 0.846829 0.8678 0.846829 0.866856 0.845854 0.865911 0.845854 0.864023 0.844878 0.863078 0.844878 0.86119 0.843902 0.860246 0.843902 0.859301 0.842927 0.858357
1 0.0897561 0.737488 0.0897561 0.745043 0.0907317 0.745987 0.0926829 0.745987 0.0956098 0.74882 0.0965854 0.74882 0.097561 0.749764 0.0985366 0.749764 0.0985366 0.737488
0 0.222439 0.405099 0.222439 0.408876 0.221463 0.409821 0.221463 0.410765 0.220488 0.411709 0.220488 0.413598 0.219512 0.414542 0.219512 0.417375 0.218537 0.418319 0.218537 0.422096 0.219512 0.423041 0.219512 0.423985 0.220488 0.424929 0.220488 0.425873 0.221463 0.426818 0.221463 0.427762 0.222439 0.427762 0.223415 0.428706 0.227317 0.428706 0.228293 0.429651 0.229268 0.429651 0.230244 0.428706 0.230244 0.405099
0 0.00292683 0.864023 0.00292683 0.888574 0.00585366 0.888574 0.00682927 0.88763 0.0136585 0.88763 0.0146341 0.888574 0.0195122 0.888574 0.0204878 0.889518 0.0243902 0.889518 0.0253659 0.888574 0.0263415 0.888574 0.0282927 0.886686 0.0282927 0.879131 0.0273171 0.878187 0.0273171 0.877243 0.0253659 0.875354 0.0253659 0.87441 0.0243902 0.873466 0.0243902 0.872521 0.0234146 0.871577 0.0234146 0.870633 0.0214634 0.868744 0.0214634 0.8678 0.0204878 0.866856 0.0204878 0.865911 0.0195122 0.864967 0.0195122 0.864023
0 0.41561 0.150142 0.41561 0.152975 0.413659 0.154863 0.413659 0.155807 0.411707 0.157696 0.411707 0.15864 0.410732 0.159585 0.410732 0.160529 0.409756 0.161473 0.409756 0.162417 0.40878 0.163362 0.407805 0.163362 0.405854 0.16525 0.404878 0.16525 0.403902 0.166195 0.403902 0.167139 0.402927 0.168083 0.402927 0.169027 0.400976 0.170916 0.4 0.170916 0.400976 0.17186 0.405854 0.17186 0.406829 0.170916 0.40878 0.170916 0.410732 0.172805 0.410732 0.173749 0.411707 0.174693 0.411707 0.175637 0.412683 0.176582 0.412683 0.177526 0.407805 0.182247 0.407805 0.183192 0.406829 0.184136 0.406829 0.18508 0.405854 0.186025 0.405854 0.187913 0.403902 0.189802 0.403902 0.19169 0.404878 0.192635 0.404878 0.214353 0.403902 0.215297 0.404878 0.216242 0.404878 0.21813 0.405854 0.219075 0.410732 0.219075 0.411707 0.21813 0.411707 0.217186 0.412683 0.216242 0.412683 0.215297 0.413659 0.214353 0.413659 0.213409 0.414634 0.212465 0.414634 0.21152 0.41561 0.210576 0.41561 0.209632 0.416585 0.208687 0.416585 0.206799 0.417561 0.205855 0.417561 0.200189 0.416585 0.199245 0.416585 0.189802 0.417561 0.188857 0.417561 0.187913 0.419512 0.186025 0.419512 0.18508 0.420488 0.184136 0.420488 0.182247 0.419512 0.181303 0.419512 0.17847 0.418537 0.177526 0.419512 0.176582 0.419512 0.174693 0.420488 0.173749 0.420488 0.17186 0.421463 0.170916 0.421463 0.169027 0.422439 0.168083 0.422439 0.16525 0.423415 0.164306 0.423415 0.150142
1 0.274146 0.684608 0.273171 0.685552 0.27122 0.685552 0.269268 0.687441 0.269268 0.68933 0.268293 0.690274 0.268293 0.691218 0.266341 0.693107 0.266341 0.697828 0.276098 0.697828 0.277073 0.696884 0.277073 0.684608
1 0.742439 0.873466 0.741463 0.87441 0.738537 0.87441 0.736585 0.876298 0.736585 0.878187 0.73561 0.879131 0.73561 0.890463 0.736585 0.889518 0.737561 0.889518 0.738537 0.888574 0.739512 0.889518 0.740488 0.889518 0.742439 0.891407 0.745366 0.891407 0.750244 0.886686 0.75122 0.886686 0.75122 0.885741 0.752195 0.884797 0.752195 0.882908 0.753171 0.881964 0.753171 0.875354 0.752195 0.875354 0.75122 0.87441 0.748293 0.87441 0.747317 0.873466
0 0.977561 0.916903 0.977561 0.917847 0.976585 0.918791 0.976585 0.921624 0.97561 0.922568 0.97561 0.924457 0.974634 0.925401 0.974634 0.928234 0.973659 0.929178 0.973659 0.934844 0.972683 0.935788 0.972683 0.936733 0.971707 0.937677 0.971707 0.950897 0.973659 0.950897 0.97561 0.949009 0.976585 0.949009 0.977561 0.948064 0.978537 0.948064 0.979512 0.94712 0.983415 0.94712 0.98439 0.946176 0.985366 0.946176 0.985366 0.945231 0.986341 0.944287 0.986341 0.943343 0.987317 0.942398 0.987317 0.941454 0.988293 0.94051 0.988293 0.938621 0.987317 0.937677 0.987317 0.934844 0.986341 0.9339 0.986341 0.932011 0.985366 0.931067 0.985366 0.930123 0.98439 0.929178 0.983415 0.929178 0.982439 0.928234 0.982439 0.924457 0.981463 0.923513 0.981463 0.922568 0.979512 0.92068 0.979512 0.919736 0.978537 0.918791 0.978537 0.917847
0 0.555122 0.129367 0.554146 0.130312 0.55122 0.130312 0.549268 0.1322 0.547317 0.1322 0.546341 0.133144 0.543415 0.133144 0.543415 0.144476 0.54439 0.144476 0.545366 0.14542 0.547317 0.14542 0.548293 0.146364 0.549268 0.146364 0.553171 0.150142 0.553171 0.15203 0.554146 0.152975 0.554146 0.154863 0.555122 0.155807 0.555122 0.15864 0.556098 0.159585 0.556098 0.160529 0.557073 0.161473 0.557073 0.162417 0.558049 0.163362 0.558049 0.164306 0.56 0.166195 0.56 0.167139 0.560976 0.168083 0.560976 0.169027 0.561951 0.169972 0.561951 0.172805 0.562927 0.173749 0.562927 0.135033 0.56 0.1322 0.56 0.131256 0.558049 0.129367
0 0.167805 0.898961 0.167805 0.899906 0.166829 0.90085 0.166829 0.904627 0.167805 0.905571 0.167805 0.913126 0.16878 0.91407 0.16878 0.917847 0.169756 0.918791 0.169756 0.92068 0.170732 0.921624 0.170732 0.922568 0.169756 0.923513 0.169756 0.928234 0.165854 0.932011 0.164878 0.932011 0.163902 0.932956 0.163902 0.934844 0.176585 0.934844 0.17561 0.9339 0.17561 0.932956 0.176585 0.932011 0.176585 0.930123 0.177561 0.929178 0.177561 0.92729 0.180488 0.924457 0.181463 0.924457 0.182439 0.923513 0.183415 0.923513 0.186341 0.92068 0.186341 0.918791 0.189268 0.915958 0.190244 0.915958 0.190244 0.909348 0.189268 0.910293 0.189268 0.911237 0.186341 0.91407 0.185366 0.91407 0.18439 0.915014 0.180488 0.915014 0.178537 0.916903 0.176585 0.916903 0.17561 0.915958 0.17561 0.91407 0.174634 0.913126 0.174634 0.90746 0.17561 0.906516 0.17561 0.904627 0.176585 0.903683 0.176585 0.902738 0.177561 0.901794 0.177561 0.90085 0.178537 0.899906 0.178537 0.898961
0 0.51122 0.428706 0.509268 0.430595 0.509268 0.434372 0.514146 0.439093 0.514146 0.440038 0.515122 0.440982 0.515122 0.441926 0.516098 0.442871 0.516098 0.444759 0.517073 0.445704 0.517073 0.452314 0.516098 0.453258 0.512195 0.453258 0.51122 0.454202 0.508293 0.454202 0.507317 0.455146 0.498537 0.455146 0.497561 0.456091 0.491707 0.456091 0.490732 0.457035 0.489756 0.457035 0.48878 0.457979 0.487805 0.457979 0.486829 0.458924 0.484878 0.458924 0.484878 0.462701 0.483902 0.463645 0.483902 0.464589 0.484878 0.465534 0.485854 0.465534 0.486829 0.466478 0.502439 0.466478 0.503415 0.467422 0.51122 0.467422 0.512195 0.468366 0.52 0.468366 0.520976 0.469311 0.530732 0.469311 0.531707 0.468366 0.532683 0.469311 0.533659 0.469311 0.53561 0.471199 0.536585 0.471199 0.537561 0.472144 0.538537 0.472144 0.540488 0.474032 0.540488 0.474976 0.542439 0.476865 0.542439 0.478754 0.543415 0.479698 0.543415 0.480642 0.54439 0.481586 0.54439 0.483475 0.545366 0.484419 0.545366 0.496695 0.546341 0.497639 0.546341 0.498584 0.548293 0.500472 0.548293 0.501416 0.550244 0.503305 0.550244 0.504249 0.55122 0.505194 0.553171 0.505194 0.554146 0.506138 0.555122 0.506138 0.558049 0.508971 0.56 0.508971 0.560976 0.509915 0.562927 0.509915 0.563902 0.510859 0.564878 0.509915 0.565854 0.509915 0.565854 0.497639 0.564878 0.498584 0.563902 0.498584 0.562927 0.497639 0.562927 0.494806 0.561951 0.493862 0.561951 0.491029 0.560976 0.490085 0.560976 0.488196 0.56 0.487252 0.56 0.486308 0.559024 0.485364 0.559024 0.484419 0.557073 0.482531 0.557073 0.481586 0.556098 0.480642 0.556098 0.478754 0.555122 0.477809 0.555122 0.476865 0.554146 0.475921 0.554146 0.474976 0.553171 0.474032 0.553171 0.473088 0.552195 0.472144 0.552195 0.471199 0.549268 0.468366 0.548293 0.468366 0.545366 0.465534 0.545366 0.464589 0.543415 0.462701 0.542439 0.462701 0.541463 0.461756 0.540488 0.461756 0.536585 0.457979 0.536585 0.457035 0.533659 0.454202 0.532683 0.454202 0.52878 0.450425 0.52878 0.449481 0.527805 0.448536 0.527805 0.446648 0.526829 0.446648 0.523902 0.443815 0.523902 0.442871 0.522927 0.441926 0.522927 0.440038 0.52 0.437205 0.52 0.436261 0.517073 0.433428 0.516098 0.433428 0.513171 0.430595 0.513171 0.429651 0.512195 0.428706
1 0.649756 0.711048 0.64878 0.711992 0.64878 0.721435 0.656585 0.721435 0.658537 0.719547 0.658537 0.711048
0 0.75122 0.23135 0.750244 0.232295 0.746341 0.232295 0.746341 0.239849 0.747317 0.239849 0.75122 0.243626 0.75122 0.242682 0.753171 0.240793 0.754146 0.240793 0.755122 0.239849 0.757073 0.239849 0.758049 0.238905 0.759024 0.238905 0.76 0.23796 0.767805 0.23796 0.76878 0.238905 0.770732 0.238905 0.771707 0.239849 0.772683 0.239849 0.773659 0.240793 0.774634 0.240793 0.77561 0.241737 0.776585 0.241737 0.777561 0.242682 0.779512 0.242682 0.780488 0.243626 0.782439 0.243626 0.783415 0.24457 0.785366 0.24457 0.786341 0.245515 0.787317 0.245515 0.788293 0.246459 0.790244 0.246459 0.790244 0.237016 0.789268 0.236072 0.788293 0.236072 0.78439 0.232295 0.783415 0.232295 0.782439 0.23135
0 0.854634 0.492918 0.851707 0.495751 0.851707 0.496695 0.850732 0.497639 0.850732 0.498584 0.849756 0.499528 0.849756 0.500472 0.847805 0.502361 0.844878 0.502361 0.844878 0.512748 0.846829 0.512748 0.846829 0.511804 0.847805 0.510859 0.848781 0.511804 0.849756 0.511804 0.850732 0.512748 0.854634 0.512748 0.857561 0.509915 0.857561 0.508971 0.858537 0.508026 0.858537 0.493862 0.856585 0.493862 0.85561 0.492918
1 0.23122 0.128423 0.23122 0.139754 0.239024 0.139754 0.239024 0.128423
0 0.595122 0.141643 0.595122 0.154863 0.597073 0.154863 0.598049 0.153919 0.6 0.153919 0.600976 0.152975 0.601951 0.152975 0.602927 0.15203 0.603902 0.15203 0.604878 0.152975 0.608781 0.152975 0.611707 0.155807 0.611707 0.156752 0.612683 0.157696 0.612683 0.15864 0.613659 0.159585 0.613659 0.160529 0.61561 0.162417 0.61561 0.163362 0.616585 0.163362 0.617561 0.162417 0.622439 0.162417 0.622439 0.15203 0.621463 0.151086 0.621463 0.150142 0.619512 0.148253 0.619512 0.147309 0.614634 0.142587 0.613659 0.142587 0.612683 0.141643
0 0.324878 0.764873 0.324878 0.777148 0.328781 0.780925 0.329756 0.780925 0.332683 0.783758 0.333659 0.783758 0.33561 0.785647 0.336585 0.785647 0.338537 0.787535 0.339512 0.787535 0.34439 0.792257 0.345366 0.792257 0.348293 0.79509 0.348293 0.796034 0.35122 0.798867 0.35122 0.799811 0.353171 0.8017 0.353171 0.803588 0.354146 0.804533 0.354146 0.805477 0.355122 0.806421 0.364878 0.806421 0.364878 0.799811 0.363902 0.798867 0.363902 0.797923 0.362927 0.796978 0.362927 0.796034 0.361951 0.79509 0.361951 0.794145 0.360976 0.793201 0.360976 0.792257 0.36 0.791313 0.36 0.789424 0.359024 0.78848 0.359024 0.786591 0.358049 0.785647 0.358049 0.783758 0.357073 0.782814 0.357073 0.78187 0.355122 0.779981 0.354146 0.779981 0.353171 0.779037 0.35122 0.779037 0.349268 0.777148 0.348293 0.777148 0.347317 0.776204 0.346341 0.776204 0.342439 0.772427 0.342439 0.76865 0.343415 0.767705 0.343415 0.766761 0.34439 0.765817 0.34439 0.764873
1 0.804878 0.667611 0.804878 0.683664 0.807805 0.683664 0.80878 0.68272 0.810732 0.68272 0.811707 0.683664 0.81561 0.683664 0.817561 0.681775 0.817561 0.680831 0.818537 0.679887 0.818537 0.667611
0 0.658537 0.92729 0.658537 0.932011 0.659512 0.932956 0.659512 0.934844 0.658537 0.935788 0.658537 0.943343 0.658537 0.942398 0.659512 0.941454 0.659512 0.939566 0.660488 0.938621 0.668293 0.938621 0.670244 0.936733 0.67122 0.936733 0.672195 0.935788 0.673171 0.935788 0.674146 0.934844 0.675122 0.934844 0.677073 0.932956 0.678049 0.932956 0.679024 0.932011 0.681951 0.932011 0.682927 0.931067 0.685854 0.931067 0.686829 0.930123 0.687805 0.930123 0.68878 0.929178 0.689756 0.929178 0.690732 0.928234 0.691707 0.928234 0.692683 0.92729
0 0.565854 0.498584 0.563902 0.500472 0.562927 0.500472 0.559024 0.504249 0.559024 0.518414 0.56 0.518414 0.560976 0.519358 0.565854 0.519358 0.565854 0.518414 0.567805 0.516525 0.567805 0.515581 0.569756 0.513692 0.569756 0.512748 0.570732 0.511804 0.570732 0.509915 0.571707 0.508971 0.571707 0.498584
0 0.985366 0.570349 0.987317 0.572238 0.987317 0.573182 0.99122 0.576959 0.99122 0.577904 0.983415 0.585458 0.981463 0.585458 0.980488 0.586402 0.979512 0.586402 0.977561 0.588291 0.977561 0.600567 0.986341 0.600567 0.986341 0.598678 0.987317 0.597734 0.987317 0.595845 0.993171 0.590179 0.993171 0.589235 0.994146 0.588291 0.994146 0.587347 0.996098 0.585458 0.997073 0.585458 0.997073 0.570349
0 0.851707 0.453258 0.850732 0.454202 0.850732 0.456091 0.849756 0.457035 0.849756 0.462701 0.848781 0.463645 0.848781 0.465534 0.849756 0.466478 0.849756 0.468366 0.850732 0.469311 0.850732 0.471199 0.849756 0.472144 0.849756 0.473088 0.847805 0.474976 0.839024 0.474976 0.838049 0.474032 0.837073 0.474032 0.836098 0.473088 0.836098 0.483475 0.859512 0.483475 0.860488 0.482531 0.860488 0.481586 0.861463 0.480642 0.861463 0.476865 0.860488 0.475921 0.859512 0.475921 0.856585 0.473088 0.856585 0.471199 0.85561 0.470255 0.85561 0.468366 0.854634 0.467422 0.854634 0.463645 0.858537 0.459868 0.859512 0.459868 0.860488 0.458924 0.861463 0.458924 0.861463 0.456091 0.858537 0.453258
1 0.480976 0.950897 0.480976 0.961284 0.489756 0.961284 0.490732 0.96034 0.49561 0.96034 0.496585 0.959396 0.498537 0.959396 0.499512 0.958451 0.500488 0.958451 0.500488 0.955619 0.501463 0.954674 0.501463 0.952786 0.500488 0.951841 0.500488 0.950897
0 0.249756 0.03305 0.249756 0.0434372 0.270244 0.0434372 0.27122 0.0424929 0.275122 0.0424929 0.276098 0.0415486 0.278049 0.0415486 0.279024 0.0406043 0.280976 0.0406043 0.281951 0.0396601 0.283902 0.0396601 0.284878 0.0387158 0.285854 0.0387158 0.286829 0.0377715 0.286829 0.0368272 0.287805 0.0358829 0.287805 0.0349386 0.28878 0.0339943 0.287805 0.03305
0 0.228293 0.875354 0.227317 0.876298 0.225366 0.876298 0.22439 0.877243 0.221463 0.877243 0.218537 0.880076 0.217561 0.880076 0.216585 0.88102 0.216585 0.881964 0.211707 0.886686 0.210732 0.886686 0.209756 0.88763 0.20878 0.88763 0.206829 0.889518 0.206829 0.890463 0.205854 0.891407 0.205854 0.892351 0.202927 0.895184 0.202927 0.896128 0.201951 0.897073 0.201951 0.90085 0.2 0.902738 0.203902 0.906516 0.203902 0.911237 0.202927 0.912181 0.202927 0.919736 0.203902 0.92068 0.203902 0.922568 0.204878 0.923513 0.204878 0.925401 0.206829 0.92729 0.206829 0.929178 0.209756 0.932011 0.210732 0.932011 0.211707 0.932956 0.212683 0.932956 0.213659 0.9339 0.212683 0.934844 0.20878 0.934844 0.207805 0.935788 0.203902 0.935788 0.202927 0.936733 0.202927 0.937677 0.2 0.94051 0.199024 0.94051 0.198049 0.941454 0.189268 0.941454 0.188293 0.94051 0.182439 0.94051 0.182439 0.950897 0.18439 0.952786 0.203902 0.952786 0.204878 0.951841 0.204878 0.950897 0.205854 0.949953 0.206829 0.949953 0.207805 0.949009 0.20878 0.949009 0.211707 0.946176 0.212683 0.946176 0.212683 0.945231 0.214634 0.943343 0.21561 0.943343 0.218537 0.94051 0.218537 0.936733 0.221463 0.9339 0.222439 0.9339 0.221463 0.932956 0.220488 0.932956 0.218537 0.931067 0.218537 0.929178 0.217561 0.928234 0.218537 0.92729 0.218537 0.925401 0.220488 0.923513 0.220488 0.922568 0.221463 0.921624 0.219512 0.919736 0.219512 0.918791 0.217561 0.916903 0.217561 0.915958 0.214634 0.913126 0.214634 0.912181 0.212683 0.910293 0.212683 0.902738 0.21561 0.899906 0.216585 0.899906 0.217561 0.898961 0.219512 0.898961 0.220488 0.898017 0.222439 0.898017 0.223415 0.897073 0.225366 0.897073 0.226341 0.896128 0.227317 0.896128 0.228293 0.895184 0.228293 0.893296 0.229268 0.892351 0.229268 0.891407 0.230244 0.890463 0.230244 0.889518 0.233171 0.886686 0.233171 0.885741 0.24 0.879131 0.240976 0.879131 0.241951 0.878187 0.242927 0.878187 0.242927 0.877243 0.241951 0.876298 0.240976 0.876298 0.24 0.875354
1 0.954146 0.852691 0.951219 0.855524 0.950244 0.855524 0.950244 0.856468 0.948293 0.858357 0.948293 0.86119 0.947317 0.862134 0.947317 0.871577 0.948293 0.872521 0.948293 0.873466 0.949268 0.87441 0.963902 0.87441 0.964878 0.873466 0.964878 0.872521 0.966829 0.870633 0.966829 0.868744 0.969756 0.865911 0.969756 0.852691
0 0.607805 0.620397 0.606829 0.621341 0.606829 0.631728 0.607805 0.632672 0.607805 0.633617 0.610732 0.636449 0.610732 0.637394 0.611707 0.638338 0.611707 0.639282 0.612683 0.640227 0.612683 0.642115 0.613659 0.643059 0.613659 0.644004 0.61561 0.645892 0.61561 0.647781 0.616585 0.648725 0.616585 0.652502 0.621463 0.657224 0.622439 0.657224 0.623415 0.658168 0.62439 0.658168 0.625366 0.659112 0.626341 0.659112 0.627317 0.660057 0.635122 0.660057 0.636098 0.661001 0.638049 0.661001 0.639024 0.661945 0.640976 0.661945 0.641951 0.66289 0.653659 0.66289 0.653659 0.644948 0.653659 0.645892 0.650732 0.648725 0.649756 0.648725 0.647805 0.650614 0.646829 0.650614 0.644878 0.652502 0.643902 0.652502 0.642927 0.653447 0.641951 0.653447 0.640976 0.654391 0.639024 0.652502 0.638049 0.652502 0.637073 0.651558 0.636098 0.651558 0.627317 0.643059 0.627317 0.642115 0.626341 0.641171 0.626341 0.640227 0.625366 0.639282 0.625366 0.638338 0.62439 0.637394 0.62439 0.636449 0.622439 0.634561 0.622439 0.633617 0.620488 0.631728 0.620488 0.630784 0.618537 0.628895 0.618537 0.627951 0.617561 0.627007 0.617561 0.625118 0.616585 0.624174 0.616585 0.623229 0.61561 0.622285 0.61561 0.620397
0 0.126829 0.779981 0.125854 0.780925 0.124878 0.780925 0.123902 0.78187 0.123902 0.782814 0.121951 0.784703 0.121951 0.785647 0.120976 0.786591 0.120976 0.787535 0.118049 0.790368 0.118049 0.794145 0.119024 0.79509 0.119024 0.796978 0.121951 0.799811 0.122927 0.799811 0.125854 0.802644 0.126829 0.802644 0.12878 0.804533 0.129756 0.804533 0.134634 0.809254 0.13561 0.809254 0.137561 0.811143 0.138537 0.811143 0.139512 0.812087 0.140488 0.812087 0.142439 0.813975 0.142439 0.81492 0.143415 0.815864 0.149268 0.815864 0.149268 0.812087 0.148293 0.811143 0.148293 0.80831 0.147317 0.807365 0.147317 0.806421 0.146341 0.805477 0.146341 0.804533 0.145366 0.803588 0.145366 0.802644 0.14439 0.8017 0.14439 0.800755 0.143415 0.799811 0.143415 0.798867 0.142439 0.797923 0.142439 0.796978 0.141463 0.796034 0.142439 0.79509 0.142439 0.784703 0.140488 0.782814 0.139512 0.782814 0.138537 0.78187 0.137561 0.78187 0.13561 0.779981
1 0.618537 0.870633 0.618537 0.879131 0.619512 0.879131 0.620488 0.880076 0.621463 0.880076 0.623415 0.881964 0.62439 0.881964 0.626341 0.883853 0.629268 0.883853 0.630244 0.882908 0.630244 0.870633
0 0.684878 0.572238 0.684878 0.606232 0.686829 0.608121 0.74439 0.608121 0.743415 0.607177 0.743415 0.603399 0.742439 0.602455 0.740488 0.602455 0.739512 0.601511 0.737561 0.601511 0.736585 0.600567 0.73561 0.600567 0.734634 0.599622 0.733659 0.599622 0.732683 0.598678 0.731707 0.598678 0.730732 0.597734 0.728781 0.597734 0.727805 0.596789 0.727805 0.595845 0.728781 0.594901 0.728781 0.593957 0.731707 0.591124 0.731707 0.590179 0.734634 0.587347 0.737561 0.587347 0.738537 0.586402 0.739512 0.586402 0.740488 0.585458 0.741463 0.585458 0.742439 0.584514 0.74439 0.584514 0.748293 0.580737 0.748293 0.574127 0.747317 0.575071 0.74439 0.575071 0.743415 0.576015 0.741463 0.576015 0.740488 0.576959 0.739512 0.576959 0.737561 0.578848 0.736585 0.578848 0.734634 0.580737 0.733659 0.580737 0.731707 0.582625 0.729756 0.582625 0.728781 0.583569 0.727805 0.583569 0.725854 0.585458 0.724878 0.585458 0.719024 0.579792 0.719024 0.577904 0.719024 0.580737 0.718049 0.581681 0.718049 0.583569 0.716098 0.585458 0.716098 0.586402 0.712195 0.590179 0.717073 0.594901 0.718049 0.594901 0.72 0.596789 0.718049 0.598678 0.718049 0.599622 0.717073 0.600567 0.717073 0.601511 0.715122 0.603399 0.714146 0.603399 0.713171 0.604344 0.708293 0.604344 0.707317 0.603399 0.705366 0.603399 0.703415 0.601511 0.703415 0.600567 0.698537 0.595845 0.698537 0.594901 0.697561 0.593957 0.697561 0.593012 0.693659 0.589235 0.693659 0.588291 0.691707 0.586402 0.691707 0.585458 0.690732 0.584514 0.690732 0.583569 0.689756 0.582625 0.689756 0.581681 0.687805 0.579792 0.687805 0.578848 0.686829 0.577904 0.686829 0.576959 0.685854 0.576015 0.685854 0.574127 0.684878 0.573182
0 0.275122 0.307838 0.275122 0.313503 0.276098 0.314448 0.277073 0.314448 0.278049 0.315392 0.279024 0.315392 0.28 0.316336 0.281951 0.316336 0.282927 0.31728 0.284878 0.31728 0.285854 0.318225 0.289756 0.318225 0.290732 0.319169 0.294634 0.319169 0.29561 0.318225 0.298537 0.318225 0.299512 0.31728 0.299512 0.307838
1 0.308293 0.174693 0.307317 0.175637 0.307317 0.179415 0.306341 0.180359 0.306341 0.182247 0.305366 0.183192 0.305366 0.184136 0.306341 0.18508 0.306341 0.186025 0.310244 0.186025 0.31122 0.186969 0.312195 0.186969 0.313171 0.186025 0.314146 0.186025 0.315122 0.18508 0.316098 0.18508 0.318049 0.183192 0.319024 0.183192 0.319024 0.174693
0 0.0370732 0.256846 0.0370732 0.263456 0.04 0.263456 0.0409756 0.2644 0.0409756 0.267233 0.0419512 0.268178 0.0419512 0.27101 0.0409756 0.271955 0.0409756 0.272899 0.0380488 0.275732 0.0380488 0.276676 0.0370732 0.27762 0.0370732 0.294618 0.0370732 0.291785 0.0380488 0.29084 0.0380488 0.288952 0.0419512 0.285175 0.0419512 0.28423 0.0429268 0.283286 0.0429268 0.282342 0.0439024 0.281398 0.0439024 0.279509 0.044878 0.278565 0.044878 0.27101 0.0458537 0.270066 0.0468293 0.270066 0.0487805 0.268178 0.0507317 0.268178 0.0517073 0.267233 0.0536585 0.267233 0.0565854 0.270066 0.0565854 0.274788 0.057561 0.275732 0.057561 0.278565 0.0565854 0.279509 0.0565854 0.28423 0.0526829 0.288008 0.0526829 0.288952 0.0517073 0.289896 0.0517073 0.291785 0.0497561 0.293673 0.0487805 0.293673 0.0478049 0.294618 0.0468293 0.294618 0.044878 0.296506 0.057561 0.296506 0.057561 0.295562 0.0604878 0.292729 0.0604878 0.262512 0.0556098 0.25779 0.0526829 0.25779 0.0507317 0.259679 0.0507317 0.261568 0.0478049 0.2644 0.0429268 0.2644 0.0419512 0.263456 0.0409756 0.263456 0.04 0.262512 0.04 0.256846
0 0.796098 0.0632672 0.795122 0.0642115 0.795122 0.0651558 0.794146 0.0661001 0.794146 0.0793201 0.793171 0.0802644 0.793171 0.0812087 0.789268 0.0849858 0.789268 0.0859301 0.787317 0.0878187 0.787317 0.088763 0.786341 0.0897073 0.786341 0.0906516 0.785366 0.0915958 0.785366 0.0925401 0.783415 0.0944287 0.783415 0.0972616 0.782439 0.0982059 0.782439 0.120869 0.783415 0.121813 0.783415 0.139754 0.779512 0.143532 0.778537 0.143532 0.776585 0.14542 0.776585 0.157696 0.786341 0.157696 0.786341 0.154863 0.785366 0.153919 0.785366 0.144476 0.78439 0.143532 0.78439 0.134089 0.785366 0.133144 0.789268 0.133144 0.79122 0.131256 0.79122 0.130312 0.792195 0.129367 0.792195 0.127479 0.793171 0.126534 0.793171 0.121813 0.794146 0.120869 0.794146 0.119924 0.795122 0.11898 0.795122 0.117092 0.796098 0.116147 0.796098 0.115203 0.798049 0.113314 0.798049 0.11237 0.8 0.110482 0.8 0.108593 0.800976 0.107649 0.800976 0.106704 0.801951 0.10576 0.801951 0.104816 0.802927 0.103872 0.802927 0.0642115 0.801951 0.0632672
0 0.284878 0.813031 0.283902 0.813975 0.280976 0.813975 0.279024 0.815864 0.278049 0.815864 0.277073 0.816808 0.276098 0.816808 0.275122 0.817753 0.274146 0.817753 0.273171 0.818697 0.272195 0.818697 0.269268 0.82153 0.269268 0.822474 0.26439 0.827195 0.263415 0.827195 0.263415 0.835694 0.263415 0.83475 0.266341 0.831917 0.267317 0.831917 0.268293 0.830973 0.269268 0.830973 0.270244 0.830028 0.273171 0.830028 0.274146 0.829084 0.275122 0.829084 0.276098 0.82814 0.277073 0.82814 0.278049 0.827195 0.279024 0.827195 0.28 0.826251 0.283902 0.826251 0.284878 0.825307 0.287805 0.825307 0.28878 0.826251 0.293659 0.826251 0.294634 0.827195 0.300488 0.827195 0.301463 0.826251 0.303415 0.826251 0.30439 0.825307 0.305366 0.825307 0.307317 0.823418 0.308293 0.823418 0.308293 0.81492 0.307317 0.813975 0.303415 0.813975 0.302439 0.813031
1 0.0653659 0.805477 0.0643902 0.806421 0.0634146 0.806421 0.062439 0.807365 0.062439 0.817753 0.0634146 0.818697 0.0634146 0.820585 0.0653659 0.822474 0.0653659 0.823418 0.0673171 0.825307 0.0692683 0.825307 0.0702439 0.826251 0.0712195 0.826251 0.0741463 0.829084 0.0819512 0.829084 0.0839024 0.827195 0.0839024 0.813031 0.0829268 0.812087 0.0829268 0.811143 0.0819512 0.810198 0.0819512 0.809254 0.0809756 0.80831 0.0809756 0.807365 0.08 0.806421 0.0760976 0.806421 0.075122 0.805477
0 0.626341 0.283286 0.625366 0.28423 0.622439 0.28423 0.622439 0.29084 0.623415 0.29084 0.62439 0.291785 0.625366 0.291785 0.629268 0.295562 0.630244 0.295562 0.63122 0.296506 0.633171 0.296506 0.634146 0.29745 0.64 0.29745 0.640976 0.298395 0.643902 0.298395 0.644878 0.299339 0.646829 0.299339 0.651707 0.30406 0.651707 0.305005 0.652683 0.305949 0.652683 0.306893 0.653659 0.307838 0.653659 0.308782 0.656585 0.311615 0.656585 0.312559 0.657561 0.313503 0.657561 0.320113 0.658537 0.321058 0.657561 0.322002 0.657561 0.324835 0.656585 0.325779 0.656585 0.328612 0.647805 0.33711 0.644878 0.334278 0.644878 0.333333 0.641951 0.3305 0.641951 0.329556 0.636098 0.329556 0.635122 0.3305 0.632195 0.3305 0.63122 0.331445 0.628293 0.331445 0.627317 0.332389 0.626341 0.332389 0.625366 0.333333 0.622439 0.333333 0.621463 0.334278 0.622439 0.335222 0.623415 0.335222 0.625366 0.33711 0.626341 0.33711 0.629268 0.339943 0.632195 0.339943 0.633171 0.340888 0.636098 0.340888 0.637073 0.341832 0.64 0.341832 0.640976 0.342776 0.643902 0.342776 0.644878 0.34372 0.645854 0.34372 0.647805 0.345609 0.64878 0.345609 0.649756 0.344665 0.650732 0.344665 0.651707 0.34372 0.653659 0.34372 0.659512 0.338055 0.660488 0.338055 0.661463 0.33711 0.661463 0.336166 0.662439 0.335222 0.662439 0.301228 0.661463 0.300283 0.661463 0.299339 0.65561 0.293673 0.65561 0.292729 0.653659 0.29084 0.64878 0.29084 0.647805 0.289896 0.646829 0.289896 0.645854 0.288952 0.643902 0.288952 0.642927 0.288008 0.638049 0.288008 0.637073 0.287063 0.634146 0.287063 0.633171 0.286119 0.632195 0.286119 0.630244 0.28423 0.629268 0.28423 0.628293 0.283286
0 0.650732 0.262512 0.650732 0.306893 0.651707 0.307838 0.651707 0.308782 0.654634 0.311615 0.654634 0.312559 0.657561 0.315392 0.657561 0.316336 0.658537 0.31728 0.658537 0.318225 0.660488 0.320113 0.660488 0.335222 0.659512 0.336166 0.659512 0.338055 0.658537 0.338999 0.658537 0.339943 0.663415 0.339943 0.663415 0.338055 0.662439 0.33711 0.662439 0.335222 0.661463 0.334278 0.662439 0.333333 0.662439 0.332389 0.66439 0.3305 0.666341 0.3305 0.667317 0.329556 0.667317 0.328612 0.668293 0.327668 0.668293 0.324835 0.669268 0.32389 0.669268 0.321058 0.670244 0.320113 0.670244 0.314448 0.669268 0.313503 0.669268 0.31067 0.668293 0.309726 0.668293 0.305005 0.667317 0.30406 0.667317 0.298395 0.668293 0.29745 0.668293 0.291785 0.669268 0.29084 0.669268 0.286119 0.668293 0.285175 0.668293 0.279509 0.667317 0.278565 0.667317 0.276676 0.668293 0.275732 0.668293 0.274788 0.669268 0.273843 0.669268 0.272899 0.672195 0.270066 0.672195 0.269122 0.674146 0.267233 0.674146 0.263456 0.667317 0.263456 0.665366 0.265345 0.665366 0.267233 0.661463 0.27101 0.657561 0.27101 0.654634 0.268178 0.654634 0.265345 0.653659 0.2644 0.653659 0.262512
0 0.578537 0.291785 0.577561 0.292729 0.576585 0.292729 0.57561 0.293673 0.574634 0.293673 0.573659 0.294618 0.572683 0.294618 0.571707 0.295562 0.569756 0.295562 0.56878 0.296506 0.56878 0.305949 0.577561 0.305949 0.578537 0.306893 0.579512 0.306893 0.585366 0.312559 0.585366 0.313503 0.587317 0.315392 0.587317 0.316336 0.588293 0.31728 0.588293 0.318225 0.598049 0.318225 0.598049 0.303116 0.595122 0.300283 0.594146 0.300283 0.591219 0.29745 0.591219 0.296506 0.586341 0.291785
0 0.212683 0.388102 0.212683 0.389991 0.213659 0.390935 0.213659 0.391879 0.21561 0.393768 0.21561 0.394712 0.216585 0.394712 0.217561 0.395656 0.217561 0.396601 0.219512 0.398489 0.219512 0.399433 0.220488 0.400378 0.220488 0.402266 0.221463 0.403211 0.221463 0.406043 0.222439 0.406988 0.222439 0.410765 0.221463 0.411709 0.221463 0.416431 0.220488 0.417375 0.220488 0.421152 0.221463 0.422096 0.221463 0.423041 0.222439 0.423985 0.222439 0.424929 0.223415 0.423985 0.22439 0.423985 0.226341 0.422096 0.226341 0.421152 0.228293 0.419263 0.228293 0.393768 0.227317 0.392823 0.227317 0.391879 0.226341 0.390935 0.226341 0.389991 0.22439 0.388102
0 0.326829 0.733711 0.326829 0.7356 0.327805 0.736544 0.327805 0.739377 0.328781 0.740321 0.328781 0.74221 0.329756 0.74221 0.330732 0.743154 0.331707 0.743154 0.33561 0.746931 0.336585 0.746931 0.337561 0.747875 0.338537 0.747875 0.342439 0.751652 0.342439 0.754485 0.346341 0.754485 0.346341 0.743154 0.336585 0.733711
0 0.729756 0.628895 0.729756 0.629839 0.728781 0.630784 0.728781 0.631728 0.727805 0.632672 0.727805 0.633617 0.725854 0.635505 0.725854 0.636449 0.724878 0.637394 0.723902 0.637394 0.721951 0.639282 0.720976 0.639282 0.72 0.640227 0.717073 0.640227 0.717073 0.67611 0.720976 0.679887 0.721951 0.679887 0.724878 0.68272 0.725854 0.68272 0.726829 0.683664 0.727805 0.683664 0.731707 0.687441 0.732683 0.687441 0.734634 0.685552 0.734634 0.664778 0.732683 0.66289 0.732683 0.661945 0.729756 0.659112 0.729756 0.658168 0.728781 0.657224 0.728781 0.654391 0.727805 0.653447 0.727805 0.648725 0.726829 0.647781 0.726829 0.645892 0.727805 0.644948 0.727805 0.643059 0.733659 0.637394 0.733659 0.636449 0.734634 0.635505 0.734634 0.628895
0 0.692683 0.509915 0.692683 0.510859 0.691707 0.511804 0.691707 0.512748 0.690732 0.513692 0.690732 0.515581 0.689756 0.516525 0.689756 0.520302 0.68878 0.521246 0.68878 0.525968 0.687805 0.526912 0.687805 0.529745 0.686829 0.530689 0.686829 0.535411 0.69561 0.535411 0.696585 0.534467 0.696585 0.526912 0.697561 0.525968 0.697561 0.524079 0.698537 0.523135 0.698537 0.522191 0.699512 0.521246 0.699512 0.509915
1 0.11122 0.592068 0.11122 0.610954 0.112195 0.610954 0.113171 0.611898 0.127805 0.611898 0.130732 0.609065 0.130732 0.602455 0.131707 0.601511 0.136585 0.601511 0.137561 0.602455 0.138537 0.602455 0.139512 0.603399 0.139512 0.604344 0.139512 0.592068
0 0.460488 0.533522 0.460488 0.536355 0.459512 0.537299 0.459512 0.540132 0.457561 0.542021 0.457561 0.554296 0.459512 0.556185 0.460488 0.556185 0.461463 0.557129 0.462439 0.557129 0.463415 0.558074 0.46439 0.558074 0.465366 0.559018 0.466341 0.559018 0.467317 0.559962 0.474146 0.553352 0.474146 0.551464 0.475122 0.550519 0.475122 0.533522
1 0.0604878 0.525968 0.0604878 0.531634 0.062439 0.533522 0.062439 0.535411 0.0604878 0.537299 0.0604878 0.542021 0.0712195 0.542021 0.0731707 0.540132 0.0741463 0.540132 0.0780488 0.536355 0.0780488 0.525968
0 0.113171 0.705382 0.113171 0.70916 0.114146 0.70916 0.12 0.714825 0.12 0.716714 0.119024 0.717658 0.119024 0.720491 0.118049 0.721435 0.118049 0.72238 0.117073 0.723324 0.117073 0.724268 0.116098 0.725212 0.116098 0.727101 0.115122 0.728045 0.116098 0.72899 0.116098 0.737488 0.115122 0.738432 0.115122 0.744098 0.114146 0.745043 0.114146 0.746931 0.113171 0.747875 0.113171 0.763928 0.120976 0.763928 0.123902 0.761095 0.123902 0.760151 0.124878 0.759207 0.124878 0.758263 0.125854 0.757318 0.125854 0.754485 0.126829 0.753541 0.126829 0.751652 0.127805 0.750708 0.127805 0.74882 0.12878 0.747875 0.12878 0.710104 0.125854 0.710104 0.124878 0.70916 0.123902 0.70916 0.122927 0.708215 0.121951 0.708215 0.120976 0.707271 0.116098 0.707271 0.115122 0.706327 0.114146 0.706327
1 0.0995122 0.812087 0.0965854 0.81492 0.0965854 0.816808 0.0956098 0.817753 0.0956098 0.826251 0.0965854 0.827195 0.0965854 0.82814 0.0995122 0.830973 0.100488 0.830973 0.101463 0.831917 0.102439 0.831917 0.103415 0.832861 0.10439 0.832861 0.106341 0.83475 0.107317 0.83475 0.110244 0.837583 0.110244 0.840415 0.11122 0.84136 0.113171 0.84136 0.113171 0.83475 0.112195 0.833806 0.112195 0.827195 0.113171 0.826251 0.113171 0.812087
1 0.782439 0.575071 0.782439 0.598678 0.783415 0.597734 0.78439 0.598678 0.8 0.598678 0.800976 0.597734 0.802927 0.597734 0.803902 0.596789 0.804878 0.596789 0.804878 0.582625 0.803902 0.581681 0.803902 0.577904 0.802927 0.576959 0.802927 0.576015 0.801951 0.575071
1 0.572683 0.738432 0.572683 0.747875 0.573659 0.746931 0.578537 0.746931 0.579512 0.747875 0.588293 0.747875 0.588293 0.738432
1 0.20878 0.822474 0.20878 0.82814 0.209756 0.82814 0.212683 0.830973 0.214634 0.830973 0.21561 0.831917 0.216585 0.830973 0.216585 0.822474
0 0.976585 0.0500472 0.97561 0.0509915 0.97561 0.0519358 0.974634 0.0528801 0.974634 0.0538244 0.973659 0.0547686 0.973659 0.0557129 0.972683 0.0566572 0.972683 0.0585458 0.971707 0.0594901 0.971707 0.0604344 0.970732 0.0613787 0.970732 0.0623229 0.969756 0.0632672 0.969756 0.0944287 0.970732 0.0944287 0.971707 0.0934844 0.973659 0.0934844 0.974634 0.0925401 0.97561 0.0925401 0.976585 0.0915958 0.978537 0.0915958 0.979512 0.0906516 0.980488 0.0906516 0.980488 0.0897073 0.981463 0.088763 0.981463 0.0698772 0.982439 0.068933 0.982439 0.0661001 0.983415 0.0651558 0.983415 0.0642115 0.990244 0.0576015 0.993171 0.0576015 0.994146 0.0566572 0.994146 0.0500472
0 0.119024 0.589235 0.119024 0.616619 0.12 0.617564 0.123902 0.617564 0.124878 0.618508 0.126829 0.618508 0.129756 0.621341 0.129756 0.622285 0.12878 0.623229 0.12878 0.624174 0.127805 0.625118 0.127805 0.626062 0.126829 0.627007 0.126829 0.628895 0.127805 0.629839 0.127805 0.630784 0.12878 0.631728 0.12878 0.632672 0.129756 0.633617 0.130732 0.633617 0.131707 0.634561 0.13561 0.634561 0.136585 0.633617 0.138537 0.633617 0.140488 0.631728 0.140488 0.630784 0.142439 0.628895 0.142439 0.627951 0.143415 0.627007 0.143415 0.625118 0.14439 0.624174 0.14439 0.622285 0.145366 0.621341 0.145366 0.619452 0.146341 0.618508 0.146341 0.616619 0.147317 0.615675 0.147317 0.612842 0.148293 0.611898 0.148293 0.608121 0.149268 0.607177 0.149268 0.604344 0.150244 0.603399 0.150244 0.597734 0.149268 0.596789 0.149268 0.591124 0.148293 0.590179 0.146341 0.590179 0.145366 0.589235 0.14439 0.589235 0.143415 0.590179 0.142439 0.590179 0.141463 0.591124 0.141463 0.592068 0.140488 0.593012 0.140488 0.593957 0.139512 0.594901 0.139512 0.596789 0.138537 0.597734 0.137561 0.596789 0.137561 0.594901 0.134634 0.592068 0.132683 0.592068 0.130732 0.590179 0.127805 0.590179 0.126829 0.589235
0 0.989268 0.147309 0.989268 0.148253 0.988293 0.149197 0.988293 0.150142 0.987317 0.151086 0.987317 0.15203 0.986341 0.152975 0.986341 0.154863 0.985366 0.155807 0.985366 0.156752 0.98439 0.157696 0.98439 0.15864 0.983415 0.159585 0.983415 0.161473 0.982439 0.162417 0.982439 0.164306 0.981463 0.16525 0.981463 0.169027 0.980488 0.169972 0.980488 0.172805 0.979512 0.173749 0.979512 0.175637 0.978537 0.176582 0.978537 0.17847 0.977561 0.179415 0.977561 0.181303 0.976585 0.182247 0.976585 0.184136 0.97561 0.18508 0.97561 0.186969 0.974634 0.187913 0.974634 0.189802 0.973659 0.190746 0.973659 0.194523 0.972683 0.195467 0.972683 0.199245 0.971707 0.200189 0.971707 0.203966 0.970732 0.20491 0.970732 0.206799 0.969756 0.207743 0.969756 0.21152 0.970732 0.212465 0.970732 0.220963 0.971707 0.221907 0.971707 0.223796 0.972683 0.22474 0.972683 0.226629 0.973659 0.227573 0.973659 0.228517 0.976585 0.23135 0.983415 0.23135 0.985366 0.229462 0.985366 0.228517 0.986341 0.227573 0.983415 0.22474 0.983415 0.223796 0.981463 0.221907 0.981463 0.220963 0.980488 0.220019 0.980488 0.217186 0.979512 0.216242 0.979512 0.21152 0.980488 0.210576 0.980488 0.203966 0.981463 0.203022 0.981463 0.200189 0.982439 0.199245 0.982439 0.196412 0.983415 0.195467 0.983415 0.194523 0.98439 0.193579 0.98439 0.192635 0.985366 0.19169 0.985366 0.189802 0.986341 0.188857 0.986341 0.186969 0.987317 0.186025 0.987317 0.182247 0.988293 0.181303 0.988293 0.172805 0.987317 0.17186 0.987317 0.170916 0.989268 0.169027 0.989268 0.168083 0.990244 0.167139 0.990244 0.166195 0.99122 0.16525 0.99122 0.163362 0.992195 0.162417 0.992195 0.148253 0.99122 0.147309
0 0.216585 0.784703 0.212683 0.78848 0.212683 0.796034 0.213659 0.796978 0.214634 0.796978 0.21561 0.797923 0.217561 0.797923 0.218537 0.798867 0.227317 0.798867 0.228293 0.799811 0.233171 0.799811 0.233171 0.786591 0.232195 0.785647 0.232195 0.784703
1 0.409756 0.640227 0.407805 0.642115 0.407805 0.643059 0.406829 0.644004 0.406829 0.64967 0.416585 0.64967 0.417561 0.648725 0.417561 0.640227
0 0.499512 0.661945 0.498537 0.66289 0.496585 0.66289 0.49561 0.663834 0.493659 0.663834 0.487805 0.6695 0.478049 0.6695 0.477073 0.668555 0.476098 0.668555 0.475122 0.667611 0.474146 0.667611 0.473171 0.666667 0.472195 0.666667 0.470244 0.664778 0.469268 0.664778 0.468293 0.663834 0.46439 0.663834 0.46439 0.681775 0.466341 0.683664 0.467317 0.683664 0.468293 0.684608 0.487805 0.684608 0.48878 0.683664 0.496585 0.683664 0.496585 0.675165 0.497561 0.674221 0.497561 0.672332 0.498537 0.671388 0.498537 0.670444 0.499512 0.6695 0.499512 0.668555 0.500488 0.667611 0.500488 0.666667 0.501463 0.665722 0.501463 0.663834
1 0.18439 0.830973 0.18439 0.83475 0.183415 0.835694 0.182439 0.835694 0.182439 0.836638 0.181463 0.837583 0.181463 0.84136 0.18439 0.844193 0.185366 0.844193 0.186341 0.845137 0.192195 0.845137 0.193171 0.844193 0.194146 0.844193 0.195122 0.843248 0.195122 0.830973
0 0.683902 0.248347 0.682927 0.249292 0.682927 0.250236 0.681951 0.25118 0.681951 0.262512 0.684878 0.262512 0.685854 0.261568 0.699512 0.261568 0.701463 0.259679 0.702439 0.259679 0.702439 0.25118 0.701463 0.250236 0.701463 0.249292 0.700488 0.248347
0 0.996098 0.92068 0.995122 0.921624 0.992195 0.921624 0.99122 0.922568 0.989268 0.922568 0.988293 0.923513 0.988293 0.924457 0.986341 0.926346 0.986341 0.929178 0.987317 0.930123 0.987317 0.931067 0.988293 0.931067 0.99122 0.9339 0.99122 0.937677 0.992195 0.938621 0.992195 0.94051 0.994146 0.942398 0.995122 0.942398 0.996098 0.943343 0.998049 0.943343 0.998049 0.92068
1 0.994146 0.868744 0.994146 0.869688 0.993171 0.870633 0.993171 0.872521 0.992195 0.873466 0.992195 0.875354 0.99122 0.876298 0.99122 0.878187 0.990244 0.879131 0.989268 0.879131 0.987317 0.88102 0.986341 0.88102 0.983415 0.883853 0.982439 0.883853 0.981463 0.884797 0.980488 0.884797 0.979512 0.885741 0.978537 0.885741 0.977561 0.886686 0.974634 0.886686 0.973659 0.88763 0.973659 0.89424 0.98439 0.89424 0.985366 0.893296 0.989268 0.893296 0.990244 0.892351 0.992195 0.892351 0.995122 0.889518 0.996098 0.889518 0.997073 0.888574 0.998049 0.888574 0.998049 0.868744
1 0.901463 0.68272 0.900488 0.683664 0.899512 0.683664 0.898537 0.684608 0.898537 0.685552 0.894634 0.68933 0.894634 0.701605 0.903415 0.701605 0.90439 0.700661 0.90439 0.698772 0.910244 0.693107 0.910244 0.68272
0 0.249756 0.653447 0.249756 0.660057 0.250732 0.661001 0.250732 0.670444 0.256585 0.670444 0.256585 0.667611 0.257561 0.666667 0.257561 0.653447
1 0.630244 0.690274 0.630244 0.697828 0.64 0.697828 0.64 0.690274
0 0.760976 0.732767 0.760976 0.733711 0.758049 0.736544 0.757073 0.736544 0.754146 0.739377 0.754146 0.740321 0.752195 0.74221 0.75122 0.74221 0.750244 0.743154 0.749268 0.743154 0.747317 0.745043 0.747317 0.745987 0.74439 0.74882 0.743415 0.74882 0.739512 0.752597 0.739512 0.760151 0.75122 0.760151 0.754146 0.757318 0.754146 0.756374 0.755122 0.75543 0.755122 0.754485 0.756098 0.753541 0.756098 0.752597 0.763902 0.745043 0.766829 0.745043 0.767805 0.744098 0.767805 0.732767
0 0.154146 0.849858 0.154146 0.856468 0.155122 0.857413 0.155122 0.858357 0.156098 0.859301 0.156098 0.86119 0.157073 0.862134 0.157073 0.864967 0.16 0.8678 0.16 0.868744 0.163902 0.872521 0.165854 0.872521 0.166829 0.873466 0.16878 0.873466 0.169756 0.87441 0.177561 0.87441 0.178537 0.873466 0.178537 0.8678 0.177561 0.8678 0.17561 0.865911 0.174634 0.865911 0.171707 0.863078 0.170732 0.863078 0.169756 0.862134 0.169756 0.86119 0.16878 0.860246 0.16878 0.851747 0.167805 0.850803 0.167805 0.849858
1 0.724878 0.883853 0.724878 0.891407 0.725854 0.892351 0.728781 0.892351 0.729756 0.893296 0.731707 0.893296 0.732683 0.892351 0.733659 0.892351 0.733659 0.883853
1 0.844878 0.269122 0.841951 0.271955 0.841951 0.285175 0.851707 0.285175 0.853659 0.283286 0.854634 0.283286 0.854634 0.282342 0.85561 0.281398 0.85561 0.269122
1 0.776585 0.398489 0.776585 0.407932 0.78439 0.407932 0.785366 0.406988 0.785366 0.398489
0 0.988293 0.136922 0.987317 0.137866 0.987317 0.162417 0.993171 0.162417 0.993171 0.160529 0.994146 0.159585 0.994146 0.157696 0.997073 0.154863 0.999024 0.154863 0.999024 0.136922
0 0.435122 0.537299 0.433171 0.539188 0.433171 0.540132 0.432195 0.541076 0.432195 0.542021 0.43122 0.542965 0.43122 0.543909 0.430244 0.544854 0.430244 0.545798 0.425366 0.550519 0.425366 0.551464 0.42439 0.552408 0.42439 0.553352 0.423415 0.554296 0.423415 0.555241 0.422439 0.556185 0.422439 0.557129 0.421463 0.558074 0.421463 0.559018 0.422439 0.559018 0.423415 0.559962 0.423415 0.560907 0.42439 0.561851 0.42439 0.562795 0.425366 0.563739 0.425366 0.564684 0.427317 0.566572 0.428293 0.566572 0.433171 0.571294 0.433171 0.572238 0.436098 0.575071 0.437073 0.575071 0.438049 0.576015 0.438049 0.576959 0.440976 0.579792 0.441951 0.579792 0.442927 0.580737 0.444878 0.580737 0.445854 0.581681 0.446829 0.581681 0.447805 0.582625 0.449756 0.582625 0.450732 0.583569 0.452683 0.583569 0.453659 0.584514 0.454634 0.584514 0.45561 0.585458 0.456585 0.585458 0.459512 0.588291 0.460488 0.588291 0.461463 0.589235 0.461463 0.593957 0.460488 0.594901 0.460488 0.596789 0.461463 0.597734 0.461463 0.598678 0.462439 0.599622 0.462439 0.601511 0.463415 0.602455 0.463415 0.603399 0.465366 0.605288 0.465366 0.606232 0.466341 0.607177 0.466341 0.608121 0.467317 0.609065 0.468293 0.609065 0.469268 0.608121 0.469268 0.591124 0.468293 0.590179 0.468293 0.588291 0.467317 0.587347 0.467317 0.586402 0.466341 0.585458 0.465366 0.585458 0.461463 0.581681 0.461463 0.577904 0.459512 0.576015 0.458537 0.576015 0.457561 0.575071 0.457561 0.574127 0.45561 0.572238 0.45561 0.571294 0.454634 0.570349 0.453659 0.570349 0.452683 0.569405 0.451707 0.569405 0.441951 0.559962 0.441951 0.559018 0.440976 0.558074 0.440976 0.557129 0.44 0.556185 0.44 0.554296 0.439024 0.553352 0.439024 0.547687 0.438049 0.546742 0.439024 0.545798 0.439024 0.542965 0.440976 0.541076 0.440976 0.540132 0.441951 0.539188 0.441951 0.537299
0 0.306341 0.311615 0.303415 0.314448 0.303415 0.315392 0.302439 0.316336 0.302439 0.322002 0.301463 0.322946 0.301463 0.324835 0.300488 0.325779 0.300488 0.326723 0.299512 0.327668 0.299512 0.338999 0.298537 0.339943 0.298537 0.342776 0.296585 0.344665 0.296585 0.353163 0.297561 0.353163 0.298537 0.352219 0.298537 0.351275 0.300488 0.349386 0.300488 0.348442 0.301463 0.347498 0.302439 0.347498 0.306341 0.34372 0.306341 0.341832 0.307317 0.340888 0.307317 0.327668 0.308293 0.326723 0.308293 0.31728 0.309268 0.316336 0.309268 0.313503 0.307317 0.311615
0 0.319024 0.866856 0.319024 0.8678 0.318049 0.868744 0.318049 0.869688 0.317073 0.870633 0.317073 0.871577 0.316098 0.872521 0.316098 0.87441 0.315122 0.875354 0.315122 0.88102 0.316098 0.881964 0.316098 0.88763 0.317073 0.888574 0.317073 0.892351 0.316098 0.893296 0.316098 0.898961 0.315122 0.899906 0.315122 0.902738 0.316098 0.903683 0.317073 0.903683 0.321951 0.908404 0.321951 0.909348 0.322927 0.910293 0.322927 0.911237 0.324878 0.913126 0.325854 0.913126 0.326829 0.91407 0.326829 0.915014 0.331707 0.919736 0.332683 0.919736 0.333659 0.918791 0.333659 0.876298 0.332683 0.875354 0.332683 0.872521 0.331707 0.871577 0.331707 0.868744 0.330732 0.8678 0.330732 0.866856
0 0.796098 0.261568 0.795122 0.262512 0.79122 0.262512 0.790244 0.263456 0.789268 0.263456 0.788293 0.2644 0.787317 0.2644 0.786341 0.265345 0.785366 0.265345 0.785366 0.266289 0.783415 0.268178 0.783415 0.269122 0.781463 0.27101 0.781463 0.285175 0.795122 0.285175 0.796098 0.28423 0.797073 0.28423 0.798049 0.283286 0.799024 0.283286 0.8 0.282342 0.800976 0.282342 0.800976 0.261568
0 0.827317 0.456091 0.817561 0.465534 0.816585 0.465534 0.81561 0.466478 0.81561 0.468366 0.814634 0.469311 0.814634 0.470255 0.813659 0.471199 0.813659 0.473088 0.812683 0.474032 0.812683 0.474976 0.810732 0.476865 0.809756 0.476865 0.80878 0.477809 0.80878 0.480642 0.807805 0.481586 0.807805 0.483475 0.803902 0.487252 0.801951 0.487252 0.800976 0.488196 0.8 0.488196 0.799024 0.489141 0.797073 0.489141 0.796098 0.490085 0.794146 0.490085 0.793171 0.491029 0.790244 0.491029 0.786341 0.494806 0.785366 0.494806 0.78439 0.495751 0.783415 0.495751 0.782439 0.496695 0.782439 0.497639 0.781463 0.498584 0.781463 0.499528 0.780488 0.500472 0.779512 0.500472 0.777561 0.502361 0.776585 0.502361 0.771707 0.507082 0.770732 0.507082 0.76878 0.508971 0.76878 0.510859 0.764878 0.514636 0.764878 0.515581 0.765854 0.516525 0.766829 0.516525 0.76878 0.518414 0.76878 0.519358 0.769756 0.520302 0.769756 0.521246 0.770732 0.522191 0.770732 0.525024 0.771707 0.525968 0.771707 0.527856 0.772683 0.528801 0.772683 0.530689 0.773659 0.531634 0.773659 0.534467 0.772683 0.535411 0.772683 0.536355 0.76878 0.540132 0.767805 0.540132 0.765854 0.542021 0.764878 0.542021 0.761951 0.544854 0.760976 0.544854 0.759024 0.546742 0.759024 0.547687 0.754146 0.552408 0.754146 0.553352 0.757073 0.556185 0.758049 0.556185 0.759024 0.557129 0.760976 0.557129 0.761951 0.558074 0.763902 0.558074 0.765854 0.559962 0.765854 0.560907 0.767805 0.562795 0.767805 0.563739 0.76878 0.564684 0.76878 0.565628 0.769756 0.566572 0.770732 0.566572 0.770732 0.564684 0.771707 0.563739 0.771707 0.555241 0.772683 0.554296 0.772683 0.552408 0.781463 0.543909 0.782439 0.543909 0.787317 0.539188 0.787317 0.538244 0.788293 0.537299 0.788293 0.536355 0.790244 0.534467 0.790244 0.526912 0.789268 0.525968 0.789268 0.524079 0.788293 0.523135 0.788293 0.522191 0.786341 0.520302 0.786341 0.519358 0.783415 0.516525 0.782439 0.516525 0.779512 0.519358 0.779512 0.520302 0.777561 0.522191 0.77561 0.522191 0.774634 0.521246 0.774634 0.515581 0.776585 0.513692 0.782439 0.513692 0.783415 0.514636 0.787317 0.510859 0.787317 0.509915 0.789268 0.508026 0.790244 0.508026 0.79122 0.507082 0.792195 0.507082 0.796098 0.503305 0.796098 0.502361 0.799024 0.499528 0.800976 0.499528 0.801951 0.498584 0.802927 0.498584 0.806829 0.494806 0.806829 0.493862 0.807805 0.492918 0.80878 0.492918 0.80878 0.491974 0.810732 0.490085 0.810732 0.489141 0.814634 0.485364 0.81561 0.485364 0.818537 0.482531 0.818537 0.481586 0.820488 0.479698 0.821463 0.479698 0.823415 0.477809 0.823415 0.470255 0.825366 0.468366 0.825366 0.467422 0.828293 0.464589 0.828293 0.463645 0.829268 0.462701 0.829268 0.461756 0.830244 0.460812 0.830244 0.459868 0.831219 0.458924 0.831219 0.457035 0.830244 0.456091
0 0.842927 0.465534 0.842927 0.466478 0.844878 0.468366 0.845854 0.468366 0.848781 0.471199 0.846829 0.473088 0.845854 0.473088 0.844878 0.474032 0.842927 0.474032 0.842927 0.484419 0.860488 0.484419 0.861463 0.483475 0.861463 0.482531 0.862439 0.481586 0.862439 0.476865 0.857561 0.472144 0.857561 0.470255 0.856585 0.469311 0.856585 0.466478 0.85561 0.465534
0 0.00097561 0.739377 0.00097561 0.767705 0.00487805 0.767705 0.00585366 0.766761 0.00682927 0.766761 0.00682927 0.765817 0.00780488 0.764873 0.00780488 0.761095 0.00878049 0.760151 0.00878049 0.739377
0 0.693659 0.508026 0.693659 0.508971 0.692683 0.509915 0.692683 0.511804 0.691707 0.512748 0.691707 0.513692 0.690732 0.514636 0.690732 0.517469 0.689756 0.518414 0.689756 0.522191 0.68878 0.523135 0.68878 0.527856 0.687805 0.528801 0.687805 0.530689 0.686829 0.531634 0.686829 0.533522 0.685854 0.534467 0.685854 0.536355 0.684878 0.537299 0.684878 0.539188 0.683902 0.540132 0.683902 0.542021 0.682927 0.542965 0.682927 0.544854 0.681951 0.545798 0.681951 0.546742 0.68 0.548631 0.68 0.549575 0.679024 0.550519 0.679024 0.551464 0.678049 0.552408 0.678049 0.553352 0.677073 0.554296 0.677073 0.558074 0.68878 0.558074 0.68878 0.556185 0.689756 0.555241 0.689756 0.553352 0.690732 0.552408 0.690732 0.550519 0.691707 0.549575 0.691707 0.547687 0.692683 0.546742 0.692683 0.544854 0.693659 0.543909 0.693659 0.539188 0.694634 0.538244 0.694634 0.535411 0.69561 0.534467 0.69561 0.530689 0.696585 0.529745 0.696585 0.526912 0.697561 0.525968 0.697561 0.508026
1 0.684878 0.130312 0.683902 0.131256 0.682927 0.131256 0.678049 0.135977 0.678049 0.136922 0.677073 0.137866 0.677073 0.13881 0.676098 0.139754 0.676098 0.140699 0.675122 0.141643 0.675122 0.150142 0.682927 0.150142 0.683902 0.149197 0.684878 0.149197 0.68878 0.14542 0.68878 0.144476 0.689756 0.143532 0.689756 0.130312
1 0.939512 0.0547686 0.939512 0.0557129 0.937561 0.0576015 0.937561 0.0585458 0.934634 0.0613787 0.934634 0.0764873 0.936585 0.0764873 0.937561 0.0774315 0.938537 0.0774315 0.939512 0.0764873 0.943415 0.0764873 0.94439 0.075543 0.945366 0.075543 0.945366 0.0745987 0.948293 0.0717658 0.948293 0.0698772 0.949268 0.068933 0.949268 0.0547686
0 0.0614634 0.386213 0.0614634 0.392823 0.062439 0.393768 0.062439 0.397545 0.0634146 0.398489 0.0634146 0.401322 0.0643902 0.402266 0.0643902 0.403211 0.0634146 0.404155 0.0634146 0.406988 0.062439 0.407932 0.062439 0.411709 0.0614634 0.412653 0.0614634 0.414542 0.0604878 0.415486 0.0604878 0.418319 0.0595122 0.419263 0.0595122 0.424929 0.0604878 0.425873 0.0604878 0.427762 0.0595122 0.428706 0.0595122 0.429651 0.057561 0.431539 0.057561 0.432483 0.0565854 0.433428 0.0565854 0.434372 0.0556098 0.435316 0.0556098 0.440982 0.0565854 0.441926 0.0565854 0.444759 0.057561 0.445704 0.057561 0.446648 0.0565854 0.447592 0.0565854 0.453258 0.0556098 0.454202 0.0556098 0.457035 0.0546341 0.457979 0.0546341 0.463645 0.0536585 0.464589 0.0536585 0.474976 0.0546341 0.475921 0.0673171 0.475921 0.0663415 0.474976 0.0663415 0.468366 0.0653659 0.467422 0.0653659 0.460812 0.0663415 0.459868 0.0663415 0.457035 0.0673171 0.456091 0.0673171 0.452314 0.0682927 0.451369 0.0682927 0.447592 0.0692683 0.446648 0.0692683 0.439093 0.0702439 0.438149 0.0702439 0.436261 0.0712195 0.435316 0.0712195 0.423041 0.0702439 0.422096 0.0702439 0.414542 0.0712195 0.413598 0.0712195 0.412653 0.0721951 0.411709 0.0721951 0.386213
0 0.983415 0.688385 0.983415 0.68933 0.982439 0.690274 0.982439 0.691218 0.981463 0.692162 0.981463 0.694051 0.980488 0.694995 0.980488 0.697828 0.979512 0.698772 0.979512 0.70255 0.978537 0.703494 0.978537 0.704438 0.976585 0.706327 0.97561 0.706327 0.974634 0.707271 0.973659 0.707271 0.973659 0.712937 0.974634 0.713881 0.974634 0.71577 0.976585 0.717658 0.977561 0.717658 0.978537 0.716714 0.979512 0.716714 0.981463 0.714825 0.982439 0.714825 0.985366 0.711992 0.985366 0.711048 0.986341 0.710104 0.986341 0.688385
0 0.518049 0.367328 0.519024 0.368272 0.519024 0.369216 0.520976 0.371105 0.520976 0.375826 0.521951 0.376771 0.521951 0.377715 0.52 0.379603 0.519024 0.379603 0.519024 0.380548 0.518049 0.381492 0.518049 0.382436 0.516098 0.384325 0.516098 0.385269 0.512195 0.389046 0.51122 0.389046 0.510244 0.389991 0.509268 0.389991 0.507317 0.391879 0.506341 0.391879 0.505366 0.392823 0.503415 0.392823 0.502439 0.393768 0.500488 0.393768 0.494634 0.399433 0.493659 0.399433 0.492683 0.400378 0.491707 0.400378 0.490732 0.401322 0.489756 0.401322 0.48878 0.402266 0.487805 0.402266 0.486829 0.403211 0.484878 0.403211 0.483902 0.404155 0.482927 0.404155 0.481951 0.405099 0.48 0.405099 0.479024 0.406043 0.478049 0.406043 0.477073 0.406988 0.476098 0.406988 0.475122 0.407932 0.474146 0.407932 0.473171 0.408876 0.473171 0.433428 0.475122 0.433428 0.476098 0.432483 0.478049 0.432483 0.48 0.430595 0.48 0.427762 0.480976 0.426818 0.480976 0.425873 0.481951 0.424929 0.481951 0.423041 0.482927 0.422096 0.482927 0.421152 0.489756 0.414542 0.490732 0.414542 0.492683 0.412653 0.494634 0.412653 0.49561 0.411709 0.496585 0.411709 0.497561 0.410765 0.498537 0.410765 0.502439 0.406988 0.503415 0.406988 0.506341 0.404155 0.507317 0.404155 0.508293 0.403211 0.509268 0.403211 0.510244 0.402266 0.512195 0.402266 0.513171 0.401322 0.514146 0.401322 0.515122 0.400378 0.518049 0.400378 0.519024 0.399433 0.52 0.399433 0.520976 0.398489 0.522927 0.398489 0.523902 0.397545 0.524878 0.397545 0.525854 0.396601 0.526829 0.396601 0.527805 0.395656 0.527805 0.394712 0.52878 0.393768 0.52878 0.390935 0.529756 0.389991 0.529756 0.385269 0.530732 0.384325 0.530732 0.379603 0.529756 0.378659 0.529756 0.373938 0.52878 0.372993 0.52878 0.368272 0.527805 0.367328
0 0.290732 0.355996 0.290732 0.357885 0.291707 0.358829 0.290732 0.359773 0.290732 0.362606 0.289756 0.363551 0.289756 0.378659 0.290732 0.379603 0.290732 0.382436 0.291707 0.383381 0.291707 0.385269 0.292683 0.386213 0.292683 0.387158 0.293659 0.388102 0.293659 0.389991 0.294634 0.390935 0.294634 0.392823 0.29561 0.393768 0.29561 0.395656 0.296585 0.396601 0.296585 0.397545 0.297561 0.398489 0.297561 0.399433 0.299512 0.401322 0.299512 0.402266 0.301463 0.404155 0.301463 0.405099 0.303415 0.406988 0.303415 0.407932 0.30439 0.408876 0.30439 0.410765 0.305366 0.411709 0.305366 0.413598 0.306341 0.414542 0.306341 0.415486 0.30439 0.417375 0.30439 0.418319 0.301463 0.421152 0.300488 0.421152 0.300488 0.423041 0.301463 0.423985 0.301463 0.424929 0.302439 0.425873 0.303415 0.425873 0.30439 0.426818 0.308293 0.426818 0.309268 0.425873 0.31122 0.425873 0.312195 0.424929 0.312195 0.423985 0.313171 0.423041 0.313171 0.422096 0.316098 0.419263 0.316098 0.401322 0.312195 0.401322 0.31122 0.400378 0.31122 0.395656 0.310244 0.394712 0.310244 0.391879 0.309268 0.390935 0.309268 0.384325 0.308293 0.383381 0.308293 0.381492 0.307317 0.380548 0.307317 0.378659 0.306341 0.377715 0.306341 0.376771 0.30439 0.374882 0.30439 0.373938 0.302439 0.372049 0.302439 0.371105 0.300488 0.369216 0.300488 0.368272 0.297561 0.365439 0.297561 0.362606 0.296585 0.361662 0.296585 0.359773 0.29561 0.358829 0.296585 0.357885 0.296585 0.355996
1 0.57561 0.00188857 0.57561 0.00283286 0.574634 0.00377715 0.572683 0.00377715 0.571707 0.00472144 0.570732 0.00472144 0.567805 0.0075543 0.567805 0.0226629 0.593171 0.0226629 0.596098 0.01983 0.596098 0.0188857 0.598049 0.0169972 0.598049 0.00188857
1 0.603902 0.0547686 0.600976 0.0576015 0.6 0.0576015 0.598049 0.0594901 0.597073 0.0594901 0.596098 0.0604344 0.595122 0.0604344 0.595122 0.0745987 0.610732 0.0745987 0.611707 0.0736544 0.612683 0.0736544 0.61561 0.0708215 0.61561 0.0547686
1 0.645854 0.576015 0.645854 0.586402 0.646829 0.586402 0.647805 0.585458 0.651707 0.585458 0.652683 0.584514 0.65561 0.584514 0.656585 0.585458 0.658537 0.585458 0.658537 0.576959 0.656585 0.576959 0.65561 0.576015
0 0.0868293 0.467422 0.0829268 0.471199 0.0829268 0.472144 0.0819512 0.473088 0.0819512 0.475921 0.0809756 0.476865 0.0809756 0.477809 0.0829268 0.479698 0.0829268 0.480642 0.0858537 0.483475 0.0858537 0.485364 0.084878 0.486308 0.084878 0.488196 0.0839024 0.489141 0.0839024 0.491029 0.0790244 0.495751 0.0790244 0.496695 0.0926829 0.496695 0.0926829 0.491029 0.0936585 0.490085 0.0936585 0.484419 0.0956098 0.482531 0.0965854 0.482531 0.097561 0.481586 0.0985366 0.481586 0.0985366 0.467422
0 0.985366 0.483475 0.986341 0.484419 0.986341 0.485364 0.987317 0.486308 0.987317 0.487252 0.988293 0.488196 0.988293 0.489141 0.989268 0.490085 0.989268 0.491974 0.990244 0.492918 0.990244 0.494806 0.99122 0.495751 0.99122 0.502361 0.992195 0.503305 0.992195 0.505194 0.993171 0.506138 0.993171 0.510859 0.990244 0.513692 0.989268 0.513692 0.987317 0.511804 0.986341 0.511804 0.985366 0.510859 0.98439 0.510859 0.983415 0.509915 0.982439 0.509915 0.981463 0.508971 0.981463 0.504249 0.980488 0.503305 0.980488 0.502361 0.979512 0.502361 0.978537 0.501416 0.974634 0.501416 0.974634 0.515581 0.977561 0.518414 0.978537 0.518414 0.982439 0.522191 0.997073 0.522191 0.997073 0.483475
1 0.252683 0.124646 0.252683 0.12559 0.251707 0.126534 0.251707 0.128423 0.250732 0.129367 0.250732 0.130312 0.249756 0.131256 0.249756 0.133144 0.24878 0.134089 0.24878 0.140699 0.249756 0.141643 0.249756 0.142587 0.252683 0.14542 0.253659 0.14542 0.254634 0.146364 0.257561 0.146364 0.258537 0.147309 0.262439 0.147309 0.263415 0.146364 0.26439 0.146364 0.265366 0.14542 0.266341 0.14542 0.268293 0.143532 0.269268 0.143532 0.270244 0.142587 0.270244 0.124646
1 0.227317 0.208687 0.227317 0.216242 0.228293 0.217186 0.235122 0.217186 0.235122 0.216242 0.237073 0.214353 0.237073 0.208687
0 0.235122 0.443815 0.233171 0.445704 0.233171 0.446648 0.232195 0.447592 0.232195 0.449481 0.230244 0.451369 0.230244 0.452314 0.228293 0.454202 0.228293 0.455146 0.227317 0.456091 0.227317 0.458924 0.226341 0.459868 0.226341 0.468366 0.227317 0.469311 0.227317 0.472144 0.228293 0.473088 0.228293 0.474032 0.235122 0.480642 0.237073 0.480642 0.238049 0.481586 0.239024 0.481586 0.240976 0.483475 0.240976 0.484419 0.24 0.485364 0.24 0.486308 0.268293 0.486308 0.269268 0.485364 0.270244 0.485364 0.270244 0.472144 0.270244 0.476865 0.269268 0.477809 0.269268 0.478754 0.267317 0.480642 0.266341 0.480642 0.265366 0.481586 0.263415 0.481586 0.260488 0.484419 0.259512 0.484419 0.258537 0.483475 0.257561 0.483475 0.256585 0.482531 0.25561 0.482531 0.254634 0.481586 0.247805 0.481586 0.246829 0.480642 0.246829 0.471199 0.245854 0.470255 0.245854 0.468366 0.244878 0.467422 0.244878 0.466478 0.243902 0.466478 0.242927 0.465534 0.241951 0.465534 0.240976 0.464589 0.240976 0.463645 0.24 0.462701 0.24 0.459868 0.239024 0.458924 0.239024 0.446648 0.236098 0.443815
0 0.473171 0.935788 0.46439 0.944287 0.46439 0.945231 0.463415 0.946176 0.463415 0.948064 0.462439 0.949009 0.462439 0.95373 0.465366 0.956563 0.467317 0.956563 0.468293 0.957507 0.469268 0.957507 0.470244 0.958451 0.47122 0.958451 0.472195 0.959396 0.474146 0.959396 0.475122 0.96034 0.477073 0.96034 0.478049 0.961284 0.483902 0.961284 0.484878 0.96034 0.486829 0.96034 0.487805 0.959396 0.48878 0.959396 0.48878 0.949009 0.487805 0.949009 0.486829 0.949953 0.481951 0.949953 0.480976 0.949009 0.48 0.949009 0.476098 0.945231 0.476098 0.943343 0.475122 0.942398 0.475122 0.94051 0.474146 0.939566 0.474146 0.936733
0 0.15122 0.378659 0.147317 0.382436 0.146341 0.382436 0.145366 0.383381 0.14439 0.383381 0.140488 0.387158 0.140488 0.388102 0.138537 0.389991 0.138537 0.390935 0.137561 0.391879 0.137561 0.392823 0.136585 0.393768 0.13561 0.393768 0.134634 0.394712 0.132683 0.394712 0.132683 0.400378 0.134634 0.402266 0.133659 0.403211 0.133659 0.406043 0.132683 0.406988 0.132683 0.411709 0.133659 0.412653 0.133659 0.416431 0.134634 0.417375 0.134634 0.418319 0.13561 0.419263 0.13561 0.422096 0.136585 0.423041 0.136585 0.425873 0.137561 0.426818 0.137561 0.436261 0.138537 0.437205 0.138537 0.440038 0.140488 0.441926 0.141463 0.441926 0.14439 0.444759 0.145366 0.444759 0.146341 0.445704 0.15122 0.445704 0.15122 0.444759 0.149268 0.442871 0.149268 0.440038 0.143415 0.434372 0.145366 0.432483 0.146341 0.432483 0.148293 0.430595 0.148293 0.426818 0.149268 0.425873 0.149268 0.393768 0.148293 0.392823 0.148293 0.388102 0.15122 0.385269
0 0.88878 0.942398 0.88878 0.961284 0.889756 0.961284 0.890732 0.96034 0.891707 0.96034 0.893659 0.958451 0.893659 0.954674 0.892683 0.95373 0.892683 0.952786 0.893659 0.951841 0.894634 0.951841 0.896585 0.949953 0.897561 0.949953 0.899512 0.948064 0.900488 0.949009 0.900488 0.949953 0.901463 0.950897 0.901463 0.952786 0.902439 0.95373 0.902439 0.954674 0.907317 0.959396 0.908293 0.959396 0.909268 0.96034 0.91122 0.96034 0.912195 0.961284 0.913171 0.96034 0.914146 0.96034 0.914146 0.94712 0.913171 0.946176 0.913171 0.944287 0.912195 0.943343 0.91122 0.943343 0.910244 0.942398 0.903415 0.942398 0.902439 0.943343 0.901463 0.943343 0.899512 0.945231 0.898537 0.944287 0.897561 0.944287 0.896585 0.943343 0.894634 0.943343 0.893659 0.942398
0 0.253659 0.504249 0.253659 0.510859 0.256585 0.513692 0.256585 0.514636 0.257561 0.515581 0.257561 0.517469 0.258537 0.518414 0.258537 0.519358 0.259512 0.520302 0.259512 0.523135 0.258537 0.524079 0.258537 0.525968 0.257561 0.526912 0.257561 0.528801 0.266341 0.528801 0.266341 0.504249
1 0.301463 0.652502 0.301463 0.666667 0.306341 0.671388 0.309268 0.671388 0.310244 0.672332 0.313171 0.672332 0.314146 0.671388 0.315122 0.671388 0.315122 0.670444 0.316098 0.6695 0.316098 0.667611 0.317073 0.666667 0.317073 0.66289 0.316098 0.661945 0.316098 0.657224 0.315122 0.65628 0.315122 0.653447 0.314146 0.652502
0 0.234146 0.925401 0.233171 0.926346 0.232195 0.926346 0.229268 0.929178 0.227317 0.929178 0.226341 0.930123 0.225366 0.930123 0.22439 0.931067 0.223415 0.931067 0.222439 0.932011 0.221463 0.932011 0.217561 0.935788 0.21561 0.935788 0.214634 0.936733 0.212683 0.936733 0.211707 0.937677 0.209756 0.937677 0.20878 0.938621 0.207805 0.938621 0.206829 0.939566 0.205854 0.939566 0.202927 0.942398 0.199024 0.942398 0.198049 0.941454 0.194146 0.941454 0.193171 0.94051 0.19122 0.94051 0.190244 0.939566 0.188293 0.939566 0.187317 0.938621 0.186341 0.938621 0.185366 0.937677 0.18439 0.937677 0.183415 0.936733 0.178537 0.936733 0.177561 0.935788 0.176585 0.935788 0.174634 0.9339 0.174634 0.932956 0.172683 0.931067 0.171707 0.931067 0.170732 0.930123 0.170732 0.948064 0.171707 0.949009 0.17561 0.949009 0.176585 0.949953 0.179512 0.949953 0.180488 0.950897 0.183415 0.950897 0.18439 0.951841 0.187317 0.951841 0.188293 0.952786 0.203902 0.952786 0.206829 0.949953 0.207805 0.949953 0.20878 0.949009 0.209756 0.949009 0.214634 0.944287 0.21561 0.944287 0.217561 0.942398 0.218537 0.942398 0.220488 0.94051 0.221463 0.94051 0.222439 0.939566 0.223415 0.939566 0.22439 0.938621 0.227317 0.938621 0.228293 0.937677 0.230244 0.937677 0.23122 0.936733 0.232195 0.936733 0.233171 0.935788 0.243902 0.935788 0.244878 0.934844 0.247805 0.934844 0.24878 0.9339 0.252683 0.9339 0.253659 0.932956 0.25561 0.932956 0.256585 0.932011 0.257561 0.932011 0.258537 0.931067 0.260488 0.931067 0.260488 0.925401
0 0.306341 0.498584 0.305366 0.499528 0.30439 0.499528 0.303415 0.500472 0.303415 0.511804 0.30439 0.511804 0.305366 0.512748 0.310244 0.512748 0.31122 0.513692 0.316098 0.513692 0.317073 0.514636 0.320976 0.514636 0.321951 0.515581 0.324878 0.515581 0.324878 0.507082 0.321951 0.504249 0.321951 0.503305 0.320976 0.502361 0.321951 0.501416 0.321951 0.498584
0 0.607805 0.411709 0.607805 0.417375 0.608781 0.418319 0.609756 0.418319 0.610732 0.419263 0.62439 0.419263 0.62439 0.417375 0.622439 0.417375 0.621463 0.416431 0.619512 0.416431 0.618537 0.415486 0.617561 0.415486 0.616585 0.414542 0.61561 0.414542 0.614634 0.413598 0.612683 0.413598 0.611707 0.412653 0.609756 0.412653 0.608781 0.411709
0 0.902439 0.00283286 0.902439 0.0075543 0.903415 0.00849858 0.902439 0.00944287 0.902439 0.0151086 0.900488 0.0169972 0.900488 0.0179415 0.897561 0.0207743 0.897561 0.0254958 0.896585 0.02644 0.896585 0.0283286 0.897561 0.0292729 0.897561 0.0311615 0.898537 0.0321058 0.898537 0.03305 0.899512 0.0339943 0.899512 0.0415486 0.898537 0.0424929 0.898537 0.0443815 0.897561 0.0453258 0.897561 0.0472144 0.896585 0.0481586 0.912195 0.0481586 0.912195 0.0443815 0.909268 0.0415486 0.909268 0.0377715 0.910244 0.0368272 0.910244 0.0339943 0.912195 0.0321058 0.912195 0.0302172 0.913171 0.0292729 0.913171 0.0273843 0.914146 0.02644 0.914146 0.0226629 0.915122 0.0217186 0.915122 0.00283286
1 0.194146 0 0.194146 0.00661001 0.195122 0.0075543 0.195122 0.00849858 0.196098 0.00944287 0.197073 0.00944287 0.198049 0.0103872 0.199024 0.0103872 0.2 0.0113314 0.200976 0.0113314 0.201951 0.0122757 0.203902 0.0122757 0.204878 0.01322 0.206829 0.01322 0.207805 0.0141643 0.209756 0.0141643 0.210732 0.0151086 0.214634 0.0151086 0.21561 0.0160529 0.217561 0.0160529 0.218537 0.0151086 0.223415 0.0151086 0.223415 0
0 0.236098 0.331445 0.235122 0.332389 0.235122 0.335222 0.236098 0.336166 0.236098 0.33711 0.237073 0.338055 0.237073 0.338999 0.238049 0.339943 0.238049 0.342776 0.239024 0.34372 0.239024 0.346553 0.236098 0.349386 0.236098 0.350331 0.23122 0.355052 0.230244 0.355052 0.228293 0.356941 0.227317 0.356941 0.226341 0.357885 0.225366 0.357885 0.222439 0.360718 0.220488 0.360718 0.219512 0.359773 0.217561 0.359773 0.21561 0.357885 0.214634 0.357885 0.213659 0.356941 0.213659 0.355996 0.211707 0.354108 0.211707 0.351275 0.210732 0.350331 0.210732 0.348442 0.209756 0.347498 0.209756 0.346553 0.20878 0.346553 0.20878 0.348442 0.207805 0.349386 0.207805 0.351275 0.206829 0.352219 0.206829 0.353163 0.205854 0.354108 0.205854 0.365439 0.206829 0.365439 0.207805 0.366383 0.20878 0.366383 0.211707 0.369216 0.211707 0.370161 0.212683 0.371105 0.22439 0.371105 0.227317 0.368272 0.228293 0.368272 0.229268 0.367328 0.230244 0.367328 0.234146 0.363551 0.235122 0.363551 0.236098 0.362606 0.237073 0.362606 0.239024 0.360718 0.24 0.360718 0.241951 0.358829 0.242927 0.358829 0.242927 0.357885 0.246829 0.354108 0.247805 0.354108 0.24878 0.353163 0.24878 0.352219 0.249756 0.351275 0.249756 0.331445
0 0.628293 0.885741 0.626341 0.88763 0.622439 0.88763 0.620488 0.889518 0.620488 0.890463 0.619512 0.891407 0.619512 0.892351 0.616585 0.895184 0.61561 0.895184 0.61561 0.896128 0.614634 0.897073 0.614634 0.90085 0.613659 0.901794 0.613659 0.902738 0.61561 0.904627 0.616585 0.903683 0.618537 0.903683 0.619512 0.902738 0.621463 0.902738 0.622439 0.901794 0.622439 0.90085 0.623415 0.899906 0.623415 0.898961 0.625366 0.897073 0.625366 0.896128 0.626341 0.895184 0.626341 0.89424 0.627317 0.893296 0.627317 0.892351 0.628293 0.891407 0.630244 0.893296 0.630244 0.896128 0.63122 0.897073 0.63122 0.898961 0.632195 0.899906 0.632195 0.901794 0.633171 0.902738 0.633171 0.903683 0.635122 0.905571 0.635122 0.906516 0.636098 0.90746 0.636098 0.909348 0.637073 0.910293 0.637073 0.92068 0.636098 0.921624 0.636098 0.922568 0.63122 0.92729 0.63122 0.930123 0.630244 0.931067 0.630244 0.932011 0.628293 0.9339 0.626341 0.9339 0.629268 0.9339 0.630244 0.934844 0.632195 0.934844 0.633171 0.935788 0.635122 0.935788 0.636098 0.934844 0.637073 0.934844 0.638049 0.9339 0.639024 0.9339 0.64 0.932956 0.640976 0.932956 0.640976 0.891407 0.639024 0.889518 0.638049 0.889518 0.635122 0.886686 0.63122 0.886686 0.630244 0.885741
0 0.437073 0.0169972 0.437073 0.0179415 0.436098 0.0188857 0.436098 0.0339943 0.438049 0.0358829 0.441951 0.0358829 0.446829 0.0311615 0.446829 0.0169972
0 0.693659 0.439093 0.693659 0.440038 0.692683 0.440982 0.692683 0.441926 0.691707 0.442871 0.691707 0.443815 0.690732 0.444759 0.690732 0.446648 0.68878 0.448536 0.687805 0.448536 0.686829 0.449481 0.685854 0.449481 0.682927 0.452314 0.682927 0.457979 0.683902 0.458924 0.683902 0.465534 0.685854 0.467422 0.685854 0.468366 0.686829 0.468366 0.689756 0.465534 0.689756 0.464589 0.690732 0.463645 0.690732 0.461756 0.691707 0.460812 0.691707 0.458924 0.693659 0.457035 0.694634 0.457035 0.69561 0.456091 0.697561 0.456091 0.698537 0.455146 0.699512 0.455146 0.702439 0.457979 0.702439 0.458924 0.703415 0.459868 0.703415 0.460812 0.70439 0.461756 0.70439 0.462701 0.706341 0.464589 0.707317 0.464589 0.708293 0.465534 0.709268 0.465534 0.710244 0.466478 0.712195 0.466478 0.712195 0.448536 0.711219 0.447592 0.711219 0.446648 0.710244 0.445704 0.710244 0.444759 0.709268 0.443815 0.709268 0.441926 0.708293 0.440982 0.708293 0.440038 0.709268 0.439093
0 0.48 0.822474 0.470244 0.831917 0.470244 0.832861 0.466341 0.836638 0.465366 0.836638 0.46439 0.837583 0.463415 0.837583 0.462439 0.838527 0.462439 0.839471 0.461463 0.840415 0.461463 0.84136 0.460488 0.842304 0.460488 0.851747 0.469268 0.851747 0.47122 0.849858 0.47122 0.848914 0.473171 0.847026 0.473171 0.846081 0.474146 0.845137 0.474146 0.842304 0.475122 0.84136 0.475122 0.839471 0.477073 0.837583 0.477073 0.836638 0.479024 0.83475 0.48 0.83475 0.480976 0.833806 0.480976 0.832861 0.485854 0.82814 0.485854 0.826251 0.486829 0.825307 0.486829 0.822474
1 0.234146 0.752597 0.232195 0.754485 0.23122 0.754485 0.230244 0.75543 0.230244 0.766761 0.241951 0.766761 0.242927 0.765817 0.243902 0.765817 0.243902 0.752597
0 0.827317 0.487252 0.827317 0.506138 0.828293 0.507082 0.828293 0.508026 0.829268 0.508971 0.829268 0.509915 0.831219 0.511804 0.831219 0.512748 0.833171 0.514636 0.833171 0.516525 0.832195 0.517469 0.832195 0.518414 0.831219 0.519358 0.831219 0.522191 0.832195 0.523135 0.832195 0.524079 0.833171 0.525024 0.840976 0.525024 0.843902 0.522191 0.843902 0.510859 0.842927 0.509915 0.842927 0.506138 0.841951 0.505194 0.841951 0.504249 0.840976 0.503305 0.840976 0.502361 0.84 0.501416 0.84 0.500472 0.839024 0.499528 0.839024 0.497639 0.838049 0.496695 0.838049 0.494806 0.839024 0.493862 0.839024 0.489141 0.840976 0.487252
0 0.336585 0.246459 0.33561 0.247403 0.333659 0.247403 0.332683 0.248347 0.331707 0.248347 0.330732 0.249292 0.330732 0.25118 0.329756 0.252125 0.329756 0.253069 0.330732 0.254013 0.330732 0.254957 0.331707 0.255902 0.331707 0.256846 0.332683 0.25779 0.332683 0.258735 0.333659 0.259679 0.333659 0.262512 0.334634 0.263456 0.334634 0.272899 0.33561 0.273843 0.33561 0.283286 0.337561 0.283286 0.337561 0.246459
0 0.325854 0 0.325854 0.01983 0.337561 0.01983 0.338537 0.0188857 0.339512 0.0188857 0.340488 0.0179415 0.342439 0.0179415 0.343415 0.0169972 0.34439 0.0169972 0.345366 0.0160529 0.346341 0.0160529 0.347317 0.0151086 0.348293 0.0151086 0.348293 0.0141643 0.350244 0.0122757 0.350244 0
0 0.2 0.576015 0.198049 0.577904 0.198049 0.581681 0.197073 0.582625 0.197073 0.584514 0.198049 0.585458 0.198049 0.591124 0.199024 0.592068 0.199024 0.593957 0.2 0.594901 0.2 0.602455 0.199024 0.603399 0.199024 0.604344 0.197073 0.606232 0.197073 0.607177 0.196098 0.608121 0.207805 0.608121 0.207805 0.597734 0.206829 0.596789 0.206829 0.587347 0.207805 0.586402 0.207805 0.576959 0.206829 0.576015
1 0.679024 0.804533 0.679024 0.810198 0.678049 0.811143 0.678049 0.812087 0.677073 0.813031 0.677073 0.813975 0.676098 0.81492 0.676098 0.816808 0.675122 0.817753 0.675122 0.818697 0.674146 0.819641 0.674146 0.820585 0.673171 0.82153 0.673171 0.822474 0.674146 0.823418 0.674146 0.827195 0.676098 0.829084 0.677073 0.829084 0.679024 0.830973 0.68878 0.830973 0.692683 0.827195 0.692683 0.804533
0 0.162927 0.534467 0.161951 0.535411 0.156098 0.535411 0.155122 0.536355 0.154146 0.536355 0.153171 0.537299 0.152195 0.537299 0.149268 0.540132 0.149268 0.541076 0.148293 0.542021 0.148293 0.542965 0.147317 0.543909 0.147317 0.544854 0.146341 0.545798 0.146341 0.547687 0.145366 0.548631 0.145366 0.558074 0.146341 0.559018 0.146341 0.559962 0.148293 0.561851 0.148293 0.562795 0.149268 0.563739 0.149268 0.564684 0.150244 0.565628 0.150244 0.566572 0.15122 0.567517 0.15122 0.568461 0.16 0.568461 0.16 0.555241 0.160976 0.554296 0.160976 0.551464 0.161951 0.550519 0.161951 0.549575 0.163902 0.547687 0.164878 0.547687 0.165854 0.546742 0.165854 0.534467
0 0.376585 0.518414 0.37561 0.519358 0.374634 0.519358 0.373659 0.520302 0.372683 0.520302 0.370732 0.522191 0.369756 0.522191 0.36878 0.523135 0.367805 0.523135 0.366829 0.524079 0.365854 0.524079 0.364878 0.525024 0.363902 0.525024 0.362927 0.525968 0.361951 0.525968 0.360976 0.526912 0.36 0.526912 0.353171 0.533522 0.352195 0.533522 0.350244 0.535411 0.350244 0.536355 0.348293 0.538244 0.348293 0.539188 0.347317 0.540132 0.347317 0.541076 0.346341 0.542021 0.346341 0.542965 0.34439 0.544854 0.34439 0.545798 0.343415 0.546742 0.343415 0.547687 0.342439 0.548631 0.342439 0.549575 0.341463 0.550519 0.341463 0.553352 0.342439 0.554296 0.343415 0.554296 0.34439 0.555241 0.345366 0.554296 0.348293 0.554296 0.349268 0.553352 0.350244 0.553352 0.35122 0.552408 0.352195 0.552408 0.358049 0.546742 0.358049 0.544854 0.359024 0.543909 0.359024 0.542021 0.36 0.541076 0.36 0.540132 0.360976 0.539188 0.360976 0.538244 0.361951 0.537299 0.362927 0.537299 0.364878 0.535411 0.365854 0.535411 0.366829 0.534467 0.367805 0.534467 0.36878 0.533522 0.369756 0.533522 0.370732 0.532578 0.372683 0.532578 0.373659 0.531634 0.376585 0.531634 0.377561 0.530689 0.380488 0.530689 0.381463 0.529745 0.385366 0.529745 0.386341 0.528801 0.389268 0.528801 0.390244 0.527856 0.39122 0.527856 0.392195 0.526912 0.394146 0.526912 0.395122 0.525968 0.397073 0.525968 0.398049 0.525024 0.4 0.525024 0.400976 0.524079 0.401951 0.524079 0.402927 0.523135 0.403902 0.523135 0.404878 0.524079 0.406829 0.524079 0.407805 0.525024 0.41561 0.525024 0.416585 0.524079 0.416585 0.523135 0.417561 0.522191 0.417561 0.520302 0.41561 0.518414
0 0.983415 0.651558 0.982439 0.652502 0.982439 0.653447 0.981463 0.654391 0.981463 0.655335 0.980488 0.65628 0.980488 0.657224 0.979512 0.658168 0.979512 0.660057 0.978537 0.661001 0.978537 0.661945 0.976585 0.663834 0.976585 0.664778 0.973659 0.667611 0.971707 0.667611 0.970732 0.668555 0.966829 0.664778 0.965854 0.664778 0.964878 0.663834 0.962927 0.663834 0.961951 0.66289 0.961951 0.673277 0.966829 0.673277 0.967805 0.674221 0.974634 0.674221 0.97561 0.675165 0.976585 0.675165 0.977561 0.67611 0.978537 0.67611 0.979512 0.677054 0.980488 0.677054 0.981463 0.677998 0.987317 0.677998 0.987317 0.677054 0.986341 0.67611 0.985366 0.67611 0.98439 0.675165 0.983415 0.675165 0.980488 0.672332 0.980488 0.665722 0.982439 0.663834 0.98439 0.663834 0.985366 0.664778 0.986341 0.664778 0.987317 0.665722 0.988293 0.665722 0.989268 0.666667 0.990244 0.666667 0.990244 0.665722 0.99122 0.664778 0.992195 0.664778 0.994146 0.66289 0.994146 0.653447 0.993171 0.653447 0.992195 0.652502 0.99122 0.652502 0.990244 0.651558
0 0.303415 0.72238 0.301463 0.724268 0.300488 0.724268 0.299512 0.725212 0.299512 0.726157 0.298537 0.727101 0.298537 0.72899 0.297561 0.729934 0.297561 0.731822 0.296585 0.732767 0.296585 0.734655 0.29561 0.7356 0.29561 0.736544 0.291707 0.740321 0.291707 0.741265 0.290732 0.74221 0.290732 0.743154 0.289756 0.744098 0.289756 0.745043 0.287805 0.746931 0.287805 0.74882 0.286829 0.749764 0.286829 0.750708 0.285854 0.751652 0.285854 0.753541 0.286829 0.754485 0.286829 0.757318 0.287805 0.757318 0.289756 0.75543 0.290732 0.75543 0.292683 0.753541 0.292683 0.752597 0.293659 0.751652 0.293659 0.750708 0.294634 0.749764 0.294634 0.74882 0.29561 0.747875 0.29561 0.746931 0.296585 0.745987 0.296585 0.745043 0.299512 0.74221 0.300488 0.74221 0.302439 0.740321 0.302439 0.739377 0.303415 0.738432 0.303415 0.736544 0.30439 0.7356 0.30439 0.734655 0.308293 0.730878 0.308293 0.729934 0.309268 0.72899 0.309268 0.725212 0.308293 0.724268 0.308293 0.72238
1 0.00195122 0.068933 0.00195122 0.075543 0.00292683 0.075543 0.00390244 0.0764873 0.00487805 0.0764873 0.00585366 0.0774315 0.00682927 0.0774315 0.00780488 0.0783758 0.0117073 0.0783758 0.0126829 0.0793201 0.0156098 0.0793201 0.0165854 0.0783758 0.0165854 0.068933
1 0.469268 0.479698 0.469268 0.486308 0.470244 0.486308 0.47122 0.487252 0.472195 0.487252 0.473171 0.488196 0.475122 0.488196 0.476098 0.487252 0.48 0.487252 0.481951 0.485364 0.481951 0.479698
0 0.112195 0.929178 0.112195 0.930123 0.11122 0.931067 0.11122 0.932011 0.110244 0.932956 0.110244 0.935788 0.11122 0.936733 0.11122 0.938621 0.112195 0.939566 0.112195 0.94051 0.114146 0.94051 0.115122 0.941454 0.119024 0.941454 0.12 0.942398 0.120976 0.942398 0.121951 0.943343 0.123902 0.943343 0.124878 0.944287 0.125854 0.944287 0.127805 0.946176 0.127805 0.94712 0.126829 0.948064 0.126829 0.951841 0.125854 0.952786 0.125854 0.956563 0.13561 0.956563 0.140488 0.951841 0.140488 0.950897 0.143415 0.948064 0.143415 0.936733 0.142439 0.936733 0.141463 0.935788 0.140488 0.935788 0.139512 0.934844 0.133659 0.934844 0.132683 0.935788 0.131707 0.935788 0.130732 0.934844 0.130732 0.931067 0.129756 0.930123 0.129756 0.929178
1 0.52878 0.938621 0.52878 0.949009 0.541463 0.949009 0.542439 0.948064 0.547317 0.948064 0.547317 0.938621
1 0.113171 0.74882 0.112195 0.749764 0.112195 0.764873 0.117073 0.764873 0.118049 0.765817 0.119024 0.765817 0.122927 0.76204 0.123902 0.76204 0.123902 0.761095 0.125854 0.759207 0.125854 0.756374 0.126829 0.75543 0.126829 0.752597 0.127805 0.751652 0.127805 0.74882
0 0.116098 0.932011 0.114146 0.9339 0.116098 0.935788 0.117073 0.935788 0.120976 0.939566 0.120976 0.94051 0.123902 0.943343 0.124878 0.943343 0.126829 0.945231 0.126829 0.950897 0.125854 0.951841 0.125854 0.956563 0.124878 0.957507 0.124878 0.958451 0.125854 0.959396 0.132683 0.959396 0.136585 0.955619 0.137561 0.955619 0.138537 0.954674 0.138537 0.95373 0.139512 0.952786 0.139512 0.936733 0.133659 0.936733 0.132683 0.937677 0.131707 0.937677 0.129756 0.935788 0.129756 0.9339 0.12878 0.932956 0.12878 0.932011
0 0.749268 0.400378 0.748293 0.401322 0.747317 0.401322 0.746341 0.402266 0.745366 0.402266 0.74439 0.403211 0.742439 0.403211 0.741463 0.404155 0.740488 0.404155 0.739512 0.405099 0.738537 0.405099 0.738537 0.421152 0.739512 0.422096 0.740488 0.422096 0.741463 0.423041 0.742439 0.423041 0.74439 0.424929 0.746341 0.424929 0.747317 0.425873 0.756098 0.425873 0.757073 0.424929 0.758049 0.424929 0.759024 0.423985 0.76 0.423985 0.760976 0.423041 0.762927 0.423041 0.765854 0.420208 0.765854 0.419263 0.766829 0.418319 0.766829 0.404155 0.765854 0.403211 0.765854 0.402266 0.763902 0.400378
0 0.302439 0.0934844 0.300488 0.095373 0.300488 0.0963173 0.298537 0.0982059 0.298537 0.0991501 0.292683 0.104816 0.292683 0.113314 0.293659 0.114259 0.29561 0.114259 0.296585 0.115203 0.299512 0.115203 0.300488 0.116147 0.301463 0.116147 0.302439 0.117092 0.306341 0.117092 0.306341 0.0934844
0 0.432195 0.945231 0.432195 0.946176 0.430244 0.948064 0.430244 0.949953 0.429268 0.950897 0.429268 0.95373 0.427317 0.955619 0.427317 0.956563 0.426341 0.957507 0.426341 0.965061 0.437073 0.965061 0.437073 0.945231
1 0.402927 0.487252 0.402927 0.496695 0.412683 0.496695 0.413659 0.495751 0.414634 0.495751 0.414634 0.487252
1 0.468293 0.717658 0.468293 0.72899 0.470244 0.730878 0.472195 0.730878 0.473171 0.731822 0.475122 0.731822 0.476098 0.730878 0.48 0.730878 0.480976 0.729934 0.480976 0.717658
1 0.787317 0.581681 0.787317 0.598678 0.802927 0.598678 0.803902 0.597734 0.804878 0.597734 0.805854 0.596789 0.806829 0.596789 0.807805 0.595845 0.807805 0.587347 0.806829 0.586402 0.806829 0.584514 0.805854 0.583569 0.805854 0.581681
1 0.541463 0.783758 0.541463 0.791313 0.542439 0.792257 0.542439 0.793201 0.54439 0.79509 0.54439 0.796034 0.545366 0.796034 0.547317 0.797923 0.548293 0.797923 0.550244 0.799811 0.55122 0.799811 0.555122 0.796034 0.555122 0.783758
1 0.422439 0.088763 0.422439 0.0991501 0.428293 0.0991501 0.429268 0.0982059 0.430244 0.0982059 0.433171 0.095373 0.433171 0.088763
0 0.235122 0.752597 0.233171 0.754485 0.232195 0.754485 0.23122 0.75543 0.230244 0.75543 0.226341 0.759207 0.227317 0.760151 0.227317 0.762984 0.228293 0.763928 0.228293 0.764873 0.229268 0.764873 0.230244 0.765817 0.234146 0.765817 0.235122 0.766761 0.240976 0.766761 0.241951 0.765817 0.242927 0.765817 0.243902 0.764873 0.243902 0.752597
0 0.359024 0.627007 0.359024 0.627951 0.36 0.628895 0.36 0.629839 0.360976 0.630784 0.360976 0.632672 0.361951 0.633617 0.361951 0.634561 0.362927 0.635505 0.362927 0.636449 0.363902 0.637394 0.363902 0.638338 0.365854 0.640227 0.365854 0.641171 0.367805 0.643059 0.367805 0.644004 0.36878 0.644948 0.36878 0.645892 0.370732 0.647781 0.370732 0.648725 0.371707 0.648725 0.372683 0.64967 0.373659 0.64967 0.376585 0.652502 0.376585 0.653447 0.38439 0.653447 0.38439 0.651558 0.385366 0.650614 0.385366 0.642115 0.383415 0.640227 0.382439 0.640227 0.381463 0.639282 0.379512 0.639282 0.378537 0.638338 0.376585 0.638338 0.373659 0.635505 0.373659 0.634561 0.371707 0.632672 0.371707 0.631728 0.369756 0.629839 0.369756 0.628895 0.36878 0.627951 0.36878 0.627007
1 0.443902 0.893296 0.443902 0.904627 0.456585 0.904627 0.456585 0.893296
1 0.0995122 0.811143 0.0965854 0.813975 0.0965854 0.81492 0.0956098 0.815864 0.0956098 0.825307 0.0965854 0.826251 0.0965854 0.827195 0.0995122 0.830028 0.100488 0.830028 0.101463 0.830973 0.102439 0.830973 0.103415 0.831917 0.10439 0.831917 0.106341 0.833806 0.107317 0.833806 0.108293 0.83475 0.113171 0.83475 0.113171 0.833806 0.112195 0.832861 0.112195 0.831917 0.11122 0.830973 0.11122 0.829084 0.110244 0.82814 0.114146 0.824363 0.114146 0.811143
1 0.732683 0.0793201 0.732683 0.0906516 0.740488 0.0982059 0.741463 0.0982059 0.742439 0.0991501 0.743415 0.0991501 0.74439 0.100094 0.746341 0.100094 0.747317 0.101039 0.749268 0.101039 0.750244 0.101983 0.752195 0.101983 0.753171 0.101039 0.755122 0.101039 0.756098 0.100094 0.757073 0.100094 0.758049 0.0991501 0.759024 0.0991501 0.76 0.0982059 0.76 0.0878187 0.757073 0.0849858 0.757073 0.0840416 0.754146 0.0812087 0.754146 0.0802644 0.753171 0.0793201
0 0.302439 0.700661 0.301463 0.701605 0.300488 0.701605 0.299512 0.70255 0.299512 0.703494 0.303415 0.707271 0.303415 0.711048 0.30439 0.711992 0.30439 0.717658 0.303415 0.718602 0.303415 0.72238 0.302439 0.723324 0.302439 0.724268 0.299512 0.727101 0.299512 0.728045 0.298537 0.72899 0.298537 0.729934 0.297561 0.730878 0.297561 0.731822 0.296585 0.732767 0.296585 0.734655 0.29561 0.7356 0.29561 0.736544 0.290732 0.741265 0.290732 0.74221 0.287805 0.745043 0.287805 0.747875 0.296585 0.747875 0.297561 0.746931 0.297561 0.745043 0.301463 0.741265 0.301463 0.739377 0.302439 0.738432 0.302439 0.737488 0.303415 0.736544 0.303415 0.7356 0.305366 0.733711 0.305366 0.732767 0.309268 0.72899 0.309268 0.72238 0.308293 0.721435 0.308293 0.712937 0.309268 0.711992 0.309268 0.700661
0 0.818537 0.74882 0.818537 0.758263 0.81561 0.761095 0.81561 0.803588 0.816585 0.804533 0.816585 0.805477 0.817561 0.806421 0.817561 0.807365 0.818537 0.80831 0.818537 0.809254 0.822439 0.813031 0.830244 0.813031 0.830244 0.810198 0.831219 0.809254 0.831219 0.806421 0.832195 0.805477 0.832195 0.799811 0.833171 0.798867 0.833171 0.74882
0 0.574634 0.373938 0.574634 0.389991 0.57561 0.390935 0.57561 0.393768 0.576585 0.394712 0.576585 0.400378 0.577561 0.401322 0.577561 0.404155 0.578537 0.405099 0.578537 0.406988 0.579512 0.407932 0.579512 0.408876 0.581463 0.410765 0.582439 0.410765 0.583415 0.411709 0.58439 0.411709 0.585366 0.412653 0.589268 0.412653 0.590244 0.413598 0.591219 0.413598 0.592195 0.414542 0.593171 0.414542 0.594146 0.415486 0.596098 0.415486 0.597073 0.416431 0.598049 0.416431 0.599024 0.417375 0.600976 0.417375 0.601951 0.418319 0.602927 0.418319 0.603902 0.419263 0.604878 0.419263 0.605854 0.420208 0.606829 0.420208 0.607805 0.421152 0.608781 0.421152 0.610732 0.423041 0.611707 0.423041 0.613659 0.424929 0.614634 0.424929 0.617561 0.427762 0.618537 0.427762 0.621463 0.430595 0.621463 0.431539 0.622439 0.432483 0.623415 0.432483 0.628293 0.437205 0.630244 0.437205 0.632195 0.435316 0.632195 0.430595 0.63122 0.429651 0.63122 0.427762 0.630244 0.426818 0.630244 0.425873 0.629268 0.424929 0.629268 0.423985 0.627317 0.422096 0.627317 0.421152 0.623415 0.417375 0.622439 0.417375 0.619512 0.414542 0.618537 0.414542 0.617561 0.413598 0.616585 0.413598 0.614634 0.411709 0.613659 0.411709 0.611707 0.409821 0.610732 0.409821 0.608781 0.407932 0.607805 0.407932 0.594146 0.394712 0.594146 0.393768 0.592195 0.391879 0.592195 0.390935 0.591219 0.389991 0.591219 0.389046 0.590244 0.388102 0.590244 0.387158 0.589268 0.386213 0.589268 0.385269 0.588293 0.384325 0.588293 0.383381 0.582439 0.377715 0.581463 0.377715 0.580488 0.376771 0.579512 0.376771 0.578537 0.375826 0.577561 0.375826 0.576585 0.374882 0.57561 0.374882
0 0.123902 0.936733 0.123902 0.942398 0.124878 0.942398 0.127805 0.945231 0.127805 0.949009 0.126829 0.949953 0.126829 0.95373 0.125854 0.954674 0.13561 0.954674 0.14439 0.946176 0.14439 0.936733
0 0.679024 0.398489 0.679024 0.401322 0.68 0.400378 0.685854 0.400378 0.687805 0.402266 0.686829 0.403211 0.686829 0.408876 0.685854 0.409821 0.685854 0.410765 0.679024 0.417375 0.679024 0.430595 0.696585 0.430595 0.697561 0.429651 0.697561 0.414542 0.69561 0.412653 0.69561 0.410765 0.694634 0.409821 0.694634 0.408876 0.69561 0.407932 0.69561 0.406043 0.696585 0.405099 0.696585 0.402266 0.692683 0.398489
0 0.414634 0.133144 0.413659 0.134089 0.410732 0.134089 0.410732 0.135033 0.411707 0.135977 0.411707 0.139754 0.412683 0.140699 0.412683 0.141643 0.413659 0.142587 0.413659 0.143532 0.414634 0.144476 0.414634 0.15203 0.413659 0.152975 0.413659 0.154863 0.412683 0.155807 0.412683 0.156752 0.410732 0.15864 0.410732 0.159585 0.409756 0.160529 0.409756 0.161473 0.405854 0.16525 0.405854 0.166195 0.406829 0.167139 0.406829 0.168083 0.407805 0.169027 0.407805 0.169972 0.409756 0.17186 0.409756 0.173749 0.410732 0.174693 0.410732 0.177526 0.40878 0.179415 0.40878 0.180359 0.407805 0.181303 0.407805 0.182247 0.406829 0.183192 0.406829 0.186025 0.405854 0.186969 0.405854 0.187913 0.404878 0.188857 0.404878 0.19169 0.405854 0.192635 0.405854 0.194523 0.406829 0.195467 0.406829 0.200189 0.405854 0.201133 0.405854 0.209632 0.404878 0.210576 0.404878 0.213409 0.403902 0.214353 0.403902 0.215297 0.401951 0.217186 0.401951 0.219075 0.400976 0.220019 0.400976 0.227573 0.401951 0.228517 0.401951 0.23135 0.402927 0.232295 0.402927 0.236072 0.403902 0.237016 0.403902 0.239849 0.404878 0.240793 0.404878 0.243626 0.405854 0.24457 0.405854 0.246459 0.406829 0.247403 0.406829 0.248347 0.407805 0.249292 0.407805 0.250236 0.41561 0.25779 0.416585 0.25779 0.417561 0.258735 0.418537 0.258735 0.425366 0.265345 0.425366 0.255902 0.423415 0.254013 0.423415 0.253069 0.422439 0.252125 0.422439 0.25118 0.420488 0.249292 0.420488 0.247403 0.419512 0.246459 0.419512 0.243626 0.418537 0.242682 0.418537 0.239849 0.417561 0.238905 0.417561 0.236072 0.416585 0.235127 0.416585 0.233239 0.41561 0.232295 0.41561 0.230406 0.414634 0.229462 0.414634 0.228517 0.413659 0.227573 0.413659 0.223796 0.412683 0.222852 0.412683 0.219075 0.413659 0.21813 0.413659 0.213409 0.414634 0.212465 0.414634 0.209632 0.41561 0.208687 0.41561 0.1983 0.414634 0.197356 0.414634 0.196412 0.41561 0.195467 0.41561 0.192635 0.416585 0.19169 0.416585 0.189802 0.417561 0.188857 0.417561 0.187913 0.419512 0.186025 0.419512 0.18508 0.420488 0.184136 0.420488 0.180359 0.419512 0.179415 0.419512 0.177526 0.420488 0.176582 0.420488 0.173749 0.421463 0.172805 0.421463 0.169972 0.422439 0.169027 0.422439 0.16525 0.423415 0.164306 0.423415 0.162417 0.42439 0.161473 0.42439 0.156752 0.425366 0.155807 0.425366 0.137866 0.42439 0.136922 0.42439 0.135977 0.422439 0.134089 0.421463 0.134089 0.420488 0.133144
0 0.543415 0.769594 0.541463 0.771483 0.541463 0.773371 0.540488 0.774315 0.540488 0.787535 0.541463 0.78848 0.541463 0.790368 0.542439 0.791313 0.542439 0.792257 0.543415 0.793201 0.543415 0.794145 0.545366 0.796034 0.546341 0.796034 0.549268 0.798867 0.550244 0.798867 0.55122 0.799811 0.555122 0.796034 0.555122 0.78848 0.556098 0.787535 0.556098 0.784703 0.56 0.780925 0.560976 0.780925 0.561951 0.779981 0.562927 0.779981 0.563902 0.779037 0.564878 0.779037 0.567805 0.776204 0.567805 0.77526 0.569756 0.773371 0.569756 0.772427 0.570732 0.771483 0.570732 0.769594
0 0.292683 0.186969 0.292683 0.203966 0.293659 0.203966 0.294634 0.20491 0.29561 0.20491 0.296585 0.205855 0.298537 0.205855 0.301463 0.208687 0.301463 0.21152 0.300488 0.212465 0.300488 0.213409 0.299512 0.214353 0.298537 0.214353 0.297561 0.215297 0.299512 0.215297 0.300488 0.216242 0.301463 0.216242 0.305366 0.220019 0.305366 0.220963 0.31122 0.226629 0.31122 0.227573 0.312195 0.228517 0.312195 0.23135 0.313171 0.232295 0.313171 0.24457 0.314146 0.245515 0.314146 0.246459 0.315122 0.247403 0.316098 0.247403 0.318049 0.249292 0.319024 0.249292 0.32 0.248347 0.320976 0.248347 0.322927 0.246459 0.322927 0.22474 0.320976 0.222852 0.320976 0.221907 0.32 0.220963 0.32 0.220019 0.319024 0.219075 0.319024 0.217186 0.317073 0.215297 0.317073 0.21152 0.316098 0.210576 0.316098 0.203966 0.315122 0.203022 0.315122 0.201133 0.314146 0.200189 0.314146 0.199245 0.313171 0.1983 0.313171 0.197356 0.31122 0.195467 0.310244 0.195467 0.309268 0.194523 0.308293 0.194523 0.307317 0.193579 0.302439 0.193579 0.301463 0.194523 0.297561 0.194523 0.296585 0.193579 0.29561 0.193579 0.293659 0.19169 0.293659 0.189802 0.292683 0.188857
1 0.266341 0.342776 0.265366 0.34372 0.26439 0.34372 0.263415 0.344665 0.263415 0.352219 0.26439 0.352219 0.265366 0.353163 0.276098 0.353163 0.277073 0.352219 0.28 0.352219 0.280976 0.351275 0.281951 0.351275 0.281951 0.342776
0 0.291707 0.642115 0.291707 0.651558 0.294634 0.654391 0.294634 0.655335 0.29561 0.65628 0.29561 0.659112 0.297561 0.661001 0.297561 0.661945 0.298537 0.66289 0.298537 0.663834 0.299512 0.664778 0.299512 0.665722 0.300488 0.665722 0.306341 0.671388 0.308293 0.671388 0.309268 0.672332 0.313171 0.672332 0.313171 0.671388 0.314146 0.670444 0.314146 0.6695 0.315122 0.668555 0.315122 0.666667 0.316098 0.665722 0.316098 0.66289 0.317073 0.661945 0.317073 0.658168 0.316098 0.657224 0.316098 0.654391 0.315122 0.653447 0.315122 0.651558 0.313171 0.64967 0.313171 0.648725 0.31122 0.646837 0.31122 0.645892 0.309268 0.644004 0.308293 0.644004 0.307317 0.643059 0.306341 0.643059 0.305366 0.642115
0 0.0702439 0.747875 0.0643902 0.753541 0.0643902 0.754485 0.0614634 0.757318 0.0614634 0.772427 0.0673171 0.772427 0.0682927 0.773371 0.0682927 0.77526 0.0692683 0.776204 0.0692683 0.78187 0.0702439 0.782814 0.0702439 0.787535 0.0721951 0.789424 0.0741463 0.789424 0.0760976 0.787535 0.0760976 0.786591 0.0770732 0.785647 0.0770732 0.747875
0 0.96 0.325779 0.959024 0.326723 0.954146 0.326723 0.953171 0.327668 0.951219 0.327668 0.950244 0.328612 0.948293 0.328612 0.947317 0.329556 0.94439 0.329556 0.943415 0.3305 0.942439 0.3305 0.941463 0.331445 0.940488 0.331445 0.939512 0.332389 0.939512 0.341832 0.955122 0.341832 0.956098 0.340888 0.957073 0.340888 0.958049 0.339943 0.96 0.339943 0.960976 0.338999 0.964878 0.338999 0.965854 0.338055 0.971707 0.338055 0.972683 0.33711 0.976585 0.33711 0.977561 0.336166 0.979512 0.336166 0.980488 0.335222 0.982439 0.335222 0.983415 0.334278 0.985366 0.334278 0.987317 0.332389 0.988293 0.332389 0.99122 0.329556 0.99122 0.325779
0 0.378537 0.201133 0.378537 0.202077 0.379512 0.203022 0.379512 0.203966 0.380488 0.20491 0.380488 0.205855 0.381463 0.206799 0.381463 0.210576 0.380488 0.21152 0.380488 0.214353 0.379512 0.215297 0.379512 0.216242 0.37561 0.220019 0.37561 0.220963 0.373659 0.222852 0.373659 0.223796 0.372683 0.22474 0.372683 0.225685 0.371707 0.226629 0.371707 0.248347 0.377561 0.248347 0.378537 0.247403 0.378537 0.246459 0.379512 0.245515 0.379512 0.237016 0.380488 0.236072 0.380488 0.23135 0.381463 0.230406 0.381463 0.229462 0.382439 0.228517 0.382439 0.227573 0.383415 0.226629 0.383415 0.225685 0.38439 0.22474 0.38439 0.223796 0.386341 0.221907 0.386341 0.21813 0.387317 0.217186 0.387317 0.21152 0.388293 0.210576 0.388293 0.201133
1 0.186341 0.910293 0.186341 0.911237 0.182439 0.915014 0.181463 0.915014 0.180488 0.915958 0.180488 0.925401 0.183415 0.925401 0.18439 0.924457 0.187317 0.924457 0.188293 0.923513 0.188293 0.921624 0.189268 0.92068 0.190244 0.92068 0.193171 0.917847 0.193171 0.916903 0.195122 0.915014 0.195122 0.910293
0 0.617561 0.659112 0.617561 0.661001 0.616585 0.661945 0.616585 0.663834 0.613659 0.666667 0.612683 0.666667 0.610732 0.668555 0.609756 0.668555 0.6 0.677998 0.6 0.680831 0.599024 0.681775 0.599024 0.684608 0.6 0.685552 0.6 0.686497 0.600976 0.687441 0.600976 0.688385 0.602927 0.690274 0.603902 0.68933 0.607805 0.68933 0.609756 0.687441 0.609756 0.686497 0.610732 0.685552 0.610732 0.683664 0.614634 0.679887 0.61561 0.679887 0.618537 0.677054 0.618537 0.67611 0.620488 0.674221 0.621463 0.674221 0.623415 0.672332 0.623415 0.666667 0.62439 0.665722 0.62439 0.664778 0.625366 0.663834 0.625366 0.659112
0 0.813659 0.000944287 0.813659 0.00283286 0.81561 0.00283286 0.816585 0.00377715 0.817561 0.00377715 0.818537 0.00472144 0.820488 0.00472144 0.821463 0.00566572 0.822439 0.00566572 0.822439 0.00472144 0.82439 0.00283286 0.82439 0.000944287
0 0.639024 0.410765 0.639024 0.411709 0.638049 0.412653 0.638049 0.413598 0.637073 0.414542 0.637073 0.415486 0.636098 0.416431 0.636098 0.418319 0.635122 0.419263 0.635122 0.420208 0.634146 0.421152 0.634146 0.435316 0.635122 0.434372 0.636098 0.435316 0.636098 0.440038 0.637073 0.440982 0.637073 0.441926 0.638049 0.442871 0.638049 0.443815 0.64 0.445704 0.640976 0.445704 0.642927 0.447592 0.642927 0.448536 0.645854 0.451369 0.645854 0.452314 0.646829 0.453258 0.646829 0.457979 0.656585 0.457979 0.656585 0.451369 0.651707 0.446648 0.651707 0.434372 0.652683 0.433428 0.652683 0.432483 0.653659 0.431539 0.653659 0.430595 0.65561 0.428706 0.65561 0.417375 0.654634 0.416431 0.654634 0.412653 0.653659 0.411709 0.653659 0.410765
0 0.222439 0.790368 0.222439 0.796978 0.223415 0.797923 0.228293 0.797923 0.230244 0.799811 0.230244 0.8017 0.23122 0.802644 0.230244 0.803588 0.230244 0.804533 0.229268 0.805477 0.229268 0.806421 0.228293 0.807365 0.228293 0.809254 0.226341 0.811143 0.226341 0.812087 0.225366 0.813031 0.225366 0.813975 0.22439 0.81492 0.22439 0.818697 0.223415 0.819641 0.223415 0.823418 0.22439 0.824363 0.22439 0.826251 0.226341 0.82814 0.229268 0.82814 0.23122 0.826251 0.23122 0.825307 0.234146 0.822474 0.234146 0.82153 0.235122 0.820585 0.235122 0.819641 0.236098 0.818697 0.236098 0.816808 0.237073 0.815864 0.237073 0.812087 0.238049 0.811143 0.238049 0.80831 0.239024 0.807365 0.239024 0.790368
0 0.595122 0.184136 0.595122 0.18508 0.593171 0.186969 0.593171 0.187913 0.591219 0.189802 0.591219 0.190746 0.588293 0.193579 0.588293 0.194523 0.586341 0.196412 0.586341 0.197356 0.58439 0.199245 0.58439 0.200189 0.582439 0.202077 0.582439 0.203022 0.580488 0.20491 0.580488 0.205855 0.579512 0.206799 0.579512 0.207743 0.578537 0.208687 0.578537 0.209632 0.576585 0.21152 0.573659 0.21152 0.573659 0.21813 0.585366 0.21813 0.586341 0.217186 0.586341 0.216242 0.587317 0.215297 0.587317 0.214353 0.588293 0.213409 0.588293 0.212465 0.590244 0.210576 0.590244 0.209632 0.591219 0.208687 0.591219 0.207743 0.593171 0.205855 0.593171 0.20491 0.596098 0.202077 0.596098 0.201133 0.598049 0.199245 0.598049 0.1983 0.599024 0.197356 0.599024 0.196412 0.6 0.195467 0.6 0.184136
1 0.733659 0.641171 0.733659 0.64967 0.73561 0.651558 0.73561 0.652502 0.736585 0.652502 0.737561 0.653447 0.738537 0.653447 0.739512 0.654391 0.741463 0.654391 0.742439 0.655335 0.743415 0.655335 0.74439 0.65628 0.75122 0.65628 0.753171 0.654391 0.753171 0.641171
0 0.057561 0.764873 0.0556098 0.766761 0.0536585 0.766761 0.0517073 0.76865 0.0517073 0.769594 0.0507317 0.770538 0.0507317 0.771483 0.0497561 0.772427 0.0497561 0.773371 0.0487805 0.774315 0.0478049 0.774315 0.044878 0.777148 0.044878 0.778093 0.0439024 0.779037 0.0439024 0.779981 0.0429268 0.780925 0.0429268 0.78187 0.04 0.784703 0.04 0.786591 0.0380488 0.78848 0.0380488 0.794145 0.0429268 0.794145 0.0439024 0.79509 0.044878 0.79509 0.0458537 0.796034 0.0468293 0.796034 0.0478049 0.796978 0.0507317 0.794145 0.0507317 0.793201 0.0517073 0.792257 0.0517073 0.790368 0.0526829 0.789424 0.0526829 0.785647 0.0536585 0.784703 0.0536585 0.783758 0.0556098 0.78187 0.0556098 0.780925 0.0565854 0.779981 0.0565854 0.779037 0.057561 0.778093 0.057561 0.776204 0.0585366 0.77526 0.0585366 0.774315 0.0614634 0.771483 0.062439 0.771483 0.062439 0.764873
0 0.333659 0.579792 0.333659 0.581681 0.334634 0.582625 0.334634 0.583569 0.33561 0.584514 0.33561 0.586402 0.336585 0.587347 0.336585 0.589235 0.337561 0.590179 0.336585 0.591124 0.336585 0.597734 0.337561 0.598678 0.337561 0.600567 0.338537 0.601511 0.338537 0.602455 0.339512 0.603399 0.339512 0.604344 0.340488 0.605288 0.340488 0.614731 0.339512 0.615675 0.339512 0.617564 0.338537 0.618508 0.338537 0.620397 0.337561 0.621341 0.337561 0.623229 0.336585 0.624174 0.336585 0.625118 0.33561 0.626062 0.33561 0.627007 0.334634 0.627951 0.334634 0.631728 0.333659 0.632672 0.333659 0.634561 0.343415 0.634561 0.343415 0.579792
0 0.989268 0.576015 0.990244 0.576959 0.990244 0.577904 0.988293 0.579792 0.988293 0.580737 0.983415 0.585458 0.981463 0.585458 0.980488 0.586402 0.979512 0.586402 0.977561 0.588291 0.977561 0.589235 0.976585 0.590179 0.976585 0.592068 0.97561 0.593012 0.97561 0.626062 0.976585 0.627007 0.979512 0.624174 0.979512 0.622285 0.980488 0.621341 0.980488 0.620397 0.981463 0.619452 0.981463 0.618508 0.98439 0.615675 0.98439 0.611898 0.985366 0.610954 0.985366 0.606232 0.986341 0.605288 0.986341 0.601511 0.987317 0.600567 0.987317 0.596789 0.988293 0.595845 0.988293 0.594901 0.993171 0.590179 0.993171 0.589235 0.997073 0.585458 0.997073 0.576015
1 0.540488 0.830028 0.540488 0.833806 0.538537 0.835694 0.533659 0.835694 0.532683 0.83475 0.531707 0.83475 0.52878 0.837583 0.52878 0.838527 0.527805 0.839471 0.527805 0.843248 0.526829 0.844193 0.526829 0.847026 0.527805 0.84797 0.527805 0.848914 0.529756 0.850803 0.54439 0.850803 0.545366 0.849858 0.546341 0.849858 0.548293 0.84797 0.549268 0.84797 0.549268 0.830028
1 0.948293 0.67611 0.948293 0.684608 0.950244 0.686497 0.950244 0.687441 0.962927 0.687441 0.963902 0.688385 0.965854 0.686497 0.965854 0.680831 0.964878 0.679887 0.962927 0.679887 0.960976 0.677998 0.962927 0.67611 0.965854 0.67611
0 0.943415 0.658168 0.942439 0.659112 0.942439 0.660057 0.941463 0.661001 0.941463 0.668555 0.942439 0.6695 0.942439 0.672332 0.943415 0.673277 0.94439 0.673277 0.946341 0.675165 0.946341 0.67611 0.947317 0.677054 0.947317 0.677998 0.951219 0.681775 0.952195 0.681775 0.953171 0.680831 0.954146 0.680831 0.954146 0.677998 0.958049 0.674221 0.967805 0.674221 0.968781 0.675165 0.970732 0.675165 0.973659 0.677998 0.97561 0.677998 0.976585 0.678942 0.977561 0.678942 0.978537 0.679887 0.979512 0.679887 0.980488 0.680831 0.981463 0.680831 0.982439 0.681775 0.982439 0.68272 0.983415 0.683664 0.98439 0.683664 0.986341 0.685552 0.987317 0.685552 0.989268 0.687441 0.989268 0.688385 0.990244 0.68933 0.990244 0.678942 0.988293 0.677054 0.987317 0.677054 0.985366 0.675165 0.98439 0.675165 0.983415 0.674221 0.981463 0.674221 0.977561 0.670444 0.97561 0.670444 0.974634 0.6695 0.971707 0.6695 0.970732 0.668555 0.968781 0.668555 0.967805 0.667611 0.966829 0.667611 0.964878 0.665722 0.963902 0.665722 0.962927 0.664778 0.960976 0.664778 0.96 0.663834 0.959024 0.663834 0.958049 0.66289 0.957073 0.66289 0.956098 0.661945 0.954146 0.661945 0.951219 0.659112 0.948293 0.659112 0.947317 0.658168
0 0.125854 0.104816 0.125854 0.118036 0.12878 0.118036 0.129756 0.117092 0.133659 0.117092 0.134634 0.116147 0.13561 0.116147 0.136585 0.115203 0.137561 0.115203 0.138537 0.114259 0.142439 0.114259 0.143415 0.113314 0.14439 0.113314 0.146341 0.115203 0.146341 0.116147 0.149268 0.11898 0.149268 0.119924 0.150244 0.120869 0.150244 0.121813 0.15122 0.122757 0.15122 0.124646 0.152195 0.12559 0.152195 0.127479 0.153171 0.128423 0.153171 0.131256 0.154146 0.1322 0.154146 0.135977 0.155122 0.136922 0.155122 0.140699 0.156098 0.141643 0.156098 0.147309 0.154146 0.149197 0.154146 0.150142 0.15122 0.152975 0.15122 0.153919 0.150244 0.154863 0.150244 0.156752 0.149268 0.157696 0.149268 0.159585 0.148293 0.160529 0.148293 0.161473 0.147317 0.162417 0.147317 0.163362 0.145366 0.16525 0.145366 0.166195 0.143415 0.168083 0.140488 0.168083 0.139512 0.169027 0.136585 0.169027 0.13561 0.169972 0.133659 0.169972 0.132683 0.170916 0.130732 0.170916 0.129756 0.17186 0.158049 0.17186 0.159024 0.170916 0.159024 0.147309 0.158049 0.146364 0.159024 0.14542 0.159024 0.118036 0.158049 0.117092 0.158049 0.116147 0.156098 0.114259 0.155122 0.114259 0.153171 0.11237 0.153171 0.111426 0.15122 0.109537 0.15122 0.107649 0.148293 0.104816
0 0.143415 0.104816 0.139512 0.108593 0.139512 0.109537 0.143415 0.113314 0.14439 0.113314 0.145366 0.114259 0.145366 0.115203 0.147317 0.117092 0.147317 0.118036 0.149268 0.119924 0.149268 0.120869 0.150244 0.121813 0.150244 0.122757 0.15122 0.123702 0.15122 0.124646 0.152195 0.12559 0.152195 0.127479 0.153171 0.128423 0.153171 0.131256 0.154146 0.1322 0.154146 0.135033 0.155122 0.135977 0.155122 0.146364 0.154146 0.147309 0.154146 0.149197 0.153171 0.150142 0.153171 0.151086 0.152195 0.15203 0.152195 0.152975 0.15122 0.153919 0.160976 0.153919 0.160976 0.152975 0.16 0.15203 0.16 0.144476 0.160976 0.143532 0.160976 0.120869 0.16 0.119924 0.16 0.11898 0.159024 0.118036 0.159024 0.117092 0.158049 0.116147 0.158049 0.115203 0.154146 0.111426 0.154146 0.110482 0.152195 0.108593 0.152195 0.107649 0.15122 0.106704 0.15122 0.10576 0.150244 0.104816
0 0.305366 0.324835 0.305366 0.325779 0.30439 0.326723 0.30439 0.327668 0.303415 0.328612 0.303415 0.3305 0.302439 0.331445 0.302439 0.332389 0.301463 0.333333 0.301463 0.335222 0.300488 0.336166 0.300488 0.33711 0.299512 0.338055 0.299512 0.340888 0.298537 0.341832 0.298537 0.342776 0.296585 0.344665 0.29561 0.344665 0.294634 0.345609 0.291707 0.345609 0.290732 0.346553 0.289756 0.346553 0.290732 0.347498 0.290732 0.354108 0.291707 0.355052 0.291707 0.357885 0.292683 0.358829 0.291707 0.359773 0.291707 0.361662 0.290732 0.362606 0.290732 0.365439 0.289756 0.366383 0.289756 0.369216 0.28878 0.370161 0.28878 0.373938 0.289756 0.374882 0.289756 0.377715 0.290732 0.378659 0.290732 0.381492 0.291707 0.382436 0.291707 0.385269 0.292683 0.386213 0.292683 0.388102 0.293659 0.389046 0.293659 0.389991 0.294634 0.390935 0.294634 0.392823 0.29561 0.393768 0.29561 0.395656 0.296585 0.396601 0.296585 0.397545 0.297561 0.398489 0.297561 0.399433 0.298537 0.400378 0.298537 0.401322 0.300488 0.403211 0.300488 0.404155 0.302439 0.406043 0.302439 0.406988 0.303415 0.407932 0.303415 0.408876 0.30439 0.409821 0.30439 0.410765 0.305366 0.411709 0.305366 0.413598 0.315122 0.413598 0.315122 0.401322 0.314146 0.401322 0.312195 0.399433 0.312195 0.398489 0.31122 0.397545 0.31122 0.393768 0.310244 0.392823 0.310244 0.390935 0.309268 0.389991 0.309268 0.384325 0.308293 0.383381 0.308293 0.382436 0.307317 0.381492 0.307317 0.380548 0.306341 0.379603 0.306341 0.377715 0.302439 0.373938 0.302439 0.372993 0.301463 0.372049 0.301463 0.371105 0.299512 0.369216 0.299512 0.368272 0.298537 0.367328 0.298537 0.366383 0.297561 0.365439 0.297561 0.364495 0.296585 0.363551 0.296585 0.362606 0.29561 0.361662 0.29561 0.360718 0.294634 0.359773 0.294634 0.357885 0.29561 0.356941 0.29561 0.355052 0.296585 0.354108 0.296585 0.352219 0.297561 0.351275 0.297561 0.350331 0.301463 0.346553 0.301463 0.345609 0.30439 0.342776 0.305366 0.342776 0.306341 0.341832 0.306341 0.340888 0.307317 0.339943 0.307317 0.329556 0.306341 0.328612 0.306341 0.325779
0 0.862439 0.846081 0.861463 0.847026 0.861463 0.849858 0.860488 0.850803 0.860488 0.852691 0.863415 0.855524 0.863415 0.856468 0.86439 0.857413 0.86439 0.859301 0.865366 0.860246 0.866341 0.860246 0.868293 0.862134 0.869268 0.862134 0.870244 0.863078 0.87122 0.863078 0.872195 0.864023 0.873171 0.864023 0.874146 0.864967 0.879024 0.864967 0.88 0.865911 0.881951 0.864023 0.881951 0.862134 0.882927 0.86119 0.882927 0.858357 0.881951 0.857413 0.880976 0.857413 0.879024 0.855524 0.878049 0.855524 0.877073 0.85458 0.876098 0.85458 0.875122 0.853635 0.874146 0.853635 0.870244 0.849858 0.870244 0.847026 0.869268 0.846081
0 0.549268 0.127479 0.549268 0.128423 0.548293 0.129367 0.548293 0.143532 0.55122 0.146364 0.55122 0.147309 0.552195 0.148253 0.552195 0.152975 0.553171 0.153919 0.553171 0.156752 0.554146 0.157696 0.554146 0.15864 0.555122 0.159585 0.555122 0.161473 0.557073 0.163362 0.557073 0.164306 0.558049 0.16525 0.558049 0.167139 0.559024 0.168083 0.559024 0.169972 0.56 0.170916 0.56 0.174693 0.560976 0.175637 0.560976 0.17847 0.56 0.179415 0.559024 0.179415 0.555122 0.183192 0.555122 0.184136 0.557073 0.186025 0.56 0.186025 0.560976 0.18508 0.562927 0.18508 0.563902 0.184136 0.563902 0.177526 0.564878 0.176582 0.564878 0.154863 0.563902 0.153919 0.563902 0.152975 0.562927 0.15203 0.562927 0.150142 0.561951 0.149197 0.561951 0.148253 0.560976 0.147309 0.560976 0.146364 0.56 0.14542 0.56 0.143532 0.559024 0.142587 0.559024 0.141643 0.558049 0.140699 0.558049 0.127479
1 0.31122 0.349386 0.31122 0.352219 0.314146 0.355052 0.314146 0.356941 0.315122 0.357885 0.315122 0.358829 0.319024 0.362606 0.32 0.362606 0.320976 0.361662 0.321951 0.361662 0.322927 0.360718 0.322927 0.349386
0 0.450732 0.796978 0.450732 0.813031 0.451707 0.813975 0.451707 0.81492 0.452683 0.815864 0.452683 0.816808 0.453659 0.817753 0.453659 0.818697 0.454634 0.819641 0.454634 0.820585 0.45561 0.82153 0.45561 0.823418 0.461463 0.823418 0.461463 0.796978
1 0.00390244 0.830028 0.00390244 0.843248 0.0156098 0.843248 0.0185366 0.840415 0.0185366 0.830028
0 0.243902 0.370161 0.242927 0.371105 0.242927 0.389046 0.244878 0.390935 0.245854 0.390935 0.247805 0.392823 0.24878 0.392823 0.249756 0.391879 0.254634 0.391879 0.25561 0.390935 0.258537 0.390935 0.259512 0.389991 0.261463 0.389991 0.262439 0.389046 0.263415 0.389046 0.266341 0.386213 0.266341 0.370161
1 0.862439 0.0802644 0.862439 0.0812087 0.861463 0.082153 0.861463 0.0849858 0.86439 0.0878187 0.866341 0.0878187 0.867317 0.088763 0.872195 0.0840416 0.872195 0.0802644
1 0.77561 0.512748 0.77561 0.525968 0.776585 0.525968 0.777561 0.526912 0.780488 0.526912 0.781463 0.527856 0.789268 0.527856 0.790244 0.526912 0.79122 0.526912 0.792195 0.525968 0.793171 0.525968 0.794146 0.525024 0.795122 0.525024 0.796098 0.524079 0.797073 0.525024 0.798049 0.525024 0.798049 0.514636 0.796098 0.514636 0.795122 0.513692 0.794146 0.513692 0.793171 0.512748
0 0.97561 0.506138 0.97561 0.516525 0.976585 0.517469 0.977561 0.517469 0.98439 0.524079 0.993171 0.524079 0.994146 0.523135 0.997073 0.523135 0.997073 0.506138 0.992195 0.506138 0.992195 0.507082 0.993171 0.508026 0.993171 0.508971 0.990244 0.511804 0.988293 0.511804 0.987317 0.510859 0.985366 0.510859 0.98439 0.509915 0.983415 0.509915 0.982439 0.508971 0.982439 0.507082 0.983415 0.506138
0 0.696585 0.140699 0.696585 0.146364 0.69561 0.147309 0.69561 0.148253 0.694634 0.149197 0.694634 0.150142 0.693659 0.151086 0.693659 0.15203 0.692683 0.152975 0.692683 0.153919 0.691707 0.154863 0.691707 0.156752 0.690732 0.157696 0.690732 0.159585 0.689756 0.160529 0.689756 0.161473 0.68878 0.162417 0.68878 0.164306 0.687805 0.16525 0.687805 0.169027 0.686829 0.169972 0.686829 0.17186 0.685854 0.172805 0.685854 0.174693 0.684878 0.175637 0.684878 0.183192 0.685854 0.184136 0.685854 0.18508 0.68878 0.187913 0.68878 0.189802 0.689756 0.190746 0.689756 0.19169 0.690732 0.192635 0.690732 0.193579 0.691707 0.194523 0.691707 0.195467 0.692683 0.196412 0.692683 0.199245 0.691707 0.200189 0.691707 0.209632 0.692683 0.210576 0.694634 0.210576 0.696585 0.208687 0.697561 0.208687 0.696585 0.207743 0.696585 0.203966 0.69561 0.203022 0.69561 0.201133 0.694634 0.200189 0.694634 0.193579 0.69561 0.192635 0.69561 0.183192 0.696585 0.182247 0.696585 0.180359 0.697561 0.179415 0.697561 0.17847 0.698537 0.177526 0.698537 0.176582 0.699512 0.175637 0.699512 0.174693 0.700488 0.173749 0.700488 0.172805 0.701463 0.17186 0.701463 0.169972 0.702439 0.169027 0.702439 0.168083 0.703415 0.167139 0.703415 0.166195 0.70439 0.16525 0.70439 0.164306 0.705366 0.163362 0.705366 0.162417 0.706341 0.161473 0.706341 0.160529 0.707317 0.159585 0.707317 0.15864 0.708293 0.157696 0.708293 0.154863 0.709268 0.153919 0.709268 0.151086 0.710244 0.150142 0.710244 0.140699
1 0.194146 0.745043 0.194146 0.756374 0.195122 0.757318 0.202927 0.757318 0.203902 0.756374 0.203902 0.745043
0 0.20878 0.922568 0.210732 0.924457 0.211707 0.924457 0.212683 0.925401 0.213659 0.925401 0.21561 0.92729 0.21561 0.928234 0.216585 0.929178 0.216585 0.930123 0.217561 0.931067 0.217561 0.9339 0.21561 0.935788 0.214634 0.935788 0.213659 0.936733 0.212683 0.936733 0.211707 0.937677 0.210732 0.937677 0.209756 0.938621 0.20878 0.938621 0.207805 0.939566 0.206829 0.939566 0.204878 0.941454 0.203902 0.941454 0.202927 0.942398 0.198049 0.942398 0.197073 0.941454 0.194146 0.941454 0.193171 0.94051 0.192195 0.94051 0.19122 0.939566 0.19122 0.958451 0.19122 0.957507 0.192195 0.956563 0.193171 0.956563 0.194146 0.955619 0.196098 0.955619 0.197073 0.954674 0.199024 0.954674 0.2 0.95373 0.202927 0.95373 0.206829 0.949953 0.207805 0.949953 0.20878 0.949009 0.209756 0.949009 0.211707 0.94712 0.212683 0.94712 0.216585 0.943343 0.217561 0.943343 0.218537 0.942398 0.219512 0.942398 0.221463 0.94051 0.22439 0.94051 0.225366 0.939566 0.228293 0.939566 0.229268 0.938621 0.230244 0.938621 0.23122 0.937677 0.233171 0.937677 0.234146 0.936733 0.239024 0.936733 0.24 0.937677 0.240976 0.937677 0.241951 0.936733 0.245854 0.936733 0.246829 0.935788 0.251707 0.935788 0.252683 0.934844 0.257561 0.934844 0.258537 0.9339 0.260488 0.9339 0.261463 0.932956 0.263415 0.932956 0.26439 0.932011 0.266341 0.932011 0.267317 0.931067 0.268293 0.931067 0.269268 0.930123 0.270244 0.930123 0.27122 0.929178 0.272195 0.929178 0.273171 0.928234 0.273171 0.92729 0.272195 0.92729 0.27122 0.926346 0.269268 0.926346 0.268293 0.925401 0.267317 0.925401 0.266341 0.924457 0.265366 0.924457 0.26439 0.923513 0.262439 0.923513 0.261463 0.922568 0.23122 0.922568 0.230244 0.923513 0.227317 0.923513 0.226341 0.922568
1 0.62439 0.0783758 0.622439 0.0802644 0.622439 0.0944287 0.623415 0.095373 0.62439 0.095373 0.625366 0.0963173 0.625366 0.0972616 0.628293 0.100094 0.629268 0.100094 0.633171 0.103872 0.633171 0.104816 0.640976 0.104816 0.640976 0.0783758
1 0.612683 0.831917 0.612683 0.838527 0.611707 0.839471 0.611707 0.840415 0.612683 0.84136 0.612683 0.843248 0.614634 0.845137 0.614634 0.846081 0.61561 0.846081 0.616585 0.847026 0.617561 0.847026 0.618537 0.84797 0.622439 0.84797 0.622439 0.831917
0 0.802927 0.838527 0.802927 0.84136 0.803902 0.842304 0.803902 0.845137 0.804878 0.846081 0.804878 0.852691 0.803902 0.853635 0.803902 0.85458 0.802927 0.855524 0.802927 0.857413 0.801951 0.858357 0.801951 0.859301 0.800976 0.860246 0.800976 0.86119 0.806829 0.86119 0.806829 0.860246 0.80878 0.858357 0.809756 0.858357 0.811707 0.856468 0.812683 0.856468 0.813659 0.855524 0.814634 0.855524 0.814634 0.838527
0 0.759024 0.00188857 0.759024 0.0283286 0.763902 0.03305 0.764878 0.03305 0.767805 0.0358829 0.76878 0.0358829 0.770732 0.0377715 0.772683 0.0377715 0.773659 0.0387158 0.774634 0.0387158 0.776585 0.0406043 0.776585 0.0415486 0.783415 0.0415486 0.783415 0.0387158 0.78439 0.0377715 0.78439 0.0358829 0.785366 0.0349386 0.785366 0.03305 0.786341 0.0321058 0.786341 0.0311615 0.787317 0.0302172 0.787317 0.00188857
0 0.468293 0.779037 0.470244 0.780925 0.470244 0.78187 0.47122 0.782814 0.47122 0.783758 0.473171 0.783758 0.474146 0.784703 0.48 0.784703 0.480976 0.785647 0.489756 0.785647 0.490732 0.786591 0.49561 0.786591 0.496585 0.787535 0.499512 0.787535 0.500488 0.78848 0.501463 0.78848 0.501463 0.779981 0.500488 0.779037
0 0.847805 0.646837 0.847805 0.64967 0.846829 0.650614 0.846829 0.652502 0.844878 0.654391 0.843902 0.654391 0.842927 0.655335 0.841951 0.655335 0.840976 0.65628 0.840976 0.668555 0.842927 0.668555 0.844878 0.666667 0.844878 0.665722 0.846829 0.663834 0.847805 0.663834 0.848781 0.66289 0.849756 0.66289 0.850732 0.661945 0.851707 0.661945 0.852683 0.661001 0.853659 0.661001 0.854634 0.660057 0.85561 0.660057 0.858537 0.657224 0.859512 0.657224 0.860488 0.65628 0.861463 0.65628 0.862439 0.657224 0.868293 0.657224 0.872195 0.661001 0.874146 0.661001 0.874146 0.659112 0.875122 0.658168 0.875122 0.652502 0.873171 0.650614 0.872195 0.650614 0.87122 0.64967 0.870244 0.64967 0.869268 0.648725 0.868293 0.648725 0.867317 0.647781 0.865366 0.647781 0.86439 0.646837
0 0.813659 0.767705 0.813659 0.797923 0.831219 0.797923 0.831219 0.767705
0 0.256585 0.511804 0.256585 0.514636 0.257561 0.515581 0.257561 0.517469 0.258537 0.518414 0.258537 0.520302 0.259512 0.521246 0.259512 0.522191 0.258537 0.523135 0.258537 0.525024 0.257561 0.525968 0.257561 0.527856 0.256585 0.528801 0.256585 0.535411 0.266341 0.535411 0.267317 0.534467 0.268293 0.534467 0.268293 0.511804
0 0.419512 0.468366 0.418537 0.469311 0.418537 0.470255 0.417561 0.471199 0.417561 0.472144 0.41561 0.474032 0.41561 0.474976 0.414634 0.475921 0.414634 0.476865 0.412683 0.478754 0.412683 0.479698 0.410732 0.481586 0.409756 0.481586 0.407805 0.483475 0.406829 0.483475 0.404878 0.485364 0.404878 0.486308 0.401951 0.489141 0.401951 0.493862 0.402927 0.494806 0.402927 0.496695 0.410732 0.496695 0.411707 0.495751 0.412683 0.495751 0.413659 0.494806 0.414634 0.494806 0.41561 0.493862 0.416585 0.493862 0.417561 0.492918 0.418537 0.492918 0.419512 0.491974 0.420488 0.491974 0.421463 0.491029 0.422439 0.491029 0.423415 0.490085 0.423415 0.468366
0 0.140488 0.258735 0.140488 0.27101 0.142439 0.272899 0.143415 0.272899 0.14439 0.273843 0.145366 0.273843 0.146341 0.274788 0.147317 0.274788 0.148293 0.275732 0.149268 0.275732 0.15122 0.27762 0.153171 0.27762 0.154146 0.278565 0.158049 0.278565 0.159024 0.27762 0.159024 0.258735 0.147317 0.258735 0.146341 0.259679 0.142439 0.259679 0.141463 0.258735
1 0.097561 0.812087 0.097561 0.813031 0.0956098 0.81492 0.0956098 0.817753 0.0946341 0.818697 0.0946341 0.823418 0.0956098 0.824363 0.0956098 0.825307 0.0965854 0.826251 0.0965854 0.827195 0.097561 0.82814 0.097561 0.829084 0.0985366 0.830028 0.0995122 0.830028 0.100488 0.830973 0.109268 0.830973 0.109268 0.830028 0.110244 0.829084 0.110244 0.827195 0.112195 0.825307 0.112195 0.812087
0 0.173659 0.799811 0.172683 0.800755 0.169756 0.800755 0.16878 0.8017 0.167805 0.8017 0.166829 0.802644 0.166829 0.815864 0.167805 0.815864 0.16878 0.816808 0.169756 0.816808 0.17561 0.822474 0.176585 0.822474 0.177561 0.823418 0.185366 0.823418 0.186341 0.822474 0.187317 0.822474 0.188293 0.82153 0.190244 0.82153 0.19122 0.820585 0.19122 0.819641 0.192195 0.818697 0.192195 0.817753 0.193171 0.816808 0.193171 0.813975 0.187317 0.80831 0.187317 0.807365 0.186341 0.806421 0.186341 0.802644 0.185366 0.8017 0.18439 0.8017 0.182439 0.799811
0 0.54439 0.706327 0.543415 0.707271 0.540488 0.707271 0.539512 0.708215 0.538537 0.708215 0.538537 0.711992 0.539512 0.712937 0.539512 0.714825 0.541463 0.716714 0.541463 0.717658 0.542439 0.718602 0.542439 0.719547 0.543415 0.720491 0.543415 0.721435 0.547317 0.725212 0.547317 0.726157 0.552195 0.730878 0.559024 0.730878 0.559024 0.718602 0.556098 0.71577 0.556098 0.714825 0.553171 0.711992 0.553171 0.711048 0.552195 0.710104 0.55122 0.710104 0.549268 0.708215 0.548293 0.708215 0.547317 0.707271 0.546341 0.707271 0.545366 0.706327
0 0.0282927 0.248347 0.0282927 0.252125 0.0312195 0.254957 0.0312195 0.255902 0.0321951 0.256846 0.0321951 0.25779 0.0331707 0.258735 0.0331707 0.259679 0.0341463 0.260623 0.0341463 0.261568 0.035122 0.262512 0.0360976 0.262512 0.0370732 0.263456 0.0380488 0.263456 0.0419512 0.267233 0.0458537 0.267233 0.0468293 0.268178 0.0517073 0.268178 0.0526829 0.269122 0.0556098 0.269122 0.057561 0.27101 0.057561 0.272899 0.0585366 0.273843 0.0585366 0.276676 0.0595122 0.27762 0.0595122 0.282342 0.0585366 0.283286 0.0595122 0.28423 0.0595122 0.285175 0.0595122 0.2644 0.0585366 0.2644 0.057561 0.263456 0.057561 0.262512 0.0556098 0.260623 0.0556098 0.259679 0.0546341 0.258735 0.0526829 0.258735 0.0478049 0.263456 0.044878 0.260623 0.044878 0.259679 0.0429268 0.25779 0.0419512 0.25779 0.0409756 0.256846 0.0409756 0.255902 0.04 0.254957 0.04 0.254013 0.0390244 0.253069 0.0390244 0.25118 0.0380488 0.250236 0.0380488 0.249292 0.0370732 0.248347
1 0.56878 0.00661001 0.56878 0.00849858 0.565854 0.0113314 0.565854 0.0122757 0.563902 0.0141643 0.563902 0.02644 0.594146 0.02644 0.595122 0.0254958 0.595122 0.0245515 0.597073 0.0226629 0.597073 0.0217186 0.598049 0.0207743 0.598049 0.01983 0.599024 0.0188857 0.599024 0.0179415 0.6 0.0169972 0.6 0.0160529 0.600976 0.0151086 0.6 0.0141643 0.6 0.00849858 0.600976 0.0075543 0.600976 0.00661001
0 0.382439 0.1983 0.382439 0.201133 0.381463 0.202077 0.381463 0.205855 0.382439 0.206799 0.382439 0.209632 0.381463 0.210576 0.381463 0.213409 0.380488 0.214353 0.380488 0.216242 0.379512 0.217186 0.379512 0.21813 0.374634 0.222852 0.374634 0.223796 0.373659 0.22474 0.373659 0.243626 0.374634 0.243626 0.37561 0.24457 0.376585 0.24457 0.377561 0.243626 0.377561 0.242682 0.378537 0.241737 0.378537 0.23796 0.379512 0.237016 0.379512 0.232295 0.380488 0.23135 0.380488 0.229462 0.381463 0.228517 0.381463 0.227573 0.383415 0.225685 0.383415 0.22474 0.38439 0.223796 0.38439 0.222852 0.385366 0.221907 0.385366 0.220963 0.386341 0.220019 0.386341 0.219075 0.387317 0.21813 0.387317 0.217186 0.389268 0.215297 0.394146 0.215297 0.394146 0.214353 0.393171 0.213409 0.393171 0.208687 0.392195 0.207743 0.392195 0.206799 0.39122 0.205855 0.39122 0.203966 0.390244 0.203022 0.390244 0.200189 0.389268 0.199245 0.389268 0.1983
0 0.319024 0.441926 0.319024 0.459868 0.323902 0.464589 0.327805 0.464589 0.329756 0.462701 0.330732 0.462701 0.330732 0.441926
0 0.486829 0.135033 0.486829 0.13881 0.485854 0.139754 0.486829 0.140699 0.486829 0.141643 0.487805 0.142587 0.487805 0.143532 0.48878 0.144476 0.48878 0.14542 0.489756 0.146364 0.48878 0.147309 0.48878 0.15203 0.485854 0.154863 0.484878 0.154863 0.483902 0.155807 0.482927 0.155807 0.481951 0.156752 0.480976 0.156752 0.48 0.157696 0.479024 0.157696 0.477073 0.159585 0.476098 0.159585 0.475122 0.160529 0.474146 0.160529 0.473171 0.161473 0.472195 0.161473 0.47122 0.162417 0.470244 0.162417 0.469268 0.163362 0.467317 0.163362 0.466341 0.164306 0.465366 0.164306 0.462439 0.167139 0.461463 0.167139 0.459512 0.169027 0.458537 0.169027 0.457561 0.169972 0.45561 0.169972 0.453659 0.17186 0.452683 0.17186 0.449756 0.174693 0.447805 0.174693 0.446829 0.175637 0.445854 0.175637 0.444878 0.176582 0.443902 0.176582 0.442927 0.177526 0.442927 0.197356 0.443902 0.1983 0.446829 0.1983 0.447805 0.199245 0.44878 0.1983 0.44878 0.197356 0.449756 0.196412 0.449756 0.193579 0.44878 0.192635 0.44878 0.184136 0.451707 0.181303 0.452683 0.181303 0.453659 0.180359 0.45561 0.180359 0.456585 0.179415 0.457561 0.179415 0.458537 0.17847 0.459512 0.17847 0.460488 0.177526 0.463415 0.177526 0.465366 0.179415 0.465366 0.18508 0.463415 0.186969 0.463415 0.187913 0.457561 0.193579 0.457561 0.194523 0.456585 0.195467 0.456585 0.197356 0.45561 0.1983 0.45561 0.207743 0.454634 0.208687 0.454634 0.212465 0.453659 0.213409 0.453659 0.215297 0.454634 0.216242 0.454634 0.217186 0.45561 0.217186 0.456585 0.21813 0.461463 0.21813 0.462439 0.219075 0.463415 0.219075 0.46439 0.220019 0.466341 0.220019 0.467317 0.220963 0.474146 0.220963 0.475122 0.221907 0.498537 0.221907 0.499512 0.220963 0.506341 0.220963 0.507317 0.220019 0.508293 0.220019 0.509268 0.219075 0.51122 0.219075 0.512195 0.21813 0.513171 0.21813 0.514146 0.217186 0.516098 0.217186 0.517073 0.216242 0.519024 0.216242 0.52 0.215297 0.520976 0.215297 0.521951 0.214353 0.521951 0.213409 0.522927 0.212465 0.522927 0.21152 0.523902 0.210576 0.523902 0.200189 0.522927 0.200189 0.521951 0.199245 0.52 0.199245 0.519024 0.1983 0.516098 0.1983 0.515122 0.197356 0.505366 0.197356 0.498537 0.203966 0.491707 0.203966 0.490732 0.203022 0.484878 0.203022 0.483902 0.202077 0.48 0.202077 0.477073 0.199245 0.477073 0.1983 0.476098 0.197356 0.476098 0.196412 0.475122 0.195467 0.475122 0.186969 0.476098 0.186025 0.476098 0.182247 0.475122 0.181303 0.475122 0.180359 0.474146 0.179415 0.47122 0.179415 0.470244 0.17847 0.469268 0.17847 0.468293 0.177526 0.469268 0.176582 0.474146 0.176582 0.475122 0.175637 0.480976 0.175637 0.481951 0.176582 0.482927 0.176582 0.484878 0.17847 0.485854 0.17847 0.486829 0.179415 0.487805 0.179415 0.490732 0.182247 0.490732 0.183192 0.492683 0.18508 0.492683 0.186025 0.493659 0.186025 0.494634 0.18508 0.494634 0.183192 0.49561 0.182247 0.49561 0.176582 0.496585 0.175637 0.496585 0.170916 0.498537 0.169027 0.498537 0.168083 0.499512 0.167139 0.499512 0.166195 0.500488 0.16525 0.500488 0.164306 0.501463 0.163362 0.501463 0.162417 0.502439 0.161473 0.502439 0.160529 0.503415 0.159585 0.503415 0.15864 0.50439 0.157696 0.50439 0.153919 0.505366 0.152975 0.505366 0.151086 0.50439 0.150142 0.50439 0.146364 0.503415 0.14542 0.503415 0.144476 0.499512 0.140699 0.498537 0.140699 0.497561 0.139754 0.49561 0.139754 0.494634 0.13881 0.493659 0.13881 0.492683 0.137866 0.489756 0.137866 0.48878 0.136922 0.487805 0.136922 0.486829 0.135977
0 0.971707 0.561851 0.971707 0.579792 0.972683 0.578848 0.972683 0.576959 0.973659 0.576015 0.973659 0.575071 0.974634 0.574127 0.974634 0.573182 0.97561 0.572238 0.97561 0.571294 0.976585 0.570349 0.983415 0.570349 0.990244 0.576959 0.99122 0.576959 0.992195 0.577904 0.99122 0.578848 0.99122 0.581681 0.988293 0.584514 0.992195 0.584514 0.993171 0.583569 0.995122 0.583569 0.996098 0.582625 0.997073 0.582625 0.997073 0.561851
0 0.0331707 0.949009 0.0321951 0.949953 0.0302439 0.949953 0.0292683 0.950897 0.0282927 0.950897 0.0273171 0.951841 0.0273171 0.966006 0.0370732 0.966006 0.0380488 0.965061 0.04 0.965061 0.0429268 0.962229 0.0429268 0.961284 0.0439024 0.96034 0.0439024 0.959396 0.044878 0.958451 0.044878 0.949009
1 0.804878 0.200189 0.804878 0.21813 0.81561 0.21813 0.812683 0.215297 0.814634 0.213409 0.81561 0.213409 0.817561 0.21152 0.817561 0.210576 0.818537 0.209632 0.818537 0.202077 0.817561 0.201133 0.816585 0.201133 0.81561 0.200189
0 0.250732 0.655335 0.250732 0.671388 0.247805 0.674221 0.246829 0.674221 0.246829 0.681775 0.253659 0.681775 0.253659 0.680831 0.254634 0.679887 0.254634 0.677054 0.25561 0.67611 0.25561 0.671388 0.256585 0.670444 0.256585 0.668555 0.257561 0.667611 0.257561 0.655335
0 0.988293 0.655335 0.987317 0.65628 0.986341 0.65628 0.985366 0.657224 0.98439 0.657224 0.982439 0.659112 0.982439 0.660057 0.981463 0.661001 0.981463 0.661945 0.977561 0.665722 0.977561 0.666667 0.973659 0.670444 0.972683 0.670444 0.972683 0.673277 0.974634 0.675165 0.974634 0.67611 0.976585 0.677998 0.977561 0.677998 0.978537 0.678942 0.979512 0.678942 0.983415 0.68272 0.983415 0.683664 0.98439 0.684608 0.98439 0.685552 0.986341 0.687441 0.986341 0.688385 0.987317 0.68933 0.987317 0.690274 0.986341 0.691218 0.985366 0.691218 0.98439 0.692162 0.983415 0.692162 0.982439 0.693107 0.982439 0.694051 0.981463 0.694995 0.981463 0.696884 0.980488 0.697828 0.980488 0.699717 0.979512 0.700661 0.979512 0.701605 0.990244 0.701605 0.990244 0.698772 0.99122 0.697828 0.99122 0.693107 0.992195 0.692162 0.992195 0.691218 0.993171 0.690274 0.993171 0.68933 0.992195 0.688385 0.992195 0.684608 0.99122 0.683664 0.99122 0.678942 0.992195 0.677998 0.992195 0.67611 0.993171 0.675165 0.993171 0.674221 0.996098 0.671388 0.997073 0.671388 0.997073 0.658168 0.996098 0.658168 0.995122 0.657224 0.994146 0.657224 0.993171 0.65628 0.992195 0.65628 0.99122 0.655335
0 0.8 0.0642115 0.799024 0.0651558 0.796098 0.0651558 0.796098 0.0661001 0.795122 0.0670444 0.795122 0.0698772 0.794146 0.0708215 0.794146 0.0783758 0.793171 0.0793201 0.793171 0.0802644 0.788293 0.0849858 0.788293 0.0859301 0.787317 0.0868744 0.787317 0.0878187 0.786341 0.088763 0.786341 0.0897073 0.785366 0.0906516 0.785366 0.0915958 0.78439 0.0925401 0.78439 0.0934844 0.783415 0.0944287 0.783415 0.0972616 0.782439 0.0982059 0.782439 0.11898 0.783415 0.119924 0.783415 0.137866 0.782439 0.13881 0.782439 0.140699 0.781463 0.141643 0.781463 0.142587 0.779512 0.144476 0.778537 0.144476 0.777561 0.14542 0.776585 0.14542 0.776585 0.146364 0.77561 0.147309 0.77561 0.150142 0.774634 0.151086 0.774634 0.161473 0.785366 0.161473 0.786341 0.160529 0.786341 0.15864 0.785366 0.157696 0.785366 0.152975 0.78439 0.15203 0.78439 0.13881 0.785366 0.137866 0.785366 0.135977 0.788293 0.133144 0.789268 0.133144 0.790244 0.1322 0.790244 0.131256 0.79122 0.130312 0.79122 0.129367 0.792195 0.128423 0.792195 0.12559 0.793171 0.124646 0.793171 0.120869 0.794146 0.119924 0.794146 0.11898 0.795122 0.118036 0.795122 0.117092 0.796098 0.116147 0.796098 0.115203 0.797073 0.114259 0.797073 0.113314 0.798049 0.11237 0.798049 0.111426 0.799024 0.110482 0.799024 0.109537 0.8 0.108593 0.8 0.107649 0.800976 0.106704 0.800976 0.10576 0.801951 0.104816 0.801951 0.103872 0.802927 0.102927 0.802927 0.101039 0.803902 0.100094 0.803902 0.0670444 0.802927 0.0661001 0.802927 0.0651558 0.801951 0.0642115
1 0.185366 0.827195 0.185366 0.830028 0.18439 0.830973 0.18439 0.835694 0.183415 0.836638 0.183415 0.837583 0.182439 0.838527 0.182439 0.840415 0.185366 0.843248 0.193171 0.843248 0.194146 0.842304 0.195122 0.842304 0.196098 0.84136 0.197073 0.84136 0.198049 0.840415 0.198049 0.827195
0 0.30439 0.0878187 0.30439 0.088763 0.303415 0.0897073 0.303415 0.0906516 0.302439 0.0915958 0.302439 0.0925401 0.301463 0.0934844 0.301463 0.0944287 0.300488 0.095373 0.300488 0.0963173 0.299512 0.0972616 0.299512 0.0982059 0.297561 0.100094 0.297561 0.101039 0.29561 0.102927 0.29561 0.103872 0.294634 0.104816 0.294634 0.10576 0.292683 0.107649 0.292683 0.109537 0.293659 0.110482 0.293659 0.111426 0.297561 0.115203 0.298537 0.115203 0.300488 0.117092 0.301463 0.117092 0.306341 0.121813 0.305366 0.122757 0.305366 0.127479 0.302439 0.130312 0.301463 0.130312 0.300488 0.131256 0.291707 0.131256 0.291707 0.1322 0.309268 0.1322 0.309268 0.131256 0.312195 0.128423 0.312195 0.120869 0.31122 0.119924 0.31122 0.113314 0.312195 0.11237 0.312195 0.110482 0.313171 0.109537 0.313171 0.108593 0.314146 0.107649 0.314146 0.106704 0.315122 0.10576 0.316098 0.10576 0.318049 0.103872 0.320976 0.103872 0.321951 0.104816 0.330732 0.104816 0.331707 0.10576 0.332683 0.10576 0.333659 0.104816 0.341463 0.104816 0.342439 0.103872 0.345366 0.103872 0.346341 0.102927 0.347317 0.102927 0.347317 0.101039 0.346341 0.100094 0.346341 0.0982059 0.345366 0.0972616 0.345366 0.0963173 0.34439 0.0963173 0.343415 0.095373 0.340488 0.095373 0.339512 0.0944287 0.33561 0.0944287 0.334634 0.0934844 0.329756 0.0934844 0.328781 0.0925401 0.323902 0.0925401 0.322927 0.0915958 0.320976 0.0915958 0.32 0.0906516 0.319024 0.0906516 0.318049 0.0897073 0.317073 0.0897073 0.316098 0.088763 0.315122 0.088763 0.314146 0.0878187
0 0.91122 0.520302 0.910244 0.521246 0.908293 0.521246 0.907317 0.522191 0.906341 0.522191 0.90439 0.524079 0.90439 0.525024 0.903415 0.525968 0.903415 0.526912 0.902439 0.527856 0.902439 0.528801 0.903415 0.529745 0.903415 0.532578 0.90439 0.533522 0.90439 0.534467 0.903415 0.535411 0.903415 0.538244 0.901463 0.540132 0.901463 0.541076 0.900488 0.542021 0.899512 0.542021 0.896585 0.544854 0.89561 0.544854 0.894634 0.545798 0.893659 0.545798 0.892683 0.546742 0.891707 0.546742 0.88878 0.549575 0.887805 0.549575 0.885854 0.551464 0.885854 0.552408 0.884878 0.553352 0.884878 0.554296 0.881951 0.557129 0.88 0.557129 0.88 0.558074 0.879024 0.559018 0.879024 0.561851 0.878049 0.562795 0.878049 0.564684 0.877073 0.565628 0.877073 0.566572 0.876098 0.567517 0.876098 0.568461 0.875122 0.569405 0.874146 0.569405 0.872195 0.571294 0.872195 0.572238 0.873171 0.573182 0.873171 0.575071 0.88 0.581681 0.880976 0.580737 0.880976 0.579792 0.882927 0.577904 0.882927 0.576959 0.881951 0.576015 0.881951 0.565628 0.882927 0.564684 0.882927 0.563739 0.885854 0.560907 0.886829 0.560907 0.889756 0.558074 0.889756 0.557129 0.890732 0.556185 0.891707 0.556185 0.892683 0.555241 0.89561 0.558074 0.89561 0.569405 0.894634 0.570349 0.894634 0.578848 0.89561 0.579792 0.89561 0.581681 0.896585 0.582625 0.896585 0.583569 0.897561 0.584514 0.897561 0.585458 0.901463 0.589235 0.901463 0.590179 0.902439 0.591124 0.902439 0.593012 0.903415 0.593957 0.903415 0.595845 0.90439 0.596789 0.90439 0.598678 0.905366 0.599622 0.905366 0.600567 0.906341 0.601511 0.906341 0.602455 0.907317 0.603399 0.907317 0.605288 0.908293 0.606232 0.908293 0.607177 0.909268 0.608121 0.909268 0.610009 0.910244 0.610954 0.910244 0.612842 0.91122 0.613787 0.91122 0.616619 0.912195 0.617564 0.912195 0.620397 0.913171 0.621341 0.913171 0.623229 0.914146 0.624174 0.914146 0.628895 0.915122 0.629839 0.915122 0.632672 0.916098 0.633617 0.916098 0.652502 0.917073 0.653447 0.917073 0.65628 0.919024 0.658168 0.920976 0.658168 0.921951 0.659112 0.922927 0.659112 0.923902 0.660057 0.924878 0.660057 0.925854 0.659112 0.925854 0.650614 0.926829 0.64967 0.926829 0.627007 0.925854 0.626062 0.925854 0.624174 0.924878 0.623229 0.924878 0.622285 0.923902 0.621341 0.923902 0.619452 0.922927 0.618508 0.922927 0.616619 0.921951 0.615675 0.921951 0.610954 0.920976 0.610009 0.920976 0.605288 0.92 0.604344 0.92 0.601511 0.919024 0.600567 0.919024 0.598678 0.918049 0.597734 0.918049 0.595845 0.917073 0.594901 0.917073 0.592068 0.916098 0.591124 0.916098 0.588291 0.915122 0.587347 0.915122 0.582625 0.914146 0.581681 0.914146 0.577904 0.913171 0.576959 0.913171 0.575071 0.912195 0.574127 0.912195 0.573182 0.91122 0.572238 0.91122 0.571294 0.910244 0.570349 0.910244 0.569405 0.909268 0.568461 0.909268 0.566572 0.908293 0.565628 0.908293 0.563739 0.907317 0.562795 0.907317 0.560907 0.906341 0.559962 0.906341 0.557129 0.905366 0.556185 0.905366 0.554296 0.90439 0.553352 0.90439 0.552408 0.903415 0.551464 0.903415 0.544854 0.90439 0.543909 0.905366 0.543909 0.905366 0.542965 0.907317 0.541076 0.907317 0.540132 0.908293 0.539188 0.908293 0.538244 0.909268 0.537299 0.909268 0.536355 0.91122 0.534467 0.912195 0.534467 0.912195 0.533522 0.913171 0.532578 0.913171 0.531634 0.914146 0.530689 0.914146 0.529745 0.915122 0.528801 0.915122 0.525968 0.916098 0.525024 0.916098 0.521246 0.915122 0.520302
0 0.24 0.921624 0.239024 0.922568 0.237073 0.922568 0.236098 0.923513 0.234146 0.923513 0.233171 0.924457 0.23122 0.924457 0.230244 0.925401 0.229268 0.925401 0.227317 0.92729 0.226341 0.92729 0.22439 0.929178 0.223415 0.929178 0.222439 0.930123 0.221463 0.930123 0.220488 0.931067 0.220488 0.94051 0.222439 0.94051 0.223415 0.939566 0.228293 0.939566 0.229268 0.938621 0.23122 0.938621 0.232195 0.937677 0.240976 0.937677 0.241951 0.936733 0.246829 0.936733 0.247805 0.935788 0.254634 0.935788 0.25561 0.934844 0.261463 0.934844 0.262439 0.9339 0.26439 0.9339 0.265366 0.932956 0.266341 0.932956 0.267317 0.932011 0.269268 0.932011 0.270244 0.931067 0.27122 0.931067 0.27122 0.926346 0.269268 0.924457 0.268293 0.924457 0.267317 0.923513 0.266341 0.923513 0.265366 0.922568 0.26439 0.922568 0.263415 0.921624
0 0.644878 0.262512 0.644878 0.265345 0.643902 0.266289 0.643902 0.268178 0.641951 0.270066 0.641951 0.278565 0.643902 0.280453 0.643902 0.281398 0.644878 0.282342 0.644878 0.287063 0.645854 0.288008 0.645854 0.292729 0.644878 0.293673 0.644878 0.296506 0.645854 0.296506 0.649756 0.300283 0.649756 0.301228 0.650732 0.302172 0.650732 0.303116 0.652683 0.305005 0.652683 0.306893 0.653659 0.307838 0.653659 0.308782 0.654634 0.309726 0.654634 0.31067 0.656585 0.312559 0.656585 0.313503 0.657561 0.314448 0.657561 0.316336 0.658537 0.31728 0.658537 0.327668 0.657561 0.328612 0.657561 0.3305 0.656585 0.331445 0.656585 0.332389 0.65561 0.333333 0.65561 0.334278 0.654634 0.335222 0.654634 0.336166 0.653659 0.33711 0.653659 0.338999 0.660488 0.338999 0.661463 0.338055 0.661463 0.33711 0.662439 0.336166 0.662439 0.335222 0.663415 0.334278 0.663415 0.333333 0.66439 0.332389 0.66439 0.331445 0.667317 0.328612 0.667317 0.327668 0.668293 0.326723 0.668293 0.322002 0.669268 0.321058 0.669268 0.320113 0.668293 0.319169 0.668293 0.312559 0.667317 0.311615 0.667317 0.306893 0.666341 0.305949 0.666341 0.305005 0.665366 0.30406 0.665366 0.301228 0.66439 0.300283 0.66439 0.29745 0.663415 0.296506 0.663415 0.293673 0.662439 0.292729 0.662439 0.291785 0.65561 0.285175 0.65561 0.28423 0.654634 0.283286 0.654634 0.282342 0.653659 0.281398 0.653659 0.280453 0.651707 0.278565 0.651707 0.276676 0.652683 0.275732 0.652683 0.274788 0.653659 0.273843 0.653659 0.271955 0.654634 0.27101 0.654634 0.267233 0.65561 0.266289 0.65561 0.2644 0.654634 0.263456 0.654634 0.262512
0 0.877073 0.274788 0.876098 0.275732 0.876098 0.276676 0.869268 0.283286 0.868293 0.283286 0.866341 0.285175 0.865366 0.285175 0.86439 0.286119 0.863415 0.286119 0.862439 0.287063 0.860488 0.287063 0.859512 0.288008 0.858537 0.288008 0.857561 0.288952 0.856585 0.288952 0.856585 0.289896 0.85561 0.29084 0.854634 0.29084 0.853659 0.291785 0.851707 0.291785 0.850732 0.292729 0.848781 0.292729 0.845854 0.295562 0.845854 0.303116 0.846829 0.30406 0.846829 0.305005 0.847805 0.305949 0.847805 0.306893 0.849756 0.308782 0.850732 0.308782 0.851707 0.309726 0.852683 0.309726 0.854634 0.311615 0.856585 0.311615 0.859512 0.314448 0.860488 0.314448 0.861463 0.315392 0.86439 0.315392 0.865366 0.316336 0.868293 0.316336 0.869268 0.315392 0.870244 0.315392 0.87122 0.314448 0.872195 0.314448 0.873171 0.313503 0.874146 0.313503 0.874146 0.312559 0.878049 0.308782 0.878049 0.307838 0.879024 0.306893 0.879024 0.305005 0.88 0.30406 0.88 0.301228 0.879024 0.300283 0.879024 0.299339 0.878049 0.298395 0.878049 0.29745 0.877073 0.296506 0.877073 0.294618 0.876098 0.293673 0.876098 0.291785 0.875122 0.29084 0.875122 0.289896 0.88 0.285175 0.880976 0.285175 0.883902 0.282342 0.883902 0.281398 0.884878 0.280453 0.884878 0.279509 0.886829 0.27762 0.887805 0.27762 0.88878 0.278565 0.88878 0.279509 0.889756 0.280453 0.889756 0.288952 0.891707 0.29084 0.893659 0.29084 0.893659 0.275732 0.890732 0.275732 0.889756 0.274788
0 0.514146 0.122757 0.514146 0.124646 0.513171 0.12559 0.513171 0.139754 0.514146 0.140699 0.515122 0.140699 0.516098 0.141643 0.52 0.141643 0.520976 0.142587 0.523902 0.142587 0.524878 0.143532 0.530732 0.143532 0.531707 0.144476 0.542439 0.144476 0.543415 0.14542 0.557073 0.14542 0.558049 0.146364 0.558049 0.154863 0.557073 0.155807 0.557073 0.15864 0.558049 0.159585 0.558049 0.160529 0.559024 0.160529 0.561951 0.163362 0.561951 0.16525 0.562927 0.166195 0.562927 0.170916 0.563902 0.17186 0.563902 0.173749 0.563902 0.160529 0.564878 0.159585 0.564878 0.157696 0.565854 0.156752 0.565854 0.155807 0.566829 0.154863 0.567805 0.154863 0.56878 0.153919 0.571707 0.153919 0.572683 0.154863 0.573659 0.154863 0.574634 0.155807 0.576585 0.155807 0.577561 0.156752 0.581463 0.156752 0.582439 0.157696 0.585366 0.157696 0.586341 0.156752 0.591219 0.156752 0.592195 0.155807 0.594146 0.155807 0.595122 0.154863 0.598049 0.154863 0.599024 0.153919 0.600976 0.153919 0.601951 0.152975 0.604878 0.152975 0.605854 0.153919 0.607805 0.153919 0.612683 0.15864 0.612683 0.159585 0.61561 0.162417 0.61561 0.163362 0.616585 0.163362 0.617561 0.162417 0.620488 0.162417 0.620488 0.148253 0.619512 0.147309 0.619512 0.146364 0.618537 0.14542 0.617561 0.14542 0.61561 0.143532 0.613659 0.143532 0.612683 0.142587 0.611707 0.142587 0.610732 0.141643 0.609756 0.141643 0.608781 0.140699 0.607805 0.140699 0.606829 0.139754 0.605854 0.139754 0.604878 0.13881 0.603902 0.13881 0.602927 0.137866 0.601951 0.137866 0.600976 0.136922 0.6 0.136922 0.599024 0.135977 0.598049 0.135977 0.597073 0.135033 0.596098 0.135033 0.595122 0.134089 0.592195 0.134089 0.591219 0.133144 0.588293 0.133144 0.587317 0.1322 0.586341 0.1322 0.58439 0.130312 0.577561 0.130312 0.576585 0.131256 0.57561 0.131256 0.573659 0.133144 0.572683 0.133144 0.571707 0.134089 0.571707 0.139754 0.570732 0.140699 0.569756 0.139754 0.569756 0.13881 0.56878 0.137866 0.56878 0.135977 0.566829 0.134089 0.564878 0.134089 0.563902 0.133144 0.56 0.133144 0.559024 0.1322 0.556098 0.1322 0.555122 0.133144 0.541463 0.133144 0.540488 0.1322 0.537561 0.1322 0.536585 0.131256 0.533659 0.131256 0.532683 0.130312 0.531707 0.130312 0.530732 0.129367 0.529756 0.129367 0.527805 0.127479 0.527805 0.126534 0.526829 0.12559 0.526829 0.122757
0 0.981463 0.659112 0.980488 0.660057 0.980488 0.661001 0.978537 0.66289 0.978537 0.663834 0.977561 0.664778 0.977561 0.670444 0.976585 0.671388 0.976585 0.677998 0.977561 0.677998 0.982439 0.68272 0.982439 0.691218 0.981463 0.692162 0.981463 0.694051 0.980488 0.694995 0.980488 0.697828 0.979512 0.698772 0.979512 0.701605 0.978537 0.70255 0.978537 0.704438 0.97561 0.707271 0.974634 0.707271 0.974634 0.712937 0.97561 0.713881 0.97561 0.714825 0.981463 0.714825 0.982439 0.713881 0.983415 0.713881 0.985366 0.711992 0.985366 0.711048 0.987317 0.70916 0.987317 0.707271 0.988293 0.706327 0.988293 0.705382 0.990244 0.703494 0.990244 0.701605 0.99122 0.700661 0.99122 0.666667 0.989268 0.664778 0.989268 0.663834 0.987317 0.661945 0.987317 0.661001 0.985366 0.659112
0 0.540488 0.288008 0.540488 0.292729 0.539512 0.293673 0.539512 0.302172 0.540488 0.303116 0.540488 0.308782 0.541463 0.309726 0.541463 0.31067 0.543415 0.312559 0.543415 0.313503 0.54439 0.314448 0.549268 0.314448 0.550244 0.313503 0.55122 0.313503 0.553171 0.311615 0.553171 0.289896 0.55122 0.288008
0 0.553171 0.430595 0.553171 0.451369 0.56 0.451369 0.561951 0.449481 0.562927 0.449481 0.565854 0.446648 0.565854 0.445704 0.566829 0.444759 0.566829 0.430595
0 0.897561 0.412653 0.897561 0.423041 0.902439 0.423041 0.903415 0.423985 0.910244 0.423985 0.91122 0.424929 0.917073 0.424929 0.918049 0.425873 0.924878 0.425873 0.925854 0.426818 0.92878 0.426818 0.929756 0.427762 0.931707 0.427762 0.932683 0.428706 0.933659 0.428706 0.937561 0.432483 0.937561 0.433428 0.938537 0.433428 0.941463 0.436261 0.942439 0.436261 0.947317 0.440982 0.947317 0.441926 0.948293 0.442871 0.948293 0.443815 0.949268 0.444759 0.949268 0.445704 0.950244 0.446648 0.949268 0.447592 0.949268 0.449481 0.948293 0.450425 0.948293 0.451369 0.946341 0.453258 0.945366 0.453258 0.943415 0.455146 0.942439 0.455146 0.941463 0.456091 0.939512 0.456091 0.938537 0.457035 0.936585 0.457035 0.93561 0.457979 0.933659 0.457979 0.932683 0.458924 0.931707 0.458924 0.952195 0.458924 0.952195 0.457035 0.953171 0.456091 0.953171 0.454202 0.954146 0.453258 0.954146 0.452314 0.955122 0.451369 0.955122 0.449481 0.957073 0.447592 0.957073 0.439093 0.956098 0.438149 0.956098 0.437205 0.955122 0.436261 0.955122 0.434372 0.950244 0.429651 0.949268 0.429651 0.946341 0.426818 0.945366 0.426818 0.94439 0.425873 0.942439 0.425873 0.941463 0.424929 0.938537 0.424929 0.937561 0.423985 0.936585 0.423985 0.93561 0.424929 0.931707 0.424929 0.930732 0.423985 0.930732 0.422096 0.929756 0.421152 0.929756 0.420208 0.924878 0.415486 0.923902 0.415486 0.922927 0.414542 0.921951 0.414542 0.920976 0.413598 0.918049 0.413598 0.917073 0.412653
1 0.958049 0.725212 0.958049 0.726157 0.957073 0.727101 0.957073 0.72899 0.956098 0.729934 0.956098 0.730878 0.955122 0.731822 0.955122 0.733711 0.954146 0.734655 0.954146 0.7356 0.948293 0.741265 0.948293 0.74221 0.947317 0.743154 0.947317 0.746931 0.946341 0.747875 0.946341 0.749764 0.945366 0.750708 0.945366 0.752597 0.94439 0.753541 0.94439 0.770538 0.946341 0.772427 0.948293 0.772427 0.949268 0.773371 0.952195 0.773371 0.953171 0.772427 0.955122 0.772427 0.956098 0.771483 0.958049 0.771483 0.958049 0.770538 0.96 0.76865 0.96 0.767705 0.961951 0.765817 0.961951 0.763928 0.960976 0.762984 0.960976 0.761095 0.96 0.760151 0.96 0.758263 0.959024 0.757318 0.959024 0.749764 0.96 0.74882 0.96 0.746931 0.960976 0.745987 0.960976 0.744098 0.961951 0.743154 0.961951 0.725212
0 0.113171 0.928234 0.113171 0.929178 0.112195 0.930123 0.112195 0.931067 0.11122 0.932011 0.11122 0.936733 0.112195 0.937677 0.112195 0.939566 0.113171 0.939566 0.114146 0.94051 0.119024 0.94051 0.12 0.941454 0.120976 0.941454 0.121951 0.942398 0.123902 0.942398 0.124878 0.943343 0.125854 0.943343 0.12878 0.946176 0.12878 0.94712 0.141463 0.94712 0.141463 0.936733 0.140488 0.935788 0.139512 0.935788 0.138537 0.934844 0.134634 0.934844 0.133659 0.935788 0.131707 0.935788 0.130732 0.934844 0.130732 0.932956 0.132683 0.931067 0.132683 0.930123 0.133659 0.929178 0.133659 0.928234
0 0.652683 0.305949 0.652683 0.31067 0.653659 0.311615 0.653659 0.312559 0.654634 0.313503 0.654634 0.314448 0.657561 0.31728 0.657561 0.318225 0.659512 0.320113 0.659512 0.327668 0.658537 0.328612 0.658537 0.331445 0.656585 0.333333 0.656585 0.338055 0.65561 0.338999 0.661463 0.338999 0.661463 0.338055 0.662439 0.33711 0.662439 0.335222 0.663415 0.334278 0.663415 0.333333 0.666341 0.3305 0.667317 0.3305 0.667317 0.329556 0.668293 0.328612 0.668293 0.326723 0.669268 0.325779 0.669268 0.313503 0.668293 0.312559 0.668293 0.309726 0.667317 0.308782 0.667317 0.305949
0 0.740488 0.000944287 0.740488 0.00472144 0.741463 0.00566572 0.741463 0.0075543 0.742439 0.00849858 0.742439 0.0103872 0.743415 0.0113314 0.743415 0.0141643 0.74439 0.0151086 0.74439 0.0217186 0.743415 0.0226629 0.743415 0.0236072 0.737561 0.0292729 0.737561 0.0434372 0.748293 0.0434372 0.750244 0.0415486 0.75122 0.0415486 0.75122 0.0406043 0.752195 0.0396601 0.752195 0.0358829 0.753171 0.0349386 0.753171 0.0321058 0.754146 0.0311615 0.754146 0.0302172 0.755122 0.0292729 0.755122 0.0283286 0.757073 0.02644 0.758049 0.02644 0.761951 0.0302172 0.762927 0.0302172 0.763902 0.0311615 0.764878 0.0311615 0.766829 0.03305 0.767805 0.03305 0.769756 0.0349386 0.770732 0.0349386 0.771707 0.0358829 0.774634 0.0358829 0.774634 0.000944287
0 0.574634 0.130312 0.571707 0.133144 0.570732 0.133144 0.569756 0.134089 0.567805 0.134089 0.566829 0.135033 0.564878 0.135033 0.563902 0.135977 0.56 0.135977 0.559024 0.136922 0.557073 0.136922 0.556098 0.135977 0.555122 0.135977 0.555122 0.143532 0.556098 0.143532 0.557073 0.142587 0.558049 0.142587 0.56 0.144476 0.56 0.14542 0.560976 0.146364 0.560976 0.155807 0.56 0.156752 0.56 0.157696 0.559024 0.15864 0.558049 0.15864 0.559024 0.15864 0.56 0.159585 0.560976 0.159585 0.563902 0.162417 0.563902 0.167139 0.562927 0.168083 0.563902 0.168083 0.563902 0.15864 0.564878 0.157696 0.564878 0.156752 0.566829 0.154863 0.567805 0.154863 0.56878 0.153919 0.570732 0.153919 0.571707 0.154863 0.572683 0.154863 0.573659 0.155807 0.576585 0.155807 0.577561 0.156752 0.580488 0.156752 0.581463 0.157696 0.586341 0.157696 0.587317 0.156752 0.591219 0.156752 0.592195 0.155807 0.594146 0.155807 0.595122 0.154863 0.597073 0.154863 0.598049 0.153919 0.6 0.153919 0.600976 0.152975 0.601951 0.152975 0.602927 0.15203 0.603902 0.152975 0.606829 0.152975 0.607805 0.153919 0.608781 0.153919 0.611707 0.156752 0.611707 0.157696 0.613659 0.159585 0.613659 0.160529 0.61561 0.162417 0.61561 0.163362 0.621463 0.163362 0.622439 0.162417 0.622439 0.161473 0.623415 0.160529 0.623415 0.159585 0.62439 0.15864 0.62439 0.156752 0.623415 0.155807 0.623415 0.15203 0.622439 0.151086 0.622439 0.150142 0.620488 0.148253 0.620488 0.147309 0.616585 0.143532 0.61561 0.143532 0.614634 0.142587 0.613659 0.142587 0.611707 0.140699 0.610732 0.140699 0.609756 0.139754 0.609756 0.13881 0.608781 0.13881 0.607805 0.137866 0.606829 0.137866 0.604878 0.135977 0.603902 0.135977 0.602927 0.135033 0.600976 0.135033 0.6 0.134089 0.598049 0.134089 0.597073 0.133144 0.592195 0.133144 0.591219 0.1322 0.589268 0.1322 0.587317 0.130312
1 0.355122 0.809254 0.355122 0.813975 0.354146 0.81492 0.355122 0.815864 0.355122 0.816808 0.357073 0.818697 0.357073 0.819641 0.358049 0.820585 0.359024 0.820585 0.36 0.82153 0.365854 0.82153 0.367805 0.819641 0.367805 0.809254
0 0.846829 0.075543 0.846829 0.0783758 0.845854 0.0793201 0.845854 0.0812087 0.844878 0.082153 0.844878 0.0840416 0.843902 0.0849858 0.843902 0.0859301 0.842927 0.0868744 0.842927 0.0878187 0.840976 0.0897073 0.84 0.0897073 0.835122 0.0944287 0.835122 0.118036 0.836098 0.11898 0.837073 0.11898 0.84 0.121813 0.843902 0.121813 0.844878 0.120869 0.844878 0.11898 0.843902 0.118036 0.843902 0.113314 0.844878 0.11237 0.844878 0.108593 0.845854 0.107649 0.845854 0.106704 0.846829 0.10576 0.846829 0.104816 0.847805 0.103872 0.847805 0.101039 0.848781 0.100094 0.848781 0.0972616 0.849756 0.0963173 0.849756 0.0934844 0.850732 0.0925401 0.850732 0.0783758 0.849756 0.0774315 0.849756 0.075543
0 0.310244 0.307838 0.309268 0.308782 0.307317 0.308782 0.306341 0.309726 0.305366 0.309726 0.30439 0.31067 0.303415 0.31067 0.302439 0.311615 0.301463 0.311615 0.301463 0.319169 0.302439 0.320113 0.302439 0.322002 0.301463 0.322946 0.301463 0.34372 0.313171 0.34372 0.313171 0.342776 0.310244 0.339943 0.310244 0.338999 0.309268 0.338055 0.309268 0.335222 0.308293 0.334278 0.308293 0.320113 0.309268 0.319169 0.309268 0.31728 0.312195 0.314448 0.313171 0.314448 0.313171 0.307838
0 0.767805 0.519358 0.769756 0.521246 0.769756 0.523135 0.770732 0.524079 0.770732 0.525968 0.773659 0.528801 0.773659 0.529745 0.774634 0.530689 0.774634 0.531634 0.77561 0.532578 0.77561 0.534467 0.767805 0.542021 0.766829 0.542021 0.765854 0.542965 0.764878 0.542965 0.762927 0.544854 0.761951 0.544854 0.76 0.546742 0.76 0.547687 0.758049 0.549575 0.757073 0.549575 0.756098 0.550519 0.754146 0.550519 0.753171 0.551464 0.749268 0.551464 0.748293 0.550519 0.741463 0.550519 0.740488 0.551464 0.736585 0.551464 0.73561 0.552408 0.732683 0.552408 0.731707 0.553352 0.729756 0.553352 0.728781 0.554296 0.727805 0.554296 0.726829 0.555241 0.724878 0.555241 0.721951 0.558074 0.720976 0.558074 0.72 0.559018 0.719024 0.559018 0.719024 0.559962 0.718049 0.560907 0.718049 0.561851 0.717073 0.562795 0.717073 0.563739 0.716098 0.564684 0.716098 0.566572 0.717073 0.567517 0.718049 0.567517 0.719024 0.568461 0.720976 0.566572 0.721951 0.566572 0.722927 0.565628 0.723902 0.565628 0.724878 0.564684 0.726829 0.564684 0.727805 0.563739 0.729756 0.563739 0.730732 0.562795 0.733659 0.562795 0.734634 0.561851 0.740488 0.561851 0.741463 0.560907 0.75122 0.560907 0.752195 0.559962 0.753171 0.559962 0.754146 0.559018 0.755122 0.559018 0.756098 0.558074 0.757073 0.558074 0.758049 0.557129 0.765854 0.557129 0.766829 0.556185 0.76878 0.556185 0.770732 0.554296 0.770732 0.553352 0.774634 0.549575 0.77561 0.549575 0.776585 0.548631 0.777561 0.548631 0.779512 0.546742 0.779512 0.545798 0.785366 0.540132 0.785366 0.531634 0.786341 0.530689 0.786341 0.528801 0.787317 0.527856 0.787317 0.523135 0.788293 0.522191 0.788293 0.519358
0 0.557073 0.660057 0.557073 0.661001 0.556098 0.661945 0.556098 0.665722 0.553171 0.668555 0.552195 0.668555 0.549268 0.671388 0.548293 0.671388 0.546341 0.673277 0.545366 0.673277 0.54439 0.674221 0.543415 0.674221 0.542439 0.675165 0.541463 0.675165 0.540488 0.67611 0.538537 0.67611 0.537561 0.677054 0.537561 0.677998 0.53561 0.679887 0.53561 0.680831 0.534634 0.681775 0.534634 0.68272 0.532683 0.684608 0.532683 0.685552 0.531707 0.686497 0.531707 0.688385 0.530732 0.68933 0.530732 0.691218 0.529756 0.692162 0.529756 0.693107 0.52878 0.694051 0.52878 0.694995 0.526829 0.696884 0.526829 0.697828 0.525854 0.698772 0.525854 0.699717 0.524878 0.700661 0.524878 0.701605 0.522927 0.703494 0.522927 0.704438 0.52 0.707271 0.519024 0.707271 0.517073 0.70916 0.516098 0.70916 0.510244 0.714825 0.510244 0.721435 0.51122 0.721435 0.512195 0.72238 0.516098 0.72238 0.517073 0.723324 0.525854 0.723324 0.526829 0.72238 0.527805 0.72238 0.52878 0.721435 0.529756 0.721435 0.53561 0.71577 0.536585 0.71577 0.538537 0.713881 0.538537 0.712937 0.545366 0.706327 0.545366 0.705382 0.548293 0.70255 0.548293 0.700661 0.549268 0.699717 0.549268 0.698772 0.550244 0.697828 0.550244 0.692162 0.549268 0.691218 0.549268 0.685552 0.550244 0.684608 0.550244 0.680831 0.55122 0.679887 0.55122 0.67611 0.552195 0.675165 0.552195 0.674221 0.554146 0.672332 0.555122 0.672332 0.556098 0.671388 0.558049 0.671388 0.558049 0.664778 0.557073 0.663834
1 0.740488 0.0321058 0.740488 0.0491029 0.75122 0.0491029 0.75122 0.0481586 0.752195 0.0472144 0.752195 0.0462701 0.753171 0.0453258 0.753171 0.0321058
1 0.334634 0.517469 0.330732 0.521246 0.330732 0.522191 0.329756 0.523135 0.329756 0.524079 0.328781 0.525024 0.328781 0.526912 0.327805 0.527856 0.327805 0.537299 0.339512 0.537299 0.339512 0.535411 0.340488 0.534467 0.340488 0.517469
1 0.662439 0.2644 0.662439 0.283286 0.67122 0.283286 0.672195 0.282342 0.673171 0.282342 0.674146 0.281398 0.674146 0.280453 0.675122 0.279509 0.675122 0.2644
0 0.26439 0.479698 0.263415 0.480642 0.256585 0.480642 0.25561 0.481586 0.250732 0.481586 0.249756 0.482531 0.247805 0.482531 0.245854 0.484419 0.244878 0.484419 0.243902 0.485364 0.242927 0.485364 0.241951 0.486308 0.240976 0.486308 0.24 0.487252 0.239024 0.487252 0.237073 0.489141 0.236098 0.489141 0.234146 0.491029 0.233171 0.491029 0.232195 0.491974 0.230244 0.491974 0.229268 0.492918 0.227317 0.492918 0.226341 0.493862 0.225366 0.493862 0.22439 0.494806 0.22439 0.496695 0.241951 0.496695 0.242927 0.495751 0.243902 0.495751 0.244878 0.494806 0.245854 0.494806 0.246829 0.493862 0.254634 0.493862 0.25561 0.492918 0.260488 0.492918 0.261463 0.491974 0.263415 0.491974 0.26439 0.491029 0.267317 0.491029 0.268293 0.490085 0.269268 0.490085 0.270244 0.489141 0.27122 0.489141 0.272195 0.488196 0.273171 0.488196 0.274146 0.487252 0.276098 0.487252 0.277073 0.486308 0.278049 0.486308 0.279024 0.485364 0.280976 0.485364 0.281951 0.484419 0.282927 0.484419 0.282927 0.479698
1 0.730732 0.0774315 0.730732 0.0897073 0.731707 0.0897073 0.732683 0.088763 0.736585 0.088763 0.737561 0.0878187 0.738537 0.0878187 0.740488 0.0897073 0.740488 0.0925401 0.739512 0.0934844 0.739512 0.0972616 0.741463 0.0991501 0.742439 0.0991501 0.743415 0.100094 0.755122 0.100094 0.755122 0.0830973 0.754146 0.0830973 0.75122 0.0802644 0.75122 0.0793201 0.749268 0.0774315
0 0.644878 0.166195 0.645854 0.167139 0.645854 0.168083 0.647805 0.169972 0.647805 0.170916 0.64878 0.170916 0.650732 0.172805 0.651707 0.172805 0.65561 0.176582 0.65561 0.177526 0.656585 0.17847 0.656585 0.180359 0.657561 0.181303 0.657561 0.193579 0.656585 0.194523 0.656585 0.197356 0.654634 0.199245 0.654634 0.200189 0.653659 0.201133 0.652683 0.201133 0.651707 0.202077 0.650732 0.202077 0.649756 0.203022 0.646829 0.203022 0.645854 0.203966 0.644878 0.203966 0.643902 0.20491 0.640976 0.20491 0.64 0.205855 0.638049 0.205855 0.637073 0.206799 0.636098 0.206799 0.635122 0.207743 0.634146 0.207743 0.632195 0.209632 0.63122 0.209632 0.629268 0.21152 0.628293 0.21152 0.627317 0.212465 0.626341 0.212465 0.62439 0.214353 0.62439 0.215297 0.623415 0.216242 0.623415 0.217186 0.620488 0.220019 0.620488 0.222852 0.621463 0.223796 0.621463 0.225685 0.622439 0.226629 0.623415 0.225685 0.627317 0.225685 0.628293 0.22474 0.629268 0.22474 0.634146 0.220019 0.635122 0.220019 0.636098 0.219075 0.637073 0.219075 0.639024 0.217186 0.64 0.217186 0.640976 0.216242 0.642927 0.216242 0.643902 0.215297 0.645854 0.215297 0.647805 0.213409 0.658537 0.213409 0.663415 0.21813 0.663415 0.220019 0.66439 0.220963 0.66439 0.225685 0.663415 0.226629 0.663415 0.227573 0.661463 0.229462 0.660488 0.229462 0.658537 0.23135 0.656585 0.23135 0.65561 0.232295 0.654634 0.232295 0.653659 0.233239 0.651707 0.233239 0.650732 0.234183 0.649756 0.234183 0.64878 0.235127 0.647805 0.235127 0.646829 0.236072 0.644878 0.236072 0.643902 0.237016 0.641951 0.237016 0.640976 0.23796 0.64 0.23796 0.639024 0.238905 0.638049 0.238905 0.634146 0.242682 0.633171 0.242682 0.632195 0.243626 0.63122 0.243626 0.630244 0.24457 0.629268 0.24457 0.628293 0.245515 0.626341 0.245515 0.625366 0.246459 0.62439 0.246459 0.62439 0.247403 0.621463 0.250236 0.640976 0.250236 0.642927 0.248347 0.642927 0.246459 0.643902 0.245515 0.644878 0.245515 0.645854 0.24457 0.646829 0.24457 0.647805 0.243626 0.64878 0.243626 0.649756 0.242682 0.652683 0.242682 0.653659 0.241737 0.656585 0.241737 0.657561 0.240793 0.658537 0.240793 0.659512 0.239849 0.660488 0.239849 0.66439 0.236072 0.665366 0.236072 0.667317 0.234183 0.668293 0.234183 0.669268 0.233239 0.669268 0.232295 0.67122 0.230406 0.67122 0.21152 0.668293 0.208687 0.668293 0.206799 0.667317 0.205855 0.667317 0.20491 0.666341 0.203966 0.666341 0.203022 0.665366 0.202077 0.666341 0.201133 0.666341 0.188857 0.665366 0.187913 0.665366 0.182247 0.66439 0.181303 0.66439 0.179415 0.663415 0.17847 0.663415 0.174693 0.66439 0.173749 0.66439 0.170916 0.666341 0.169027 0.667317 0.169027 0.667317 0.168083 0.669268 0.166195
1 0.952195 0.254957 0.952195 0.256846 0.953171 0.25779 0.953171 0.258735 0.952195 0.259679 0.952195 0.267233 0.960976 0.267233 0.960976 0.254957
1 0.758049 0.915014 0.758049 0.921624 0.759024 0.922568 0.764878 0.922568 0.765854 0.921624 0.765854 0.915014
0 0.847805 0.646837 0.847805 0.652502 0.845854 0.654391 0.844878 0.654391 0.842927 0.65628 0.841951 0.65628 0.840976 0.657224 0.84 0.657224 0.839024 0.658168 0.838049 0.658168 0.836098 0.660057 0.836098 0.661001 0.835122 0.661945 0.831219 0.658168 0.830244 0.658168 0.829268 0.657224 0.828293 0.657224 0.827317 0.65628 0.826341 0.65628 0.825366 0.655335 0.825366 0.671388 0.826341 0.671388 0.827317 0.672332 0.828293 0.672332 0.830244 0.670444 0.831219 0.670444 0.833171 0.668555 0.834146 0.668555 0.835122 0.667611 0.836098 0.667611 0.837073 0.668555 0.842927 0.668555 0.843902 0.667611 0.843902 0.666667 0.846829 0.663834 0.847805 0.663834 0.848781 0.66289 0.849756 0.66289 0.850732 0.661945 0.851707 0.661945 0.852683 0.661001 0.854634 0.661001 0.85561 0.660057 0.856585 0.660057 0.857561 0.659112 0.858537 0.659112 0.860488 0.657224 0.867317 0.657224 0.868293 0.658168 0.869268 0.658168 0.872195 0.661001 0.874146 0.661001 0.874146 0.660057 0.875122 0.659112 0.875122 0.653447 0.873171 0.651558 0.872195 0.651558 0.87122 0.650614 0.869268 0.650614 0.868293 0.64967 0.863415 0.64967 0.862439 0.648725 0.859512 0.648725 0.858537 0.647781 0.857561 0.647781 0.856585 0.646837
0 0 0.268178 0 0.305005 0.00585366 0.305005 0.00585366 0.303116 0.00487805 0.302172 0.00487805 0.295562 0.00585366 0.294618 0.00585366 0.292729 0.00682927 0.291785 0.00682927 0.289896 0.00780488 0.288952 0.00780488 0.288008 0.00878049 0.287063 0.00878049 0.285175 0.0097561 0.28423 0.0097561 0.283286 0.0156098 0.27762 0.017561 0.27762 0.0185366 0.276676 0.0204878 0.276676 0.0214634 0.275732 0.0243902 0.275732 0.0253659 0.274788 0.0282927 0.274788 0.0292683 0.273843 0.0312195 0.273843 0.0312195 0.268178
0 0.989268 0.579792 0.983415 0.585458 0.981463 0.585458 0.980488 0.586402 0.979512 0.586402 0.977561 0.588291 0.977561 0.589235 0.976585 0.590179 0.976585 0.593012 0.97561 0.593957 0.97561 0.601511 0.976585 0.602455 0.976585 0.608121 0.97561 0.609065 0.97561 0.612842 0.974634 0.613787 0.974634 0.616619 0.973659 0.617564 0.973659 0.623229 0.974634 0.624174 0.974634 0.625118 0.97561 0.625118 0.976585 0.626062 0.978537 0.624174 0.978537 0.623229 0.979512 0.622285 0.979512 0.621341 0.980488 0.620397 0.980488 0.618508 0.982439 0.616619 0.982439 0.615675 0.983415 0.614731 0.983415 0.613787 0.98439 0.612842 0.98439 0.610009 0.985366 0.609065 0.985366 0.604344 0.986341 0.603399 0.986341 0.599622 0.987317 0.598678 0.987317 0.596789 0.988293 0.595845 0.988293 0.594901 0.990244 0.593012 0.990244 0.592068 0.992195 0.590179 0.992195 0.589235 0.993171 0.588291 0.993171 0.579792
0 0.233171 0.922568 0.232195 0.923513 0.230244 0.923513 0.229268 0.924457 0.226341 0.924457 0.225366 0.925401 0.22439 0.925401 0.222439 0.92729 0.222439 0.939566 0.229268 0.939566 0.230244 0.938621 0.232195 0.938621 0.233171 0.937677 0.242927 0.937677 0.243902 0.936733 0.246829 0.936733 0.247805 0.935788 0.253659 0.935788 0.254634 0.934844 0.260488 0.934844 0.261463 0.9339 0.263415 0.9339 0.26439 0.932956 0.265366 0.932956 0.266341 0.932011 0.267317 0.932011 0.268293 0.931067 0.269268 0.931067 0.270244 0.930123 0.27122 0.930123 0.273171 0.928234 0.273171 0.92729 0.272195 0.92729 0.270244 0.925401 0.269268 0.925401 0.268293 0.924457 0.267317 0.924457 0.265366 0.922568
0 0.891707 0.70255 0.891707 0.71577 0.900488 0.71577 0.902439 0.713881 0.902439 0.712937 0.90439 0.711048 0.90439 0.70255
0 0.472195 0.935788 0.47122 0.936733 0.470244 0.936733 0.469268 0.937677 0.468293 0.937677 0.466341 0.939566 0.466341 0.94051 0.46439 0.942398 0.46439 0.943343 0.463415 0.944287 0.463415 0.958451 0.469268 0.958451 0.470244 0.959396 0.473171 0.959396 0.474146 0.96034 0.476098 0.96034 0.477073 0.961284 0.479024 0.961284 0.48 0.962229 0.481951 0.962229 0.482927 0.961284 0.486829 0.961284 0.48878 0.959396 0.489756 0.959396 0.491707 0.957507 0.492683 0.957507 0.493659 0.956563 0.494634 0.956563 0.49561 0.955619 0.496585 0.955619 0.497561 0.954674 0.497561 0.949953 0.496585 0.949009 0.496585 0.948064 0.49561 0.94712 0.49561 0.944287 0.494634 0.943343 0.494634 0.94051 0.493659 0.939566 0.491707 0.939566 0.490732 0.94051 0.490732 0.941454 0.489756 0.942398 0.489756 0.944287 0.48878 0.945231 0.48878 0.946176 0.486829 0.948064 0.48 0.948064 0.478049 0.946176 0.478049 0.945231 0.477073 0.944287 0.477073 0.943343 0.476098 0.942398 0.476098 0.94051 0.475122 0.939566 0.475122 0.937677 0.474146 0.936733 0.474146 0.935788
0 0.74439 0.230406 0.743415 0.23135 0.741463 0.23135 0.741463 0.239849 0.742439 0.240793 0.74439 0.240793 0.750244 0.246459 0.750244 0.249292 0.749268 0.250236 0.749268 0.25118 0.748293 0.252125 0.748293 0.253069 0.749268 0.253069 0.750244 0.254013 0.75122 0.253069 0.75122 0.245515 0.753171 0.243626 0.753171 0.242682 0.754146 0.241737 0.755122 0.241737 0.756098 0.240793 0.757073 0.240793 0.759024 0.238905 0.76 0.238905 0.760976 0.23796 0.767805 0.23796 0.76878 0.238905 0.770732 0.238905 0.771707 0.239849 0.772683 0.239849 0.773659 0.240793 0.774634 0.240793 0.77561 0.241737 0.776585 0.241737 0.777561 0.242682 0.780488 0.242682 0.781463 0.243626 0.782439 0.243626 0.783415 0.24457 0.786341 0.24457 0.787317 0.245515 0.788293 0.245515 0.789268 0.246459 0.789268 0.23796 0.787317 0.236072 0.786341 0.236072 0.78439 0.234183 0.783415 0.234183 0.782439 0.233239 0.782439 0.232295 0.781463 0.232295 0.780488 0.23135 0.779512 0.23135 0.778537 0.230406
0 0.298537 0.205855 0.301463 0.205855 0.302439 0.206799 0.303415 0.206799 0.30439 0.207743 0.30439 0.209632 0.301463 0.212465 0.300488 0.212465 0.299512 0.213409 0.298537 0.213409 0.297561 0.214353 0.29561 0.214353 0.294634 0.215297 0.298537 0.215297 0.299512 0.216242 0.301463 0.216242 0.303415 0.21813 0.30439 0.21813 0.305366 0.219075 0.305366 0.220019 0.312195 0.226629 0.312195 0.228517 0.313171 0.229462 0.313171 0.232295 0.314146 0.233239 0.314146 0.235127 0.313171 0.236072 0.313171 0.238905 0.312195 0.239849 0.312195 0.242682 0.313171 0.243626 0.313171 0.246459 0.314146 0.247403 0.320976 0.247403 0.320976 0.22474 0.32 0.223796 0.32 0.222852 0.316098 0.219075 0.316098 0.21813 0.313171 0.215297 0.313171 0.214353 0.312195 0.213409 0.312195 0.212465 0.31122 0.212465 0.308293 0.209632 0.308293 0.207743 0.307317 0.206799 0.307317 0.205855
0 0.686829 0.414542 0.685854 0.415486 0.684878 0.415486 0.683902 0.416431 0.681951 0.416431 0.680976 0.417375 0.678049 0.417375 0.677073 0.418319 0.675122 0.418319 0.674146 0.419263 0.674146 0.431539 0.675122 0.432483 0.676098 0.432483 0.678049 0.434372 0.680976 0.434372 0.681951 0.435316 0.684878 0.435316 0.685854 0.436261 0.689756 0.436261 0.690732 0.437205 0.701463 0.437205 0.702439 0.436261 0.70439 0.436261 0.705366 0.435316 0.706341 0.435316 0.707317 0.434372 0.708293 0.434372 0.710244 0.432483 0.710244 0.431539 0.714146 0.427762 0.714146 0.426818 0.713171 0.425873 0.713171 0.424929 0.710244 0.422096 0.710244 0.416431 0.711219 0.415486 0.711219 0.414542 0.700488 0.414542 0.699512 0.415486 0.698537 0.415486 0.697561 0.416431 0.696585 0.416431 0.69561 0.417375 0.690732 0.417375 0.689756 0.416431 0.68878 0.416431
1 0.625366 0.720491 0.62439 0.721435 0.62439 0.729934 0.634146 0.729934 0.634146 0.720491
0 0.823415 0.740321 0.822439 0.741265 0.821463 0.741265 0.820488 0.74221 0.820488 0.743154 0.819512 0.744098 0.819512 0.757318 0.820488 0.758263 0.820488 0.759207 0.818537 0.761095 0.817561 0.761095 0.816585 0.76204 0.816585 0.787535 0.832195 0.787535 0.832195 0.78187 0.833171 0.780925 0.833171 0.779037 0.834146 0.778093 0.834146 0.753541 0.833171 0.752597 0.833171 0.750708 0.832195 0.749764 0.832195 0.746931 0.831219 0.745987 0.831219 0.743154 0.830244 0.74221 0.830244 0.741265 0.829268 0.740321
0 0.432195 0.540132 0.43122 0.541076 0.43122 0.542965 0.430244 0.543909 0.430244 0.544854 0.429268 0.545798 0.429268 0.546742 0.425366 0.550519 0.425366 0.562795 0.426341 0.563739 0.426341 0.564684 0.427317 0.565628 0.428293 0.565628 0.433171 0.570349 0.433171 0.571294 0.436098 0.574127 0.437073 0.574127 0.439024 0.576015 0.439024 0.576959 0.441951 0.579792 0.443902 0.579792 0.444878 0.580737 0.445854 0.580737 0.447805 0.582625 0.449756 0.582625 0.450732 0.581681 0.451707 0.581681 0.451707 0.572238 0.450732 0.571294 0.449756 0.571294 0.447805 0.569405 0.446829 0.569405 0.444878 0.567517 0.443902 0.567517 0.44 0.563739 0.44 0.562795 0.438049 0.560907 0.438049 0.559962 0.437073 0.559018 0.437073 0.550519 0.438049 0.549575 0.438049 0.546742 0.439024 0.545798 0.439024 0.543909 0.44 0.542965 0.44 0.542021 0.441951 0.540132
0 0.347317 0.95373 0.346341 0.954674 0.345366 0.954674 0.345366 0.966006 0.361951 0.966006 0.362927 0.965061 0.364878 0.965061 0.365854 0.964117 0.367805 0.964117 0.369756 0.962229 0.373659 0.962229 0.373659 0.954674 0.372683 0.95373
1 0.423415 0.8678 0.423415 0.877243 0.42439 0.878187 0.425366 0.878187 0.426341 0.879131 0.429268 0.879131 0.430244 0.880076 0.434146 0.880076 0.435122 0.88102 0.436098 0.88102 0.437073 0.880076 0.444878 0.880076 0.444878 0.869688 0.441951 0.869688 0.440976 0.868744 0.44 0.868744 0.439024 0.8678
0 0.441951 0.106704 0.441951 0.109537 0.442927 0.110482 0.442927 0.11237 0.443902 0.113314 0.443902 0.115203 0.444878 0.116147 0.444878 0.117092 0.445854 0.118036 0.445854 0.11898 0.446829 0.119924 0.446829 0.120869 0.447805 0.121813 0.447805 0.12559 0.44878 0.126534 0.44878 0.128423 0.447805 0.129367 0.447805 0.131256 0.446829 0.1322 0.446829 0.142587 0.447805 0.143532 0.449756 0.143532 0.451707 0.141643 0.452683 0.141643 0.453659 0.140699 0.454634 0.140699 0.454634 0.106704
0 0.216585 0.255902 0.216585 0.273843 0.22439 0.281398 0.225366 0.281398 0.228293 0.28423 0.230244 0.28423 0.23122 0.285175 0.234146 0.285175 0.235122 0.286119 0.236098 0.286119 0.237073 0.287063 0.238049 0.287063 0.24 0.288952 0.24 0.292729 0.239024 0.293673 0.239024 0.295562 0.244878 0.295562 0.244878 0.281398 0.242927 0.279509 0.242927 0.278565 0.241951 0.27762 0.241951 0.276676 0.240976 0.275732 0.240976 0.271955 0.24 0.27101 0.24 0.263456 0.240976 0.262512 0.240976 0.260623 0.241951 0.259679 0.241951 0.258735 0.240976 0.25779 0.240976 0.255902
0 0.31122 0.307838 0.310244 0.308782 0.309268 0.308782 0.307317 0.31067 0.306341 0.31067 0.303415 0.313503 0.302439 0.313503 0.302439 0.314448 0.301463 0.315392 0.301463 0.319169 0.302439 0.320113 0.302439 0.321058 0.301463 0.322002 0.301463 0.32389 0.300488 0.324835 0.300488 0.325779 0.299512 0.326723 0.299512 0.338999 0.298537 0.339943 0.298537 0.342776 0.297561 0.34372 0.297561 0.354108 0.297561 0.353163 0.299512 0.351275 0.299512 0.350331 0.303415 0.346553 0.30439 0.346553 0.307317 0.34372 0.307317 0.342776 0.308293 0.341832 0.308293 0.328612 0.307317 0.327668 0.308293 0.326723 0.308293 0.320113 0.309268 0.319169 0.309268 0.31728 0.313171 0.313503 0.313171 0.311615 0.314146 0.31067 0.314146 0.309726 0.315122 0.308782 0.314146 0.308782 0.313171 0.307838
0 0.737561 0.550519 0.736585 0.551464 0.734634 0.551464 0.733659 0.552408 0.732683 0.552408 0.731707 0.553352 0.729756 0.553352 0.728781 0.554296 0.725854 0.554296 0.724878 0.555241 0.723902 0.555241 0.721951 0.557129 0.720976 0.557129 0.719024 0.559018 0.718049 0.559018 0.718049 0.559962 0.717073 0.560907 0.717073 0.561851 0.715122 0.563739 0.715122 0.566572 0.716098 0.567517 0.716098 0.568461 0.718049 0.570349 0.72 0.570349 0.721951 0.568461 0.722927 0.568461 0.723902 0.567517 0.724878 0.567517 0.725854 0.566572 0.726829 0.566572 0.727805 0.565628 0.729756 0.565628 0.730732 0.564684 0.733659 0.564684 0.734634 0.563739 0.738537 0.563739 0.739512 0.564684 0.742439 0.564684 0.743415 0.565628 0.74439 0.565628 0.745366 0.566572 0.747317 0.566572 0.749268 0.568461 0.750244 0.568461 0.75122 0.569405 0.752195 0.568461 0.752195 0.567517 0.755122 0.564684 0.755122 0.563739 0.757073 0.561851 0.759024 0.561851 0.76 0.560907 0.763902 0.560907 0.765854 0.562795 0.765854 0.564684 0.766829 0.565628 0.766829 0.568461 0.767805 0.569405 0.767805 0.571294 0.770732 0.574127 0.770732 0.550519
1 0.228293 0.552408 0.228293 0.553352 0.227317 0.554296 0.227317 0.556185 0.226341 0.557129 0.226341 0.559018 0.225366 0.559962 0.225366 0.561851 0.22439 0.562795 0.22439 0.565628 0.223415 0.566572 0.223415 0.569405 0.222439 0.570349 0.222439 0.573182 0.223415 0.574127 0.223415 0.578848 0.22439 0.579792 0.22439 0.582625 0.225366 0.583569 0.225366 0.585458 0.23122 0.591124 0.232195 0.591124 0.234146 0.593012 0.24 0.593012 0.240976 0.592068 0.241951 0.592068 0.242927 0.591124 0.242927 0.588291 0.243902 0.587347 0.243902 0.583569 0.242927 0.583569 0.241951 0.582625 0.240976 0.582625 0.24 0.581681 0.24 0.580737 0.238049 0.578848 0.238049 0.573182 0.239024 0.572238 0.239024 0.570349 0.240976 0.568461 0.241951 0.568461 0.244878 0.571294 0.244878 0.572238 0.245854 0.573182 0.245854 0.574127 0.246829 0.575071 0.246829 0.576015 0.247805 0.576959 0.24878 0.576959 0.24878 0.552408
0 0.360976 0.10576 0.36 0.106704 0.358049 0.106704 0.357073 0.107649 0.356098 0.107649 0.353171 0.110482 0.352195 0.110482 0.348293 0.114259 0.348293 0.115203 0.347317 0.116147 0.347317 0.117092 0.346341 0.118036 0.346341 0.123702 0.347317 0.123702 0.348293 0.122757 0.349268 0.122757 0.350244 0.121813 0.352195 0.121813 0.353171 0.120869 0.360976 0.120869 0.361951 0.121813 0.366829 0.121813 0.367805 0.122757 0.372683 0.122757 0.373659 0.123702 0.383415 0.123702 0.385366 0.121813 0.385366 0.120869 0.38439 0.119924 0.383415 0.119924 0.382439 0.11898 0.381463 0.11898 0.380488 0.118036 0.379512 0.118036 0.378537 0.117092 0.377561 0.117092 0.37561 0.115203 0.37561 0.11237 0.374634 0.111426 0.374634 0.108593 0.37561 0.107649 0.376585 0.107649 0.378537 0.10576 0.379512 0.10576
0 0.61561 0.641171 0.61561 0.642115 0.616585 0.643059 0.616585 0.644004 0.617561 0.644948 0.617561 0.652502 0.618537 0.653447 0.618537 0.657224 0.619512 0.658168 0.619512 0.659112 0.614634 0.663834 0.614634 0.664778 0.613659 0.665722 0.612683 0.665722 0.610732 0.667611 0.609756 0.667611 0.606829 0.670444 0.606829 0.671388 0.600976 0.677054 0.600976 0.679887 0.6 0.680831 0.6 0.684608 0.600976 0.685552 0.600976 0.686497 0.601951 0.687441 0.601951 0.688385 0.602927 0.68933 0.602927 0.690274 0.604878 0.692162 0.604878 0.696884 0.605854 0.697828 0.605854 0.698772 0.606829 0.699717 0.606829 0.701605 0.607805 0.70255 0.607805 0.704438 0.608781 0.705382 0.608781 0.706327 0.610732 0.708215 0.610732 0.711992 0.611707 0.712937 0.611707 0.717658 0.612683 0.718602 0.612683 0.721435 0.613659 0.72238 0.614634 0.72238 0.61561 0.723324 0.61561 0.72238 0.616585 0.721435 0.616585 0.720491 0.617561 0.719547 0.617561 0.716714 0.618537 0.71577 0.618537 0.701605 0.617561 0.700661 0.617561 0.699717 0.616585 0.698772 0.616585 0.697828 0.613659 0.694995 0.612683 0.694995 0.608781 0.691218 0.606829 0.691218 0.605854 0.690274 0.606829 0.68933 0.608781 0.68933 0.608781 0.688385 0.609756 0.687441 0.609756 0.685552 0.610732 0.684608 0.610732 0.683664 0.611707 0.68272 0.611707 0.681775 0.614634 0.678942 0.61561 0.678942 0.617561 0.677054 0.617561 0.67611 0.621463 0.672332 0.622439 0.672332 0.623415 0.671388 0.623415 0.664778 0.62439 0.663834 0.62439 0.66289 0.625366 0.661945 0.626341 0.661945 0.627317 0.661001 0.63122 0.661001 0.632195 0.660057 0.632195 0.64967 0.63122 0.64967 0.626341 0.644948 0.626341 0.643059 0.625366 0.642115 0.625366 0.641171
0 0.817561 0.761095 0.816585 0.76204 0.81561 0.76204 0.814634 0.762984 0.814634 0.799811 0.81561 0.800755 0.831219 0.800755 0.831219 0.799811 0.832195 0.798867 0.832195 0.761095
0 0.873171 0.942398 0.87122 0.944287 0.87122 0.945231 0.870244 0.946176 0.870244 0.95373 0.87122 0.954674 0.87122 0.955619 0.874146 0.958451 0.875122 0.958451 0.876098 0.959396 0.879024 0.959396 0.88 0.96034 0.886829 0.96034 0.887805 0.959396 0.887805 0.958451 0.886829 0.958451 0.884878 0.956563 0.884878 0.955619 0.882927 0.95373 0.882927 0.952786 0.889756 0.946176 0.886829 0.943343 0.876098 0.943343 0.875122 0.942398
0 0.319024 0.865911 0.318049 0.866856 0.318049 0.8678 0.317073 0.868744 0.317073 0.869688 0.316098 0.870633 0.316098 0.871577 0.315122 0.872521 0.315122 0.875354 0.314146 0.876298 0.314146 0.879131 0.315122 0.880076 0.315122 0.88102 0.316098 0.881964 0.316098 0.883853 0.317073 0.884797 0.317073 0.888574 0.318049 0.889518 0.318049 0.891407 0.317073 0.892351 0.317073 0.895184 0.316098 0.896128 0.316098 0.90085 0.315122 0.901794 0.315122 0.902738 0.316098 0.902738 0.317073 0.903683 0.318049 0.903683 0.32 0.905571 0.32 0.906516 0.321951 0.908404 0.321951 0.909348 0.322927 0.910293 0.322927 0.911237 0.330732 0.918791 0.330732 0.919736 0.331707 0.92068 0.334634 0.92068 0.336585 0.918791 0.336585 0.915014 0.33561 0.91407 0.33561 0.913126 0.334634 0.912181 0.334634 0.908404 0.333659 0.90746 0.333659 0.877243 0.332683 0.876298 0.332683 0.873466 0.331707 0.872521 0.331707 0.869688 0.332683 0.868744 0.332683 0.8678 0.334634 0.865911 0.33561 0.865911
0 0.00097561 0.727101 0.00097561 0.745043 0.00780488 0.745043 0.00780488 0.727101
0 0.642927 0.164306 0.642927 0.16525 0.643902 0.16525 0.647805 0.169027 0.647805 0.169972 0.654634 0.176582 0.654634 0.177526 0.656585 0.179415 0.656585 0.182247 0.657561 0.183192 0.657561 0.189802 0.656585 0.190746 0.656585 0.199245 0.65561 0.200189 0.65561 0.201133 0.654634 0.202077 0.654634 0.206799 0.652683 0.208687 0.64 0.208687 0.639024 0.209632 0.638049 0.209632 0.637073 0.210576 0.635122 0.210576 0.634146 0.21152 0.633171 0.21152 0.632195 0.212465 0.63122 0.212465 0.629268 0.214353 0.628293 0.214353 0.627317 0.215297 0.627317 0.222852 0.629268 0.222852 0.633171 0.219075 0.634146 0.219075 0.635122 0.21813 0.636098 0.21813 0.638049 0.216242 0.64 0.216242 0.640976 0.215297 0.642927 0.215297 0.642927 0.214353 0.643902 0.213409 0.643902 0.212465 0.646829 0.209632 0.64878 0.209632 0.649756 0.208687 0.65561 0.208687 0.656585 0.207743 0.660488 0.207743 0.662439 0.209632 0.662439 0.215297 0.663415 0.216242 0.663415 0.217186 0.66439 0.21813 0.66439 0.220019 0.665366 0.220963 0.665366 0.223796 0.66439 0.22474 0.66439 0.227573 0.658537 0.233239 0.657561 0.233239 0.656585 0.234183 0.65561 0.234183 0.649756 0.239849 0.650732 0.240793 0.656585 0.240793 0.657561 0.239849 0.659512 0.239849 0.66439 0.235127 0.665366 0.235127 0.666341 0.234183 0.666341 0.186025 0.665366 0.18508 0.665366 0.182247 0.66439 0.181303 0.66439 0.17186 0.666341 0.169972 0.666341 0.164306
1 0.934634 0.845137 0.934634 0.846081 0.933659 0.847026 0.933659 0.84797 0.932683 0.848914 0.932683 0.849858 0.931707 0.850803 0.931707 0.856468 0.932683 0.855524 0.938537 0.855524 0.939512 0.85458 0.940488 0.85458 0.942439 0.852691 0.942439 0.845137
1 0.300488 0.0169972 0.299512 0.0179415 0.294634 0.0179415 0.293659 0.0188857 0.292683 0.0188857 0.292683 0.0321058 0.296585 0.0321058 0.297561 0.03305 0.300488 0.03305 0.301463 0.0339943 0.303415 0.0339943 0.30439 0.0349386 0.308293 0.0349386 0.309268 0.0358829 0.312195 0.0358829 0.313171 0.0349386 0.314146 0.0349386 0.316098 0.03305 0.316098 0.0321058 0.317073 0.0311615 0.317073 0.0226629 0.316098 0.0217186 0.316098 0.01983 0.315122 0.0188857 0.315122 0.0169972
0 0.649756 0.302172 0.650732 0.303116 0.650732 0.305005 0.651707 0.305949 0.651707 0.309726 0.652683 0.31067 0.652683 0.312559 0.653659 0.313503 0.653659 0.314448 0.65561 0.316336 0.65561 0.31728 0.656585 0.318225 0.656585 0.319169 0.657561 0.320113 0.657561 0.321058 0.658537 0.322002 0.657561 0.322946 0.657561 0.327668 0.653659 0.331445 0.647805 0.331445 0.646829 0.3305 0.644878 0.3305 0.642927 0.328612 0.641951 0.328612 0.640976 0.327668 0.638049 0.327668 0.637073 0.326723 0.635122 0.326723 0.63122 0.3305 0.630244 0.3305 0.628293 0.332389 0.628293 0.335222 0.634146 0.340888 0.642927 0.340888 0.643902 0.341832 0.647805 0.341832 0.64878 0.342776 0.65561 0.342776 0.657561 0.340888 0.658537 0.340888 0.661463 0.338055 0.661463 0.33711 0.663415 0.335222 0.663415 0.334278 0.667317 0.3305 0.667317 0.329556 0.669268 0.327668 0.669268 0.315392 0.668293 0.314448 0.668293 0.312559 0.667317 0.311615 0.667317 0.308782 0.666341 0.307838 0.666341 0.306893 0.665366 0.305949 0.665366 0.30406 0.66439 0.303116 0.66439 0.302172
0 0.40878 0.159585 0.40878 0.160529 0.406829 0.162417 0.405854 0.162417 0.404878 0.163362 0.402927 0.163362 0.400976 0.16525 0.4 0.16525 0.4 0.166195 0.399024 0.167139 0.398049 0.167139 0.396098 0.169027 0.395122 0.169027 0.394146 0.169972 0.394146 0.173749 0.395122 0.174693 0.401951 0.174693 0.402927 0.173749 0.403902 0.173749 0.405854 0.17186 0.406829 0.17186 0.406829 0.170916 0.409756 0.168083 0.410732 0.168083 0.410732 0.159585
1 0.800976 0.666667 0.800976 0.68272 0.811707 0.68272 0.812683 0.681775 0.813659 0.681775 0.814634 0.680831 0.814634 0.666667
1 0.442927 0.898017 0.442927 0.90746 0.449756 0.90746 0.451707 0.909348 0.450732 0.910293 0.449756 0.910293 0.44878 0.911237 0.44878 0.912181 0.447805 0.913126 0.446829 0.913126 0.444878 0.915014 0.444878 0.915958 0.456585 0.915958 0.456585 0.910293 0.45561 0.909348 0.45561 0.908404 0.456585 0.90746 0.456585 0.898017
0 0.00195122 0.442871 0.00195122 0.478754 0.00292683 0.478754 0.00487805 0.480642 0.0253659 0.480642 0.0263415 0.479698 0.0263415 0.478754 0.0282927 0.476865 0.0282927 0.468366 0.0273171 0.467422 0.0273171 0.465534 0.0243902 0.462701 0.0243902 0.461756 0.0214634 0.458924 0.0214634 0.457979 0.017561 0.454202 0.017561 0.453258 0.0165854 0.452314 0.0165854 0.451369 0.0136585 0.448536 0.0126829 0.448536 0.0117073 0.447592 0.0107317 0.447592 0.0097561 0.446648 0.00878049 0.446648 0.00780488 0.445704 0.00682927 0.445704 0.00585366 0.444759 0.00487805 0.444759 0.00292683 0.442871
1 0.881951 0.941454 0.880976 0.942398 0.880976 0.961284 0.884878 0.961284 0.885854 0.962229 0.887805 0.962229 0.88878 0.961284 0.889756 0.961284 0.890732 0.96034 0.892683 0.96034 0.894634 0.958451 0.894634 0.954674 0.89561 0.95373 0.89561 0.952786 0.897561 0.950897 0.897561 0.949953 0.898537 0.949009 0.898537 0.948064 0.899512 0.94712 0.900488 0.948064 0.900488 0.949009 0.901463 0.949953 0.901463 0.950897 0.902439 0.951841 0.902439 0.95373 0.902439 0.941454
0 0.473171 0.753541 0.473171 0.754485 0.472195 0.75543 0.472195 0.756374 0.469268 0.759207 0.468293 0.759207 0.467317 0.760151 0.466341 0.760151 0.465366 0.759207 0.462439 0.759207 0.461463 0.758263 0.458537 0.758263 0.457561 0.757318 0.456585 0.757318 0.456585 0.772427 0.460488 0.76865 0.461463 0.769594 0.461463 0.771483 0.463415 0.773371 0.479024 0.773371 0.479024 0.753541
1 0.205854 0.129367 0.205854 0.143532 0.206829 0.144476 0.211707 0.144476 0.212683 0.143532 0.213659 0.143532 0.214634 0.142587 0.216585 0.142587 0.218537 0.140699 0.218537 0.129367
0 0.349268 0.11237 0.347317 0.114259 0.347317 0.115203 0.345366 0.117092 0.345366 0.126534 0.346341 0.12559 0.347317 0.12559 0.349268 0.123702 0.350244 0.123702 0.35122 0.122757 0.355122 0.122757 0.356098 0.121813 0.364878 0.121813 0.365854 0.122757 0.367805 0.122757 0.367805 0.11237
0 0.614634 0.501416 0.614634 0.502361 0.616585 0.502361 0.617561 0.503305 0.619512 0.503305 0.620488 0.504249 0.621463 0.504249 0.62439 0.507082 0.62439 0.508026 0.625366 0.508971 0.625366 0.518414 0.622439 0.521246 0.622439 0.522191 0.621463 0.523135 0.621463 0.525024 0.620488 0.525968 0.620488 0.527856 0.619512 0.528801 0.619512 0.530689 0.628293 0.530689 0.628293 0.501416
0 0.432195 0.456091 0.43122 0.457035 0.429268 0.457035 0.428293 0.457979 0.426341 0.457979 0.425366 0.458924 0.42439 0.458924 0.419512 0.463645 0.419512 0.465534 0.418537 0.466478 0.418537 0.469311 0.417561 0.470255 0.417561 0.471199 0.41561 0.473088 0.41561 0.474032 0.413659 0.475921 0.413659 0.476865 0.412683 0.477809 0.412683 0.478754 0.409756 0.481586 0.40878 0.481586 0.406829 0.483475 0.405854 0.483475 0.405854 0.491974 0.422439 0.491974 0.42439 0.490085 0.425366 0.490085 0.425366 0.489141 0.43122 0.483475 0.432195 0.483475
0 0.285854 0.640227 0.283902 0.642115 0.281951 0.642115 0.280976 0.643059 0.279024 0.643059 0.278049 0.644004 0.277073 0.644004 0.275122 0.645892 0.276098 0.646837 0.28 0.646837 0.280976 0.647781 0.286829 0.647781 0.287805 0.648725 0.28878 0.648725 0.29561 0.655335 0.29561 0.65628 0.296585 0.657224 0.296585 0.659112 0.298537 0.661001 0.298537 0.661945 0.299512 0.66289 0.299512 0.664778 0.300488 0.665722 0.301463 0.665722 0.307317 0.671388 0.312195 0.671388 0.314146 0.6695 0.314146 0.668555 0.315122 0.667611 0.315122 0.665722 0.316098 0.664778 0.316098 0.657224 0.315122 0.65628 0.315122 0.654391 0.314146 0.653447 0.314146 0.652502 0.312195 0.650614 0.312195 0.64967 0.31122 0.64967 0.306341 0.644948 0.299512 0.644948 0.298537 0.644004 0.296585 0.644004 0.29561 0.643059 0.294634 0.643059 0.293659 0.642115 0.292683 0.642115 0.291707 0.641171 0.28878 0.641171 0.287805 0.640227
0 0.388293 0.0840416 0.388293 0.0849858 0.38439 0.088763 0.38439 0.0897073 0.383415 0.0906516 0.382439 0.0906516 0.381463 0.0915958 0.380488 0.0915958 0.377561 0.0944287 0.37561 0.0944287 0.374634 0.095373 0.371707 0.095373 0.370732 0.0963173 0.36878 0.0963173 0.367805 0.095373 0.365854 0.095373 0.363902 0.0934844 0.363902 0.0972616 0.364878 0.0982059 0.364878 0.0991501 0.365854 0.100094 0.365854 0.103872 0.364878 0.104816 0.364878 0.10576 0.360976 0.109537 0.36 0.109537 0.359024 0.110482 0.358049 0.110482 0.356098 0.11237 0.355122 0.11237 0.354146 0.113314 0.352195 0.113314 0.350244 0.115203 0.350244 0.118036 0.35122 0.11898 0.352195 0.118036 0.359024 0.118036 0.36 0.11898 0.360976 0.11898 0.361951 0.119924 0.362927 0.119924 0.363902 0.120869 0.365854 0.120869 0.366829 0.121813 0.369756 0.121813 0.370732 0.122757 0.372683 0.122757 0.373659 0.123702 0.37561 0.123702 0.376585 0.124646 0.383415 0.124646 0.386341 0.121813 0.385366 0.120869 0.385366 0.119924 0.383415 0.118036 0.382439 0.118036 0.379512 0.115203 0.379512 0.109537 0.383415 0.10576 0.385366 0.10576 0.390244 0.101039 0.392195 0.101039 0.393171 0.100094 0.395122 0.100094 0.397073 0.0982059 0.397073 0.0972616 0.398049 0.0963173 0.398049 0.0934844 0.399024 0.0925401 0.399024 0.0897073 0.4 0.088763 0.4 0.0878187 0.400976 0.0868744 0.400976 0.0859301 0.401951 0.0849858 0.401951 0.0840416
1 0.112195 0.928234 0.112195 0.938621 0.113171 0.939566 0.115122 0.939566 0.116098 0.94051 0.12 0.94051 0.120976 0.941454 0.125854 0.941454 0.126829 0.942398 0.127805 0.942398 0.12878 0.943343 0.130732 0.943343 0.130732 0.928234
1 0.764878 0.354108 0.763902 0.355052 0.762927 0.355052 0.761951 0.355996 0.761951 0.362606 0.762927 0.363551 0.763902 0.363551 0.764878 0.362606 0.770732 0.362606 0.771707 0.361662 0.772683 0.361662 0.773659 0.360718 0.773659 0.354108
0 0.0780488 0.694051 0.0770732 0.694995 0.0770732 0.696884 0.0760976 0.697828 0.075122 0.697828 0.0663415 0.706327 0.0663415 0.707271 0.0634146 0.710104 0.0634146 0.711048 0.062439 0.711992 0.0614634 0.711992 0.057561 0.71577 0.057561 0.716714 0.0517073 0.72238 0.0517073 0.724268 0.0507317 0.725212 0.0507317 0.728045 0.0497561 0.72899 0.0497561 0.729934 0.0478049 0.731822 0.0478049 0.732767 0.0468293 0.733711 0.0468293 0.734655 0.0478049 0.7356 0.0478049 0.736544 0.0507317 0.733711 0.0517073 0.733711 0.0526829 0.732767 0.0536585 0.732767 0.0546341 0.731822 0.0546341 0.730878 0.0565854 0.72899 0.0565854 0.728045 0.0595122 0.725212 0.0604878 0.725212 0.0692683 0.716714 0.0702439 0.716714 0.0780488 0.70916 0.0790244 0.70916 0.0819512 0.706327 0.0829268 0.706327 0.084878 0.704438 0.0858537 0.704438 0.0868293 0.703494 0.0878049 0.703494 0.0887805 0.70255 0.0897561 0.70255 0.0926829 0.699717 0.0936585 0.699717 0.0936585 0.694051
0 0.154146 0.703494 0.153171 0.704438 0.152195 0.704438 0.15122 0.705382 0.150244 0.705382 0.149268 0.706327 0.149268 0.725212 0.150244 0.726157 0.15122 0.726157 0.152195 0.727101 0.154146 0.727101 0.155122 0.728045 0.157073 0.728045 0.158049 0.72899 0.165854 0.72899 0.166829 0.728045 0.16878 0.728045 0.169756 0.727101 0.170732 0.727101 0.171707 0.726157 0.171707 0.707271 0.169756 0.705382 0.16878 0.705382 0.166829 0.703494
1 0.647805 0.0396601 0.647805 0.0519358 0.662439 0.0519358 0.663415 0.0509915 0.66439 0.0509915 0.667317 0.0481586 0.667317 0.0396601
0 0.463415 0.94712 0.463415 0.958451 0.465366 0.958451 0.466341 0.959396 0.469268 0.959396 0.470244 0.96034 0.474146 0.96034 0.475122 0.961284 0.478049 0.961284 0.479024 0.962229 0.482927 0.962229 0.483902 0.961284 0.487805 0.961284 0.48878 0.96034 0.489756 0.96034 0.490732 0.959396 0.491707 0.959396 0.492683 0.958451 0.493659 0.958451 0.494634 0.957507 0.496585 0.957507 0.497561 0.956563 0.497561 0.949009 0.49561 0.94712 0.489756 0.94712 0.48878 0.948064 0.487805 0.948064 0.486829 0.949009 0.48 0.949009 0.478049 0.94712
0 0.422439 0.462701 0.420488 0.464589 0.420488 0.465534 0.419512 0.466478 0.419512 0.467422 0.418537 0.468366 0.418537 0.469311 0.417561 0.470255 0.417561 0.471199 0.416585 0.472144 0.416585 0.473088 0.413659 0.475921 0.413659 0.477809 0.407805 0.483475 0.406829 0.483475 0.401951 0.488196 0.401951 0.492918 0.420488 0.492918 0.421463 0.491974 0.422439 0.491974 0.423415 0.491029 0.42439 0.491029 0.425366 0.490085 0.426341 0.490085 0.426341 0.489141 0.427317 0.488196 0.428293 0.488196 0.428293 0.462701
0 0.902439 0.00661001 0.902439 0.01322 0.901463 0.0141643 0.901463 0.0160529 0.896585 0.0207743 0.896585 0.0292729 0.897561 0.0302172 0.897561 0.0311615 0.898537 0.0321058 0.898537 0.03305 0.899512 0.0339943 0.899512 0.0358829 0.900488 0.0368272 0.901463 0.0368272 0.902439 0.0377715 0.903415 0.0377715 0.90439 0.0387158 0.906341 0.0387158 0.908293 0.0368272 0.908293 0.0358829 0.909268 0.0349386 0.909268 0.0339943 0.91122 0.0321058 0.91122 0.0311615 0.912195 0.0302172 0.912195 0.0292729 0.913171 0.0283286 0.913171 0.00661001
0 0.269268 0.477809 0.268293 0.478754 0.267317 0.478754 0.266341 0.479698 0.260488 0.479698 0.259512 0.480642 0.25561 0.480642 0.254634 0.481586 0.24878 0.481586 0.247805 0.482531 0.246829 0.482531 0.244878 0.484419 0.243902 0.484419 0.242927 0.485364 0.240976 0.485364 0.24 0.486308 0.239024 0.486308 0.237073 0.488196 0.236098 0.488196 0.235122 0.489141 0.234146 0.489141 0.232195 0.491029 0.23122 0.491029 0.230244 0.491974 0.228293 0.491974 0.227317 0.492918 0.226341 0.492918 0.225366 0.493862 0.22439 0.493862 0.222439 0.495751 0.221463 0.495751 0.220488 0.496695 0.219512 0.496695 0.217561 0.498584 0.216585 0.498584 0.21561 0.499528 0.21561 0.512748 0.216585 0.511804 0.217561 0.511804 0.218537 0.510859 0.220488 0.510859 0.221463 0.509915 0.222439 0.509915 0.228293 0.504249 0.229268 0.504249 0.232195 0.501416 0.233171 0.501416 0.234146 0.500472 0.235122 0.500472 0.236098 0.499528 0.237073 0.499528 0.238049 0.498584 0.239024 0.498584 0.24 0.497639 0.240976 0.497639 0.241951 0.496695 0.242927 0.496695 0.243902 0.495751 0.244878 0.495751 0.245854 0.494806 0.247805 0.494806 0.24878 0.493862 0.253659 0.493862 0.254634 0.492918 0.260488 0.492918 0.261463 0.491974 0.26439 0.491974 0.265366 0.491029 0.267317 0.491029 0.268293 0.490085 0.270244 0.490085 0.27122 0.489141 0.272195 0.489141 0.273171 0.488196 0.274146 0.488196 0.275122 0.487252 0.276098 0.487252 0.277073 0.486308 0.279024 0.486308 0.28 0.485364 0.280976 0.485364 0.281951 0.484419 0.283902 0.484419 0.284878 0.483475 0.284878 0.477809
0 0.802927 0.259679 0.8 0.262512 0.799024 0.262512 0.798049 0.263456 0.797073 0.263456 0.796098 0.2644 0.794146 0.2644 0.793171 0.265345 0.792195 0.265345 0.790244 0.267233 0.790244 0.268178 0.788293 0.270066 0.787317 0.270066 0.786341 0.27101 0.783415 0.27101 0.783415 0.271955 0.782439 0.272899 0.782439 0.275732 0.781463 0.276676 0.781463 0.278565 0.780488 0.279509 0.780488 0.280453 0.779512 0.281398 0.779512 0.282342 0.778537 0.283286 0.778537 0.28423 0.777561 0.285175 0.777561 0.286119 0.793171 0.286119 0.794146 0.285175 0.796098 0.285175 0.797073 0.28423 0.798049 0.28423 0.799024 0.283286 0.8 0.283286 0.800976 0.282342 0.801951 0.282342 0.802927 0.281398 0.804878 0.281398 0.805854 0.280453 0.807805 0.280453 0.80878 0.279509 0.810732 0.279509 0.811707 0.278565 0.812683 0.278565 0.812683 0.262512 0.811707 0.261568 0.810732 0.261568 0.80878 0.259679
0 0.629268 0.888574 0.629268 0.89424 0.630244 0.895184 0.630244 0.896128 0.63122 0.897073 0.63122 0.898961 0.632195 0.899906 0.632195 0.901794 0.634146 0.903683 0.634146 0.904627 0.636098 0.906516 0.636098 0.908404 0.637073 0.909348 0.637073 0.922568 0.635122 0.924457 0.635122 0.925401 0.632195 0.928234 0.632195 0.931067 0.63122 0.932011 0.63122 0.932956 0.630244 0.9339 0.63122 0.934844 0.632195 0.934844 0.633171 0.935788 0.636098 0.935788 0.637073 0.934844 0.639024 0.934844 0.64 0.9339 0.640976 0.9339 0.642927 0.932011 0.642927 0.931067 0.643902 0.930123 0.643902 0.892351 0.642927 0.891407 0.642927 0.890463 0.640976 0.890463 0.64 0.889518 0.639024 0.889518 0.638049 0.888574
1 0.252683 0.18508 0.253659 0.186025 0.253659 0.189802 0.254634 0.190746 0.254634 0.199245 0.253659 0.200189 0.253659 0.203966 0.254634 0.20491 0.254634 0.208687 0.256585 0.210576 0.257561 0.210576 0.258537 0.21152 0.262439 0.21152 0.263415 0.210576 0.26439 0.210576 0.265366 0.209632 0.266341 0.209632 0.267317 0.208687 0.267317 0.195467 0.266341 0.194523 0.266341 0.193579 0.265366 0.192635 0.265366 0.19169 0.26439 0.190746 0.26439 0.186969 0.263415 0.186025 0.263415 0.18508
0 0.371707 0.376771 0.371707 0.378659 0.372683 0.379603 0.372683 0.384325 0.373659 0.385269 0.373659 0.390935 0.372683 0.391879 0.372683 0.393768 0.371707 0.394712 0.371707 0.395656 0.366829 0.400378 0.364878 0.400378 0.363902 0.401322 0.363902 0.406988 0.365854 0.408876 0.367805 0.408876 0.36878 0.409821 0.370732 0.409821 0.377561 0.416431 0.378537 0.416431 0.38439 0.422096 0.385366 0.422096 0.388293 0.424929 0.390244 0.424929 0.390244 0.410765 0.389268 0.410765 0.386341 0.407932 0.386341 0.406988 0.385366 0.406043 0.385366 0.403211 0.38439 0.402266 0.385366 0.401322 0.385366 0.397545 0.386341 0.396601 0.386341 0.395656 0.385366 0.394712 0.385366 0.389046 0.38439 0.388102 0.38439 0.383381 0.383415 0.382436 0.383415 0.379603 0.382439 0.378659 0.382439 0.377715 0.381463 0.376771
0 0.908293 0.429651 0.907317 0.430595 0.905366 0.430595 0.903415 0.432483 0.903415 0.433428 0.902439 0.434372 0.902439 0.436261 0.901463 0.437205 0.901463 0.444759 0.902439 0.445704 0.902439 0.446648 0.905366 0.449481 0.906341 0.449481 0.907317 0.450425 0.909268 0.450425 0.910244 0.451369 0.917073 0.451369 0.918049 0.450425 0.919024 0.450425 0.919024 0.449481 0.920976 0.447592 0.920976 0.446648 0.921951 0.445704 0.921951 0.438149 0.920976 0.437205 0.920976 0.435316 0.92 0.434372 0.92 0.431539 0.919024 0.430595 0.919024 0.429651
1 0.849756 0.904627 0.849756 0.92068 0.858537 0.92068 0.858537 0.915958 0.859512 0.915014 0.859512 0.913126 0.862439 0.910293 0.862439 0.904627
0 0.818537 0.460812 0.817561 0.461756 0.816585 0.461756 0.81561 0.462701 0.814634 0.462701 0.811707 0.465534 0.811707 0.468366 0.810732 0.469311 0.810732 0.471199 0.80878 0.473088 0.80878 0.474032 0.804878 0.477809 0.804878 0.479698 0.801951 0.482531 0.800976 0.482531 0.8 0.483475 0.799024 0.483475 0.798049 0.484419 0.796098 0.484419 0.795122 0.485364 0.794146 0.485364 0.792195 0.487252 0.79122 0.487252 0.789268 0.489141 0.789268 0.490085 0.78439 0.494806 0.783415 0.494806 0.782439 0.495751 0.782439 0.496695 0.780488 0.498584 0.780488 0.539188 0.787317 0.539188 0.787317 0.538244 0.786341 0.537299 0.786341 0.533522 0.787317 0.532578 0.787317 0.531634 0.790244 0.528801 0.790244 0.525968 0.79122 0.525024 0.79122 0.521246 0.790244 0.520302 0.790244 0.517469 0.789268 0.516525 0.789268 0.508971 0.797073 0.501416 0.798049 0.501416 0.8 0.499528 0.801951 0.499528 0.811707 0.490085 0.812683 0.490085 0.814634 0.488196 0.81561 0.488196 0.81561 0.487252 0.819512 0.483475 0.819512 0.482531 0.820488 0.481586 0.820488 0.480642 0.822439 0.478754 0.822439 0.471199 0.833171 0.460812
0 0.640976 0.482531 0.64 0.483475 0.639024 0.483475 0.638049 0.484419 0.638049 0.485364 0.637073 0.486308 0.637073 0.492918 0.638049 0.493862 0.638049 0.496695 0.639024 0.497639 0.639024 0.499528 0.64 0.500472 0.64 0.501416 0.642927 0.504249 0.643902 0.504249 0.644878 0.505194 0.645854 0.505194 0.646829 0.506138 0.64878 0.506138 0.649756 0.507082 0.652683 0.507082 0.654634 0.508971 0.654634 0.509915 0.653659 0.510859 0.653659 0.511804 0.656585 0.511804 0.658537 0.509915 0.660488 0.509915 0.665366 0.505194 0.667317 0.505194 0.667317 0.489141 0.661463 0.483475 0.661463 0.482531
1 0.583415 0.950897 0.582439 0.951841 0.578537 0.951841 0.577561 0.952786 0.57561 0.952786 0.574634 0.95373 0.572683 0.95373 0.571707 0.954674 0.571707 0.963173 0.583415 0.963173 0.58439 0.962229 0.587317 0.962229 0.588293 0.961284 0.591219 0.961284 0.592195 0.96034 0.592195 0.950897
0 0.352195 0.11898 0.352195 0.123702 0.353171 0.123702 0.356098 0.120869 0.357073 0.120869 0.358049 0.119924 0.359024 0.119924 0.36 0.120869 0.363902 0.120869 0.364878 0.121813 0.36878 0.121813 0.369756 0.122757 0.371707 0.122757 0.372683 0.123702 0.373659 0.123702 0.376585 0.126534 0.376585 0.129367 0.37561 0.130312 0.37561 0.1322 0.374634 0.133144 0.374634 0.134089 0.372683 0.135977 0.371707 0.135977 0.370732 0.136922 0.369756 0.136922 0.367805 0.13881 0.366829 0.13881 0.364878 0.140699 0.364878 0.141643 0.363902 0.142587 0.363902 0.143532 0.362927 0.144476 0.362927 0.14542 0.360976 0.147309 0.360976 0.148253 0.357073 0.15203 0.357073 0.152975 0.356098 0.153919 0.356098 0.154863 0.355122 0.155807 0.355122 0.157696 0.354146 0.15864 0.354146 0.161473 0.353171 0.162417 0.353171 0.163362 0.352195 0.164306 0.352195 0.168083 0.353171 0.169027 0.353171 0.17186 0.354146 0.172805 0.354146 0.173749 0.355122 0.173749 0.356098 0.174693 0.363902 0.174693 0.364878 0.173749 0.365854 0.173749 0.367805 0.17186 0.36878 0.17186 0.369756 0.170916 0.369756 0.169972 0.370732 0.169027 0.370732 0.161473 0.371707 0.160529 0.371707 0.156752 0.372683 0.155807 0.372683 0.153919 0.373659 0.152975 0.373659 0.15203 0.374634 0.151086 0.374634 0.149197 0.376585 0.147309 0.376585 0.146364 0.377561 0.14542 0.377561 0.143532 0.378537 0.142587 0.378537 0.11898
0 0.195122 0.767705 0.194146 0.76865 0.194146 0.778093 0.195122 0.779037 0.195122 0.78187 0.196098 0.782814 0.202927 0.782814 0.203902 0.78187 0.204878 0.78187 0.205854 0.780925 0.205854 0.767705
0 0.646829 0.448536 0.646829 0.474976 0.647805 0.475921 0.647805 0.477809 0.64878 0.478754 0.64878 0.479698 0.649756 0.480642 0.649756 0.481586 0.650732 0.482531 0.650732 0.483475 0.653659 0.486308 0.654634 0.486308 0.656585 0.488196 0.656585 0.489141 0.657561 0.490085 0.657561 0.491029 0.659512 0.492918 0.659512 0.479698 0.657561 0.477809 0.657561 0.474976 0.656585 0.474032 0.656585 0.468366 0.657561 0.467422 0.657561 0.461756 0.658537 0.460812 0.658537 0.455146 0.657561 0.454202 0.657561 0.452314 0.656585 0.451369 0.656585 0.450425 0.654634 0.448536
1 0.721951 0.471199 0.721951 0.480642 0.722927 0.480642 0.723902 0.481586 0.728781 0.481586 0.729756 0.480642 0.733659 0.480642 0.734634 0.479698 0.736585 0.479698 0.737561 0.478754 0.739512 0.478754 0.739512 0.471199
0 0.899512 0.793201 0.898537 0.794145 0.898537 0.796034 0.892683 0.8017 0.890732 0.8017 0.890732 0.819641 0.92 0.819641 0.920976 0.818697 0.920976 0.817753 0.924878 0.813975 0.924878 0.800755 0.923902 0.800755 0.918049 0.79509 0.916098 0.79509 0.915122 0.794145 0.913171 0.794145 0.912195 0.793201
0 0.637073 0.483475 0.637073 0.486308 0.636098 0.487252 0.636098 0.492918 0.637073 0.493862 0.637073 0.495751 0.638049 0.496695 0.638049 0.497639 0.642927 0.502361 0.643902 0.502361 0.644878 0.503305 0.645854 0.503305 0.647805 0.505194 0.64878 0.505194 0.649756 0.506138 0.650732 0.506138 0.653659 0.508971 0.652683 0.509915 0.652683 0.513692 0.651707 0.514636 0.651707 0.516525 0.656585 0.516525 0.656585 0.515581 0.657561 0.514636 0.657561 0.513692 0.665366 0.506138 0.665366 0.488196 0.662439 0.485364 0.662439 0.484419 0.661463 0.483475
0 0.13561 0.0736544 0.13561 0.0934844 0.136585 0.0944287 0.137561 0.0944287 0.139512 0.0963173 0.140488 0.0963173 0.142439 0.0982059 0.143415 0.0982059 0.14439 0.0991501 0.147317 0.0991501 0.148293 0.100094 0.149268 0.100094 0.150244 0.101039 0.153171 0.101039 0.154146 0.100094 0.157073 0.100094 0.160976 0.0963173 0.160976 0.0934844 0.16 0.0925401 0.16 0.0915958 0.158049 0.0915958 0.157073 0.0906516 0.157073 0.0878187 0.161951 0.0830973 0.162927 0.0830973 0.163902 0.082153 0.167805 0.082153 0.16878 0.0830973 0.170732 0.0830973 0.171707 0.0840416 0.172683 0.0840416 0.172683 0.0736544 0.16878 0.0736544 0.167805 0.0745987 0.166829 0.0745987 0.165854 0.075543 0.164878 0.075543 0.163902 0.0764873 0.161951 0.0745987 0.160976 0.0745987 0.16 0.0736544
0 0.440976 0.941454 0.439024 0.943343 0.438049 0.943343 0.437073 0.944287 0.435122 0.944287 0.434146 0.945231 0.433171 0.945231 0.432195 0.946176 0.432195 0.94712 0.43122 0.948064 0.43122 0.949009 0.430244 0.949953 0.430244 0.965061 0.439024 0.965061 0.439024 0.959396 0.44 0.958451 0.44 0.957507 0.444878 0.952786 0.444878 0.94712 0.443902 0.946176 0.443902 0.944287 0.442927 0.943343 0.442927 0.942398 0.441951 0.941454
0 0.0692683 0.0830973 0.0692683 0.118036 0.0712195 0.118036 0.0721951 0.11898 0.0770732 0.11898 0.0780488 0.118036 0.08 0.118036 0.0829268 0.115203 0.0809756 0.113314 0.0809756 0.11237 0.08 0.111426 0.0790244 0.111426 0.0780488 0.110482 0.0770732 0.110482 0.0760976 0.109537 0.075122 0.109537 0.0721951 0.106704 0.0721951 0.10576 0.0702439 0.103872 0.0702439 0.100094 0.0721951 0.0982059 0.0731707 0.0982059 0.0770732 0.0944287 0.0780488 0.0944287 0.0790244 0.0934844 0.0809756 0.0934844 0.0819512 0.0944287 0.0839024 0.0944287 0.084878 0.095373 0.0868293 0.095373 0.0878049 0.0963173 0.0878049 0.0972616 0.0897561 0.0991501 0.0897561 0.100094 0.0926829 0.102927 0.0926829 0.106704 0.0936585 0.107649 0.0936585 0.110482 0.0946341 0.111426 0.0946341 0.114259 0.097561 0.117092 0.097561 0.0944287 0.0965854 0.0934844 0.0965854 0.0925401 0.0946341 0.0906516 0.0946341 0.0897073 0.0926829 0.0878187 0.0917073 0.0878187 0.0878049 0.0840416 0.0878049 0.0830973
0 0 0.661001 0 0.67611 0.00292683 0.67611 0.00585366 0.678942 0.00682927 0.678942 0.00878049 0.680831 0.0117073 0.680831 0.0126829 0.681775 0.0126829 0.663834 0.0117073 0.66289 0.0117073 0.661945 0.0107317 0.661001
0 0.914146 0.713881 0.915122 0.713881 0.916098 0.714825 0.919024 0.714825 0.920976 0.716714 0.921951 0.716714 0.922927 0.717658 0.923902 0.717658 0.924878 0.718602 0.925854 0.718602 0.926829 0.719547 0.927805 0.719547 0.929756 0.721435 0.929756 0.72238 0.930732 0.723324 0.930732 0.726157 0.931707 0.727101 0.931707 0.72899 0.930732 0.729934 0.930732 0.731822 0.929756 0.732767 0.929756 0.7356 0.930732 0.736544 0.932683 0.736544 0.933659 0.7356 0.934634 0.7356 0.93561 0.734655 0.93561 0.714825 0.934634 0.713881
1 0.683902 0.0547686 0.683902 0.0557129 0.682927 0.0566572 0.682927 0.0679887 0.683902 0.0679887 0.684878 0.068933 0.693659 0.068933 0.69561 0.0670444 0.69561 0.0547686
0 0.330732 0.523135 0.330732 0.524079 0.328781 0.525968 0.328781 0.527856 0.327805 0.528801 0.327805 0.531634 0.326829 0.532578 0.326829 0.535411 0.327805 0.536355 0.327805 0.537299 0.329756 0.539188 0.329756 0.541076 0.328781 0.542021 0.328781 0.542965 0.327805 0.543909 0.327805 0.548631 0.328781 0.549575 0.328781 0.551464 0.339512 0.551464 0.339512 0.550519 0.338537 0.551464 0.336585 0.549575 0.336585 0.545798 0.33561 0.544854 0.33561 0.540132 0.336585 0.539188 0.337561 0.539188 0.338537 0.538244 0.338537 0.537299 0.339512 0.536355 0.339512 0.523135
0 0.233171 0.0226629 0.230244 0.0254958 0.230244 0.0273843 0.229268 0.0283286 0.229268 0.0292729 0.227317 0.0311615 0.227317 0.0321058 0.225366 0.0339943 0.225366 0.0349386 0.22439 0.0358829 0.22439 0.0491029 0.226341 0.0509915 0.227317 0.0509915 0.228293 0.0519358 0.229268 0.0519358 0.230244 0.0528801 0.23122 0.0528801 0.232195 0.0538244 0.237073 0.0538244 0.238049 0.0528801 0.238049 0.0519358 0.239024 0.0509915 0.239024 0.0481586 0.24 0.0472144 0.24 0.0415486 0.239024 0.0406043 0.24 0.0396601 0.24 0.0226629
1 0.748293 0.899906 0.748293 0.915958 0.753171 0.915958 0.754146 0.915014 0.755122 0.915014 0.756098 0.91407 0.76 0.91407 0.760976 0.915014 0.761951 0.915014 0.762927 0.915958 0.763902 0.915958 0.763902 0.915014 0.765854 0.913126 0.765854 0.912181 0.766829 0.911237 0.766829 0.90085 0.765854 0.899906
0 0.680976 0.424929 0.680976 0.435316 0.683902 0.435316 0.684878 0.436261 0.687805 0.436261 0.68878 0.437205 0.690732 0.437205 0.692683 0.439093 0.692683 0.440038 0.701463 0.440038 0.703415 0.438149 0.70439 0.438149 0.705366 0.437205 0.706341 0.437205 0.708293 0.435316 0.709268 0.435316 0.712195 0.432483 0.712195 0.431539 0.713171 0.430595 0.713171 0.424929
0 0.179512 0.114259 0.179512 0.115203 0.178537 0.116147 0.177561 0.116147 0.176585 0.117092 0.174634 0.117092 0.173659 0.118036 0.171707 0.118036 0.170732 0.11898 0.170732 0.135033 0.187317 0.135033 0.187317 0.133144 0.188293 0.1322 0.188293 0.130312 0.189268 0.129367 0.189268 0.128423 0.190244 0.127479 0.190244 0.114259
0 0.903415 0.68272 0.902439 0.683664 0.901463 0.683664 0.898537 0.686497 0.898537 0.687441 0.89561 0.690274 0.89561 0.692162 0.894634 0.693107 0.894634 0.694995 0.893659 0.69594 0.893659 0.705382 0.902439 0.705382 0.902439 0.700661 0.903415 0.699717 0.903415 0.696884 0.907317 0.693107 0.908293 0.693107 0.909268 0.692162 0.910244 0.692162 0.910244 0.68272
1 0.276098 0.553352 0.275122 0.554296 0.275122 0.556185 0.274146 0.557129 0.274146 0.558074 0.273171 0.559018 0.273171 0.565628 0.274146 0.566572 0.274146 0.567517 0.276098 0.569405 0.277073 0.569405 0.278049 0.570349 0.281951 0.570349 0.282927 0.571294 0.287805 0.571294 0.28878 0.570349 0.292683 0.570349 0.293659 0.569405 0.293659 0.553352
1 0.839024 0.221907 0.839024 0.234183 0.843902 0.234183 0.844878 0.233239 0.845854 0.233239 0.846829 0.232295 0.846829 0.221907
1 0.467317 0.359773 0.466341 0.360718 0.465366 0.360718 0.46439 0.361662 0.463415 0.361662 0.461463 0.363551 0.461463 0.372993 0.462439 0.373938 0.46439 0.373938 0.465366 0.374882 0.468293 0.374882 0.469268 0.373938 0.470244 0.373938 0.47122 0.372993 0.473171 0.372993 0.477073 0.369216 0.477073 0.368272 0.478049 0.367328 0.478049 0.361662 0.477073 0.361662 0.476098 0.360718 0.468293 0.360718
0 0.0643902 0.807365 0.0634146 0.80831 0.062439 0.80831 0.062439 0.811143 0.0634146 0.812087 0.0634146 0.81492 0.0643902 0.815864 0.0643902 0.817753 0.0653659 0.818697 0.0653659 0.820585 0.0663415 0.82153 0.0663415 0.822474 0.0673171 0.823418 0.0673171 0.824363 0.0692683 0.824363 0.0702439 0.825307 0.0712195 0.825307 0.0741463 0.82814 0.0741463 0.829084 0.075122 0.830028 0.0819512 0.830028 0.0819512 0.829084 0.0839024 0.827195 0.0839024 0.813031 0.0819512 0.811143 0.0819512 0.809254 0.08 0.807365
0 0.389268 0.0812087 0.388293 0.082153 0.388293 0.0830973 0.386341 0.0849858 0.386341 0.0859301 0.378537 0.0934844 0.377561 0.0934844 0.376585 0.0944287 0.37561 0.0944287 0.374634 0.095373 0.373659 0.095373 0.372683 0.0963173 0.371707 0.0963173 0.370732 0.0972616 0.366829 0.0972616 0.365854 0.0982059 0.365854 0.103872 0.364878 0.104816 0.364878 0.10576 0.363902 0.106704 0.363902 0.107649 0.36 0.111426 0.358049 0.111426 0.357073 0.11237 0.355122 0.11237 0.354146 0.113314 0.352195 0.113314 0.350244 0.115203 0.350244 0.116147 0.349268 0.117092 0.349268 0.118036 0.347317 0.119924 0.345366 0.119924 0.34439 0.120869 0.34439 0.122757 0.350244 0.122757 0.35122 0.121813 0.352195 0.121813 0.353171 0.120869 0.353171 0.119924 0.355122 0.118036 0.356098 0.118036 0.357073 0.117092 0.361951 0.117092 0.362927 0.116147 0.363902 0.116147 0.364878 0.117092 0.365854 0.117092 0.366829 0.118036 0.367805 0.118036 0.369756 0.119924 0.369756 0.120869 0.371707 0.120869 0.372683 0.121813 0.37561 0.121813 0.376585 0.122757 0.378537 0.122757 0.379512 0.121813 0.383415 0.121813 0.382439 0.121813 0.381463 0.120869 0.378537 0.120869 0.377561 0.119924 0.37561 0.119924 0.372683 0.117092 0.372683 0.115203 0.37561 0.11237 0.37561 0.111426 0.382439 0.104816 0.383415 0.104816 0.38439 0.103872 0.385366 0.103872 0.387317 0.101983 0.388293 0.101983 0.389268 0.101039 0.390244 0.101039 0.39122 0.100094 0.395122 0.100094 0.397073 0.0982059 0.397073 0.0972616 0.398049 0.0963173 0.398049 0.0925401 0.399024 0.0915958 0.399024 0.088763 0.4 0.0878187 0.4 0.0868744 0.400976 0.0859301 0.400976 0.0849858 0.404878 0.0812087
1 0.619512 0.866856 0.619512 0.877243 0.623415 0.88102 0.630244 0.88102 0.630244 0.8678 0.629268 0.8678 0.628293 0.866856
1 0.468293 0.919736 0.468293 0.930123 0.48 0.930123 0.480976 0.929178 0.480976 0.919736
0 0.312195 0.701605 0.312195 0.708215 0.315122 0.711048 0.315122 0.711992 0.316098 0.712937 0.316098 0.714825 0.317073 0.71577 0.317073 0.718602 0.318049 0.719547 0.318049 0.72238 0.319024 0.723324 0.319024 0.724268 0.32 0.724268 0.322927 0.721435 0.322927 0.717658 0.321951 0.716714 0.321951 0.708215 0.320976 0.707271 0.320976 0.705382 0.32 0.704438 0.32 0.703494 0.318049 0.701605
0 0.436098 0.533522 0.435122 0.534467 0.434146 0.534467 0.432195 0.536355 0.432195 0.537299 0.43122 0.538244 0.43122 0.541076 0.430244 0.542021 0.430244 0.544854 0.429268 0.545798 0.429268 0.546742 0.427317 0.548631 0.427317 0.564684 0.428293 0.565628 0.429268 0.565628 0.432195 0.568461 0.432195 0.569405 0.434146 0.571294 0.434146 0.572238 0.436098 0.574127 0.437073 0.574127 0.438049 0.575071 0.438049 0.576015 0.441951 0.579792 0.443902 0.579792 0.444878 0.580737 0.445854 0.580737 0.446829 0.581681 0.451707 0.581681 0.452683 0.582625 0.45561 0.582625 0.456585 0.583569 0.456585 0.575071 0.45561 0.574127 0.45561 0.573182 0.454634 0.572238 0.454634 0.571294 0.453659 0.571294 0.451707 0.569405 0.450732 0.569405 0.446829 0.565628 0.445854 0.565628 0.442927 0.562795 0.442927 0.561851 0.440976 0.559962 0.440976 0.559018 0.44 0.558074 0.44 0.555241 0.439024 0.554296 0.439024 0.551464 0.44 0.550519 0.44 0.546742 0.440976 0.545798 0.440976 0.544854 0.441951 0.543909 0.441951 0.542965 0.443902 0.541076 0.443902 0.540132 0.444878 0.539188 0.444878 0.538244 0.449756 0.533522
1 0.254634 0.221907 0.251707 0.22474 0.250732 0.22474 0.249756 0.225685 0.24878 0.225685 0.247805 0.226629 0.245854 0.226629 0.244878 0.227573 0.243902 0.227573 0.242927 0.228517 0.24 0.228517 0.239024 0.227573 0.238049 0.227573 0.237073 0.226629 0.236098 0.226629 0.235122 0.225685 0.235122 0.236072 0.236098 0.237016 0.236098 0.23796 0.238049 0.239849 0.239024 0.239849 0.24 0.240793 0.244878 0.240793 0.245854 0.241737 0.247805 0.241737 0.24878 0.240793 0.250732 0.240793 0.251707 0.239849 0.252683 0.239849 0.25561 0.237016 0.25561 0.222852
0 0.676098 0.563739 0.67122 0.568461 0.67122 0.589235 0.672195 0.589235 0.673171 0.590179 0.674146 0.590179 0.677073 0.593012 0.677073 0.593957 0.678049 0.594901 0.678049 0.595845 0.679024 0.596789 0.679024 0.597734 0.680976 0.599622 0.680976 0.600567 0.681951 0.601511 0.681951 0.602455 0.685854 0.606232 0.685854 0.607177 0.687805 0.609065 0.68878 0.609065 0.693659 0.613787 0.694634 0.613787 0.696585 0.615675 0.697561 0.615675 0.699512 0.617564 0.714146 0.617564 0.715122 0.616619 0.716098 0.616619 0.717073 0.615675 0.718049 0.615675 0.719024 0.614731 0.72 0.614731 0.720976 0.613787 0.721951 0.613787 0.723902 0.611898 0.733659 0.611898 0.734634 0.610954 0.737561 0.610954 0.738537 0.610009 0.739512 0.610009 0.741463 0.608121 0.740488 0.607177 0.740488 0.604344 0.738537 0.602455 0.737561 0.602455 0.736585 0.601511 0.73561 0.601511 0.734634 0.600567 0.733659 0.600567 0.732683 0.599622 0.731707 0.599622 0.730732 0.598678 0.728781 0.598678 0.727805 0.597734 0.724878 0.597734 0.723902 0.598678 0.722927 0.598678 0.718049 0.603399 0.709268 0.603399 0.708293 0.602455 0.707317 0.602455 0.706341 0.601511 0.705366 0.601511 0.70439 0.600567 0.70439 0.599622 0.700488 0.595845 0.700488 0.593012 0.698537 0.591124 0.698537 0.590179 0.697561 0.589235 0.697561 0.588291 0.69561 0.586402 0.69561 0.585458 0.692683 0.582625 0.692683 0.581681 0.691707 0.580737 0.691707 0.579792 0.690732 0.578848 0.690732 0.577904 0.689756 0.576959 0.689756 0.575071 0.68878 0.574127 0.68878 0.573182 0.687805 0.572238 0.687805 0.570349 0.68878 0.569405 0.68878 0.568461 0.690732 0.566572 0.690732 0.565628 0.692683 0.563739
0 0.16878 0.90746 0.16878 0.915014 0.169756 0.915958 0.169756 0.918791 0.170732 0.919736 0.170732 0.928234 0.166829 0.932011 0.165854 0.932011 0.163902 0.9339 0.163902 0.942398 0.164878 0.943343 0.165854 0.943343 0.167805 0.945231 0.16878 0.945231 0.170732 0.94712 0.177561 0.94712 0.178537 0.948064 0.180488 0.948064 0.181463 0.949009 0.196098 0.949009 0.197073 0.948064 0.197073 0.94712 0.198049 0.946176 0.197073 0.945231 0.197073 0.944287 0.196098 0.943343 0.196098 0.942398 0.195122 0.941454 0.195122 0.94051 0.192195 0.937677 0.19122 0.937677 0.190244 0.936733 0.182439 0.936733 0.181463 0.935788 0.180488 0.935788 0.178537 0.9339 0.178537 0.92729 0.179512 0.926346 0.179512 0.925401 0.181463 0.923513 0.183415 0.923513 0.185366 0.921624 0.18439 0.92068 0.17561 0.92068 0.173659 0.918791 0.173659 0.91407 0.172683 0.913126 0.172683 0.90746
0 0.463415 0.949009 0.463415 0.962229 0.46439 0.961284 0.466341 0.961284 0.467317 0.96034 0.470244 0.96034 0.47122 0.961284 0.476098 0.961284 0.477073 0.962229 0.484878 0.962229 0.485854 0.961284 0.48878 0.961284 0.489756 0.96034 0.490732 0.96034 0.491707 0.959396 0.492683 0.959396 0.492683 0.949009
0 0.937561 0.423985 0.936585 0.424929 0.93561 0.424929 0.933659 0.426818 0.933659 0.427762 0.938537 0.432483 0.938537 0.433428 0.939512 0.434372 0.940488 0.434372 0.94439 0.438149 0.945366 0.438149 0.947317 0.440038 0.947317 0.440982 0.948293 0.441926 0.948293 0.443815 0.949268 0.444759 0.949268 0.447592 0.948293 0.448536 0.948293 0.449481 0.94439 0.453258 0.943415 0.453258 0.942439 0.454202 0.941463 0.454202 0.940488 0.455146 0.938537 0.455146 0.937561 0.456091 0.936585 0.456091 0.93561 0.457035 0.934634 0.457035 0.933659 0.457979 0.932683 0.457979 0.931707 0.458924 0.930732 0.458924 0.930732 0.459868 0.92878 0.461756 0.927805 0.461756 0.926829 0.462701 0.926829 0.468366 0.940488 0.468366 0.940488 0.465534 0.941463 0.464589 0.942439 0.464589 0.94439 0.462701 0.945366 0.462701 0.946341 0.461756 0.947317 0.461756 0.948293 0.460812 0.950244 0.460812 0.952195 0.458924 0.952195 0.457979 0.953171 0.457035 0.953171 0.455146 0.954146 0.454202 0.954146 0.453258 0.955122 0.452314 0.955122 0.451369 0.956098 0.450425 0.956098 0.449481 0.957073 0.448536 0.957073 0.439093 0.956098 0.438149 0.956098 0.436261 0.955122 0.435316 0.955122 0.434372 0.954146 0.433428 0.954146 0.432483 0.953171 0.432483 0.950244 0.429651 0.949268 0.429651 0.945366 0.425873 0.943415 0.425873 0.942439 0.424929 0.939512 0.424929 0.938537 0.423985
0 0.0858537 0.567517 0.0858537 0.587347 0.0965854 0.587347 0.0995122 0.584514 0.101463 0.584514 0.102439 0.583569 0.106341 0.583569 0.106341 0.582625 0.108293 0.580737 0.108293 0.567517
0 0.159024 0.0207743 0.158049 0.0217186 0.158049 0.0245515 0.157073 0.0254958 0.157073 0.0283286 0.158049 0.0292729 0.158049 0.0302172 0.16 0.0321058 0.16 0.03305 0.160976 0.0339943 0.160976 0.0349386 0.162927 0.0368272 0.162927 0.0377715 0.163902 0.0387158 0.164878 0.0387158 0.165854 0.0396601 0.166829 0.0396601 0.167805 0.0406043 0.16878 0.0406043 0.169756 0.0415486 0.170732 0.0415486 0.171707 0.0406043 0.171707 0.0387158 0.172683 0.0377715 0.172683 0.0358829 0.173659 0.0349386 0.173659 0.03305 0.174634 0.0321058 0.174634 0.0311615 0.176585 0.0292729 0.176585 0.0273843 0.17561 0.0273843 0.174634 0.02644 0.173659 0.02644 0.172683 0.0254958 0.172683 0.0245515 0.171707 0.0236072 0.171707 0.0207743
0 0.622439 0.527856 0.622439 0.530689 0.621463 0.531634 0.621463 0.534467 0.620488 0.535411 0.620488 0.536355 0.619512 0.537299 0.619512 0.538244 0.618537 0.539188 0.618537 0.540132 0.613659 0.544854 0.613659 0.545798 0.612683 0.546742 0.612683 0.547687 0.611707 0.548631 0.611707 0.549575 0.610732 0.550519 0.610732 0.551464 0.607805 0.554296 0.606829 0.554296 0.605854 0.555241 0.604878 0.555241 0.603902 0.556185 0.602927 0.556185 0.602927 0.557129 0.601951 0.558074 0.601951 0.559018 0.6 0.560907 0.6 0.561851 0.597073 0.564684 0.597073 0.565628 0.591219 0.571294 0.591219 0.575071 0.593171 0.576959 0.597073 0.576959 0.598049 0.576015 0.599024 0.576015 0.6 0.575071 0.601951 0.575071 0.604878 0.572238 0.605854 0.572238 0.608781 0.569405 0.608781 0.568461 0.610732 0.566572 0.610732 0.565628 0.611707 0.564684 0.611707 0.563739 0.612683 0.562795 0.612683 0.561851 0.613659 0.560907 0.613659 0.559962 0.616585 0.557129 0.616585 0.556185 0.622439 0.550519 0.623415 0.550519 0.62439 0.549575 0.625366 0.549575 0.627317 0.547687 0.628293 0.547687 0.629268 0.546742 0.630244 0.546742 0.63122 0.545798 0.63122 0.544854 0.632195 0.543909 0.632195 0.542021 0.633171 0.541076 0.633171 0.536355 0.632195 0.535411 0.632195 0.534467 0.629268 0.531634 0.629268 0.530689 0.628293 0.529745 0.628293 0.528801 0.62439 0.528801 0.623415 0.527856
0 0.714146 0.745043 0.714146 0.751652 0.716098 0.753541 0.716098 0.754485 0.717073 0.75543 0.717073 0.756374 0.718049 0.757318 0.718049 0.758263 0.72 0.760151 0.72 0.761095 0.720976 0.76204 0.720976 0.762984 0.721951 0.763928 0.721951 0.766761 0.720976 0.767705 0.720976 0.76865 0.717073 0.772427 0.717073 0.773371 0.714146 0.776204 0.724878 0.776204 0.724878 0.77526 0.725854 0.774315 0.725854 0.773371 0.727805 0.771483 0.727805 0.769594 0.728781 0.76865 0.728781 0.766761 0.729756 0.765817 0.729756 0.756374 0.728781 0.75543 0.728781 0.749764 0.729756 0.74882 0.729756 0.745987 0.728781 0.745043
1 0.936585 0.812087 0.936585 0.825307 0.939512 0.82814 0.954146 0.82814 0.955122 0.827195 0.957073 0.827195 0.962927 0.82153 0.962927 0.820585 0.958049 0.815864 0.953171 0.815864 0.952195 0.816808 0.951219 0.816808 0.950244 0.815864 0.947317 0.815864 0.946341 0.81492 0.945366 0.81492 0.942439 0.812087
1 0.442927 0.068933 0.44 0.0717658 0.44 0.0727101 0.439024 0.0736544 0.439024 0.082153 0.44 0.0830973 0.440976 0.0830973 0.441951 0.0840416 0.442927 0.0840416 0.443902 0.0849858 0.453659 0.0849858 0.456585 0.082153 0.456585 0.0812087 0.457561 0.0802644 0.457561 0.068933
1 0.469268 0.719547 0.469268 0.72899 0.470244 0.72899 0.47122 0.729934 0.477073 0.729934 0.478049 0.72899 0.48 0.72899 0.48 0.719547
0 0.996098 0.717658 0.994146 0.719547 0.994146 0.720491 0.989268 0.725212 0.988293 0.725212 0.987317 0.726157 0.985366 0.726157 0.98439 0.727101 0.983415 0.727101 0.982439 0.728045 0.981463 0.728045 0.980488 0.72899 0.979512 0.72899 0.979512 0.739377 0.98439 0.739377 0.985366 0.738432 0.986341 0.738432 0.987317 0.737488 0.989268 0.737488 0.990244 0.736544 0.99122 0.736544 0.992195 0.7356 0.994146 0.7356 0.995122 0.734655 0.998049 0.734655 0.998049 0.717658
1 0.801951 0.199245 0.801951 0.208687 0.802927 0.209632 0.802927 0.215297 0.801951 0.216242 0.811707 0.216242 0.811707 0.214353 0.812683 0.213409 0.813659 0.213409 0.816585 0.210576 0.816585 0.203022 0.81561 0.202077 0.814634 0.202077 0.813659 0.203022 0.809756 0.203022 0.80878 0.202077 0.80878 0.199245
1 0.501463 0.425873 0.499512 0.427762 0.500488 0.428706 0.500488 0.430595 0.501463 0.431539 0.501463 0.432483 0.502439 0.432483 0.503415 0.433428 0.505366 0.433428 0.512195 0.440038 0.512195 0.441926 0.513171 0.442871 0.513171 0.445704 0.514146 0.446648 0.514146 0.448536 0.515122 0.449481 0.515122 0.450425 0.516098 0.450425 0.517073 0.451369 0.518049 0.451369 0.518049 0.432483 0.516098 0.430595 0.516098 0.429651 0.515122 0.428706 0.515122 0.427762 0.513171 0.425873
0 0.30439 0.269122 0.294634 0.278565 0.294634 0.279509 0.293659 0.280453 0.291707 0.280453 0.290732 0.281398 0.287805 0.281398 0.286829 0.282342 0.285854 0.281398 0.283902 0.281398 0.282927 0.280453 0.279024 0.280453 0.278049 0.281398 0.277073 0.281398 0.276098 0.282342 0.275122 0.282342 0.272195 0.285175 0.272195 0.296506 0.273171 0.29745 0.273171 0.298395 0.274146 0.299339 0.28 0.299339 0.280976 0.300283 0.292683 0.300283 0.29561 0.29745 0.29561 0.296506 0.296585 0.295562 0.296585 0.294618 0.297561 0.293673 0.297561 0.292729 0.298537 0.291785 0.298537 0.29084 0.300488 0.288952 0.300488 0.288008 0.301463 0.287063 0.301463 0.286119 0.303415 0.28423 0.303415 0.283286 0.306341 0.280453 0.306341 0.279509 0.307317 0.278565 0.307317 0.27762 0.308293 0.276676 0.308293 0.275732 0.309268 0.274788 0.309268 0.273843 0.313171 0.270066 0.313171 0.269122
0 0.577561 0.291785 0.576585 0.292729 0.57561 0.292729 0.574634 0.293673 0.573659 0.293673 0.572683 0.294618 0.571707 0.294618 0.570732 0.295562 0.56878 0.295562 0.56878 0.305949 0.578537 0.305949 0.579512 0.306893 0.580488 0.306893 0.585366 0.311615 0.585366 0.312559 0.593171 0.312559 0.593171 0.299339 0.590244 0.296506 0.590244 0.295562 0.588293 0.293673 0.588293 0.292729 0.587317 0.291785
0 0.0565854 0.278565 0.0565854 0.28423 0.0526829 0.288008 0.0526829 0.288952 0.0517073 0.289896 0.0517073 0.29084 0.0487805 0.293673 0.0478049 0.293673 0.0468293 0.294618 0.0458537 0.294618 0.0439024 0.296506 0.0439024 0.298395 0.0429268 0.299339 0.0429268 0.300283 0.0409756 0.302172 0.04 0.301228 0.0390244 0.301228 0.0390244 0.305005 0.0409756 0.305005 0.0429268 0.306893 0.0429268 0.308782 0.0439024 0.309726 0.0439024 0.311615 0.044878 0.312559 0.044878 0.314448 0.0458537 0.315392 0.0458537 0.31728 0.0478049 0.319169 0.0517073 0.319169 0.0526829 0.318225 0.0536585 0.318225 0.0546341 0.31728 0.0546341 0.316336 0.0556098 0.315392 0.0556098 0.314448 0.0546341 0.313503 0.0546341 0.312559 0.0536585 0.311615 0.0536585 0.31067 0.0526829 0.309726 0.0526829 0.305005 0.0536585 0.30406 0.0536585 0.303116 0.0556098 0.301228 0.057561 0.301228 0.0604878 0.298395 0.0614634 0.298395 0.0614634 0.278565
0 0.520976 0.118036 0.520976 0.141643 0.521951 0.141643 0.522927 0.142587 0.527805 0.142587 0.52878 0.143532 0.532683 0.143532 0.533659 0.144476 0.545366 0.144476 0.546341 0.14542 0.550244 0.14542 0.553171 0.148253 0.553171 0.150142 0.554146 0.151086 0.554146 0.153919 0.555122 0.154863 0.555122 0.157696 0.556098 0.15864 0.556098 0.160529 0.557073 0.161473 0.557073 0.162417 0.56 0.16525 0.56 0.166195 0.560976 0.167139 0.560976 0.170916 0.561951 0.17186 0.562927 0.17186 0.562927 0.135977 0.559024 0.1322 0.559024 0.131256 0.558049 0.130312 0.556098 0.130312 0.555122 0.131256 0.55122 0.131256 0.550244 0.1322 0.549268 0.1322 0.548293 0.133144 0.540488 0.133144 0.539512 0.1322 0.533659 0.1322 0.532683 0.131256 0.530732 0.131256 0.529756 0.130312 0.52878 0.130312 0.527805 0.129367 0.526829 0.129367 0.524878 0.127479 0.524878 0.12559 0.525854 0.124646 0.525854 0.120869 0.526829 0.119924 0.526829 0.11898 0.527805 0.118036
0 0.0273171 0.597734 0.0273171 0.599622 0.0282927 0.600567 0.0282927 0.602455 0.0273171 0.603399 0.0273171 0.605288 0.0263415 0.606232 0.0263415 0.607177 0.0253659 0.608121 0.0253659 0.609065 0.0214634 0.612842 0.0204878 0.612842 0.0195122 0.613787 0.0185366 0.613787 0.017561 0.614731 0.0165854 0.614731 0.0156098 0.615675 0.0136585 0.615675 0.0126829 0.614731 0.0097561 0.614731 0.00780488 0.612842 0.00682927 0.612842 0.00487805 0.610954 0.00487805 0.610009 0.00292683 0.608121 0.00292683 0.607177 0.00195122 0.606232 0.00195122 0.637394 0.0136585 0.637394 0.0146341 0.636449 0.0185366 0.636449 0.0195122 0.635505 0.022439 0.635505 0.0243902 0.633617 0.0253659 0.633617 0.0341463 0.625118 0.0341463 0.624174 0.0360976 0.622285 0.0360976 0.597734
1 0.26439 0.672332 0.26439 0.673277 0.262439 0.675165 0.262439 0.67611 0.261463 0.677054 0.261463 0.677998 0.26439 0.680831 0.265366 0.680831 0.266341 0.681775 0.268293 0.681775 0.270244 0.679887 0.270244 0.674221 0.269268 0.673277 0.269268 0.672332
0 0.896585 0.943343 0.896585 0.958451 0.896585 0.955619 0.897561 0.954674 0.897561 0.95373 0.899512 0.951841 0.900488 0.952786 0.900488 0.954674 0.901463 0.955619 0.901463 0.956563 0.905366 0.96034 0.907317 0.96034 0.908293 0.961284 0.913171 0.961284 0.914146 0.96034 0.914146 0.948064 0.913171 0.94712 0.913171 0.945231 0.912195 0.944287 0.912195 0.943343
1 0.48 0.527856 0.479024 0.528801 0.477073 0.528801 0.476098 0.529745 0.475122 0.529745 0.475122 0.541076 0.478049 0.541076 0.478049 0.539188 0.479024 0.538244 0.479024 0.537299 0.48 0.536355 0.481951 0.536355 0.482927 0.537299 0.486829 0.537299 0.487805 0.536355 0.48878 0.536355 0.490732 0.534467 0.491707 0.534467 0.491707 0.531634 0.489756 0.529745 0.48878 0.529745 0.487805 0.528801 0.482927 0.528801 0.481951 0.527856
1 0.99122 0.626062 0.990244 0.627007 0.989268 0.627007 0.988293 0.627951 0.987317 0.627951 0.986341 0.628895 0.986341 0.637394 0.998049 0.637394 0.998049 0.626062
0 0.169756 0.799811 0.16878 0.800755 0.165854 0.800755 0.163902 0.802644 0.163902 0.816808 0.165854 0.816808 0.166829 0.817753 0.169756 0.817753 0.172683 0.820585 0.172683 0.82153 0.174634 0.823418 0.174634 0.824363 0.176585 0.826251 0.176585 0.827195 0.177561 0.82814 0.181463 0.82814 0.18439 0.830973 0.18439 0.835694 0.183415 0.836638 0.183415 0.845137 0.187317 0.845137 0.188293 0.844193 0.193171 0.844193 0.194146 0.843248 0.196098 0.843248 0.2 0.839471 0.2 0.838527 0.200976 0.837583 0.200976 0.836638 0.201951 0.835694 0.201951 0.83475 0.202927 0.833806 0.201951 0.833806 0.200976 0.832861 0.2 0.832861 0.199024 0.831917 0.198049 0.831917 0.197073 0.830973 0.196098 0.830973 0.195122 0.830028 0.186341 0.830028 0.18439 0.82814 0.18439 0.827195 0.185366 0.826251 0.185366 0.824363 0.186341 0.823418 0.186341 0.820585 0.185366 0.819641 0.185366 0.818697 0.18439 0.817753 0.18439 0.815864 0.183415 0.81492 0.183415 0.812087 0.182439 0.811143 0.182439 0.80831 0.181463 0.807365 0.181463 0.805477 0.180488 0.804533 0.180488 0.803588 0.179512 0.802644 0.178537 0.802644 0.176585 0.800755 0.172683 0.800755 0.171707 0.799811
0 0.324878 0.381492 0.324878 0.382436 0.323902 0.383381 0.323902 0.384325 0.322927 0.385269 0.322927 0.388102 0.321951 0.389046 0.321951 0.390935 0.322927 0.391879 0.322927 0.393768 0.323902 0.394712 0.323902 0.397545 0.322927 0.398489 0.322927 0.399433 0.319024 0.403211 0.318049 0.403211 0.316098 0.405099 0.316098 0.406043 0.314146 0.407932 0.314146 0.408876 0.312195 0.410765 0.31122 0.410765 0.309268 0.412653 0.309268 0.413598 0.308293 0.414542 0.308293 0.422096 0.31122 0.422096 0.312195 0.421152 0.313171 0.421152 0.315122 0.419263 0.317073 0.419263 0.318049 0.418319 0.319024 0.418319 0.320976 0.416431 0.321951 0.416431 0.323902 0.414542 0.323902 0.413598 0.328781 0.408876 0.328781 0.407932 0.332683 0.404155 0.333659 0.404155 0.334634 0.403211 0.337561 0.403211 0.337561 0.389991 0.33561 0.388102 0.334634 0.388102 0.333659 0.387158 0.332683 0.387158 0.330732 0.385269 0.329756 0.385269 0.325854 0.381492
0 0.692683 0.402266 0.692683 0.409821 0.690732 0.411709 0.686829 0.411709 0.681951 0.416431 0.68 0.416431 0.679024 0.417375 0.678049 0.417375 0.677073 0.418319 0.675122 0.418319 0.674146 0.419263 0.672195 0.419263 0.672195 0.428706 0.673171 0.429651 0.673171 0.430595 0.674146 0.430595 0.675122 0.431539 0.676098 0.431539 0.678049 0.433428 0.679024 0.433428 0.68 0.434372 0.684878 0.434372 0.685854 0.435316 0.690732 0.435316 0.691707 0.434372 0.698537 0.434372 0.698537 0.414542 0.696585 0.414542 0.694634 0.416431 0.692683 0.416431 0.691707 0.415486 0.691707 0.412653 0.693659 0.410765 0.693659 0.406043 0.694634 0.405099 0.694634 0.403211 0.693659 0.402266
1 0.717073 0.883853 0.717073 0.890463 0.718049 0.890463 0.719024 0.891407 0.722927 0.891407 0.723902 0.892351 0.726829 0.892351 0.726829 0.883853
0 0.376585 0.354108 0.37561 0.355052 0.373659 0.355052 0.372683 0.355996 0.371707 0.355996 0.36878 0.358829 0.36878 0.360718 0.367805 0.361662 0.367805 0.362606 0.366829 0.363551 0.366829 0.365439 0.365854 0.366383 0.365854 0.367328 0.364878 0.368272 0.364878 0.369216 0.361951 0.372049 0.361951 0.372993 0.360976 0.373938 0.36 0.373938 0.359024 0.374882 0.358049 0.374882 0.357073 0.375826 0.356098 0.375826 0.355122 0.376771 0.354146 0.376771 0.352195 0.378659 0.35122 0.378659 0.348293 0.381492 0.347317 0.381492 0.345366 0.383381 0.34439 0.383381 0.342439 0.385269 0.341463 0.385269 0.340488 0.386213 0.339512 0.386213 0.338537 0.387158 0.33561 0.387158 0.334634 0.386213 0.325854 0.386213 0.323902 0.388102 0.323902 0.389046 0.322927 0.389991 0.322927 0.398489 0.321951 0.399433 0.321951 0.400378 0.320976 0.401322 0.320976 0.413598 0.321951 0.412653 0.321951 0.411709 0.323902 0.409821 0.324878 0.409821 0.327805 0.406988 0.328781 0.406988 0.329756 0.406043 0.330732 0.406043 0.331707 0.405099 0.333659 0.405099 0.334634 0.404155 0.338537 0.404155 0.339512 0.403211 0.341463 0.403211 0.342439 0.402266 0.34439 0.402266 0.345366 0.401322 0.346341 0.401322 0.348293 0.399433 0.348293 0.396601 0.35122 0.393768 0.352195 0.393768 0.352195 0.392823 0.354146 0.390935 0.354146 0.389991 0.355122 0.389046 0.355122 0.388102 0.356098 0.387158 0.357073 0.387158 0.36 0.384325 0.36 0.383381 0.360976 0.382436 0.360976 0.381492 0.362927 0.379603 0.363902 0.379603 0.364878 0.378659 0.365854 0.378659 0.367805 0.376771 0.367805 0.375826 0.36878 0.374882 0.369756 0.374882 0.370732 0.373938 0.370732 0.372993 0.371707 0.372049 0.371707 0.371105 0.37561 0.367328 0.376585 0.367328 0.377561 0.366383 0.379512 0.366383 0.380488 0.365439 0.381463 0.365439 0.382439 0.364495 0.383415 0.364495 0.38439 0.363551 0.385366 0.363551 0.389268 0.359773 0.389268 0.358829 0.388293 0.358829 0.387317 0.357885 0.386341 0.357885 0.385366 0.356941 0.38439 0.356941 0.383415 0.355996 0.380488 0.355996 0.379512 0.355052 0.377561 0.355052
1 0.20878 0.417375 0.207805 0.418319 0.206829 0.418319 0.203902 0.421152 0.203902 0.424929 0.205854 0.426818 0.20878 0.426818 0.209756 0.425873 0.209756 0.424929 0.211707 0.423041 0.211707 0.419263 0.209756 0.417375
0 0.612683 0.897073 0.611707 0.898017 0.611707 0.898961 0.610732 0.899906 0.609756 0.899906 0.606829 0.902738 0.608781 0.904627 0.609756 0.904627 0.610732 0.905571 0.611707 0.905571 0.614634 0.908404 0.614634 0.910293 0.613659 0.911237 0.613659 0.915014 0.612683 0.915958 0.612683 0.918791 0.611707 0.919736 0.611707 0.926346 0.610732 0.92729 0.610732 0.932011 0.609756 0.932956 0.609756 0.939566 0.618537 0.939566 0.618537 0.937677 0.619512 0.936733 0.619512 0.930123 0.618537 0.929178 0.618537 0.91407 0.619512 0.913126 0.619512 0.910293 0.620488 0.909348 0.620488 0.897073
0 0.40878 0.544854 0.405854 0.547687 0.404878 0.547687 0.403902 0.548631 0.402927 0.548631 0.400976 0.550519 0.4 0.550519 0.399024 0.551464 0.398049 0.551464 0.397073 0.552408 0.396098 0.552408 0.395122 0.553352 0.394146 0.553352 0.393171 0.554296 0.392195 0.554296 0.39122 0.555241 0.390244 0.555241 0.389268 0.556185 0.388293 0.556185 0.387317 0.557129 0.386341 0.557129 0.38439 0.559018 0.383415 0.559018 0.382439 0.559962 0.381463 0.559962 0.380488 0.560907 0.379512 0.560907 0.378537 0.561851 0.377561 0.561851 0.376585 0.562795 0.37561 0.562795 0.374634 0.563739 0.373659 0.563739 0.372683 0.564684 0.371707 0.564684 0.370732 0.565628 0.36878 0.565628 0.367805 0.566572 0.365854 0.566572 0.363902 0.568461 0.360976 0.568461 0.36 0.569405 0.358049 0.569405 0.358049 0.570349 0.357073 0.571294 0.358049 0.572238 0.358049 0.573182 0.359024 0.573182 0.36 0.574127 0.360976 0.574127 0.361951 0.575071 0.362927 0.575071 0.363902 0.576015 0.379512 0.576015 0.380488 0.575071 0.381463 0.575071 0.382439 0.574127 0.38439 0.574127 0.385366 0.573182 0.386341 0.573182 0.387317 0.572238 0.389268 0.572238 0.390244 0.571294 0.39122 0.571294 0.393171 0.569405 0.394146 0.569405 0.395122 0.568461 0.396098 0.568461 0.397073 0.567517 0.398049 0.567517 0.399024 0.566572 0.4 0.566572 0.400976 0.565628 0.401951 0.565628 0.403902 0.563739 0.404878 0.563739 0.40878 0.559962 0.409756 0.559962 0.412683 0.557129 0.412683 0.556185 0.414634 0.554296 0.414634 0.544854
0 0.00390244 0.751652 0.00390244 0.767705 0.00780488 0.771483 0.00878049 0.771483 0.0097561 0.772427 0.0117073 0.772427 0.0126829 0.773371 0.0136585 0.773371 0.0146341 0.774315 0.0156098 0.774315 0.0165854 0.77526 0.0185366 0.77526 0.0195122 0.776204 0.0302439 0.776204 0.0312195 0.77526 0.0341463 0.77526 0.035122 0.774315 0.0360976 0.774315 0.0370732 0.773371 0.0380488 0.773371 0.04 0.771483 0.0409756 0.771483 0.0409756 0.770538 0.0419512 0.769594 0.0419512 0.76865 0.0458537 0.764873 0.0468293 0.764873 0.0468293 0.763928 0.0478049 0.762984 0.0478049 0.761095 0.0487805 0.760151 0.0487805 0.754485 0.0478049 0.753541 0.0478049 0.751652 0.035122 0.751652 0.0341463 0.752597 0.0341463 0.758263 0.0312195 0.761095 0.0292683 0.761095 0.0282927 0.76204 0.022439 0.76204 0.0214634 0.761095 0.0185366 0.761095 0.017561 0.760151 0.0146341 0.760151 0.0117073 0.757318 0.0117073 0.756374 0.0107317 0.75543 0.0107317 0.753541 0.0097561 0.752597 0.0097561 0.751652
1 0.675122 0.869688 0.675122 0.880076 0.684878 0.880076 0.685854 0.879131 0.686829 0.879131 0.686829 0.869688
1 0.440976 0.897073 0.440976 0.908404 0.441951 0.909348 0.441951 0.911237 0.442927 0.912181 0.442927 0.919736 0.456585 0.919736 0.456585 0.911237 0.45561 0.910293 0.45561 0.909348 0.454634 0.908404 0.45561 0.90746 0.45561 0.906516 0.456585 0.905571 0.456585 0.897073
0 0.00780488 0.220019 0.00780488 0.220963 0.00878049 0.221907 0.00878049 0.222852 0.0097561 0.223796 0.0097561 0.22474 0.0107317 0.225685 0.0107317 0.226629 0.0117073 0.227573 0.0117073 0.228517 0.0126829 0.229462 0.0126829 0.230406 0.0185366 0.236072 0.0195122 0.236072 0.0214634 0.23796 0.022439 0.23796 0.0234146 0.238905 0.0234146 0.239849 0.0243902 0.240793 0.0243902 0.242682 0.0253659 0.243626 0.0253659 0.246459 0.0263415 0.247403 0.0263415 0.248347 0.0273171 0.249292 0.0273171 0.252125 0.0282927 0.253069 0.0282927 0.254013 0.0302439 0.255902 0.0302439 0.256846 0.0312195 0.25779 0.0312195 0.258735 0.0321951 0.259679 0.0321951 0.262512 0.0331707 0.263456 0.0331707 0.267233 0.0341463 0.268178 0.0341463 0.270066 0.035122 0.270066 0.0360976 0.27101 0.0390244 0.27101 0.04 0.271955 0.0419512 0.271955 0.044878 0.269122 0.044878 0.268178 0.0458537 0.267233 0.0458537 0.263456 0.044878 0.262512 0.044878 0.261568 0.0439024 0.260623 0.0439024 0.258735 0.0409756 0.255902 0.0409756 0.254957 0.04 0.254013 0.04 0.253069 0.0390244 0.252125 0.0390244 0.25118 0.0380488 0.250236 0.0380488 0.249292 0.0370732 0.248347 0.0370732 0.247403 0.0360976 0.246459 0.0360976 0.245515 0.0321951 0.241737 0.0321951 0.240793 0.0302439 0.238905 0.0302439 0.23796 0.0282927 0.236072 0.0282927 0.235127 0.0273171 0.235127 0.0253659 0.233239 0.0253659 0.232295 0.0243902 0.23135 0.0243902 0.228517 0.0234146 0.227573 0.0234146 0.226629 0.022439 0.225685 0.022439 0.22474 0.0214634 0.223796 0.0214634 0.222852 0.0204878 0.221907 0.0204878 0.220963 0.0195122 0.220019
0 0.164878 0.800755 0.162927 0.802644 0.162927 0.815864 0.164878 0.817753 0.165854 0.817753 0.167805 0.819641 0.16878 0.819641 0.169756 0.820585 0.170732 0.820585 0.173659 0.823418 0.174634 0.823418 0.176585 0.825307 0.183415 0.825307 0.185366 0.823418 0.186341 0.823418 0.188293 0.82153 0.188293 0.81492 0.187317 0.813975 0.187317 0.803588 0.186341 0.802644 0.186341 0.800755
1 0.665366 0.765817 0.665366 0.780925 0.667317 0.780925 0.668293 0.78187 0.670244 0.78187 0.67122 0.782814 0.674146 0.782814 0.675122 0.783758 0.682927 0.783758 0.683902 0.782814 0.685854 0.782814 0.687805 0.780925 0.687805 0.779981 0.689756 0.778093 0.689756 0.770538 0.68878 0.769594 0.686829 0.769594 0.682927 0.765817
1 0.207805 0.955619 0.207805 0.964117 0.216585 0.964117 0.216585 0.955619
1 0.865366 0.888574 0.865366 0.895184 0.863415 0.897073 0.863415 0.90085 0.865366 0.90085 0.865366 0.899906 0.869268 0.896128 0.869268 0.895184 0.87122 0.893296 0.87122 0.892351 0.874146 0.889518 0.875122 0.889518 0.876098 0.888574
0 0.832195 0.855524 0.832195 0.879131 0.835122 0.881964 0.835122 0.882908 0.836098 0.883853 0.836098 0.884797 0.837073 0.885741 0.837073 0.88763 0.838049 0.888574 0.838049 0.891407 0.839024 0.892351 0.839024 0.89424 0.84 0.895184 0.84 0.896128 0.840976 0.897073 0.840976 0.898017 0.841951 0.898961 0.841951 0.899906 0.842927 0.90085 0.842927 0.901794 0.844878 0.903683 0.845854 0.903683 0.847805 0.905571 0.848781 0.905571 0.849756 0.904627 0.851707 0.904627 0.852683 0.903683 0.853659 0.903683 0.854634 0.902738 0.852683 0.90085 0.852683 0.899906 0.851707 0.898961 0.851707 0.895184 0.850732 0.89424 0.850732 0.883853 0.849756 0.882908 0.849756 0.876298 0.848781 0.875354 0.848781 0.871577 0.847805 0.870633 0.847805 0.868744 0.846829 0.8678 0.846829 0.866856 0.845854 0.865911 0.845854 0.863078 0.844878 0.862134 0.844878 0.860246 0.843902 0.859301 0.843902 0.858357 0.844878 0.857413 0.844878 0.856468 0.845854 0.855524
0 0.767805 0.542021 0.766829 0.542965 0.765854 0.542965 0.764878 0.543909 0.763902 0.543909 0.762927 0.544854 0.761951 0.544854 0.757073 0.549575 0.755122 0.549575 0.754146 0.550519 0.752195 0.550519 0.75122 0.551464 0.750244 0.551464 0.749268 0.550519 0.747317 0.550519 0.746341 0.549575 0.742439 0.549575 0.741463 0.550519 0.738537 0.550519 0.737561 0.551464 0.73561 0.551464 0.734634 0.552408 0.733659 0.552408 0.732683 0.553352 0.731707 0.553352 0.730732 0.554296 0.729756 0.554296 0.728781 0.555241 0.727805 0.555241 0.726829 0.556185 0.725854 0.556185 0.724878 0.557129 0.723902 0.557129 0.721951 0.559018 0.720976 0.559018 0.720976 0.559962 0.721951 0.560907 0.721951 0.563739 0.722927 0.564684 0.725854 0.564684 0.727805 0.562795 0.729756 0.562795 0.730732 0.561851 0.733659 0.561851 0.734634 0.560907 0.737561 0.560907 0.738537 0.559962 0.74439 0.559962 0.745366 0.560907 0.752195 0.560907 0.753171 0.559962 0.756098 0.559962 0.757073 0.559018 0.760976 0.559018 0.761951 0.558074 0.764878 0.558074 0.765854 0.557129 0.767805 0.557129
1 0.475122 0.426818 0.475122 0.436261 0.48 0.440982 0.480976 0.440038 0.482927 0.440038 0.483902 0.439093 0.484878 0.439093 0.485854 0.438149 0.486829 0.438149 0.489756 0.435316 0.489756 0.433428 0.48878 0.432483 0.48878 0.431539 0.487805 0.431539 0.482927 0.426818
0 0.577561 0.741265 0.577561 0.743154 0.578537 0.743154 0.579512 0.744098 0.580488 0.744098 0.581463 0.745043 0.582439 0.745043 0.583415 0.745987 0.585366 0.745987 0.588293 0.74882 0.588293 0.75543 0.587317 0.756374 0.587317 0.761095 0.588293 0.76204 0.588293 0.764873 0.589268 0.765817 0.589268 0.766761 0.590244 0.766761 0.591219 0.767705 0.594146 0.767705 0.594146 0.749764 0.593171 0.749764 0.590244 0.746931 0.590244 0.74221 0.589268 0.741265
1 0.182439 0.440982 0.177561 0.445704 0.177561 0.447592 0.178537 0.448536 0.178537 0.451369 0.179512 0.452314 0.178537 0.453258 0.178537 0.454202 0.17561 0.457035 0.17561 0.458924 0.188293 0.458924 0.188293 0.457979 0.196098 0.450425 0.196098 0.440982
1 0.96 0.329556 0.96 0.339943 0.960976 0.339943 0.961951 0.338999 0.967805 0.338999 0.968781 0.338055 0.978537 0.338055 0.979512 0.33711 0.981463 0.33711 0.982439 0.336166 0.983415 0.336166 0.98439 0.335222 0.985366 0.335222 0.987317 0.333333 0.988293 0.333333 0.988293 0.329556
0 0.821463 0.78187 0.817561 0.785647 0.816585 0.785647 0.813659 0.78848 0.813659 0.789424 0.812683 0.790368 0.812683 0.791313 0.813659 0.792257 0.813659 0.796034 0.814634 0.796978 0.814634 0.797923 0.81561 0.798867 0.81561 0.800755 0.816585 0.8017 0.816585 0.804533 0.817561 0.805477 0.817561 0.809254 0.818537 0.810198 0.818537 0.811143 0.819512 0.812087 0.819512 0.813031 0.820488 0.813975 0.820488 0.81492 0.821463 0.815864 0.821463 0.816808 0.827317 0.822474 0.827317 0.823418 0.831219 0.827195 0.832195 0.827195 0.833171 0.82814 0.834146 0.82814 0.835122 0.829084 0.838049 0.829084 0.839024 0.830028 0.842927 0.830028 0.843902 0.830973 0.848781 0.830973 0.849756 0.830028 0.852683 0.830028 0.853659 0.829084 0.867317 0.829084 0.868293 0.830028 0.880976 0.830028 0.881951 0.830973 0.885854 0.830973 0.886829 0.831917 0.889756 0.831917 0.890732 0.832861 0.892683 0.832861 0.893659 0.833806 0.897561 0.833806 0.897561 0.825307 0.896585 0.825307 0.89561 0.824363 0.893659 0.824363 0.892683 0.823418 0.88878 0.823418 0.887805 0.822474 0.882927 0.822474 0.881951 0.82153 0.88 0.82153 0.878049 0.819641 0.877073 0.819641 0.876098 0.818697 0.875122 0.818697 0.874146 0.817753 0.867317 0.817753 0.866341 0.816808 0.863415 0.816808 0.862439 0.815864 0.860488 0.815864 0.859512 0.81492 0.858537 0.81492 0.856585 0.813031 0.85561 0.813031 0.854634 0.812087 0.853659 0.812087 0.852683 0.811143 0.850732 0.811143 0.848781 0.809254 0.845854 0.809254 0.844878 0.810198 0.843902 0.810198 0.841951 0.812087 0.840976 0.812087 0.84 0.811143 0.84 0.809254 0.839024 0.80831 0.839024 0.807365 0.838049 0.806421 0.838049 0.805477 0.837073 0.804533 0.837073 0.803588 0.835122 0.8017 0.835122 0.800755 0.834146 0.799811 0.834146 0.798867 0.833171 0.797923 0.833171 0.796978 0.832195 0.796034 0.832195 0.79509 0.831219 0.794145 0.831219 0.793201 0.830244 0.792257 0.830244 0.791313 0.829268 0.790368 0.829268 0.78848 0.828293 0.787535 0.828293 0.786591 0.826341 0.784703 0.825366 0.784703 0.822439 0.78187
0 0.569756 0.758263 0.56878 0.759207 0.567805 0.759207 0.566829 0.760151 0.565854 0.760151 0.564878 0.761095 0.563902 0.761095 0.562927 0.76204 0.561951 0.76204 0.560976 0.762984 0.56 0.762984 0.558049 0.764873 0.557073 0.764873 0.553171 0.76865 0.553171 0.769594 0.550244 0.772427 0.549268 0.772427 0.547317 0.774315 0.546341 0.774315 0.565854 0.774315 0.567805 0.772427 0.567805 0.771483 0.56878 0.770538 0.56878 0.769594 0.569756 0.76865 0.569756 0.767705 0.570732 0.766761 0.570732 0.763928 0.571707 0.762984 0.571707 0.761095 0.573659 0.759207 0.572683 0.758263
1 0.127805 0.513692 0.127805 0.515581 0.126829 0.516525 0.126829 0.522191 0.127805 0.523135 0.127805 0.524079 0.131707 0.527856 0.133659 0.527856 0.134634 0.528801 0.145366 0.528801 0.145366 0.519358 0.14439 0.518414 0.142439 0.518414 0.141463 0.517469 0.138537 0.517469 0.13561 0.514636 0.136585 0.513692
0 0.899512 0.542021 0.898537 0.542965 0.897561 0.542965 0.89561 0.544854 0.894634 0.544854 0.893659 0.545798 0.892683 0.545798 0.885854 0.552408 0.885854 0.553352 0.884878 0.554296 0.883902 0.554296 0.881951 0.556185 0.880976 0.556185 0.878049 0.559018 0.878049 0.560907 0.876098 0.562795 0.876098 0.563739 0.875122 0.564684 0.875122 0.567517 0.884878 0.567517 0.884878 0.564684 0.885854 0.563739 0.887805 0.563739 0.88878 0.562795 0.889756 0.562795 0.889756 0.561851 0.890732 0.560907 0.890732 0.559018 0.893659 0.556185 0.894634 0.556185 0.89561 0.555241 0.896585 0.555241 0.898537 0.553352 0.898537 0.552408 0.902439 0.548631 0.902439 0.542021
0 0.0107317 0.221907 0.0107317 0.234183 0.0117073 0.235127 0.0126829 0.235127 0.0146341 0.237016 0.022439 0.237016 0.0243902 0.238905 0.0243902 0.240793 0.0253659 0.241737 0.0253659 0.243626 0.0263415 0.24457 0.0263415 0.247403 0.0273171 0.248347 0.0273171 0.249292 0.0282927 0.250236 0.0282927 0.252125 0.0292683 0.253069 0.0292683 0.254013 0.0312195 0.255902 0.0312195 0.25779 0.0321951 0.258735 0.0321951 0.260623 0.0331707 0.261568 0.0331707 0.263456 0.0341463 0.2644 0.0341463 0.266289 0.035122 0.267233 0.035122 0.268178 0.0360976 0.268178 0.04 0.271955 0.04 0.272899 0.0390244 0.273843 0.0390244 0.27762 0.0380488 0.278565 0.04 0.278565 0.04 0.254957 0.0390244 0.254013 0.0390244 0.252125 0.0380488 0.25118 0.0380488 0.249292 0.0370732 0.248347 0.0370732 0.247403 0.0360976 0.246459 0.0360976 0.24457 0.0341463 0.242682 0.0341463 0.241737 0.0302439 0.23796 0.0302439 0.237016 0.0282927 0.235127 0.0273171 0.235127 0.0243902 0.232295 0.0243902 0.229462 0.0234146 0.228517 0.0234146 0.226629 0.022439 0.225685 0.022439 0.22474 0.0214634 0.223796 0.0214634 0.222852 0.0204878 0.221907
0 0.0497561 0.291785 0.0478049 0.293673 0.0468293 0.293673 0.0458537 0.294618 0.044878 0.294618 0.044878 0.295562 0.0439024 0.296506 0.0439024 0.311615 0.044878 0.312559 0.044878 0.314448 0.0458537 0.315392 0.0458537 0.316336 0.0478049 0.318225 0.0507317 0.318225 0.0517073 0.31728 0.0526829 0.31728 0.0546341 0.315392 0.0556098 0.315392 0.0556098 0.313503 0.057561 0.311615 0.0595122 0.311615 0.0604878 0.31067 0.0614634 0.311615 0.062439 0.311615 0.0634146 0.312559 0.0643902 0.312559 0.0653659 0.313503 0.0663415 0.313503 0.0673171 0.314448 0.0692683 0.312559 0.0702439 0.312559 0.0702439 0.291785 0.0692683 0.291785 0.0682927 0.292729 0.0663415 0.292729 0.0653659 0.291785
0 0.220488 0.783758 0.218537 0.785647 0.218537 0.796978 0.219512 0.796978 0.220488 0.797923 0.228293 0.797923 0.229268 0.798867 0.229268 0.799811 0.230244 0.800755 0.230244 0.803588 0.229268 0.804533 0.229268 0.806421 0.228293 0.807365 0.228293 0.809254 0.225366 0.812087 0.225366 0.813031 0.22439 0.813975 0.22439 0.81492 0.223415 0.815864 0.223415 0.825307 0.225366 0.827195 0.226341 0.827195 0.227317 0.82814 0.228293 0.82814 0.235122 0.82153 0.235122 0.819641 0.236098 0.818697 0.236098 0.816808 0.237073 0.815864 0.237073 0.813031 0.238049 0.812087 0.238049 0.806421 0.239024 0.805477 0.239024 0.802644 0.24 0.8017 0.24 0.800755 0.241951 0.798867 0.242927 0.798867 0.243902 0.797923 0.243902 0.79509 0.24 0.791313 0.24 0.790368 0.236098 0.786591 0.234146 0.786591 0.233171 0.785647 0.228293 0.785647 0.227317 0.784703 0.225366 0.784703 0.22439 0.783758
0 0.922927 0.000944287 0.922927 0.00377715 0.923902 0.00472144 0.923902 0.00566572 0.924878 0.00661001 0.924878 0.00849858 0.925854 0.00944287 0.926829 0.00944287 0.927805 0.0103872 0.92878 0.0103872 0.929756 0.0113314 0.932683 0.0113314 0.933659 0.0103872 0.93561 0.0103872 0.936585 0.00944287 0.937561 0.00944287 0.938537 0.00849858 0.939512 0.00849858 0.939512 0.0075543 0.94439 0.00283286 0.947317 0.00283286 0.948293 0.00188857 0.949268 0.00188857 0.949268 0.000944287
0 0.0126829 0.684608 0.0107317 0.686497 0.0097561 0.686497 0.00878049 0.687441 0.00780488 0.687441 0.00292683 0.692162 0.00097561 0.692162 0.00097561 0.703494 0.00585366 0.703494 0.00585366 0.70255 0.00682927 0.701605 0.00780488 0.701605 0.00878049 0.700661 0.0097561 0.700661 0.017561 0.693107 0.017561 0.684608
1 0.72 0.491029 0.72 0.499528 0.727805 0.499528 0.728781 0.498584 0.729756 0.498584 0.731707 0.496695 0.732683 0.496695 0.732683 0.491974 0.731707 0.491029
0 0.64 0.495751 0.64 0.496695 0.640976 0.497639 0.640976 0.500472 0.641951 0.501416 0.641951 0.502361 0.642927 0.503305 0.643902 0.503305 0.646829 0.506138 0.647805 0.506138 0.650732 0.508971 0.650732 0.513692 0.649756 0.514636 0.649756 0.515581 0.647805 0.517469 0.647805 0.518414 0.645854 0.520302 0.645854 0.524079 0.647805 0.525968 0.650732 0.523135 0.651707 0.523135 0.652683 0.522191 0.653659 0.522191 0.65561 0.520302 0.65561 0.519358 0.659512 0.515581 0.659512 0.514636 0.661463 0.512748 0.661463 0.511804 0.666341 0.507082 0.666341 0.495751 0.656585 0.495751 0.657561 0.495751 0.658537 0.496695 0.657561 0.497639 0.65561 0.497639 0.654634 0.498584 0.652683 0.496695 0.652683 0.495751
1 0.186341 0.911237 0.186341 0.912181 0.182439 0.915958 0.182439 0.926346 0.18439 0.926346 0.185366 0.92729 0.185366 0.930123 0.18439 0.931067 0.18439 0.932011 0.183415 0.932956 0.182439 0.932011 0.182439 0.931067 0.182439 0.932956 0.197073 0.932956 0.197073 0.931067 0.198049 0.930123 0.198049 0.929178 0.199024 0.928234 0.199024 0.92729 0.198049 0.92729 0.197073 0.926346 0.195122 0.926346 0.190244 0.921624 0.19122 0.92068 0.192195 0.92068 0.194146 0.918791 0.194146 0.917847 0.196098 0.915958 0.196098 0.913126 0.195122 0.912181 0.195122 0.911237
0 0.955122 0.000944287 0.955122 0.0075543 0.958049 0.0103872 0.959024 0.0103872 0.96 0.0113314 0.961951 0.0113314 0.962927 0.0122757 0.964878 0.0122757 0.968781 0.00849858 0.968781 0.000944287
1 0.560976 0.677998 0.56 0.678942 0.558049 0.678942 0.557073 0.679887 0.555122 0.679887 0.555122 0.692162 0.565854 0.692162 0.566829 0.691218 0.566829 0.677998
0 0.691707 0.266289 0.690732 0.267233 0.690732 0.275732 0.691707 0.276676 0.691707 0.27762 0.697561 0.283286 0.701463 0.283286 0.701463 0.272899 0.700488 0.271955 0.700488 0.27101 0.698537 0.269122 0.696585 0.269122 0.69561 0.268178 0.694634 0.268178 0.692683 0.266289
0 0.651707 0.161473 0.651707 0.174693 0.652683 0.174693 0.65561 0.177526 0.663415 0.177526 0.663415 0.175637 0.66439 0.174693 0.66439 0.172805 0.665366 0.17186 0.665366 0.170916 0.666341 0.169972 0.667317 0.169972 0.668293 0.169027 0.668293 0.168083 0.670244 0.166195 0.670244 0.16525 0.67122 0.164306 0.67122 0.161473
1 0.662439 0.611898 0.662439 0.620397 0.672195 0.620397 0.672195 0.611898
0 0.77561 0.603399 0.77561 0.607177 0.774634 0.608121 0.774634 0.610009 0.77561 0.610954 0.77561 0.618508 0.776585 0.619452 0.776585 0.624174 0.777561 0.625118 0.777561 0.626062 0.778537 0.626062 0.779512 0.627007 0.777561 0.628895 0.776585 0.628895 0.774634 0.630784 0.773659 0.630784 0.771707 0.632672 0.771707 0.638338 0.790244 0.638338 0.790244 0.620397 0.789268 0.620397 0.787317 0.618508 0.787317 0.617564 0.786341 0.616619 0.786341 0.613787 0.785366 0.612842 0.785366 0.610954 0.78439 0.610009 0.78439 0.608121 0.783415 0.607177 0.783415 0.606232 0.782439 0.606232 0.779512 0.603399
0 0.628293 0.508026 0.627317 0.508971 0.627317 0.509915 0.626341 0.510859 0.626341 0.512748 0.625366 0.513692 0.625366 0.515581 0.62439 0.516525 0.62439 0.517469 0.623415 0.518414 0.623415 0.519358 0.622439 0.520302 0.622439 0.521246 0.621463 0.522191 0.621463 0.523135 0.620488 0.524079 0.620488 0.525968 0.619512 0.526912 0.619512 0.528801 0.618537 0.529745 0.618537 0.531634 0.617561 0.532578 0.617561 0.533522 0.616585 0.534467 0.616585 0.535411 0.61561 0.536355 0.61561 0.537299 0.614634 0.538244 0.614634 0.539188 0.613659 0.540132 0.613659 0.541076 0.612683 0.542021 0.612683 0.542965 0.611707 0.543909 0.611707 0.544854 0.610732 0.545798 0.610732 0.546742 0.608781 0.548631 0.607805 0.548631 0.607805 0.551464 0.620488 0.551464 0.622439 0.549575 0.623415 0.549575 0.627317 0.545798 0.627317 0.544854 0.628293 0.543909
0 0.395122 0.0745987 0.394146 0.075543 0.394146 0.0764873 0.393171 0.0774315 0.393171 0.0783758 0.39122 0.0802644 0.39122 0.0812087 0.387317 0.0849858 0.387317 0.0859301 0.38439 0.088763 0.38439 0.0897073 0.383415 0.0906516 0.382439 0.0906516 0.381463 0.0915958 0.380488 0.0915958 0.378537 0.0934844 0.377561 0.0934844 0.376585 0.0944287 0.37561 0.0944287 0.374634 0.095373 0.372683 0.095373 0.371707 0.0963173 0.370732 0.0963173 0.369756 0.0972616 0.36878 0.0972616 0.367805 0.0982059 0.367805 0.0991501 0.366829 0.100094 0.366829 0.102927 0.364878 0.104816 0.364878 0.10576 0.361951 0.108593 0.360976 0.108593 0.36 0.109537 0.359024 0.109537 0.357073 0.111426 0.356098 0.111426 0.354146 0.113314 0.353171 0.113314 0.352195 0.114259 0.35122 0.114259 0.35122 0.117092 0.352195 0.117092 0.353171 0.118036 0.359024 0.118036 0.36 0.11898 0.361951 0.11898 0.362927 0.119924 0.363902 0.119924 0.365854 0.121813 0.367805 0.121813 0.36878 0.122757 0.371707 0.122757 0.372683 0.123702 0.37561 0.123702 0.376585 0.124646 0.383415 0.124646 0.386341 0.121813 0.386341 0.120869 0.383415 0.118036 0.383415 0.117092 0.382439 0.117092 0.380488 0.115203 0.380488 0.114259 0.379512 0.113314 0.379512 0.108593 0.380488 0.107649 0.381463 0.107649 0.383415 0.10576 0.38439 0.10576 0.385366 0.104816 0.386341 0.104816 0.390244 0.101039 0.392195 0.101039 0.393171 0.100094 0.395122 0.100094 0.397073 0.0982059 0.397073 0.0963173 0.398049 0.095373 0.398049 0.0925401 0.399024 0.0915958 0.399024 0.0897073 0.4 0.088763 0.4 0.0878187 0.400976 0.0868744 0.400976 0.0859301 0.407805 0.0793201 0.407805 0.0745987
1 0.929756 0.807365 0.929756 0.818697 0.937561 0.826251 0.938537 0.826251 0.939512 0.827195 0.941463 0.827195 0.942439 0.82814 0.943415 0.82814 0.94439 0.829084 0.945366 0.829084 0.946341 0.82814 0.948293 0.82814 0.949268 0.827195 0.950244 0.827195 0.951219 0.826251 0.952195 0.826251 0.952195 0.818697 0.951219 0.818697 0.950244 0.817753 0.948293 0.817753 0.947317 0.816808 0.945366 0.816808 0.942439 0.813975 0.942439 0.813031 0.938537 0.809254 0.938537 0.80831 0.930732 0.80831
0 0.899512 0.683664 0.898537 0.684608 0.898537 0.685552 0.892683 0.691218 0.891707 0.691218 0.891707 0.71577 0.899512 0.71577 0.900488 0.714825 0.900488 0.713881 0.901463 0.712937 0.901463 0.711048 0.902439 0.710104 0.902439 0.70255 0.903415 0.701605 0.903415 0.699717 0.90439 0.698772 0.90439 0.696884 0.907317 0.694051 0.908293 0.694051 0.909268 0.693107 0.909268 0.683664
1 0.847805 0.95373 0.847805 0.96695 0.853659 0.96695 0.854634 0.966006 0.857561 0.966006 0.858537 0.965061 0.860488 0.965061 0.860488 0.95373
0 0.995122 0.865911 0.995122 0.866856 0.994146 0.8678 0.994146 0.869688 0.993171 0.870633 0.993171 0.872521 0.992195 0.873466 0.992195 0.875354 0.99122 0.876298 0.99122 0.877243 0.988293 0.880076 0.987317 0.880076 0.985366 0.881964 0.98439 0.881964 0.982439 0.883853 0.981463 0.883853 0.980488 0.884797 0.978537 0.884797 0.977561 0.885741 0.974634 0.885741 0.973659 0.886686 0.966829 0.886686 0.966829 0.893296 0.968781 0.893296 0.969756 0.89424 0.983415 0.89424 0.98439 0.893296 0.987317 0.893296 0.988293 0.892351 0.99122 0.892351 0.993171 0.890463 0.994146 0.890463 0.996098 0.888574 0.997073 0.888574 0.997073 0.865911
1 0.105366 0.898961 0.105366 0.90746 0.106341 0.90746 0.107317 0.908404 0.108293 0.908404 0.109268 0.909348 0.110244 0.909348 0.11122 0.910293 0.113171 0.910293 0.114146 0.909348 0.115122 0.909348 0.115122 0.898961
0 0.141463 0.394712 0.141463 0.396601 0.138537 0.399433 0.138537 0.447592 0.156098 0.447592 0.157073 0.446648 0.158049 0.446648 0.158049 0.445704 0.159024 0.444759 0.159024 0.443815 0.162927 0.440038 0.162927 0.425873 0.162927 0.426818 0.161951 0.427762 0.161951 0.428706 0.160976 0.429651 0.160976 0.430595 0.158049 0.433428 0.157073 0.433428 0.155122 0.431539 0.154146 0.431539 0.152195 0.429651 0.152195 0.428706 0.15122 0.427762 0.15122 0.426818 0.150244 0.425873 0.150244 0.418319 0.149268 0.417375 0.149268 0.402266 0.148293 0.401322 0.148293 0.399433 0.147317 0.398489 0.147317 0.396601 0.146341 0.395656 0.146341 0.394712
0 0.0604878 0.376771 0.0604878 0.377715 0.0595122 0.378659 0.0595122 0.382436 0.0585366 0.383381 0.0585366 0.391879 0.0595122 0.392823 0.0595122 0.394712 0.0604878 0.395656 0.0604878 0.396601 0.0614634 0.397545 0.0614634 0.399433 0.062439 0.400378 0.062439 0.406043 0.0614634 0.406988 0.0614634 0.410765 0.0604878 0.411709 0.0604878 0.413598 0.0595122 0.414542 0.0721951 0.414542 0.0721951 0.376771
0 0.265366 0.123702 0.261463 0.127479 0.260488 0.127479 0.259512 0.128423 0.256585 0.128423 0.256585 0.14542 0.258537 0.147309 0.259512 0.147309 0.260488 0.148253 0.261463 0.148253 0.263415 0.150142 0.263415 0.151086 0.26439 0.15203 0.26439 0.152975 0.265366 0.153919 0.265366 0.155807 0.266341 0.156752 0.266341 0.160529 0.267317 0.161473 0.267317 0.166195 0.268293 0.166195 0.269268 0.167139 0.274146 0.167139 0.274146 0.166195 0.275122 0.16525 0.275122 0.164306 0.276098 0.163362 0.276098 0.149197 0.275122 0.148253 0.275122 0.147309 0.274146 0.146364 0.274146 0.133144 0.272195 0.131256 0.272195 0.130312 0.270244 0.128423 0.270244 0.126534 0.269268 0.12559 0.269268 0.124646 0.268293 0.123702
1 0.354146 0.917847 0.353171 0.918791 0.353171 0.919736 0.352195 0.92068 0.352195 0.928234 0.360976 0.928234 0.360976 0.917847
0 0.757073 0.230406 0.757073 0.238905 0.758049 0.238905 0.759024 0.23796 0.762927 0.23796 0.763902 0.237016 0.764878 0.23796 0.767805 0.23796 0.76878 0.238905 0.770732 0.238905 0.772683 0.240793 0.774634 0.240793 0.77561 0.241737 0.776585 0.241737 0.777561 0.242682 0.779512 0.242682 0.780488 0.243626 0.781463 0.243626 0.782439 0.24457 0.78439 0.24457 0.785366 0.245515 0.786341 0.245515 0.787317 0.246459 0.789268 0.246459 0.790244 0.247403 0.79122 0.247403 0.79122 0.237016 0.790244 0.237016 0.789268 0.236072 0.788293 0.236072 0.787317 0.235127 0.786341 0.235127 0.781463 0.230406
0 0.518049 0.230406 0.518049 0.236072 0.517073 0.237016 0.517073 0.239849 0.515122 0.241737 0.514146 0.241737 0.513171 0.242682 0.512195 0.242682 0.508293 0.246459 0.508293 0.256846 0.512195 0.260623 0.512195 0.261568 0.513171 0.261568 0.514146 0.260623 0.514146 0.258735 0.515122 0.25779 0.516098 0.25779 0.516098 0.256846 0.517073 0.255902 0.517073 0.254957 0.518049 0.254013 0.518049 0.253069 0.523902 0.247403 0.524878 0.247403 0.527805 0.24457 0.527805 0.243626 0.52878 0.242682 0.529756 0.242682 0.531707 0.240793 0.532683 0.240793 0.533659 0.241737 0.534634 0.241737 0.534634 0.230406
1 0.707317 0.203022 0.705366 0.20491 0.70439 0.20491 0.703415 0.205855 0.702439 0.205855 0.702439 0.207743 0.701463 0.208687 0.702439 0.209632 0.702439 0.210576 0.703415 0.21152 0.703415 0.213409 0.70439 0.214353 0.70439 0.217186 0.705366 0.21813 0.705366 0.219075 0.706341 0.219075 0.707317 0.220019 0.714146 0.220019 0.716098 0.21813 0.716098 0.203022
1 0.129756 0.518414 0.129756 0.526912 0.130732 0.527856 0.131707 0.527856 0.132683 0.528801 0.134634 0.528801 0.13561 0.529745 0.137561 0.529745 0.138537 0.530689 0.14439 0.530689 0.145366 0.529745 0.147317 0.529745 0.147317 0.520302 0.146341 0.519358 0.145366 0.519358 0.14439 0.518414
0 0.220488 0.526912 0.219512 0.527856 0.218537 0.527856 0.218537 0.530689 0.217561 0.531634 0.217561 0.537299 0.216585 0.538244 0.216585 0.542965 0.21561 0.543909 0.21561 0.546742 0.216585 0.546742 0.217561 0.547687 0.219512 0.547687 0.221463 0.549575 0.222439 0.549575 0.225366 0.552408 0.226341 0.552408 0.228293 0.554296 0.229268 0.553352 0.229268 0.550519 0.230244 0.549575 0.230244 0.540132 0.229268 0.539188 0.229268 0.538244 0.228293 0.537299 0.228293 0.536355 0.227317 0.535411 0.226341 0.535411 0.22439 0.533522 0.22439 0.527856 0.223415 0.526912
0 0.938537 0.423041 0.93561 0.425873 0.93561 0.427762 0.940488 0.432483 0.940488 0.433428 0.946341 0.439093 0.946341 0.440038 0.947317 0.440982 0.947317 0.441926 0.948293 0.442871 0.948293 0.443815 0.949268 0.444759 0.949268 0.447592 0.945366 0.451369 0.94439 0.451369 0.943415 0.452314 0.942439 0.452314 0.940488 0.454202 0.939512 0.454202 0.937561 0.456091 0.936585 0.456091 0.934634 0.457979 0.933659 0.457979 0.932683 0.458924 0.932683 0.470255 0.943415 0.470255 0.943415 0.468366 0.94439 0.467422 0.94439 0.465534 0.947317 0.462701 0.948293 0.462701 0.949268 0.461756 0.950244 0.461756 0.953171 0.458924 0.953171 0.457035 0.954146 0.456091 0.954146 0.455146 0.955122 0.454202 0.955122 0.453258 0.956098 0.452314 0.956098 0.451369 0.957073 0.450425 0.957073 0.449481 0.958049 0.448536 0.958049 0.446648 0.959024 0.445704 0.959024 0.433428 0.958049 0.432483 0.958049 0.430595 0.956098 0.428706 0.955122 0.428706 0.954146 0.427762 0.951219 0.427762 0.948293 0.424929 0.947317 0.424929 0.946341 0.423985 0.945366 0.423985 0.94439 0.423041
0 0.917073 0.737488 0.916098 0.738432 0.913171 0.738432 0.912195 0.739377 0.91122 0.739377 0.906341 0.744098 0.905366 0.744098 0.902439 0.746931 0.902439 0.74882 0.901463 0.749764 0.901463 0.750708 0.900488 0.751652 0.900488 0.759207 0.899512 0.760151 0.899512 0.765817 0.898537 0.766761 0.898537 0.772427 0.897561 0.773371 0.897561 0.77526 0.906341 0.77526 0.906341 0.773371 0.907317 0.772427 0.907317 0.766761 0.908293 0.765817 0.908293 0.762984 0.909268 0.76204 0.909268 0.760151 0.910244 0.759207 0.910244 0.758263 0.91122 0.757318 0.91122 0.756374 0.912195 0.75543 0.912195 0.754485 0.913171 0.753541 0.913171 0.752597 0.915122 0.750708 0.915122 0.749764 0.917073 0.747875 0.917073 0.746931 0.922927 0.741265 0.924878 0.741265 0.925854 0.740321 0.926829 0.740321 0.926829 0.738432 0.923902 0.738432 0.922927 0.737488
0 0.537561 0.908404 0.537561 0.909348 0.536585 0.910293 0.536585 0.912181 0.53561 0.913126 0.53561 0.915014 0.534634 0.915958 0.534634 0.926346 0.53561 0.92729 0.53561 0.928234 0.536585 0.928234 0.538537 0.930123 0.542439 0.930123 0.54439 0.932011 0.549268 0.932011 0.548293 0.932011 0.546341 0.930123 0.546341 0.928234 0.545366 0.92729 0.545366 0.916903 0.546341 0.915958 0.546341 0.915014 0.547317 0.91407 0.547317 0.913126 0.549268 0.911237 0.549268 0.908404
0 0.41561 0.537299 0.41561 0.538244 0.413659 0.540132 0.413659 0.542021 0.412683 0.542965 0.412683 0.543909 0.409756 0.546742 0.409756 0.547687 0.40878 0.548631 0.40878 0.549575 0.406829 0.551464 0.402927 0.551464 0.400976 0.553352 0.4 0.553352 0.398049 0.555241 0.396098 0.555241 0.395122 0.556185 0.393171 0.556185 0.392195 0.557129 0.390244 0.557129 0.389268 0.558074 0.388293 0.558074 0.387317 0.559018 0.386341 0.559018 0.385366 0.559962 0.38439 0.559962 0.383415 0.560907 0.382439 0.560907 0.380488 0.562795 0.379512 0.562795 0.378537 0.563739 0.377561 0.563739 0.376585 0.564684 0.37561 0.564684 0.372683 0.567517 0.371707 0.567517 0.370732 0.568461 0.364878 0.568461 0.362927 0.566572 0.362927 0.565628 0.359024 0.561851 0.358049 0.561851 0.357073 0.560907 0.356098 0.561851 0.356098 0.573182 0.357073 0.574127 0.357073 0.575071 0.358049 0.576015 0.360976 0.576015 0.361951 0.575071 0.365854 0.575071 0.366829 0.576015 0.376585 0.576015 0.377561 0.575071 0.378537 0.575071 0.379512 0.574127 0.383415 0.574127 0.38439 0.573182 0.385366 0.573182 0.386341 0.572238 0.389268 0.572238 0.390244 0.571294 0.39122 0.571294 0.394146 0.568461 0.395122 0.568461 0.396098 0.567517 0.397073 0.567517 0.399024 0.565628 0.4 0.565628 0.401951 0.563739 0.401951 0.562795 0.404878 0.559962 0.404878 0.559018 0.405854 0.558074 0.405854 0.556185 0.40878 0.553352 0.409756 0.553352 0.410732 0.552408 0.410732 0.551464 0.412683 0.549575 0.41561 0.549575 0.416585 0.548631 0.416585 0.547687 0.418537 0.545798 0.418537 0.542965 0.419512 0.542021 0.419512 0.538244 0.418537 0.538244 0.417561 0.537299
0 0.918049 0.517469 0.917073 0.518414 0.916098 0.518414 0.915122 0.519358 0.913171 0.519358 0.912195 0.520302 0.91122 0.520302 0.910244 0.521246 0.908293 0.521246 0.907317 0.522191 0.906341 0.522191 0.905366 0.523135 0.903415 0.523135 0.902439 0.524079 0.901463 0.524079 0.898537 0.526912 0.898537 0.527856 0.901463 0.530689 0.901463 0.531634 0.902439 0.532578 0.902439 0.536355 0.901463 0.537299 0.901463 0.538244 0.900488 0.539188 0.900488 0.540132 0.89561 0.544854 0.894634 0.544854 0.893659 0.545798 0.892683 0.545798 0.887805 0.550519 0.886829 0.550519 0.885854 0.551464 0.885854 0.553352 0.881951 0.557129 0.880976 0.557129 0.879024 0.559018 0.879024 0.563739 0.878049 0.564684 0.878049 0.569405 0.875122 0.572238 0.873171 0.572238 0.870244 0.575071 0.868293 0.575071 0.867317 0.576015 0.861463 0.576015 0.860488 0.576959 0.858537 0.576959 0.857561 0.577904 0.85561 0.577904 0.853659 0.579792 0.853659 0.580737 0.851707 0.582625 0.851707 0.586402 0.853659 0.588291 0.853659 0.589235 0.85561 0.589235 0.856585 0.588291 0.860488 0.588291 0.861463 0.587347 0.862439 0.587347 0.863415 0.586402 0.86439 0.586402 0.865366 0.585458 0.868293 0.585458 0.869268 0.584514 0.874146 0.584514 0.875122 0.583569 0.882927 0.583569 0.886829 0.579792 0.887805 0.579792 0.889756 0.577904 0.891707 0.577904 0.892683 0.576959 0.891707 0.576959 0.890732 0.576015 0.885854 0.576015 0.884878 0.575071 0.883902 0.575071 0.88 0.571294 0.880976 0.570349 0.880976 0.568461 0.881951 0.567517 0.881951 0.564684 0.885854 0.560907 0.886829 0.560907 0.88878 0.559018 0.88878 0.558074 0.889756 0.557129 0.889756 0.556185 0.890732 0.555241 0.891707 0.555241 0.892683 0.554296 0.894634 0.554296 0.900488 0.548631 0.901463 0.548631 0.906341 0.543909 0.906341 0.542965 0.909268 0.540132 0.909268 0.539188 0.912195 0.536355 0.912195 0.535411 0.916098 0.531634 0.916098 0.530689 0.918049 0.528801 0.918049 0.527856 0.919024 0.526912 0.919024 0.525968 0.920976 0.524079 0.920976 0.522191 0.921951 0.521246 0.921951 0.520302 0.920976 0.519358 0.920976 0.518414 0.92 0.517469
1 0.461463 0.106704 0.461463 0.109537 0.462439 0.110482 0.462439 0.111426 0.46439 0.113314 0.46439 0.114259 0.465366 0.115203 0.465366 0.116147 0.466341 0.117092 0.470244 0.117092 0.47122 0.118036 0.473171 0.118036 0.473171 0.106704
0 0.90439 0.556185 0.90439 0.595845 0.905366 0.596789 0.905366 0.599622 0.906341 0.600567 0.906341 0.601511 0.907317 0.602455 0.907317 0.603399 0.908293 0.604344 0.908293 0.606232 0.909268 0.607177 0.909268 0.609065 0.910244 0.610009 0.910244 0.610954 0.91122 0.611898 0.91122 0.614731 0.912195 0.615675 0.912195 0.618508 0.913171 0.619452 0.913171 0.621341 0.914146 0.622285 0.914146 0.623229 0.915122 0.624174 0.915122 0.627007 0.916098 0.627951 0.916098 0.629839 0.917073 0.630784 0.917073 0.632672 0.918049 0.633617 0.918049 0.638338 0.919024 0.639282 0.919024 0.641171 0.918049 0.642115 0.918049 0.648725 0.924878 0.648725 0.924878 0.647781 0.925854 0.646837 0.925854 0.643059 0.926829 0.642115 0.926829 0.632672 0.925854 0.631728 0.925854 0.630784 0.924878 0.629839 0.924878 0.628895 0.923902 0.627951 0.923902 0.618508 0.924878 0.617564 0.924878 0.613787 0.923902 0.612842 0.923902 0.611898 0.922927 0.610954 0.922927 0.610009 0.921951 0.609065 0.921951 0.608121 0.920976 0.607177 0.920976 0.606232 0.92 0.605288 0.92 0.604344 0.919024 0.603399 0.919024 0.601511 0.918049 0.600567 0.918049 0.597734 0.917073 0.596789 0.917073 0.593012 0.916098 0.592068 0.916098 0.587347 0.915122 0.586402 0.915122 0.581681 0.914146 0.580737 0.914146 0.577904 0.913171 0.576959 0.913171 0.576015 0.912195 0.575071 0.912195 0.574127 0.91122 0.573182 0.91122 0.572238 0.910244 0.571294 0.910244 0.570349 0.909268 0.569405 0.909268 0.568461 0.908293 0.567517 0.908293 0.566572 0.907317 0.565628 0.907317 0.563739 0.906341 0.562795 0.906341 0.559018 0.905366 0.558074 0.905366 0.557129
1 0.160976 0.671388 0.160976 0.673277 0.16 0.674221 0.16 0.679887 0.159024 0.680831 0.159024 0.685552 0.17561 0.685552 0.17561 0.684608 0.174634 0.683664 0.174634 0.681775 0.17561 0.680831 0.17561 0.671388
0 0.700488 0.322946 0.700488 0.3305 0.699512 0.331445 0.699512 0.332389 0.697561 0.334278 0.697561 0.335222 0.69561 0.33711 0.694634 0.33711 0.693659 0.338055 0.693659 0.340888 0.694634 0.341832 0.697561 0.341832 0.698537 0.342776 0.699512 0.342776 0.701463 0.344665 0.701463 0.345609 0.702439 0.346553 0.702439 0.347498 0.709268 0.347498 0.709268 0.322946
0 0.0770732 0.566572 0.0760976 0.567517 0.0760976 0.591124 0.0770732 0.591124 0.0790244 0.593012 0.08 0.593012 0.0809756 0.593957 0.0829268 0.593957 0.0839024 0.594901 0.084878 0.594901 0.0858537 0.595845 0.0868293 0.595845 0.0956098 0.587347 0.0965854 0.587347 0.0995122 0.584514 0.100488 0.584514 0.101463 0.583569 0.10439 0.583569 0.105366 0.582625 0.106341 0.582625 0.106341 0.581681 0.107317 0.580737 0.107317 0.566572
1 0.98439 0.918791 0.98439 0.922568 0.985366 0.923513 0.985366 0.928234 0.98439 0.929178 0.98439 0.932011 0.997073 0.932011 0.997073 0.918791
1 0.210732 0.844193 0.210732 0.845137 0.209756 0.846081 0.209756 0.84797 0.20878 0.848914 0.20878 0.85458 0.209756 0.855524 0.218537 0.855524 0.219512 0.85458 0.222439 0.85458 0.223415 0.853635 0.223415 0.844193
0 0.689756 0.519358 0.689756 0.520302 0.68878 0.521246 0.68878 0.525024 0.687805 0.525968 0.687805 0.556185 0.690732 0.556185 0.689756 0.555241 0.689756 0.552408 0.690732 0.551464 0.690732 0.549575 0.692683 0.547687 0.692683 0.546742 0.693659 0.545798 0.693659 0.544854 0.694634 0.543909 0.694634 0.541076 0.69561 0.540132 0.69561 0.536355 0.696585 0.535411 0.696585 0.527856 0.697561 0.526912 0.697561 0.525024 0.698537 0.524079 0.698537 0.523135 0.699512 0.522191 0.699512 0.521246 0.700488 0.520302 0.700488 0.519358
0 0.726829 0.162417 0.725854 0.163362 0.722927 0.163362 0.721951 0.164306 0.720976 0.164306 0.720976 0.17847 0.725854 0.183192 0.726829 0.183192 0.727805 0.184136 0.728781 0.184136 0.729756 0.18508 0.730732 0.18508 0.731707 0.186025 0.732683 0.186025 0.733659 0.186969 0.73561 0.186969 0.736585 0.187913 0.737561 0.187913 0.738537 0.188857 0.739512 0.188857 0.740488 0.187913 0.742439 0.187913 0.74439 0.186025 0.74439 0.184136 0.743415 0.183192 0.742439 0.183192 0.741463 0.182247 0.740488 0.182247 0.739512 0.181303 0.738537 0.181303 0.737561 0.180359 0.736585 0.180359 0.734634 0.17847 0.734634 0.176582 0.738537 0.172805 0.740488 0.172805 0.741463 0.17186 0.746341 0.17186 0.747317 0.172805 0.750244 0.172805 0.75122 0.173749 0.755122 0.173749 0.756098 0.174693 0.757073 0.174693 0.760976 0.17847 0.760976 0.179415 0.765854 0.184136 0.765854 0.187913 0.766829 0.188857 0.766829 0.189802 0.767805 0.189802 0.76878 0.190746 0.770732 0.190746 0.771707 0.189802 0.771707 0.188857 0.772683 0.187913 0.772683 0.186025 0.773659 0.18508 0.773659 0.181303 0.772683 0.180359 0.772683 0.177526 0.770732 0.175637 0.769756 0.175637 0.766829 0.172805 0.766829 0.17186 0.764878 0.169972 0.764878 0.169027 0.763902 0.168083 0.761951 0.168083 0.760976 0.167139 0.76 0.167139 0.759024 0.166195 0.758049 0.166195 0.757073 0.16525 0.756098 0.16525 0.755122 0.164306 0.754146 0.164306 0.753171 0.163362 0.750244 0.163362 0.749268 0.164306 0.748293 0.164306 0.747317 0.16525 0.743415 0.16525 0.742439 0.164306 0.739512 0.164306 0.738537 0.163362 0.734634 0.163362 0.733659 0.162417
0 0.28 0.403211 0.279024 0.404155 0.279024 0.405099 0.278049 0.406043 0.278049 0.406988 0.277073 0.407932 0.277073 0.409821 0.269268 0.417375 0.268293 0.417375 0.268293 0.423985 0.269268 0.424929 0.269268 0.425873 0.272195 0.428706 0.272195 0.429651 0.274146 0.431539 0.274146 0.432483 0.275122 0.433428 0.275122 0.436261 0.276098 0.437205 0.276098 0.461756 0.275122 0.462701 0.275122 0.465534 0.273171 0.467422 0.272195 0.466478 0.27122 0.466478 0.269268 0.464589 0.269268 0.463645 0.268293 0.462701 0.268293 0.458924 0.268293 0.483475 0.276098 0.483475 0.278049 0.481586 0.279024 0.481586 0.28 0.480642 0.281951 0.480642 0.282927 0.479698 0.283902 0.479698 0.285854 0.477809 0.285854 0.474032 0.284878 0.473088 0.284878 0.469311 0.283902 0.468366 0.283902 0.459868 0.284878 0.458924 0.284878 0.453258 0.285854 0.452314 0.285854 0.450425 0.286829 0.449481 0.286829 0.447592 0.287805 0.446648 0.287805 0.441926 0.286829 0.440982 0.286829 0.437205 0.285854 0.436261 0.285854 0.434372 0.284878 0.433428 0.284878 0.432483 0.283902 0.431539 0.283902 0.429651 0.282927 0.428706 0.282927 0.425873 0.281951 0.424929 0.281951 0.422096 0.280976 0.421152 0.280976 0.409821 0.281951 0.408876 0.281951 0.407932 0.280976 0.406988 0.280976 0.403211
0 0.219512 0.522191 0.21561 0.525968 0.214634 0.525024 0.214634 0.532578 0.21561 0.532578 0.216585 0.533522 0.216585 0.546742 0.217561 0.546742 0.218537 0.547687 0.219512 0.547687 0.220488 0.548631 0.221463 0.548631 0.22439 0.551464 0.22439 0.552408 0.225366 0.553352 0.225366 0.556185 0.226341 0.557129 0.226341 0.584514 0.227317 0.585458 0.227317 0.586402 0.228293 0.587347 0.228293 0.588291 0.234146 0.593957 0.237073 0.593957 0.238049 0.593012 0.238049 0.582625 0.232195 0.576959 0.232195 0.576015 0.23122 0.575071 0.23122 0.572238 0.230244 0.571294 0.23122 0.570349 0.23122 0.563739 0.232195 0.562795 0.232195 0.539188 0.23122 0.538244 0.23122 0.537299 0.230244 0.536355 0.230244 0.534467 0.229268 0.533522 0.229268 0.525968 0.230244 0.525024 0.230244 0.522191
1 0.726829 0.635505 0.726829 0.651558 0.726829 0.650614 0.729756 0.647781 0.731707 0.647781 0.734634 0.650614 0.734634 0.651558 0.73561 0.652502 0.736585 0.652502 0.737561 0.653447 0.739512 0.653447 0.740488 0.654391 0.742439 0.654391 0.743415 0.655335 0.747317 0.655335 0.748293 0.654391 0.75122 0.654391 0.75122 0.641171 0.750244 0.642115 0.742439 0.642115 0.741463 0.641171 0.739512 0.641171 0.738537 0.640227 0.737561 0.640227 0.736585 0.639282 0.736585 0.638338 0.73561 0.637394 0.73561 0.635505
1 0.204878 0.229462 0.202927 0.23135 0.202927 0.237016 0.203902 0.23796 0.203902 0.239849 0.204878 0.240793 0.205854 0.240793 0.206829 0.241737 0.212683 0.241737 0.213659 0.240793 0.21561 0.240793 0.217561 0.238905 0.217561 0.229462
0 0.767805 0.286119 0.76878 0.287063 0.76878 0.288952 0.769756 0.289896 0.76878 0.29084 0.76878 0.291785 0.766829 0.293673 0.766829 0.294618 0.760976 0.300283 0.76 0.300283 0.755122 0.305005 0.754146 0.305005 0.753171 0.305949 0.752195 0.305949 0.75122 0.306893 0.750244 0.306893 0.747317 0.309726 0.747317 0.316336 0.753171 0.316336 0.753171 0.315392 0.756098 0.312559 0.757073 0.312559 0.758049 0.311615 0.759024 0.311615 0.76 0.31067 0.760976 0.31067 0.761951 0.309726 0.762927 0.309726 0.76878 0.30406 0.769756 0.30406 0.770732 0.303116 0.770732 0.302172 0.772683 0.300283 0.772683 0.286119
1 0.819512 0.924457 0.819512 0.931067 0.820488 0.932011 0.820488 0.934844 0.833171 0.934844 0.836098 0.932011 0.836098 0.924457 0.823415 0.924457 0.823415 0.928234 0.821463 0.930123 0.820488 0.929178 0.820488 0.928234 0.819512 0.92729 0.820488 0.926346 0.820488 0.924457
0 0.221463 0.409821 0.221463 0.410765 0.220488 0.411709 0.220488 0.413598 0.219512 0.414542 0.219512 0.415486 0.218537 0.416431 0.218537 0.426818 0.222439 0.430595 0.22439 0.430595 0.225366 0.431539 0.228293 0.431539 0.229268 0.432483 0.235122 0.432483 0.235122 0.424929 0.234146 0.423985 0.234146 0.423041 0.232195 0.421152 0.232195 0.418319 0.23122 0.417375 0.23122 0.412653 0.232195 0.411709 0.232195 0.409821
0 0.434146 0.706327 0.433171 0.707271 0.43122 0.707271 0.430244 0.708215 0.429268 0.708215 0.428293 0.70916 0.428293 0.710104 0.427317 0.711048 0.427317 0.713881 0.426341 0.714825 0.432195 0.720491 0.432195 0.721435 0.433171 0.72238 0.433171 0.724268 0.434146 0.725212 0.434146 0.726157 0.435122 0.727101 0.435122 0.729934 0.436098 0.730878 0.436098 0.731822 0.437073 0.732767 0.437073 0.737488 0.438049 0.738432 0.438049 0.740321 0.439024 0.741265 0.447805 0.741265 0.44878 0.740321 0.449756 0.740321 0.453659 0.736544 0.453659 0.726157 0.452683 0.725212 0.452683 0.724268 0.451707 0.723324 0.451707 0.72238 0.450732 0.721435 0.450732 0.719547 0.449756 0.718602 0.449756 0.717658 0.44878 0.716714 0.44878 0.713881 0.447805 0.712937 0.447805 0.70916 0.446829 0.708215 0.445854 0.708215 0.444878 0.707271 0.442927 0.707271 0.441951 0.706327
0 0.483902 0.139754 0.48878 0.144476 0.48878 0.14542 0.489756 0.146364 0.489756 0.148253 0.490732 0.149197 0.490732 0.152975 0.485854 0.157696 0.483902 0.157696 0.482927 0.15864 0.480976 0.15864 0.48 0.159585 0.479024 0.159585 0.478049 0.160529 0.477073 0.160529 0.476098 0.161473 0.474146 0.161473 0.473171 0.162417 0.47122 0.162417 0.470244 0.163362 0.469268 0.163362 0.468293 0.164306 0.467317 0.164306 0.466341 0.16525 0.465366 0.16525 0.463415 0.167139 0.462439 0.167139 0.461463 0.168083 0.460488 0.168083 0.459512 0.169027 0.457561 0.169027 0.456585 0.169972 0.45561 0.169972 0.454634 0.170916 0.454634 0.176582 0.465366 0.176582 0.466341 0.175637 0.468293 0.175637 0.469268 0.174693 0.470244 0.174693 0.47122 0.173749 0.473171 0.173749 0.474146 0.172805 0.478049 0.172805 0.479024 0.17186 0.482927 0.17186 0.483902 0.170916 0.485854 0.170916 0.486829 0.169972 0.489756 0.169972 0.490732 0.169027 0.493659 0.169027 0.494634 0.168083 0.49561 0.168083 0.496585 0.167139 0.497561 0.167139 0.500488 0.164306 0.500488 0.140699 0.499512 0.139754
0 0.294634 0.0236072 0.294634 0.0321058 0.29561 0.0321058 0.296585 0.03305 0.299512 0.03305 0.300488 0.0339943 0.303415 0.0339943 0.30439 0.0349386 0.306341 0.0349386 0.307317 0.0358829 0.310244 0.0358829 0.31122 0.0368272 0.312195 0.0368272 0.314146 0.0349386 0.315122 0.0349386 0.316098 0.0339943 0.316098 0.03305 0.317073 0.0321058 0.317073 0.0236072
